active_evidence,audit_user_profile,diagnostic_complete_oracle_card_rank,diagnostic_complete_token_coverage_spans_fields,diagnostic_component_top_10_ranks,diagnostic_corrected_active_evidence,diagnostic_corrected_state_rank,diagnostic_corrected_state_rescue,diagnostic_cross_field_half_token_coverage,diagnostic_dense_only_rescue,diagnostic_evidence_attribution,diagnostic_exact_highest_phrase_matches,diagnostic_exact_target_full_rank,diagnostic_exact_target_phrase_matches,diagnostic_failure_tags,diagnostic_intrinsic_ambiguity,diagnostic_missing_non_superseded_evidence,diagnostic_normalization_strings,diagnostic_residual_type,diagnostic_route_outcomes,diagnostic_same_turn_capped_rank_improvements,diagnostic_superseded_evidence_still_active,diagnostic_turn,diagnostic_undisclosed_constraint_rescues,disclosed_evidence,exact_all_phrases_candidate_count,exact_highest_tier_candidate_count,fallback_activated,fallback_reasons,oracle_scenario_type,oracle_target_asin,oracle_undisclosed_constraints,retrieval_category,sample_id,split,superseded_evidence,experiment_10_route_outcomes,experiment_10_xtr_warp_rescue,experiment_10_xtr_warp_regression
[],"{""average_prior_rating"": 5.0, ""preference_tags"": [""warmth"", ""comfort"", ""style"", ""fit""], ""purchase_frequency"": ""3-4 prior purchases"", ""rating_style"": ""usually positive"", ""summary"": ""Prior purchases emphasize warmth, comfort, style, fit; ratings are usually positive.""}",1,False,"{""bm25"": null, ""dense"": null, ""exact"": 6, ""field_aware"": 6}",[],6,False,False,False,[],1,6,1,"[""ambiguous_exact_evidence"", ""ranking_failure""]",False,[],[],weak_success,"{""exact_dense_rrf"": {""best_rank"": 1, ""first_hit_turn"": 2, ""hit"": true}, ""exact_field_aware_bm25_rrf"": {""best_rank"": 2, ""first_hit_turn"": 1, ""hit"": true}, ""exact_generic_field_dense_rrf"": {""best_rank"": 5, ""first_hit_turn"": 1, ""hit"": true}, ""exact_only"": {""best_rank"": 6, ""first_hit_turn"": 1, ""hit"": true}, ""exact_stateful_bm25_rrf"": {""best_rank"": 5, ""first_hit_turn"": 1, ""hit"": true}}","{""exact_dense_rrf"": -5, ""exact_field_aware_bm25_rrf"": 4, ""exact_generic_field_dense_rrf"": 1, ""exact_only"": 0, ""exact_stateful_bm25_rrf"": 1}",[],1,[],[],60,60,True,"[""no_active_constraint"", ""highest_exact_match_tier_exceeds_top_10""]",browsing,B088QF5G58,"[""cotton"", ""Solids: 100% Cotton; heathers: 75% cotton, 25% polyester"", ""Imported"", ""Pull On closure""]",Underwear Briefs,public_0014,evaluation,[],"{""exact_only"": {""best_rank"": 6, ""first_hit_turn"": 1, ""hit"": true}, ""exact_stateful_xtr_warp_rrf"": {""best_rank"": 8, ""first_hit_turn"": 1, ""hit"": true}, ""experiment_07_exact_stateful_bm25_rrf"": {""best_rank"": 5, ""first_hit_turn"": 1, ""hit"": true}}",False,False
"[""cotton"", ""color: grey"", ""Solid colors: 100% Cotton; Heather Grey: 90% Cotton, 10% Polyester; All Other Heathers: 50% Cotton, 50% Polyester""]","{""average_prior_rating"": 5.0, ""preference_tags"": [""material"", ""fit""], ""purchase_frequency"": ""3-4 prior purchases"", ""rating_style"": ""usually positive"", ""summary"": ""Prior purchases emphasize material, fit; ratings are usually positive.""}",9,False,"{""bm25"": null, ""dense"": null, ""exact"": 9, ""field_aware"": null}","[""cotton"", ""color: grey"", ""Solid colors: 100% Cotton; Heather Grey: 90% Cotton, 10% Polyester; All Other Heathers: 50% Cotton, 50% Polyester""]",9,False,True,False,"[{""evidence"": ""cotton"", ""fields"": {""categories"": {""current_exact"": false, ""evidence_token_count"": 1, ""matched_token_count"": 0, ""matched_tokens"": [], ""nfkc_casefold_punctuation_exact"": false, ""source"": ""catalog_metadata"", ""token_coverage"": 0.0}, ""description"": {""current_exact"": false, ""evidence_token_count"": 1, ""matched_token_count"": 0, ""matched_tokens"": [], ""nfkc_casefold_punctuation_exact"": false, ""source"": ""catalog_metadata"", ""token_coverage"": 0.0}, ""details"": {""current_exact"": false, ""evidence_token_count"": 1, ""matched_token_count"": 0, ""matched_tokens"": [], ""nfkc_casefold_punctuation_exact"": false, ""source"": ""catalog_metadata"", ""token_coverage"": 0.0}, ""features"": {""current_exact"": true, ""evidence_token_count"": 1, ""matched_token_count"": 1, ""matched_tokens"": [""cotton""], ""nfkc_casefold_punctuation_exact"": true, ""source"": ""catalog_metadata"", ""token_coverage"": 1.0}, ""price"": {""current_exact"": false, ""evidence_token_count"": 1, ""matched_token_count"": 0, ""matched_tokens"": [], ""nfkc_casefold_punctuation_exact"": false, ""source"": ""synthetic_price"", ""token_coverage"": 0.0}, ""store"": {""current_exact"": false, ""evidence_token_count"": 1, ""matched_token_count"": 0, ""matched_tokens"": [], ""nfkc_casefold_punctuation_exact"": false, ""source"": ""catalog_metadata"", ""token_coverage"": 0.0}, ""title"": {""current_exact"": false, ""evidence_token_count"": 1, ""matched_token_count"": 0, ""matched_tokens"": [], ""nfkc_casefold_punctuation_exact"": false, ""source"": ""catalog_metadata"", ""token_coverage"": 0.0}}}, {""evidence"": ""color: grey"", ""fields"": {""categories"": {""current_exact"": false, ""evidence_token_count"": 2, ""matched_token_count"": 0, ""matched_tokens"": [], ""nfkc_casefold_punctuation_exact"": false, ""source"": ""catalog_metadata"", ""token_coverage"": 0.0}, ""description"": {""current_exact"": false, ""evidence_token_count"": 2, ""matched_token_count"": 0, ""matched_tokens"": [], ""nfkc_casefold_punctuation_exact"": false, ""source"": ""catalog_metadata"", ""token_coverage"": 0.0}, ""details"": {""current_exact"": false, ""evidence_token_count"": 2, ""matched_token_count"": 0, ""matched_tokens"": [], ""nfkc_casefold_punctuation_exact"": false, ""source"": ""catalog_metadata"", ""token_coverage"": 0.0}, ""features"": {""current_exact"": false, ""evidence_token_count"": 2, ""matched_token_count"": 1, ""matched_tokens"": [""grey""], ""nfkc_casefold_punctuation_exact"": false, ""source"": ""catalog_metadata"", ""token_coverage"": 0.5}, ""price"": {""current_exact"": false, ""evidence_token_count"": 2, ""matched_token_count"": 0, ""matched_tokens"": [], ""nfkc_casefold_punctuation_exact"": false, ""source"": ""synthetic_price"", ""token_coverage"": 0.0}, ""store"": {""current_exact"": false, ""evidence_token_count"": 2, ""matched_token_count"": 0, ""matched_tokens"": [], ""nfkc_casefold_punctuation_exact"": false, ""source"": ""catalog_metadata"", ""token_coverage"": 0.0}, ""title"": {""current_exact"": false, ""evidence_token_count"": 2, ""matched_token_count"": 0, ""matched_tokens"": [], ""nfkc_casefold_punctuation_exact"": false, ""source"": ""catalog_metadata"", ""token_coverage"": 0.0}}}, {""evidence"": ""Solid colors: 100% Cotton; Heather Grey: 90% Cotton, 10% Polyester; All Other Heathers: 50% Cotton, 50% Polyester"", ""fields"": {""categories"": {""current_exact"": false, ""evidence_token_count"": 13, ""matched_token_count"": 0, ""matched_tokens"": [], ""nfkc_casefold_punctuation_exact"": false, ""source"": ""catalog_metadata"", ""token_coverage"": 0.0}, ""description"": {""current_exact"": false, ""evidence_token_count"": 13, ""matched_token_count"": 0, ""matched_tokens"": [], ""nfkc_casefold_punctuation_exact"": false, ""source"": ""catalog_metadata"", ""token_coverage"": 0.0}, ""details"": {""current_exact"": false, ""evidence_token_count"": 13, ""matched_token_count"": 1, ""matched_tokens"": [""10""], ""nfkc_casefold_punctuation_exact"": false, ""source"": ""catalog_metadata"", ""token_coverage"": 0.076923}, ""features"": {""current_exact"": true, ""evidence_token_count"": 13, ""matched_token_count"": 13, ""matched_tokens"": [""10"", ""100"", ""50"", ""90"", ""all"", ""colors"", ""cotton"", ""grey"", ""heather"", ""heathers"", ""other"", ""polyester"", ""solid""], ""nfkc_casefold_punctuation_exact"": true, ""source"": ""catalog_metadata"", ""token_coverage"": 1.0}, ""price"": {""current_exact"": false, ""evidence_token_count"": 13, ""matched_token_count"": 0, ""matched_tokens"": [], ""nfkc_casefold_punctuation_exact"": false, ""source"": ""synthetic_price"", ""token_coverage"": 0.0}, ""store"": {""current_exact"": false, ""evidence_token_count"": 13, ""matched_token_count"": 0, ""matched_tokens"": [], ""nfkc_casefold_punctuation_exact"": false, ""source"": ""catalog_metadata"", ""token_coverage"": 0.0}, ""title"": {""current_exact"": false, ""evidence_token_count"": 13, ""matched_token_count"": 0, ""matched_tokens"": [], ""nfkc_casefold_punctuation_exact"": false, ""source"": ""catalog_metadata"", ""token_coverage"": 0.0}}}]",4,9,3,"[""no_exact_match"", ""ranking_failure"", ""cross_field_partial_match""]",False,[],[],weak_success,"{""exact_dense_rrf"": {""best_rank"": 9, ""first_hit_turn"": 2, ""hit"": true}, ""exact_field_aware_bm25_rrf"": {""best_rank"": 7, ""first_hit_turn"": 1, ""hit"": true}, ""exact_generic_field_dense_rrf"": {""best_rank"": 6, ""first_hit_turn"": 1, ""hit"": true}, ""exact_only"": {""best_rank"": 9, ""first_hit_turn"": 2, ""hit"": true}, ""exact_stateful_bm25_rrf"": {""best_rank"": 9, ""first_hit_turn"": 1, ""hit"": true}}","{""exact_dense_rrf"": 0, ""exact_field_aware_bm25_rrf"": 0, ""exact_generic_field_dense_rrf"": 0, ""exact_only"": 0, ""exact_stateful_bm25_rrf"": 0}",[],2,[],"[""cotton"", ""color: grey"", ""Solid colors: 100% Cotton; Heather Grey: 90% Cotton, 10% Polyester; All Other Heathers: 50% Cotton, 50% Polyester""]",1,1,False,[],buying,B08P4SSFX4,"[""Imported""]",Novelty Women,public_0020,evaluation,[],"{""exact_only"": {""best_rank"": 9, ""first_hit_turn"": 2, ""hit"": true}, ""exact_stateful_xtr_warp_rrf"": {""best_rank"": 9, ""first_hit_turn"": 2, ""hit"": true}, ""experiment_07_exact_stateful_bm25_rrf"": {""best_rank"": 9, ""first_hit_turn"": 1, ""hit"": true}}",False,False
"[""100% Synthetic"", ""Imported"", ""Rubber sole""]","{""average_prior_rating"": 5.0, ""preference_tags"": [""material"", ""fit""], ""purchase_frequency"": ""3-4 prior purchases"", ""rating_style"": ""usually positive"", ""summary"": ""Prior purchases emphasize material, fit; ratings are usually positive.""}",3,False,"{""bm25"": null, ""dense"": 2, ""exact"": 7, ""field_aware"": null}","[""100% Synthetic"", ""Imported"", ""Rubber sole""]",7,False,True,False,"[{""evidence"": ""100% Synthetic"", ""fields"": {""categories"": {""current_exact"": false, ""evidence_token_count"": 2, ""matched_token_count"": 0, ""matched_tokens"": [], ""nfkc_casefold_punctuation_exact"": false, ""source"": ""catalog_metadata"", ""token_coverage"": 0.0}, ""description"": {""current_exact"": false, ""evidence_token_count"": 2, ""matched_token_count"": 1, ""matched_tokens"": [""synthetic""], ""nfkc_casefold_punctuation_exact"": false, ""source"": ""catalog_metadata"", ""token_coverage"": 0.5}, ""details"": {""current_exact"": false, ""evidence_token_count"": 2, ""matched_token_count"": 0, ""matched_tokens"": [], ""nfkc_casefold_punctuation_exact"": false, ""source"": ""catalog_metadata"", ""token_coverage"": 0.0}, ""features"": {""current_exact"": true, ""evidence_token_count"": 2, ""matched_token_count"": 2, ""matched_tokens"": [""100"", ""synthetic""], ""nfkc_casefold_punctuation_exact"": true, ""source"": ""catalog_metadata"", ""token_coverage"": 1.0}, ""price"": {""current_exact"": false, ""evidence_token_count"": 2, ""matched_token_count"": 0, ""matched_tokens"": [], ""nfkc_casefold_punctuation_exact"": false, ""source"": ""synthetic_price"", ""token_coverage"": 0.0}, ""store"": {""current_exact"": false, ""evidence_token_count"": 2, ""matched_token_count"": 0, ""matched_tokens"": [], ""nfkc_casefold_punctuation_exact"": false, ""source"": ""catalog_metadata"", ""token_coverage"": 0.0}, ""title"": {""current_exact"": false, ""evidence_token_count"": 2, ""matched_token_count"": 0, ""matched_tokens"": [], ""nfkc_casefold_punctuation_exact"": false, ""source"": ""catalog_metadata"", ""token_coverage"": 0.0}}}, {""evidence"": ""Imported"", ""fields"": {""categories"": {""current_exact"": false, ""evidence_token_count"": 1, ""matched_token_count"": 0, ""matched_tokens"": [], ""nfkc_casefold_punctuation_exact"": false, ""source"": ""catalog_metadata"", ""token_coverage"": 0.0}, ""description"": {""current_exact"": false, ""evidence_token_count"": 1, ""matched_token_count"": 0, ""matched_tokens"": [], ""nfkc_casefold_punctuation_exact"": false, ""source"": ""catalog_metadata"", ""token_coverage"": 0.0}, ""details"": {""current_exact"": false, ""evidence_token_count"": 1, ""matched_token_count"": 0, ""matched_tokens"": [], ""nfkc_casefold_punctuation_exact"": false, ""source"": ""catalog_metadata"", ""token_coverage"": 0.0}, ""features"": {""current_exact"": true, ""evidence_token_count"": 1, ""matched_token_count"": 1, ""matched_tokens"": [""imported""], ""nfkc_casefold_punctuation_exact"": true, ""source"": ""catalog_metadata"", ""token_coverage"": 1.0}, ""price"": {""current_exact"": false, ""evidence_token_count"": 1, ""matched_token_count"": 0, ""matched_tokens"": [], ""nfkc_casefold_punctuation_exact"": false, ""source"": ""synthetic_price"", ""token_coverage"": 0.0}, ""store"": {""current_exact"": false, ""evidence_token_count"": 1, ""matched_token_count"": 0, ""matched_tokens"": [], ""nfkc_casefold_punctuation_exact"": false, ""source"": ""catalog_metadata"", ""token_coverage"": 0.0}, ""title"": {""current_exact"": false, ""evidence_token_count"": 1, ""matched_token_count"": 0, ""matched_tokens"": [], ""nfkc_casefold_punctuation_exact"": false, ""source"": ""catalog_metadata"", ""token_coverage"": 0.0}}}, {""evidence"": ""Rubber sole"", ""fields"": {""categories"": {""current_exact"": false, ""evidence_token_count"": 2, ""matched_token_count"": 0, ""matched_tokens"": [], ""nfkc_casefold_punctuation_exact"": false, ""source"": ""catalog_metadata"", ""token_coverage"": 0.0}, ""description"": {""current_exact"": false, ""evidence_token_count"": 2, ""matched_token_count"": 0, ""matched_tokens"": [], ""nfkc_casefold_punctuation_exact"": false, ""source"": ""catalog_metadata"", ""token_coverage"": 0.0}, ""details"": {""current_exact"": false, ""evidence_token_count"": 2, ""matched_token_count"": 0, ""matched_tokens"": [], ""nfkc_casefold_punctuation_exact"": false, ""source"": ""catalog_metadata"", ""token_coverage"": 0.0}, ""features"": {""current_exact"": true, ""evidence_token_count"": 2, ""matched_token_count"": 2, ""matched_tokens"": [""rubber"", ""sole""], ""nfkc_casefold_punctuation_exact"": true, ""source"": ""catalog_metadata"", ""token_coverage"": 1.0}, ""price"": {""current_exact"": false, ""evidence_token_count"": 2, ""matched_token_count"": 0, ""matched_tokens"": [], ""nfkc_casefold_punctuation_exact"": false, ""source"": ""synthetic_price"", ""token_coverage"": 0.0}, ""store"": {""current_exact"": false, ""evidence_token_count"": 2, ""matched_token_count"": 0, ""matched_tokens"": [], ""nfkc_casefold_punctuation_exact"": false, ""source"": ""catalog_metadata"", ""token_coverage"": 0.0}, ""title"": {""current_exact"": false, ""evidence_token_count"": 2, ""matched_token_count"": 0, ""matched_tokens"": [], ""nfkc_casefold_punctuation_exact"": false, ""source"": ""catalog_metadata"", ""token_coverage"": 0.0}}}]",4,7,4,"[""ambiguous_exact_evidence"", ""ranking_failure"", ""cross_field_partial_match""]",False,[],[],weak_success,"{""exact_dense_rrf"": {""best_rank"": 9, ""first_hit_turn"": 1, ""hit"": true}, ""exact_field_aware_bm25_rrf"": {""best_rank"": 3, ""first_hit_turn"": 3, ""hit"": true}, ""exact_generic_field_dense_rrf"": {""best_rank"": 4, ""first_hit_turn"": 2, ""hit"": true}, ""exact_only"": {""best_rank"": 7, ""first_hit_turn"": 2, ""hit"": true}, ""exact_stateful_bm25_rrf"": {""best_rank"": 6, ""first_hit_turn"": 2, ""hit"": true}}","{""exact_dense_rrf"": 6, ""exact_field_aware_bm25_rrf"": -4, ""exact_generic_field_dense_rrf"": 3, ""exact_only"": 0, ""exact_stateful_bm25_rrf"": 1}",[],2,[],"[""100% Synthetic"", ""Imported"", ""Rubber sole""]",16,16,True,"[""highest_exact_match_tier_exceeds_top_10""]",buying,B093R14VP1,"[""Shaft measures approximately low-top from arch""]",Running Trail Running,public_0026,calibration,[],"{""exact_only"": {""best_rank"": 7, ""first_hit_turn"": 2, ""hit"": true}, ""exact_stateful_xtr_warp_rrf"": {""best_rank"": 6, ""first_hit_turn"": 1, ""hit"": true}, ""experiment_07_exact_stateful_bm25_rrf"": {""best_rank"": 6, ""first_hit_turn"": 2, ""hit"": true}}",False,False
"[""cotton"", ""73% Cotton, 25% Polyester, 2% Spandex"", ""Imported""]","{""average_prior_rating"": 5.0, ""preference_tags"": [""style"", ""comfort"", ""fit"", ""material""], ""purchase_frequency"": ""3-4 prior purchases"", ""rating_style"": ""usually positive"", ""summary"": ""Prior purchases emphasize style, comfort, fit, material; ratings are usually positive.""}",2,False,"{""bm25"": 9, ""dense"": null, ""exact"": 6, ""field_aware"": null}","[""cotton"", ""73% Cotton, 25% Polyester, 2% Spandex"", ""Imported""]",6,False,True,False,"[{""evidence"": ""cotton"", ""fields"": {""categories"": {""current_exact"": false, ""evidence_token_count"": 1, ""matched_token_count"": 0, ""matched_tokens"": [], ""nfkc_casefold_punctuation_exact"": false, ""source"": ""catalog_metadata"", ""token_coverage"": 0.0}, ""description"": {""current_exact"": false, ""evidence_token_count"": 1, ""matched_token_count"": 0, ""matched_tokens"": [], ""nfkc_casefold_punctuation_exact"": false, ""source"": ""catalog_metadata"", ""token_coverage"": 0.0}, ""details"": {""current_exact"": false, ""evidence_token_count"": 1, ""matched_token_count"": 0, ""matched_tokens"": [], ""nfkc_casefold_punctuation_exact"": false, ""source"": ""catalog_metadata"", ""token_coverage"": 0.0}, ""features"": {""current_exact"": true, ""evidence_token_count"": 1, ""matched_token_count"": 1, ""matched_tokens"": [""cotton""], ""nfkc_casefold_punctuation_exact"": true, ""source"": ""catalog_metadata"", ""token_coverage"": 1.0}, ""price"": {""current_exact"": false, ""evidence_token_count"": 1, ""matched_token_count"": 0, ""matched_tokens"": [], ""nfkc_casefold_punctuation_exact"": false, ""source"": ""synthetic_price"", ""token_coverage"": 0.0}, ""store"": {""current_exact"": false, ""evidence_token_count"": 1, ""matched_token_count"": 0, ""matched_tokens"": [], ""nfkc_casefold_punctuation_exact"": false, ""source"": ""catalog_metadata"", ""token_coverage"": 0.0}, ""title"": {""current_exact"": false, ""evidence_token_count"": 1, ""matched_token_count"": 0, ""matched_tokens"": [], ""nfkc_casefold_punctuation_exact"": false, ""source"": ""catalog_metadata"", ""token_coverage"": 0.0}}}, {""evidence"": ""73% Cotton, 25% Polyester, 2% Spandex"", ""fields"": {""categories"": {""current_exact"": false, ""evidence_token_count"": 5, ""matched_token_count"": 0, ""matched_tokens"": [], ""nfkc_casefold_punctuation_exact"": false, ""source"": ""catalog_metadata"", ""token_coverage"": 0.0}, ""description"": {""current_exact"": false, ""evidence_token_count"": 5, ""matched_token_count"": 0, ""matched_tokens"": [], ""nfkc_casefold_punctuation_exact"": false, ""source"": ""catalog_metadata"", ""token_coverage"": 0.0}, ""details"": {""current_exact"": false, ""evidence_token_count"": 5, ""matched_token_count"": 0, ""matched_tokens"": [], ""nfkc_casefold_punctuation_exact"": false, ""source"": ""catalog_metadata"", ""token_coverage"": 0.0}, ""features"": {""current_exact"": true, ""evidence_token_count"": 5, ""matched_token_count"": 5, ""matched_tokens"": [""25"", ""73"", ""cotton"", ""polyester"", ""spandex""], ""nfkc_casefold_punctuation_exact"": true, ""source"": ""catalog_metadata"", ""token_coverage"": 1.0}, ""price"": {""current_exact"": false, ""evidence_token_count"": 5, ""matched_token_count"": 0, ""matched_tokens"": [], ""nfkc_casefold_punctuation_exact"": false, ""source"": ""synthetic_price"", ""token_coverage"": 0.0}, ""store"": {""current_exact"": false, ""evidence_token_count"": 5, ""matched_token_count"": 0, ""matched_tokens"": [], ""nfkc_casefold_punctuation_exact"": false, ""source"": ""catalog_metadata"", ""token_coverage"": 0.0}, ""title"": {""current_exact"": false, ""evidence_token_count"": 5, ""matched_token_count"": 0, ""matched_tokens"": [], ""nfkc_casefold_punctuation_exact"": false, ""source"": ""catalog_metadata"", ""token_coverage"": 0.0}}}, {""evidence"": ""Imported"", ""fields"": {""categories"": {""current_exact"": false, ""evidence_token_count"": 1, ""matched_token_count"": 0, ""matched_tokens"": [], ""nfkc_casefold_punctuation_exact"": false, ""source"": ""catalog_metadata"", ""token_coverage"": 0.0}, ""description"": {""current_exact"": false, ""evidence_token_count"": 1, ""matched_token_count"": 0, ""matched_tokens"": [], ""nfkc_casefold_punctuation_exact"": false, ""source"": ""catalog_metadata"", ""token_coverage"": 0.0}, ""details"": {""current_exact"": false, ""evidence_token_count"": 1, ""matched_token_count"": 0, ""matched_tokens"": [], ""nfkc_casefold_punctuation_exact"": false, ""source"": ""catalog_metadata"", ""token_coverage"": 0.0}, ""features"": {""current_exact"": true, ""evidence_token_count"": 1, ""matched_token_count"": 1, ""matched_tokens"": [""imported""], ""nfkc_casefold_punctuation_exact"": true, ""source"": ""catalog_metadata"", ""token_coverage"": 1.0}, ""price"": {""current_exact"": false, ""evidence_token_count"": 1, ""matched_token_count"": 0, ""matched_tokens"": [], ""nfkc_casefold_punctuation_exact"": false, ""source"": ""synthetic_price"", ""token_coverage"": 0.0}, ""store"": {""current_exact"": false, ""evidence_token_count"": 1, ""matched_token_count"": 0, ""matched_tokens"": [], ""nfkc_casefold_punctuation_exact"": false, ""source"": ""catalog_metadata"", ""token_coverage"": 0.0}, ""title"": {""current_exact"": false, ""evidence_token_count"": 1, ""matched_token_count"": 0, ""matched_tokens"": [], ""nfkc_casefold_punctuation_exact"": false, ""source"": ""catalog_metadata"", ""token_coverage"": 0.0}}}]",4,6,3,"[""no_exact_match"", ""ranking_failure"", ""cross_field_partial_match""]",False,[],[],weak_success,"{""exact_dense_rrf"": {""best_rank"": 6, ""first_hit_turn"": 2, ""hit"": true}, ""exact_field_aware_bm25_rrf"": {""best_rank"": 6, ""first_hit_turn"": 2, ""hit"": true}, ""exact_generic_field_dense_rrf"": {""best_rank"": 6, ""first_hit_turn"": 2, ""hit"": true}, ""exact_only"": {""best_rank"": 6, ""first_hit_turn"": 2, ""hit"": true}, ""exact_stateful_bm25_rrf"": {""best_rank"": 6, ""first_hit_turn"": 2, ""hit"": true}}","{""exact_dense_rrf"": 0, ""exact_field_aware_bm25_rrf"": 0, ""exact_generic_field_dense_rrf"": 0, ""exact_only"": 0, ""exact_stateful_bm25_rrf"": 0}",[],2,[],"[""cotton"", ""73% Cotton, 25% Polyester, 2% Spandex"", ""Imported""]",1,1,False,[],buying,B0858VDFDW,"[""Zipper fly with button closure""]",Women Jeans,public_0027,evaluation,[],"{""exact_only"": {""best_rank"": 6, ""first_hit_turn"": 2, ""hit"": true}, ""exact_stateful_xtr_warp_rrf"": {""best_rank"": 6, ""first_hit_turn"": 2, ""hit"": true}, ""experiment_07_exact_stateful_bm25_rrf"": {""best_rank"": 6, ""first_hit_turn"": 2, ""hit"": true}}",False,False
"[""polyester""]","{""average_prior_rating"": 4.0, ""preference_tags"": [""material"", ""comfort"", ""fit"", ""style""], ""purchase_frequency"": ""3-4 prior purchases"", ""rating_style"": ""mixed"", ""summary"": ""Prior purchases emphasize material, comfort, fit, style; ratings are mixed.""}",1,False,"{""bm25"": null, ""dense"": null, ""exact"": 6, ""field_aware"": null}","[""polyester""]",6,False,True,False,"[{""evidence"": ""polyester"", ""fields"": {""categories"": {""current_exact"": false, ""evidence_token_count"": 1, ""matched_token_count"": 0, ""matched_tokens"": [], ""nfkc_casefold_punctuation_exact"": false, ""source"": ""catalog_metadata"", ""token_coverage"": 0.0}, ""description"": {""current_exact"": false, ""evidence_token_count"": 1, ""matched_token_count"": 0, ""matched_tokens"": [], ""nfkc_casefold_punctuation_exact"": false, ""source"": ""catalog_metadata"", ""token_coverage"": 0.0}, ""details"": {""current_exact"": false, ""evidence_token_count"": 1, ""matched_token_count"": 0, ""matched_tokens"": [], ""nfkc_casefold_punctuation_exact"": false, ""source"": ""catalog_metadata"", ""token_coverage"": 0.0}, ""features"": {""current_exact"": true, ""evidence_token_count"": 1, ""matched_token_count"": 1, ""matched_tokens"": [""polyester""], ""nfkc_casefold_punctuation_exact"": true, ""source"": ""catalog_metadata"", ""token_coverage"": 1.0}, ""price"": {""current_exact"": false, ""evidence_token_count"": 1, ""matched_token_count"": 0, ""matched_tokens"": [], ""nfkc_casefold_punctuation_exact"": false, ""source"": ""synthetic_price"", ""token_coverage"": 0.0}, ""store"": {""current_exact"": false, ""evidence_token_count"": 1, ""matched_token_count"": 0, ""matched_tokens"": [], ""nfkc_casefold_punctuation_exact"": false, ""source"": ""catalog_metadata"", ""token_coverage"": 0.0}, ""title"": {""current_exact"": false, ""evidence_token_count"": 1, ""matched_token_count"": 0, ""matched_tokens"": [], ""nfkc_casefold_punctuation_exact"": false, ""source"": ""catalog_metadata"", ""token_coverage"": 0.0}}}]",2,6,2,"[""ambiguous_exact_evidence"", ""ranking_failure"", ""cross_field_partial_match""]",False,[],[],weak_success,"{""exact_dense_rrf"": {""best_rank"": 6, ""first_hit_turn"": 1, ""hit"": true}, ""exact_field_aware_bm25_rrf"": {""best_rank"": 1, ""first_hit_turn"": 2, ""hit"": true}, ""exact_generic_field_dense_rrf"": {""best_rank"": 1, ""first_hit_turn"": 2, ""hit"": true}, ""exact_only"": {""best_rank"": 6, ""first_hit_turn"": 1, ""hit"": true}, ""exact_stateful_bm25_rrf"": {""best_rank"": 1, ""first_hit_turn"": 2, ""hit"": true}}","{""exact_dense_rrf"": 0, ""exact_field_aware_bm25_rrf"": -5, ""exact_generic_field_dense_rrf"": -5, ""exact_only"": 0, ""exact_stateful_bm25_rrf"": -5}",[],1,[],"[""polyester""]",25,25,True,"[""highest_exact_match_tier_exceeds_top_10""]",buying,B09V5RTXG9,"[""Polyester,Polar Fleece"", ""Button closure"", ""Hand Wash Only""]",Sleep & Lounge Sleep Bottoms,public_0030,evaluation,[],"{""exact_only"": {""best_rank"": 6, ""first_hit_turn"": 1, ""hit"": true}, ""exact_stateful_xtr_warp_rrf"": {""best_rank"": 1, ""first_hit_turn"": 1, ""hit"": true}, ""experiment_07_exact_stateful_bm25_rrf"": {""best_rank"": 1, ""first_hit_turn"": 2, ""hit"": true}}",False,False
"[""fabric"", ""Mesh Fabric""]","{""average_prior_rating"": 4.0, ""preference_tags"": [""material"", ""comfort"", ""style"", ""durability""], ""purchase_frequency"": ""3-4 prior purchases"", ""rating_style"": ""mixed"", ""summary"": ""Prior purchases emphasize material, comfort, style, durability; ratings are mixed.""}",1,False,"{""bm25"": null, ""dense"": null, ""exact"": 9, ""field_aware"": null}","[""fabric"", ""Mesh Fabric""]",9,False,True,False,"[{""evidence"": ""fabric"", ""fields"": {""categories"": {""current_exact"": false, ""evidence_token_count"": 1, ""matched_token_count"": 0, ""matched_tokens"": [], ""nfkc_casefold_punctuation_exact"": false, ""source"": ""catalog_metadata"", ""token_coverage"": 0.0}, ""description"": {""current_exact"": false, ""evidence_token_count"": 1, ""matched_token_count"": 0, ""matched_tokens"": [], ""nfkc_casefold_punctuation_exact"": false, ""source"": ""catalog_metadata"", ""token_coverage"": 0.0}, ""details"": {""current_exact"": false, ""evidence_token_count"": 1, ""matched_token_count"": 0, ""matched_tokens"": [], ""nfkc_casefold_punctuation_exact"": false, ""source"": ""catalog_metadata"", ""token_coverage"": 0.0}, ""features"": {""current_exact"": true, ""evidence_token_count"": 1, ""matched_token_count"": 1, ""matched_tokens"": [""fabric""], ""nfkc_casefold_punctuation_exact"": true, ""source"": ""catalog_metadata"", ""token_coverage"": 1.0}, ""price"": {""current_exact"": false, ""evidence_token_count"": 1, ""matched_token_count"": 0, ""matched_tokens"": [], ""nfkc_casefold_punctuation_exact"": false, ""source"": ""synthetic_price"", ""token_coverage"": 0.0}, ""store"": {""current_exact"": false, ""evidence_token_count"": 1, ""matched_token_count"": 0, ""matched_tokens"": [], ""nfkc_casefold_punctuation_exact"": false, ""source"": ""catalog_metadata"", ""token_coverage"": 0.0}, ""title"": {""current_exact"": false, ""evidence_token_count"": 1, ""matched_token_count"": 0, ""matched_tokens"": [], ""nfkc_casefold_punctuation_exact"": false, ""source"": ""catalog_metadata"", ""token_coverage"": 0.0}}}, {""evidence"": ""Mesh Fabric"", ""fields"": {""categories"": {""current_exact"": false, ""evidence_token_count"": 2, ""matched_token_count"": 0, ""matched_tokens"": [], ""nfkc_casefold_punctuation_exact"": false, ""source"": ""catalog_metadata"", ""token_coverage"": 0.0}, ""description"": {""current_exact"": false, ""evidence_token_count"": 2, ""matched_token_count"": 0, ""matched_tokens"": [], ""nfkc_casefold_punctuation_exact"": false, ""source"": ""catalog_metadata"", ""token_coverage"": 0.0}, ""details"": {""current_exact"": false, ""evidence_token_count"": 2, ""matched_token_count"": 0, ""matched_tokens"": [], ""nfkc_casefold_punctuation_exact"": false, ""source"": ""catalog_metadata"", ""token_coverage"": 0.0}, ""features"": {""current_exact"": true, ""evidence_token_count"": 2, ""matched_token_count"": 2, ""matched_tokens"": [""fabric"", ""mesh""], ""nfkc_casefold_punctuation_exact"": true, ""source"": ""catalog_metadata"", ""token_coverage"": 1.0}, ""price"": {""current_exact"": false, ""evidence_token_count"": 2, ""matched_token_count"": 0, ""matched_tokens"": [], ""nfkc_casefold_punctuation_exact"": false, ""source"": ""synthetic_price"", ""token_coverage"": 0.0}, ""store"": {""current_exact"": false, ""evidence_token_count"": 2, ""matched_token_count"": 0, ""matched_tokens"": [], ""nfkc_casefold_punctuation_exact"": false, ""source"": ""catalog_metadata"", ""token_coverage"": 0.0}, ""title"": {""current_exact"": false, ""evidence_token_count"": 2, ""matched_token_count"": 1, ""matched_tokens"": [""mesh""], ""nfkc_casefold_punctuation_exact"": false, ""source"": ""catalog_metadata"", ""token_coverage"": 0.5}}}]",3,9,3,"[""ambiguous_exact_evidence"", ""ranking_failure"", ""cross_field_partial_match""]",False,[],[],weak_success,"{""exact_dense_rrf"": {""best_rank"": 1, ""first_hit_turn"": 3, ""hit"": true}, ""exact_field_aware_bm25_rrf"": {""best_rank"": 1, ""first_hit_turn"": 3, ""hit"": true}, ""exact_generic_field_dense_rrf"": {""best_rank"": 1, ""first_hit_turn"": 3, ""hit"": true}, ""exact_only"": {""best_rank"": 9, ""first_hit_turn"": 2, ""hit"": true}, ""exact_stateful_bm25_rrf"": {""best_rank"": 1, ""first_hit_turn"": 3, ""hit"": true}}","{""exact_dense_rrf"": -2, ""exact_field_aware_bm25_rrf"": -2, ""exact_generic_field_dense_rrf"": -2, ""exact_only"": 0, ""exact_stateful_bm25_rrf"": -2}",[],2,[],"[""fabric"", ""Mesh Fabric""]",17,17,True,"[""highest_exact_match_tier_exceeds_top_10""]",browsing,B08134XNNB,"[""Imported"", ""MD + Air Cushion sole""]",Athletic Walking,public_0033,evaluation,[],"{""exact_only"": {""best_rank"": 9, ""first_hit_turn"": 2, ""hit"": true}, ""exact_stateful_xtr_warp_rrf"": {""best_rank"": 3, ""first_hit_turn"": 2, ""hit"": true}, ""experiment_07_exact_stateful_bm25_rrf"": {""best_rank"": 1, ""first_hit_turn"": 3, ""hit"": true}}",False,False
[],"{""average_prior_rating"": 5.0, ""preference_tags"": [""comfort"", ""performance"", ""durability"", ""style""], ""purchase_frequency"": ""3-4 prior purchases"", ""rating_style"": ""usually positive"", ""summary"": ""Prior purchases emphasize comfort, performance, durability, style; ratings are usually positive.""}",1,False,"{""bm25"": null, ""dense"": null, ""exact"": 9, ""field_aware"": null}",[],9,False,False,False,[],1,9,1,"[""ambiguous_exact_evidence"", ""ranking_failure""]",False,[],[],weak_success,"{""exact_dense_rrf"": {""best_rank"": 5, ""first_hit_turn"": 1, ""hit"": true}, ""exact_field_aware_bm25_rrf"": {""best_rank"": 10, ""first_hit_turn"": 1, ""hit"": true}, ""exact_generic_field_dense_rrf"": {""best_rank"": 10, ""first_hit_turn"": 1, ""hit"": true}, ""exact_only"": {""best_rank"": 9, ""first_hit_turn"": 1, ""hit"": true}, ""exact_stateful_bm25_rrf"": {""best_rank"": 1, ""first_hit_turn"": 2, ""hit"": true}}","{""exact_dense_rrf"": 4, ""exact_field_aware_bm25_rrf"": -1, ""exact_generic_field_dense_rrf"": -1, ""exact_only"": 0, ""exact_stateful_bm25_rrf"": -2}",[],1,[],[],25,25,True,"[""no_active_constraint"", ""highest_exact_match_tier_exceeds_top_10""]",browsing,B07TZCJW9X,"[""polyester"", ""80% Polyester, 20% Spandex"", ""Zipper closure"", ""Hand Wash Only""]",Women Jerseys,public_0039,calibration,[],"{""exact_only"": {""best_rank"": 9, ""first_hit_turn"": 1, ""hit"": true}, ""exact_stateful_xtr_warp_rrf"": {""best_rank"": 1, ""first_hit_turn"": 1, ""hit"": true}, ""experiment_07_exact_stateful_bm25_rrf"": {""best_rank"": 1, ""first_hit_turn"": 2, ""hit"": true}}",False,False
"[""cotton"", ""60% Cotton, 23% Viscose, 16% Polyester, 1% Elastane""]","{""average_prior_rating"": 5.0, ""preference_tags"": [""style"", ""fit"", ""material"", ""comfort""], ""purchase_frequency"": ""3-4 prior purchases"", ""rating_style"": ""usually positive"", ""summary"": ""Prior purchases emphasize style, fit, material, comfort; ratings are usually positive.""}",3,False,"{""bm25"": 3, ""dense"": null, ""exact"": 7, ""field_aware"": 1}","[""cotton"", ""60% Cotton, 23% Viscose, 16% Polyester, 1% Elastane""]",7,False,True,False,"[{""evidence"": ""cotton"", ""fields"": {""categories"": {""current_exact"": false, ""evidence_token_count"": 1, ""matched_token_count"": 0, ""matched_tokens"": [], ""nfkc_casefold_punctuation_exact"": false, ""source"": ""catalog_metadata"", ""token_coverage"": 0.0}, ""description"": {""current_exact"": true, ""evidence_token_count"": 1, ""matched_token_count"": 1, ""matched_tokens"": [""cotton""], ""nfkc_casefold_punctuation_exact"": true, ""source"": ""catalog_metadata"", ""token_coverage"": 1.0}, ""details"": {""current_exact"": false, ""evidence_token_count"": 1, ""matched_token_count"": 0, ""matched_tokens"": [], ""nfkc_casefold_punctuation_exact"": false, ""source"": ""catalog_metadata"", ""token_coverage"": 0.0}, ""features"": {""current_exact"": true, ""evidence_token_count"": 1, ""matched_token_count"": 1, ""matched_tokens"": [""cotton""], ""nfkc_casefold_punctuation_exact"": true, ""source"": ""catalog_metadata"", ""token_coverage"": 1.0}, ""price"": {""current_exact"": false, ""evidence_token_count"": 1, ""matched_token_count"": 0, ""matched_tokens"": [], ""nfkc_casefold_punctuation_exact"": false, ""source"": ""synthetic_price"", ""token_coverage"": 0.0}, ""store"": {""current_exact"": false, ""evidence_token_count"": 1, ""matched_token_count"": 0, ""matched_tokens"": [], ""nfkc_casefold_punctuation_exact"": false, ""source"": ""catalog_metadata"", ""token_coverage"": 0.0}, ""title"": {""current_exact"": false, ""evidence_token_count"": 1, ""matched_token_count"": 0, ""matched_tokens"": [], ""nfkc_casefold_punctuation_exact"": false, ""source"": ""catalog_metadata"", ""token_coverage"": 0.0}}}, {""evidence"": ""60% Cotton, 23% Viscose, 16% Polyester, 1% Elastane"", ""fields"": {""categories"": {""current_exact"": false, ""evidence_token_count"": 7, ""matched_token_count"": 0, ""matched_tokens"": [], ""nfkc_casefold_punctuation_exact"": false, ""source"": ""catalog_metadata"", ""token_coverage"": 0.0}, ""description"": {""current_exact"": false, ""evidence_token_count"": 7, ""matched_token_count"": 3, ""matched_tokens"": [""cotton"", ""elastane"", ""polyester""], ""nfkc_casefold_punctuation_exact"": false, ""source"": ""catalog_metadata"", ""token_coverage"": 0.428571}, ""details"": {""current_exact"": false, ""evidence_token_count"": 7, ""matched_token_count"": 0, ""matched_tokens"": [], ""nfkc_casefold_punctuation_exact"": false, ""source"": ""catalog_metadata"", ""token_coverage"": 0.0}, ""features"": {""current_exact"": true, ""evidence_token_count"": 7, ""matched_token_count"": 7, ""matched_tokens"": [""16"", ""23"", ""60"", ""cotton"", ""elastane"", ""polyester"", ""viscose""], ""nfkc_casefold_punctuation_exact"": true, ""source"": ""catalog_metadata"", ""token_coverage"": 1.0}, ""price"": {""current_exact"": false, ""evidence_token_count"": 7, ""matched_token_count"": 0, ""matched_tokens"": [], ""nfkc_casefold_punctuation_exact"": false, ""source"": ""synthetic_price"", ""token_coverage"": 0.0}, ""store"": {""current_exact"": false, ""evidence_token_count"": 7, ""matched_token_count"": 0, ""matched_tokens"": [], ""nfkc_casefold_punctuation_exact"": false, ""source"": ""catalog_metadata"", ""token_coverage"": 0.0}, ""title"": {""current_exact"": false, ""evidence_token_count"": 7, ""matched_token_count"": 0, ""matched_tokens"": [], ""nfkc_casefold_punctuation_exact"": false, ""source"": ""catalog_metadata"", ""token_coverage"": 0.0}}}]",2,7,2,"[""no_exact_match"", ""ranking_failure"", ""cross_field_partial_match""]",False,[],[],weak_success,"{""exact_dense_rrf"": {""best_rank"": 8, ""first_hit_turn"": 2, ""hit"": true}, ""exact_field_aware_bm25_rrf"": {""best_rank"": 1, ""first_hit_turn"": 2, ""hit"": true}, ""exact_generic_field_dense_rrf"": {""best_rank"": 2, ""first_hit_turn"": 2, ""hit"": true}, ""exact_only"": {""best_rank"": 7, ""first_hit_turn"": 2, ""hit"": true}, ""exact_stateful_bm25_rrf"": {""best_rank"": 1, ""first_hit_turn"": 2, ""hit"": true}}","{""exact_dense_rrf"": -1, ""exact_field_aware_bm25_rrf"": 6, ""exact_generic_field_dense_rrf"": 5, ""exact_only"": 0, ""exact_stateful_bm25_rrf"": 6}",[],2,[],"[""cotton"", ""60% Cotton, 23% Viscose, 16% Polyester, 1% Elastane""]",0,9,True,"[""no_catalog_product_matches_all_active_phrases""]",browsing,B0C1KNGLPX,"[""Imported"", ""Zipper closure""]",Women Jeans,public_0043,evaluation,[],"{""exact_only"": {""best_rank"": 7, ""first_hit_turn"": 2, ""hit"": true}, ""exact_stateful_xtr_warp_rrf"": {""best_rank"": 1, ""first_hit_turn"": 2, ""hit"": true}, ""experiment_07_exact_stateful_bm25_rrf"": {""best_rank"": 1, ""first_hit_turn"": 2, ""hit"": true}}",False,False
[],"{""average_prior_rating"": 5.0, ""preference_tags"": [""fit"", ""material"", ""style"", ""comfort""], ""purchase_frequency"": ""3-4 prior purchases"", ""rating_style"": ""usually positive"", ""summary"": ""Prior purchases emphasize fit, material, style, comfort; ratings are usually positive.""}",1,False,"{""bm25"": null, ""dense"": null, ""exact"": 10, ""field_aware"": 5}",[],10,False,False,False,[],1,10,1,"[""ambiguous_exact_evidence"", ""ranking_failure""]",False,[],[],weak_success,"{""exact_dense_rrf"": {""best_rank"": 1, ""first_hit_turn"": 3, ""hit"": true}, ""exact_field_aware_bm25_rrf"": {""best_rank"": 4, ""first_hit_turn"": 1, ""hit"": true}, ""exact_generic_field_dense_rrf"": {""best_rank"": 8, ""first_hit_turn"": 2, ""hit"": true}, ""exact_only"": {""best_rank"": 10, ""first_hit_turn"": 1, ""hit"": true}, ""exact_stateful_bm25_rrf"": {""best_rank"": 4, ""first_hit_turn"": 2, ""hit"": true}}","{""exact_dense_rrf"": -1, ""exact_field_aware_bm25_rrf"": 6, ""exact_generic_field_dense_rrf"": -1, ""exact_only"": 0, ""exact_stateful_bm25_rrf"": -1}",[],1,[],[],665,665,True,"[""no_active_constraint"", ""highest_exact_match_tier_exceeds_top_10""]",browsing,B08G4WVYLJ,"[""leather"", ""color: brown"", ""Rubber sole"", ""\ud83d\udc5fBEST MATERIAL.These mens shoes casual slip on has premium microfiber leather upper,soft rubber sole.It's a good choice for outdoor all season""]",Shoes Loafers & Slip-Ons,public_0049,evaluation,[],"{""exact_only"": {""best_rank"": 10, ""first_hit_turn"": 1, ""hit"": true}, ""exact_stateful_xtr_warp_rrf"": {""best_rank"": 8, ""first_hit_turn"": 1, ""hit"": true}, ""experiment_07_exact_stateful_bm25_rrf"": {""best_rank"": 4, ""first_hit_turn"": 2, ""hit"": true}}",False,False
"[""cotton"", ""color: grey"", ""Solid colors: 80% Cotton, 20% Polyester; Heather Grey: 78% Cotton, 22% Poly; Dark Heather: 50% Cotton, 50% Polyester"", ""Imported""]","{""average_prior_rating"": 5.0, ""preference_tags"": [""style"", ""comfort"", ""performance"", ""fit""], ""purchase_frequency"": ""3-4 prior purchases"", ""rating_style"": ""usually positive"", ""summary"": ""Prior purchases emphasize style, comfort, performance, fit; ratings are usually positive.""}",8,False,"{""bm25"": null, ""dense"": null, ""exact"": 8, ""field_aware"": null}","[""cotton"", ""color: grey"", ""Solid colors: 80% Cotton, 20% Polyester; Heather Grey: 78% Cotton, 22% Poly; Dark Heather: 50% Cotton, 50% Polyester"", ""Imported""]",8,False,True,False,"[{""evidence"": ""cotton"", ""fields"": {""categories"": {""current_exact"": false, ""evidence_token_count"": 1, ""matched_token_count"": 0, ""matched_tokens"": [], ""nfkc_casefold_punctuation_exact"": false, ""source"": ""catalog_metadata"", ""token_coverage"": 0.0}, ""description"": {""current_exact"": false, ""evidence_token_count"": 1, ""matched_token_count"": 0, ""matched_tokens"": [], ""nfkc_casefold_punctuation_exact"": false, ""source"": ""catalog_metadata"", ""token_coverage"": 0.0}, ""details"": {""current_exact"": false, ""evidence_token_count"": 1, ""matched_token_count"": 0, ""matched_tokens"": [], ""nfkc_casefold_punctuation_exact"": false, ""source"": ""catalog_metadata"", ""token_coverage"": 0.0}, ""features"": {""current_exact"": true, ""evidence_token_count"": 1, ""matched_token_count"": 1, ""matched_tokens"": [""cotton""], ""nfkc_casefold_punctuation_exact"": true, ""source"": ""catalog_metadata"", ""token_coverage"": 1.0}, ""price"": {""current_exact"": false, ""evidence_token_count"": 1, ""matched_token_count"": 0, ""matched_tokens"": [], ""nfkc_casefold_punctuation_exact"": false, ""source"": ""synthetic_price"", ""token_coverage"": 0.0}, ""store"": {""current_exact"": false, ""evidence_token_count"": 1, ""matched_token_count"": 0, ""matched_tokens"": [], ""nfkc_casefold_punctuation_exact"": false, ""source"": ""catalog_metadata"", ""token_coverage"": 0.0}, ""title"": {""current_exact"": false, ""evidence_token_count"": 1, ""matched_token_count"": 0, ""matched_tokens"": [], ""nfkc_casefold_punctuation_exact"": false, ""source"": ""catalog_metadata"", ""token_coverage"": 0.0}}}, {""evidence"": ""color: grey"", ""fields"": {""categories"": {""current_exact"": false, ""evidence_token_count"": 2, ""matched_token_count"": 0, ""matched_tokens"": [], ""nfkc_casefold_punctuation_exact"": false, ""source"": ""catalog_metadata"", ""token_coverage"": 0.0}, ""description"": {""current_exact"": false, ""evidence_token_count"": 2, ""matched_token_count"": 0, ""matched_tokens"": [], ""nfkc_casefold_punctuation_exact"": false, ""source"": ""catalog_metadata"", ""token_coverage"": 0.0}, ""details"": {""current_exact"": false, ""evidence_token_count"": 2, ""matched_token_count"": 0, ""matched_tokens"": [], ""nfkc_casefold_punctuation_exact"": false, ""source"": ""catalog_metadata"", ""token_coverage"": 0.0}, ""features"": {""current_exact"": false, ""evidence_token_count"": 2, ""matched_token_count"": 1, ""matched_tokens"": [""grey""], ""nfkc_casefold_punctuation_exact"": false, ""source"": ""catalog_metadata"", ""token_coverage"": 0.5}, ""price"": {""current_exact"": false, ""evidence_token_count"": 2, ""matched_token_count"": 0, ""matched_tokens"": [], ""nfkc_casefold_punctuation_exact"": false, ""source"": ""synthetic_price"", ""token_coverage"": 0.0}, ""store"": {""current_exact"": false, ""evidence_token_count"": 2, ""matched_token_count"": 0, ""matched_tokens"": [], ""nfkc_casefold_punctuation_exact"": false, ""source"": ""catalog_metadata"", ""token_coverage"": 0.0}, ""title"": {""current_exact"": false, ""evidence_token_count"": 2, ""matched_token_count"": 0, ""matched_tokens"": [], ""nfkc_casefold_punctuation_exact"": false, ""source"": ""catalog_metadata"", ""token_coverage"": 0.0}}}, {""evidence"": ""Solid colors: 80% Cotton, 20% Polyester; Heather Grey: 78% Cotton, 22% Poly; Dark Heather: 50% Cotton, 50% Polyester"", ""fields"": {""categories"": {""current_exact"": false, ""evidence_token_count"": 13, ""matched_token_count"": 0, ""matched_tokens"": [], ""nfkc_casefold_punctuation_exact"": false, ""source"": ""catalog_metadata"", ""token_coverage"": 0.0}, ""description"": {""current_exact"": false, ""evidence_token_count"": 13, ""matched_token_count"": 0, ""matched_tokens"": [], ""nfkc_casefold_punctuation_exact"": false, ""source"": ""catalog_metadata"", ""token_coverage"": 0.0}, ""details"": {""current_exact"": false, ""evidence_token_count"": 13, ""matched_token_count"": 0, ""matched_tokens"": [], ""nfkc_casefold_punctuation_exact"": false, ""source"": ""catalog_metadata"", ""token_coverage"": 0.0}, ""features"": {""current_exact"": true, ""evidence_token_count"": 13, ""matched_token_count"": 13, ""matched_tokens"": [""20"", ""22"", ""50"", ""78"", ""80"", ""colors"", ""cotton"", ""dark"", ""grey"", ""heather"", ""poly"", ""polyester"", ""solid""], ""nfkc_casefold_punctuation_exact"": true, ""source"": ""catalog_metadata"", ""token_coverage"": 1.0}, ""price"": {""current_exact"": false, ""evidence_token_count"": 13, ""matched_token_count"": 0, ""matched_tokens"": [], ""nfkc_casefold_punctuation_exact"": false, ""source"": ""synthetic_price"", ""token_coverage"": 0.0}, ""store"": {""current_exact"": false, ""evidence_token_count"": 13, ""matched_token_count"": 0, ""matched_tokens"": [], ""nfkc_casefold_punctuation_exact"": false, ""source"": ""catalog_metadata"", ""token_coverage"": 0.0}, ""title"": {""current_exact"": false, ""evidence_token_count"": 13, ""matched_token_count"": 0, ""matched_tokens"": [], ""nfkc_casefold_punctuation_exact"": false, ""source"": ""catalog_metadata"", ""token_coverage"": 0.0}}}, {""evidence"": ""Imported"", ""fields"": {""categories"": {""current_exact"": false, ""evidence_token_count"": 1, ""matched_token_count"": 0, ""matched_tokens"": [], ""nfkc_casefold_punctuation_exact"": false, ""source"": ""catalog_metadata"", ""token_coverage"": 0.0}, ""description"": {""current_exact"": false, ""evidence_token_count"": 1, ""matched_token_count"": 0, ""matched_tokens"": [], ""nfkc_casefold_punctuation_exact"": false, ""source"": ""catalog_metadata"", ""token_coverage"": 0.0}, ""details"": {""current_exact"": false, ""evidence_token_count"": 1, ""matched_token_count"": 0, ""matched_tokens"": [], ""nfkc_casefold_punctuation_exact"": false, ""source"": ""catalog_metadata"", ""token_coverage"": 0.0}, ""features"": {""current_exact"": true, ""evidence_token_count"": 1, ""matched_token_count"": 1, ""matched_tokens"": [""imported""], ""nfkc_casefold_punctuation_exact"": true, ""source"": ""catalog_metadata"", ""token_coverage"": 1.0}, ""price"": {""current_exact"": false, ""evidence_token_count"": 1, ""matched_token_count"": 0, ""matched_tokens"": [], ""nfkc_casefold_punctuation_exact"": false, ""source"": ""synthetic_price"", ""token_coverage"": 0.0}, ""store"": {""current_exact"": false, ""evidence_token_count"": 1, ""matched_token_count"": 0, ""matched_tokens"": [], ""nfkc_casefold_punctuation_exact"": false, ""source"": ""catalog_metadata"", ""token_coverage"": 0.0}, ""title"": {""current_exact"": false, ""evidence_token_count"": 1, ""matched_token_count"": 0, ""matched_tokens"": [], ""nfkc_casefold_punctuation_exact"": false, ""source"": ""catalog_metadata"", ""token_coverage"": 0.0}}}]",4,8,4,"[""no_exact_match"", ""ranking_failure"", ""cross_field_partial_match""]",False,[],[],weak_success,"{""exact_dense_rrf"": {""best_rank"": null, ""first_hit_turn"": null, ""hit"": false}, ""exact_field_aware_bm25_rrf"": {""best_rank"": null, ""first_hit_turn"": null, ""hit"": false}, ""exact_generic_field_dense_rrf"": {""best_rank"": null, ""first_hit_turn"": null, ""hit"": false}, ""exact_only"": {""best_rank"": 8, ""first_hit_turn"": 3, ""hit"": true}, ""exact_stateful_bm25_rrf"": {""best_rank"": null, ""first_hit_turn"": null, ""hit"": false}}","{""exact_dense_rrf"": -3, ""exact_field_aware_bm25_rrf"": -3, ""exact_generic_field_dense_rrf"": -3, ""exact_only"": 0, ""exact_stateful_bm25_rrf"": -3}",[],3,[],"[""cotton"", ""color: grey"", ""Solid colors: 80% Cotton, 20% Polyester; Heather Grey: 78% Cotton, 22% Poly; Dark Heather: 50% Cotton, 50% Polyester"", ""Imported""]",0,8,True,"[""no_catalog_product_matches_all_active_phrases""]",browsing,B07XT6PLTB,[],Women Hoodies,public_0076,calibration,[],"{""exact_only"": {""best_rank"": 8, ""first_hit_turn"": 3, ""hit"": true}, ""exact_stateful_xtr_warp_rrf"": {""best_rank"": null, ""first_hit_turn"": null, ""hit"": false}, ""experiment_07_exact_stateful_bm25_rrf"": {""best_rank"": null, ""first_hit_turn"": null, ""hit"": false}}",False,True
[],"{""average_prior_rating"": 1.0, ""preference_tags"": [""style"", ""fit"", ""comfort"", ""durability""], ""purchase_frequency"": ""3-4 prior purchases"", ""rating_style"": ""critical"", ""summary"": ""Prior purchases emphasize style, fit, comfort, durability; ratings are critical.""}",1,False,"{""bm25"": null, ""dense"": null, ""exact"": 9, ""field_aware"": 1}",[],9,False,False,False,[],1,9,1,"[""ambiguous_exact_evidence"", ""ranking_failure""]",False,[],[],weak_success,"{""exact_dense_rrf"": {""best_rank"": 1, ""first_hit_turn"": 2, ""hit"": true}, ""exact_field_aware_bm25_rrf"": {""best_rank"": 3, ""first_hit_turn"": 1, ""hit"": true}, ""exact_generic_field_dense_rrf"": {""best_rank"": 1, ""first_hit_turn"": 2, ""hit"": true}, ""exact_only"": {""best_rank"": 9, ""first_hit_turn"": 1, ""hit"": true}, ""exact_stateful_bm25_rrf"": {""best_rank"": 6, ""first_hit_turn"": 1, ""hit"": true}}","{""exact_dense_rrf"": -2, ""exact_field_aware_bm25_rrf"": 6, ""exact_generic_field_dense_rrf"": -2, ""exact_only"": 0, ""exact_stateful_bm25_rrf"": 3}",[],1,[],[],44,44,True,"[""no_active_constraint"", ""highest_exact_match_tier_exceeds_top_10""]",browsing,B0BFRMX3JG,"[""polyester"", ""Rubber sole"", ""Best Gifts Ideas: These cute fluffy slipper socks are featuring lovely animals pattern-owl, dog, cat, fox, penguin and reindeer. They are very good gifts for women. Gifts for mom."", ""Super Soft and Cozy: These fuzzy slipper socks are made of Polyester 95%, Spandex 5%. The material is extraordinary soft and comfy""]",Socks & Hosiery Slipper Socks,public_0079,evaluation,[],"{""exact_only"": {""best_rank"": 9, ""first_hit_turn"": 1, ""hit"": true}, ""exact_stateful_xtr_warp_rrf"": {""best_rank"": 1, ""first_hit_turn"": 2, ""hit"": true}, ""experiment_07_exact_stateful_bm25_rrf"": {""best_rank"": 6, ""first_hit_turn"": 1, ""hit"": true}}",False,False
"[""cotton"", ""100% Cotton"", ""Pull On closure"", ""Machine Wash""]","{""average_prior_rating"": 5.0, ""preference_tags"": [""fit"", ""material"", ""style"", ""durability""], ""purchase_frequency"": ""3-4 prior purchases"", ""rating_style"": ""usually positive"", ""summary"": ""Prior purchases emphasize fit, material, style, durability; ratings are usually positive.""}",10,False,"{""bm25"": 4, ""dense"": null, ""exact"": 10, ""field_aware"": null}","[""cotton"", ""100% Cotton"", ""Pull On closure"", ""Machine Wash""]",10,False,True,False,"[{""evidence"": ""cotton"", ""fields"": {""categories"": {""current_exact"": false, ""evidence_token_count"": 1, ""matched_token_count"": 0, ""matched_tokens"": [], ""nfkc_casefold_punctuation_exact"": false, ""source"": ""catalog_metadata"", ""token_coverage"": 0.0}, ""description"": {""current_exact"": false, ""evidence_token_count"": 1, ""matched_token_count"": 0, ""matched_tokens"": [], ""nfkc_casefold_punctuation_exact"": false, ""source"": ""catalog_metadata"", ""token_coverage"": 0.0}, ""details"": {""current_exact"": false, ""evidence_token_count"": 1, ""matched_token_count"": 0, ""matched_tokens"": [], ""nfkc_casefold_punctuation_exact"": false, ""source"": ""catalog_metadata"", ""token_coverage"": 0.0}, ""features"": {""current_exact"": true, ""evidence_token_count"": 1, ""matched_token_count"": 1, ""matched_tokens"": [""cotton""], ""nfkc_casefold_punctuation_exact"": true, ""source"": ""catalog_metadata"", ""token_coverage"": 1.0}, ""price"": {""current_exact"": false, ""evidence_token_count"": 1, ""matched_token_count"": 0, ""matched_tokens"": [], ""nfkc_casefold_punctuation_exact"": false, ""source"": ""synthetic_price"", ""token_coverage"": 0.0}, ""store"": {""current_exact"": false, ""evidence_token_count"": 1, ""matched_token_count"": 0, ""matched_tokens"": [], ""nfkc_casefold_punctuation_exact"": false, ""source"": ""catalog_metadata"", ""token_coverage"": 0.0}, ""title"": {""current_exact"": true, ""evidence_token_count"": 1, ""matched_token_count"": 1, ""matched_tokens"": [""cotton""], ""nfkc_casefold_punctuation_exact"": true, ""source"": ""catalog_metadata"", ""token_coverage"": 1.0}}}, {""evidence"": ""100% Cotton"", ""fields"": {""categories"": {""current_exact"": false, ""evidence_token_count"": 2, ""matched_token_count"": 0, ""matched_tokens"": [], ""nfkc_casefold_punctuation_exact"": false, ""source"": ""catalog_metadata"", ""token_coverage"": 0.0}, ""description"": {""current_exact"": false, ""evidence_token_count"": 2, ""matched_token_count"": 0, ""matched_tokens"": [], ""nfkc_casefold_punctuation_exact"": false, ""source"": ""catalog_metadata"", ""token_coverage"": 0.0}, ""details"": {""current_exact"": false, ""evidence_token_count"": 2, ""matched_token_count"": 0, ""matched_tokens"": [], ""nfkc_casefold_punctuation_exact"": false, ""source"": ""catalog_metadata"", ""token_coverage"": 0.0}, ""features"": {""current_exact"": true, ""evidence_token_count"": 2, ""matched_token_count"": 2, ""matched_tokens"": [""100"", ""cotton""], ""nfkc_casefold_punctuation_exact"": true, ""source"": ""catalog_metadata"", ""token_coverage"": 1.0}, ""price"": {""current_exact"": false, ""evidence_token_count"": 2, ""matched_token_count"": 0, ""matched_tokens"": [], ""nfkc_casefold_punctuation_exact"": false, ""source"": ""synthetic_price"", ""token_coverage"": 0.0}, ""store"": {""current_exact"": false, ""evidence_token_count"": 2, ""matched_token_count"": 0, ""matched_tokens"": [], ""nfkc_casefold_punctuation_exact"": false, ""source"": ""catalog_metadata"", ""token_coverage"": 0.0}, ""title"": {""current_exact"": false, ""evidence_token_count"": 2, ""matched_token_count"": 1, ""matched_tokens"": [""cotton""], ""nfkc_casefold_punctuation_exact"": false, ""source"": ""catalog_metadata"", ""token_coverage"": 0.5}}}, {""evidence"": ""Pull On closure"", ""fields"": {""categories"": {""current_exact"": false, ""evidence_token_count"": 2, ""matched_token_count"": 0, ""matched_tokens"": [], ""nfkc_casefold_punctuation_exact"": false, ""source"": ""catalog_metadata"", ""token_coverage"": 0.0}, ""description"": {""current_exact"": false, ""evidence_token_count"": 2, ""matched_token_count"": 0, ""matched_tokens"": [], ""nfkc_casefold_punctuation_exact"": false, ""source"": ""catalog_metadata"", ""token_coverage"": 0.0}, ""details"": {""current_exact"": false, ""evidence_token_count"": 2, ""matched_token_count"": 0, ""matched_tokens"": [], ""nfkc_casefold_punctuation_exact"": false, ""source"": ""catalog_metadata"", ""token_coverage"": 0.0}, ""features"": {""current_exact"": true, ""evidence_token_count"": 2, ""matched_token_count"": 2, ""matched_tokens"": [""closure"", ""pull""], ""nfkc_casefold_punctuation_exact"": true, ""source"": ""catalog_metadata"", ""token_coverage"": 1.0}, ""price"": {""current_exact"": false, ""evidence_token_count"": 2, ""matched_token_count"": 0, ""matched_tokens"": [], ""nfkc_casefold_punctuation_exact"": false, ""source"": ""synthetic_price"", ""token_coverage"": 0.0}, ""store"": {""current_exact"": false, ""evidence_token_count"": 2, ""matched_token_count"": 0, ""matched_tokens"": [], ""nfkc_casefold_punctuation_exact"": false, ""source"": ""catalog_metadata"", ""token_coverage"": 0.0}, ""title"": {""current_exact"": false, ""evidence_token_count"": 2, ""matched_token_count"": 0, ""matched_tokens"": [], ""nfkc_casefold_punctuation_exact"": false, ""source"": ""catalog_metadata"", ""token_coverage"": 0.0}}}, {""evidence"": ""Machine Wash"", ""fields"": {""categories"": {""current_exact"": false, ""evidence_token_count"": 2, ""matched_token_count"": 0, ""matched_tokens"": [], ""nfkc_casefold_punctuation_exact"": false, ""source"": ""catalog_metadata"", ""token_coverage"": 0.0}, ""description"": {""current_exact"": false, ""evidence_token_count"": 2, ""matched_token_count"": 0, ""matched_tokens"": [], ""nfkc_casefold_punctuation_exact"": false, ""source"": ""catalog_metadata"", ""token_coverage"": 0.0}, ""details"": {""current_exact"": false, ""evidence_token_count"": 2, ""matched_token_count"": 0, ""matched_tokens"": [], ""nfkc_casefold_punctuation_exact"": false, ""source"": ""catalog_metadata"", ""token_coverage"": 0.0}, ""features"": {""current_exact"": true, ""evidence_token_count"": 2, ""matched_token_count"": 2, ""matched_tokens"": [""machine"", ""wash""], ""nfkc_casefold_punctuation_exact"": true, ""source"": ""catalog_metadata"", ""token_coverage"": 1.0}, ""price"": {""current_exact"": false, ""evidence_token_count"": 2, ""matched_token_count"": 0, ""matched_tokens"": [], ""nfkc_casefold_punctuation_exact"": false, ""source"": ""synthetic_price"", ""token_coverage"": 0.0}, ""store"": {""current_exact"": false, ""evidence_token_count"": 2, ""matched_token_count"": 0, ""matched_tokens"": [], ""nfkc_casefold_punctuation_exact"": false, ""source"": ""catalog_metadata"", ""token_coverage"": 0.0}, ""title"": {""current_exact"": false, ""evidence_token_count"": 2, ""matched_token_count"": 0, ""matched_tokens"": [], ""nfkc_casefold_punctuation_exact"": false, ""source"": ""catalog_metadata"", ""token_coverage"": 0.0}}}]",5,10,5,"[""ambiguous_exact_evidence"", ""ranking_failure"", ""cross_field_partial_match""]",False,[],[],weak_success,"{""exact_dense_rrf"": {""best_rank"": null, ""first_hit_turn"": null, ""hit"": false}, ""exact_field_aware_bm25_rrf"": {""best_rank"": null, ""first_hit_turn"": null, ""hit"": false}, ""exact_generic_field_dense_rrf"": {""best_rank"": null, ""first_hit_turn"": null, ""hit"": false}, ""exact_only"": {""best_rank"": 10, ""first_hit_turn"": 3, ""hit"": true}, ""exact_stateful_bm25_rrf"": {""best_rank"": 10, ""first_hit_turn"": 2, ""hit"": true}}","{""exact_dense_rrf"": -1, ""exact_field_aware_bm25_rrf"": -1, ""exact_generic_field_dense_rrf"": -1, ""exact_only"": 0, ""exact_stateful_bm25_rrf"": 6}",[],3,[],"[""cotton"", ""100% Cotton"", ""Pull On closure"", ""Machine Wash""]",14,14,True,"[""highest_exact_match_tier_exceeds_top_10""]",browsing,B0BSS36XCS,[],Underwear Undershirts,public_0081,calibration,[],"{""exact_only"": {""best_rank"": 10, ""first_hit_turn"": 3, ""hit"": true}, ""exact_stateful_xtr_warp_rrf"": {""best_rank"": 10, ""first_hit_turn"": 3, ""hit"": true}, ""experiment_07_exact_stateful_bm25_rrf"": {""best_rank"": 10, ""first_hit_turn"": 2, ""hit"": true}}",False,False
"[""cotton""]","{""average_prior_rating"": 5.0, ""preference_tags"": [""comfort"", ""fit"", ""durability"", ""style""], ""purchase_frequency"": ""3-4 prior purchases"", ""rating_style"": ""usually positive"", ""summary"": ""Prior purchases emphasize comfort, fit, durability, style; ratings are usually positive.""}",1,False,"{""bm25"": 7, ""dense"": 9, ""exact"": 6, ""field_aware"": null}","[""cotton""]",6,False,True,False,"[{""evidence"": ""cotton"", ""fields"": {""categories"": {""current_exact"": false, ""evidence_token_count"": 1, ""matched_token_count"": 0, ""matched_tokens"": [], ""nfkc_casefold_punctuation_exact"": false, ""source"": ""catalog_metadata"", ""token_coverage"": 0.0}, ""description"": {""current_exact"": false, ""evidence_token_count"": 1, ""matched_token_count"": 0, ""matched_tokens"": [], ""nfkc_casefold_punctuation_exact"": false, ""source"": ""catalog_metadata"", ""token_coverage"": 0.0}, ""details"": {""current_exact"": false, ""evidence_token_count"": 1, ""matched_token_count"": 0, ""matched_tokens"": [], ""nfkc_casefold_punctuation_exact"": false, ""source"": ""catalog_metadata"", ""token_coverage"": 0.0}, ""features"": {""current_exact"": true, ""evidence_token_count"": 1, ""matched_token_count"": 1, ""matched_tokens"": [""cotton""], ""nfkc_casefold_punctuation_exact"": true, ""source"": ""catalog_metadata"", ""token_coverage"": 1.0}, ""price"": {""current_exact"": false, ""evidence_token_count"": 1, ""matched_token_count"": 0, ""matched_tokens"": [], ""nfkc_casefold_punctuation_exact"": false, ""source"": ""synthetic_price"", ""token_coverage"": 0.0}, ""store"": {""current_exact"": false, ""evidence_token_count"": 1, ""matched_token_count"": 0, ""matched_tokens"": [], ""nfkc_casefold_punctuation_exact"": false, ""source"": ""catalog_metadata"", ""token_coverage"": 0.0}, ""title"": {""current_exact"": true, ""evidence_token_count"": 1, ""matched_token_count"": 1, ""matched_tokens"": [""cotton""], ""nfkc_casefold_punctuation_exact"": true, ""source"": ""catalog_metadata"", ""token_coverage"": 1.0}}}]",2,6,2,"[""ambiguous_exact_evidence"", ""ranking_failure"", ""cross_field_partial_match""]",False,[],[],weak_success,"{""exact_dense_rrf"": {""best_rank"": 5, ""first_hit_turn"": 1, ""hit"": true}, ""exact_field_aware_bm25_rrf"": {""best_rank"": 8, ""first_hit_turn"": 1, ""hit"": true}, ""exact_generic_field_dense_rrf"": {""best_rank"": 3, ""first_hit_turn"": 1, ""hit"": true}, ""exact_only"": {""best_rank"": 6, ""first_hit_turn"": 1, ""hit"": true}, ""exact_stateful_bm25_rrf"": {""best_rank"": 5, ""first_hit_turn"": 1, ""hit"": true}}","{""exact_dense_rrf"": 1, ""exact_field_aware_bm25_rrf"": -2, ""exact_generic_field_dense_rrf"": 3, ""exact_only"": 0, ""exact_stateful_bm25_rrf"": 1}",[],1,[],"[""cotton""]",15,15,True,"[""highest_exact_match_tier_exceeds_top_10""]",buying,B07Z6J5N6Y,"[""95% Cotton, 5% Spandex"", ""Imported"", ""Machine Wash""]",Panties Bikinis,public_0088,evaluation,[],"{""exact_only"": {""best_rank"": 6, ""first_hit_turn"": 1, ""hit"": true}, ""exact_stateful_xtr_warp_rrf"": {""best_rank"": 8, ""first_hit_turn"": 1, ""hit"": true}, ""experiment_07_exact_stateful_bm25_rrf"": {""best_rank"": 5, ""first_hit_turn"": 1, ""hit"": true}}",False,False
"[""polyester"", ""95% Polyester, 5% Spandex""]","{""average_prior_rating"": 5.0, ""preference_tags"": [""comfort"", ""material"", ""fit"", ""performance""], ""purchase_frequency"": ""3-4 prior purchases"", ""rating_style"": ""usually positive"", ""summary"": ""Prior purchases emphasize comfort, material, fit, performance; ratings are usually positive.""}",6,False,"{""bm25"": null, ""dense"": null, ""exact"": 7, ""field_aware"": null}","[""polyester"", ""95% Polyester, 5% Spandex""]",7,False,True,False,"[{""evidence"": ""Pull On closure"", ""fields"": {""categories"": {""current_exact"": false, ""evidence_token_count"": 2, ""matched_token_count"": 0, ""matched_tokens"": [], ""nfkc_casefold_punctuation_exact"": false, ""source"": ""catalog_metadata"", ""token_coverage"": 0.0}, ""description"": {""current_exact"": false, ""evidence_token_count"": 2, ""matched_token_count"": 0, ""matched_tokens"": [], ""nfkc_casefold_punctuation_exact"": false, ""source"": ""catalog_metadata"", ""token_coverage"": 0.0}, ""details"": {""current_exact"": false, ""evidence_token_count"": 2, ""matched_token_count"": 0, ""matched_tokens"": [], ""nfkc_casefold_punctuation_exact"": false, ""source"": ""catalog_metadata"", ""token_coverage"": 0.0}, ""features"": {""current_exact"": true, ""evidence_token_count"": 2, ""matched_token_count"": 2, ""matched_tokens"": [""closure"", ""pull""], ""nfkc_casefold_punctuation_exact"": true, ""source"": ""catalog_metadata"", ""token_coverage"": 1.0}, ""price"": {""current_exact"": false, ""evidence_token_count"": 2, ""matched_token_count"": 0, ""matched_tokens"": [], ""nfkc_casefold_punctuation_exact"": false, ""source"": ""synthetic_price"", ""token_coverage"": 0.0}, ""store"": {""current_exact"": false, ""evidence_token_count"": 2, ""matched_token_count"": 0, ""matched_tokens"": [], ""nfkc_casefold_punctuation_exact"": false, ""source"": ""catalog_metadata"", ""token_coverage"": 0.0}, ""title"": {""current_exact"": false, ""evidence_token_count"": 2, ""matched_token_count"": 0, ""matched_tokens"": [], ""nfkc_casefold_punctuation_exact"": false, ""source"": ""catalog_metadata"", ""token_coverage"": 0.0}}}, {""evidence"": ""polyester"", ""fields"": {""categories"": {""current_exact"": false, ""evidence_token_count"": 1, ""matched_token_count"": 0, ""matched_tokens"": [], ""nfkc_casefold_punctuation_exact"": false, ""source"": ""catalog_metadata"", ""token_coverage"": 0.0}, ""description"": {""current_exact"": false, ""evidence_token_count"": 1, ""matched_token_count"": 0, ""matched_tokens"": [], ""nfkc_casefold_punctuation_exact"": false, ""source"": ""catalog_metadata"", ""token_coverage"": 0.0}, ""details"": {""current_exact"": false, ""evidence_token_count"": 1, ""matched_token_count"": 0, ""matched_tokens"": [], ""nfkc_casefold_punctuation_exact"": false, ""source"": ""catalog_metadata"", ""token_coverage"": 0.0}, ""features"": {""current_exact"": true, ""evidence_token_count"": 1, ""matched_token_count"": 1, ""matched_tokens"": [""polyester""], ""nfkc_casefold_punctuation_exact"": true, ""source"": ""catalog_metadata"", ""token_coverage"": 1.0}, ""price"": {""current_exact"": false, ""evidence_token_count"": 1, ""matched_token_count"": 0, ""matched_tokens"": [], ""nfkc_casefold_punctuation_exact"": false, ""source"": ""synthetic_price"", ""token_coverage"": 0.0}, ""store"": {""current_exact"": false, ""evidence_token_count"": 1, ""matched_token_count"": 0, ""matched_tokens"": [], ""nfkc_casefold_punctuation_exact"": false, ""source"": ""catalog_metadata"", ""token_coverage"": 0.0}, ""title"": {""current_exact"": false, ""evidence_token_count"": 1, ""matched_token_count"": 0, ""matched_tokens"": [], ""nfkc_casefold_punctuation_exact"": false, ""source"": ""catalog_metadata"", ""token_coverage"": 0.0}}}, {""evidence"": ""95% Polyester, 5% Spandex"", ""fields"": {""categories"": {""current_exact"": false, ""evidence_token_count"": 3, ""matched_token_count"": 0, ""matched_tokens"": [], ""nfkc_casefold_punctuation_exact"": false, ""source"": ""catalog_metadata"", ""token_coverage"": 0.0}, ""description"": {""current_exact"": false, ""evidence_token_count"": 3, ""matched_token_count"": 0, ""matched_tokens"": [], ""nfkc_casefold_punctuation_exact"": false, ""source"": ""catalog_metadata"", ""token_coverage"": 0.0}, ""details"": {""current_exact"": false, ""evidence_token_count"": 3, ""matched_token_count"": 0, ""matched_tokens"": [], ""nfkc_casefold_punctuation_exact"": false, ""source"": ""catalog_metadata"", ""token_coverage"": 0.0}, ""features"": {""current_exact"": true, ""evidence_token_count"": 3, ""matched_token_count"": 3, ""matched_tokens"": [""95"", ""polyester"", ""spandex""], ""nfkc_casefold_punctuation_exact"": true, ""source"": ""catalog_metadata"", ""token_coverage"": 1.0}, ""price"": {""current_exact"": false, ""evidence_token_count"": 3, ""matched_token_count"": 0, ""matched_tokens"": [], ""nfkc_casefold_punctuation_exact"": false, ""source"": ""synthetic_price"", ""token_coverage"": 0.0}, ""store"": {""current_exact"": false, ""evidence_token_count"": 3, ""matched_token_count"": 0, ""matched_tokens"": [], ""nfkc_casefold_punctuation_exact"": false, ""source"": ""catalog_metadata"", ""token_coverage"": 0.0}, ""title"": {""current_exact"": false, ""evidence_token_count"": 3, ""matched_token_count"": 0, ""matched_tokens"": [], ""nfkc_casefold_punctuation_exact"": false, ""source"": ""catalog_metadata"", ""token_coverage"": 0.0}}}]",3,7,3,"[""ambiguous_exact_evidence"", ""ranking_failure"", ""cross_field_partial_match""]",False,[],[],weak_success,"{""exact_dense_rrf"": {""best_rank"": 5, ""first_hit_turn"": 4, ""hit"": true}, ""exact_field_aware_bm25_rrf"": {""best_rank"": 5, ""first_hit_turn"": 4, ""hit"": true}, ""exact_generic_field_dense_rrf"": {""best_rank"": 5, ""first_hit_turn"": 4, ""hit"": true}, ""exact_only"": {""best_rank"": 7, ""first_hit_turn"": 3, ""hit"": true}, ""exact_stateful_bm25_rrf"": {""best_rank"": 5, ""first_hit_turn"": 4, ""hit"": true}}","{""exact_dense_rrf"": -4, ""exact_field_aware_bm25_rrf"": -4, ""exact_generic_field_dense_rrf"": -4, ""exact_only"": 0, ""exact_stateful_bm25_rrf"": -4}",[],3,[],"[""Pull On closure"", ""polyester"", ""95% Polyester, 5% Spandex""]",21,21,True,"[""highest_exact_match_tier_exceeds_top_10""]",intent_override,B074K2QX3M,"[""Imported""]",Tees & Blouses T-Shirts,public_0096,evaluation,"[""Pull On closure""]","{""exact_only"": {""best_rank"": 7, ""first_hit_turn"": 3, ""hit"": true}, ""exact_stateful_xtr_warp_rrf"": {""best_rank"": 2, ""first_hit_turn"": 3, ""hit"": true}, ""experiment_07_exact_stateful_bm25_rrf"": {""best_rank"": 5, ""first_hit_turn"": 4, ""hit"": true}}",False,False
[],"{""average_prior_rating"": 5.0, ""preference_tags"": [""fit"", ""comfort"", ""style""], ""purchase_frequency"": ""3-4 prior purchases"", ""rating_style"": ""usually positive"", ""summary"": ""Prior purchases emphasize fit, comfort, style; ratings are usually positive.""}",1,False,"{""bm25"": null, ""dense"": null, ""exact"": 9, ""field_aware"": null}",[],9,False,False,False,[],1,9,1,"[""ambiguous_exact_evidence"", ""ranking_failure""]",False,[],[],weak_success,"{""exact_dense_rrf"": {""best_rank"": 1, ""first_hit_turn"": 2, ""hit"": true}, ""exact_field_aware_bm25_rrf"": {""best_rank"": 1, ""first_hit_turn"": 2, ""hit"": true}, ""exact_generic_field_dense_rrf"": {""best_rank"": 1, ""first_hit_turn"": 2, ""hit"": true}, ""exact_only"": {""best_rank"": 9, ""first_hit_turn"": 1, ""hit"": true}, ""exact_stateful_bm25_rrf"": {""best_rank"": 1, ""first_hit_turn"": 2, ""hit"": true}}","{""exact_dense_rrf"": -2, ""exact_field_aware_bm25_rrf"": -2, ""exact_generic_field_dense_rrf"": -2, ""exact_only"": 0, ""exact_stateful_bm25_rrf"": -2}",[],1,[],[],276,276,True,"[""no_active_constraint"", ""highest_exact_match_tier_exceeds_top_10""]",browsing,B0C277G9FW,"[""wool"", ""35% wool, 29% cotton, 36% polyester"", ""Machine Wash,Hand Wash"", ""Material: Womens winter warm socks made of 35% wool, 29% cotton, 36% polyester. These cabin socks are super soft, breathable and wearable. Elegant, classic wool socks hosiery, colo""]",Active Athletic Socks,public_0110,evaluation,[],"{""exact_only"": {""best_rank"": 9, ""first_hit_turn"": 1, ""hit"": true}, ""exact_stateful_xtr_warp_rrf"": {""best_rank"": 1, ""first_hit_turn"": 2, ""hit"": true}, ""experiment_07_exact_stateful_bm25_rrf"": {""best_rank"": 1, ""first_hit_turn"": 2, ""hit"": true}}",False,False
"[""leather"", ""Leather sole""]","{""average_prior_rating"": 4.0, ""preference_tags"": [""warmth"", ""weather"", ""comfort"", ""performance""], ""purchase_frequency"": ""3-4 prior purchases"", ""rating_style"": ""mixed"", ""summary"": ""Prior purchases emphasize warmth, weather, comfort, performance; ratings are mixed.""}",1,False,"{""bm25"": null, ""dense"": null, ""exact"": 6, ""field_aware"": null}","[""leather"", ""Leather sole""]",6,False,True,False,"[{""evidence"": ""leather"", ""fields"": {""categories"": {""current_exact"": false, ""evidence_token_count"": 1, ""matched_token_count"": 0, ""matched_tokens"": [], ""nfkc_casefold_punctuation_exact"": false, ""source"": ""catalog_metadata"", ""token_coverage"": 0.0}, ""description"": {""current_exact"": false, ""evidence_token_count"": 1, ""matched_token_count"": 0, ""matched_tokens"": [], ""nfkc_casefold_punctuation_exact"": false, ""source"": ""catalog_metadata"", ""token_coverage"": 0.0}, ""details"": {""current_exact"": false, ""evidence_token_count"": 1, ""matched_token_count"": 0, ""matched_tokens"": [], ""nfkc_casefold_punctuation_exact"": false, ""source"": ""catalog_metadata"", ""token_coverage"": 0.0}, ""features"": {""current_exact"": true, ""evidence_token_count"": 1, ""matched_token_count"": 1, ""matched_tokens"": [""leather""], ""nfkc_casefold_punctuation_exact"": true, ""source"": ""catalog_metadata"", ""token_coverage"": 1.0}, ""price"": {""current_exact"": false, ""evidence_token_count"": 1, ""matched_token_count"": 0, ""matched_tokens"": [], ""nfkc_casefold_punctuation_exact"": false, ""source"": ""synthetic_price"", ""token_coverage"": 0.0}, ""store"": {""current_exact"": false, ""evidence_token_count"": 1, ""matched_token_count"": 0, ""matched_tokens"": [], ""nfkc_casefold_punctuation_exact"": false, ""source"": ""catalog_metadata"", ""token_coverage"": 0.0}, ""title"": {""current_exact"": false, ""evidence_token_count"": 1, ""matched_token_count"": 0, ""matched_tokens"": [], ""nfkc_casefold_punctuation_exact"": false, ""source"": ""catalog_metadata"", ""token_coverage"": 0.0}}}, {""evidence"": ""Leather sole"", ""fields"": {""categories"": {""current_exact"": false, ""evidence_token_count"": 2, ""matched_token_count"": 0, ""matched_tokens"": [], ""nfkc_casefold_punctuation_exact"": false, ""source"": ""catalog_metadata"", ""token_coverage"": 0.0}, ""description"": {""current_exact"": false, ""evidence_token_count"": 2, ""matched_token_count"": 0, ""matched_tokens"": [], ""nfkc_casefold_punctuation_exact"": false, ""source"": ""catalog_metadata"", ""token_coverage"": 0.0}, ""details"": {""current_exact"": false, ""evidence_token_count"": 2, ""matched_token_count"": 0, ""matched_tokens"": [], ""nfkc_casefold_punctuation_exact"": false, ""source"": ""catalog_metadata"", ""token_coverage"": 0.0}, ""features"": {""current_exact"": true, ""evidence_token_count"": 2, ""matched_token_count"": 2, ""matched_tokens"": [""leather"", ""sole""], ""nfkc_casefold_punctuation_exact"": true, ""source"": ""catalog_metadata"", ""token_coverage"": 1.0}, ""price"": {""current_exact"": false, ""evidence_token_count"": 2, ""matched_token_count"": 0, ""matched_tokens"": [], ""nfkc_casefold_punctuation_exact"": false, ""source"": ""synthetic_price"", ""token_coverage"": 0.0}, ""store"": {""current_exact"": false, ""evidence_token_count"": 2, ""matched_token_count"": 0, ""matched_tokens"": [], ""nfkc_casefold_punctuation_exact"": false, ""source"": ""catalog_metadata"", ""token_coverage"": 0.0}, ""title"": {""current_exact"": false, ""evidence_token_count"": 2, ""matched_token_count"": 0, ""matched_tokens"": [], ""nfkc_casefold_punctuation_exact"": false, ""source"": ""catalog_metadata"", ""token_coverage"": 0.0}}}]",3,6,3,"[""ranking_failure"", ""cross_field_partial_match""]",False,[],[],weak_success,"{""exact_dense_rrf"": {""best_rank"": 6, ""first_hit_turn"": 3, ""hit"": true}, ""exact_field_aware_bm25_rrf"": {""best_rank"": 6, ""first_hit_turn"": 3, ""hit"": true}, ""exact_generic_field_dense_rrf"": {""best_rank"": 6, ""first_hit_turn"": 3, ""hit"": true}, ""exact_only"": {""best_rank"": 6, ""first_hit_turn"": 3, ""hit"": true}, ""exact_stateful_bm25_rrf"": {""best_rank"": 6, ""first_hit_turn"": 3, ""hit"": true}}","{""exact_dense_rrf"": 0, ""exact_field_aware_bm25_rrf"": 0, ""exact_generic_field_dense_rrf"": 0, ""exact_only"": 0, ""exact_stateful_bm25_rrf"": 0}",[],3,[],"[""leather"", ""Leather sole""]",6,6,False,[],boundary,B086ZNJY8K,"[""A Lightweight Sneaker, Which Is Suitable For Running, Sports, Hiking, Walking, Tourism And Climbing"", ""Slip-on For Easy On And Off""]",Athletic Walking,public_0112,evaluation,[],"{""exact_only"": {""best_rank"": 6, ""first_hit_turn"": 3, ""hit"": true}, ""exact_stateful_xtr_warp_rrf"": {""best_rank"": 6, ""first_hit_turn"": 3, ""hit"": true}, ""experiment_07_exact_stateful_bm25_rrf"": {""best_rank"": 6, ""first_hit_turn"": 3, ""hit"": true}}",False,False
"[""rayon"", ""95% Rayon, 5% Spandex""]","{""average_prior_rating"": 5.0, ""preference_tags"": [""comfort"", ""fit"", ""durability"", ""style""], ""purchase_frequency"": ""3-4 prior purchases"", ""rating_style"": ""usually positive"", ""summary"": ""Prior purchases emphasize comfort, fit, durability, style; ratings are usually positive.""}",2,False,"{""bm25"": null, ""dense"": 3, ""exact"": 6, ""field_aware"": null}","[""rayon"", ""95% Rayon, 5% Spandex""]",6,False,True,False,"[{""evidence"": ""rayon"", ""fields"": {""categories"": {""current_exact"": false, ""evidence_token_count"": 1, ""matched_token_count"": 0, ""matched_tokens"": [], ""nfkc_casefold_punctuation_exact"": false, ""source"": ""catalog_metadata"", ""token_coverage"": 0.0}, ""description"": {""current_exact"": false, ""evidence_token_count"": 1, ""matched_token_count"": 0, ""matched_tokens"": [], ""nfkc_casefold_punctuation_exact"": false, ""source"": ""catalog_metadata"", ""token_coverage"": 0.0}, ""details"": {""current_exact"": false, ""evidence_token_count"": 1, ""matched_token_count"": 0, ""matched_tokens"": [], ""nfkc_casefold_punctuation_exact"": false, ""source"": ""catalog_metadata"", ""token_coverage"": 0.0}, ""features"": {""current_exact"": true, ""evidence_token_count"": 1, ""matched_token_count"": 1, ""matched_tokens"": [""rayon""], ""nfkc_casefold_punctuation_exact"": true, ""source"": ""catalog_metadata"", ""token_coverage"": 1.0}, ""price"": {""current_exact"": false, ""evidence_token_count"": 1, ""matched_token_count"": 0, ""matched_tokens"": [], ""nfkc_casefold_punctuation_exact"": false, ""source"": ""synthetic_price"", ""token_coverage"": 0.0}, ""store"": {""current_exact"": false, ""evidence_token_count"": 1, ""matched_token_count"": 0, ""matched_tokens"": [], ""nfkc_casefold_punctuation_exact"": false, ""source"": ""catalog_metadata"", ""token_coverage"": 0.0}, ""title"": {""current_exact"": false, ""evidence_token_count"": 1, ""matched_token_count"": 0, ""matched_tokens"": [], ""nfkc_casefold_punctuation_exact"": false, ""source"": ""catalog_metadata"", ""token_coverage"": 0.0}}}, {""evidence"": ""95% Rayon, 5% Spandex"", ""fields"": {""categories"": {""current_exact"": false, ""evidence_token_count"": 3, ""matched_token_count"": 0, ""matched_tokens"": [], ""nfkc_casefold_punctuation_exact"": false, ""source"": ""catalog_metadata"", ""token_coverage"": 0.0}, ""description"": {""current_exact"": false, ""evidence_token_count"": 3, ""matched_token_count"": 0, ""matched_tokens"": [], ""nfkc_casefold_punctuation_exact"": false, ""source"": ""catalog_metadata"", ""token_coverage"": 0.0}, ""details"": {""current_exact"": false, ""evidence_token_count"": 3, ""matched_token_count"": 0, ""matched_tokens"": [], ""nfkc_casefold_punctuation_exact"": false, ""source"": ""catalog_metadata"", ""token_coverage"": 0.0}, ""features"": {""current_exact"": true, ""evidence_token_count"": 3, ""matched_token_count"": 3, ""matched_tokens"": [""95"", ""rayon"", ""spandex""], ""nfkc_casefold_punctuation_exact"": true, ""source"": ""catalog_metadata"", ""token_coverage"": 1.0}, ""price"": {""current_exact"": false, ""evidence_token_count"": 3, ""matched_token_count"": 0, ""matched_tokens"": [], ""nfkc_casefold_punctuation_exact"": false, ""source"": ""synthetic_price"", ""token_coverage"": 0.0}, ""store"": {""current_exact"": false, ""evidence_token_count"": 3, ""matched_token_count"": 0, ""matched_tokens"": [], ""nfkc_casefold_punctuation_exact"": false, ""source"": ""catalog_metadata"", ""token_coverage"": 0.0}, ""title"": {""current_exact"": false, ""evidence_token_count"": 3, ""matched_token_count"": 0, ""matched_tokens"": [], ""nfkc_casefold_punctuation_exact"": false, ""source"": ""catalog_metadata"", ""token_coverage"": 0.0}}}]",3,6,3,"[""ambiguous_exact_evidence"", ""ranking_failure"", ""cross_field_partial_match""]",False,[],[],weak_success,"{""exact_dense_rrf"": {""best_rank"": 5, ""first_hit_turn"": 2, ""hit"": true}, ""exact_field_aware_bm25_rrf"": {""best_rank"": 2, ""first_hit_turn"": 3, ""hit"": true}, ""exact_generic_field_dense_rrf"": {""best_rank"": 2, ""first_hit_turn"": 3, ""hit"": true}, ""exact_only"": {""best_rank"": 6, ""first_hit_turn"": 2, ""hit"": true}, ""exact_stateful_bm25_rrf"": {""best_rank"": 2, ""first_hit_turn"": 3, ""hit"": true}}","{""exact_dense_rrf"": 1, ""exact_field_aware_bm25_rrf"": -5, ""exact_generic_field_dense_rrf"": -5, ""exact_only"": 0, ""exact_stateful_bm25_rrf"": -5}",[],2,[],"[""rayon"", ""95% Rayon, 5% Spandex""]",17,17,True,"[""highest_exact_match_tier_exceeds_top_10""]",browsing,B08VWZBYPY,"[""Imported"", ""Machine Wash""]",Sleep & Lounge Nightgowns & Sleepshirts,public_0115,calibration,[],"{""exact_only"": {""best_rank"": 6, ""first_hit_turn"": 2, ""hit"": true}, ""exact_stateful_xtr_warp_rrf"": {""best_rank"": 7, ""first_hit_turn"": 2, ""hit"": true}, ""experiment_07_exact_stateful_bm25_rrf"": {""best_rank"": 2, ""first_hit_turn"": 3, ""hit"": true}}",False,False
"[""100% Canvas""]","{""average_prior_rating"": 5.0, ""preference_tags"": [""material"", ""comfort""], ""purchase_frequency"": ""3-4 prior purchases"", ""rating_style"": ""usually positive"", ""summary"": ""Prior purchases emphasize material, comfort; ratings are usually positive.""}",1,False,"{""bm25"": null, ""dense"": null, ""exact"": 10, ""field_aware"": null}","[""100% Canvas""]",10,False,True,False,"[{""evidence"": ""100% Canvas"", ""fields"": {""categories"": {""current_exact"": false, ""evidence_token_count"": 2, ""matched_token_count"": 0, ""matched_tokens"": [], ""nfkc_casefold_punctuation_exact"": false, ""source"": ""catalog_metadata"", ""token_coverage"": 0.0}, ""description"": {""current_exact"": false, ""evidence_token_count"": 2, ""matched_token_count"": 1, ""matched_tokens"": [""canvas""], ""nfkc_casefold_punctuation_exact"": false, ""source"": ""catalog_metadata"", ""token_coverage"": 0.5}, ""details"": {""current_exact"": false, ""evidence_token_count"": 2, ""matched_token_count"": 0, ""matched_tokens"": [], ""nfkc_casefold_punctuation_exact"": false, ""source"": ""catalog_metadata"", ""token_coverage"": 0.0}, ""features"": {""current_exact"": true, ""evidence_token_count"": 2, ""matched_token_count"": 2, ""matched_tokens"": [""100"", ""canvas""], ""nfkc_casefold_punctuation_exact"": true, ""source"": ""catalog_metadata"", ""token_coverage"": 1.0}, ""price"": {""current_exact"": false, ""evidence_token_count"": 2, ""matched_token_count"": 0, ""matched_tokens"": [], ""nfkc_casefold_punctuation_exact"": false, ""source"": ""synthetic_price"", ""token_coverage"": 0.0}, ""store"": {""current_exact"": false, ""evidence_token_count"": 2, ""matched_token_count"": 0, ""matched_tokens"": [], ""nfkc_casefold_punctuation_exact"": false, ""source"": ""catalog_metadata"", ""token_coverage"": 0.0}, ""title"": {""current_exact"": false, ""evidence_token_count"": 2, ""matched_token_count"": 0, ""matched_tokens"": [], ""nfkc_casefold_punctuation_exact"": false, ""source"": ""catalog_metadata"", ""token_coverage"": 0.0}}}]",2,10,2,"[""ambiguous_exact_evidence"", ""ranking_failure"", ""cross_field_partial_match""]",False,[],[],weak_success,"{""exact_dense_rrf"": {""best_rank"": 1, ""first_hit_turn"": 2, ""hit"": true}, ""exact_field_aware_bm25_rrf"": {""best_rank"": 1, ""first_hit_turn"": 2, ""hit"": true}, ""exact_generic_field_dense_rrf"": {""best_rank"": 1, ""first_hit_turn"": 2, ""hit"": true}, ""exact_only"": {""best_rank"": 10, ""first_hit_turn"": 1, ""hit"": true}, ""exact_stateful_bm25_rrf"": {""best_rank"": 10, ""first_hit_turn"": 1, ""hit"": true}}","{""exact_dense_rrf"": -1, ""exact_field_aware_bm25_rrf"": -1, ""exact_generic_field_dense_rrf"": -1, ""exact_only"": 0, ""exact_stateful_bm25_rrf"": 0}",[],1,[],"[""100% Canvas""]",22,22,True,"[""highest_exact_match_tier_exceeds_top_10""]",buying,B07S2Y3THP,"[""Rubber sole"", ""Cushioned Insole for added comfort"", ""Canvas Upper""]",Shoes Fashion Sneakers,public_0116,calibration,[],"{""exact_only"": {""best_rank"": 10, ""first_hit_turn"": 1, ""hit"": true}, ""exact_stateful_xtr_warp_rrf"": {""best_rank"": 1, ""first_hit_turn"": 2, ""hit"": true}, ""experiment_07_exact_stateful_bm25_rrf"": {""best_rank"": 10, ""first_hit_turn"": 1, ""hit"": true}}",False,False
"[""Synthetic Rubber sole""]","{""average_prior_rating"": 5.0, ""preference_tags"": [""style"", ""comfort"", ""durability""], ""purchase_frequency"": ""3-4 prior purchases"", ""rating_style"": ""usually positive"", ""summary"": ""Prior purchases emphasize style, comfort, durability; ratings are usually positive.""}",1,False,"{""bm25"": null, ""dense"": null, ""exact"": 6, ""field_aware"": null}","[""Synthetic Rubber sole""]",6,False,True,False,"[{""evidence"": ""Synthetic Rubber sole"", ""fields"": {""categories"": {""current_exact"": false, ""evidence_token_count"": 3, ""matched_token_count"": 0, ""matched_tokens"": [], ""nfkc_casefold_punctuation_exact"": false, ""source"": ""catalog_metadata"", ""token_coverage"": 0.0}, ""description"": {""current_exact"": false, ""evidence_token_count"": 3, ""matched_token_count"": 0, ""matched_tokens"": [], ""nfkc_casefold_punctuation_exact"": false, ""source"": ""catalog_metadata"", ""token_coverage"": 0.0}, ""details"": {""current_exact"": false, ""evidence_token_count"": 3, ""matched_token_count"": 0, ""matched_tokens"": [], ""nfkc_casefold_punctuation_exact"": false, ""source"": ""catalog_metadata"", ""token_coverage"": 0.0}, ""features"": {""current_exact"": true, ""evidence_token_count"": 3, ""matched_token_count"": 3, ""matched_tokens"": [""rubber"", ""sole"", ""synthetic""], ""nfkc_casefold_punctuation_exact"": true, ""source"": ""catalog_metadata"", ""token_coverage"": 1.0}, ""price"": {""current_exact"": false, ""evidence_token_count"": 3, ""matched_token_count"": 0, ""matched_tokens"": [], ""nfkc_casefold_punctuation_exact"": false, ""source"": ""synthetic_price"", ""token_coverage"": 0.0}, ""store"": {""current_exact"": false, ""evidence_token_count"": 3, ""matched_token_count"": 0, ""matched_tokens"": [], ""nfkc_casefold_punctuation_exact"": false, ""source"": ""catalog_metadata"", ""token_coverage"": 0.0}, ""title"": {""current_exact"": false, ""evidence_token_count"": 3, ""matched_token_count"": 0, ""matched_tokens"": [], ""nfkc_casefold_punctuation_exact"": false, ""source"": ""catalog_metadata"", ""token_coverage"": 0.0}}}]",2,6,2,"[""ranking_failure"", ""cross_field_partial_match""]",False,[],[],weak_success,"{""exact_dense_rrf"": {""best_rank"": 6, ""first_hit_turn"": 1, ""hit"": true}, ""exact_field_aware_bm25_rrf"": {""best_rank"": 6, ""first_hit_turn"": 1, ""hit"": true}, ""exact_generic_field_dense_rrf"": {""best_rank"": 6, ""first_hit_turn"": 1, ""hit"": true}, ""exact_only"": {""best_rank"": 6, ""first_hit_turn"": 1, ""hit"": true}, ""exact_stateful_bm25_rrf"": {""best_rank"": 6, ""first_hit_turn"": 1, ""hit"": true}}","{""exact_dense_rrf"": 0, ""exact_field_aware_bm25_rrf"": 0, ""exact_generic_field_dense_rrf"": 0, ""exact_only"": 0, ""exact_stateful_bm25_rrf"": 0}",[],1,[],"[""Synthetic Rubber sole""]",8,8,False,[],buying,B07HJ18QRQ,"[""Mule-style slipper, adjustable strap with hook-and-loop closure, silvertone button detail"", ""Terrycloth-covered EVA midsole absorbs shock, helping reduce stress on feet, ankles, and knees"", ""Podiatrist-designed, biomechanical orthotic footbed with Orthaheel technology and a deep heel cup helps stabilize, support, and realign feet back to their natural position while we""]",Shoes Slippers,public_0117,evaluation,[],"{""exact_only"": {""best_rank"": 6, ""first_hit_turn"": 1, ""hit"": true}, ""exact_stateful_xtr_warp_rrf"": {""best_rank"": 6, ""first_hit_turn"": 1, ""hit"": true}, ""experiment_07_exact_stateful_bm25_rrf"": {""best_rank"": 6, ""first_hit_turn"": 1, ""hit"": true}}",False,False
"[""leather"", ""color: red"", ""Leather lining"", ""Snap closure""]","{""average_prior_rating"": 5.0, ""preference_tags"": [""comfort""], ""purchase_frequency"": ""3-4 prior purchases"", ""rating_style"": ""usually positive"", ""summary"": ""Prior purchases emphasize comfort; ratings are usually positive.""}",7,True,"{""bm25"": null, ""dense"": null, ""exact"": 7, ""field_aware"": null}","[""leather"", ""color: red"", ""Leather lining"", ""Snap closure""]",7,False,True,False,"[{""evidence"": ""leather"", ""fields"": {""categories"": {""current_exact"": false, ""evidence_token_count"": 1, ""matched_token_count"": 0, ""matched_tokens"": [], ""nfkc_casefold_punctuation_exact"": false, ""source"": ""catalog_metadata"", ""token_coverage"": 0.0}, ""description"": {""current_exact"": false, ""evidence_token_count"": 1, ""matched_token_count"": 0, ""matched_tokens"": [], ""nfkc_casefold_punctuation_exact"": false, ""source"": ""catalog_metadata"", ""token_coverage"": 0.0}, ""details"": {""current_exact"": true, ""evidence_token_count"": 1, ""matched_token_count"": 1, ""matched_tokens"": [""leather""], ""nfkc_casefold_punctuation_exact"": true, ""source"": ""catalog_metadata"", ""token_coverage"": 1.0}, ""features"": {""current_exact"": true, ""evidence_token_count"": 1, ""matched_token_count"": 1, ""matched_tokens"": [""leather""], ""nfkc_casefold_punctuation_exact"": true, ""source"": ""catalog_metadata"", ""token_coverage"": 1.0}, ""price"": {""current_exact"": false, ""evidence_token_count"": 1, ""matched_token_count"": 0, ""matched_tokens"": [], ""nfkc_casefold_punctuation_exact"": false, ""source"": ""synthetic_price"", ""token_coverage"": 0.0}, ""store"": {""current_exact"": false, ""evidence_token_count"": 1, ""matched_token_count"": 0, ""matched_tokens"": [], ""nfkc_casefold_punctuation_exact"": false, ""source"": ""catalog_metadata"", ""token_coverage"": 0.0}, ""title"": {""current_exact"": true, ""evidence_token_count"": 1, ""matched_token_count"": 1, ""matched_tokens"": [""leather""], ""nfkc_casefold_punctuation_exact"": true, ""source"": ""catalog_metadata"", ""token_coverage"": 1.0}}}, {""evidence"": ""color: red"", ""fields"": {""categories"": {""current_exact"": false, ""evidence_token_count"": 2, ""matched_token_count"": 0, ""matched_tokens"": [], ""nfkc_casefold_punctuation_exact"": false, ""source"": ""catalog_metadata"", ""token_coverage"": 0.0}, ""description"": {""current_exact"": false, ""evidence_token_count"": 2, ""matched_token_count"": 0, ""matched_tokens"": [], ""nfkc_casefold_punctuation_exact"": false, ""source"": ""catalog_metadata"", ""token_coverage"": 0.0}, ""details"": {""current_exact"": false, ""evidence_token_count"": 2, ""matched_token_count"": 2, ""matched_tokens"": [""color"", ""red""], ""nfkc_casefold_punctuation_exact"": false, ""source"": ""catalog_metadata"", ""token_coverage"": 1.0}, ""features"": {""current_exact"": false, ""evidence_token_count"": 2, ""matched_token_count"": 0, ""matched_tokens"": [], ""nfkc_casefold_punctuation_exact"": false, ""source"": ""catalog_metadata"", ""token_coverage"": 0.0}, ""price"": {""current_exact"": false, ""evidence_token_count"": 2, ""matched_token_count"": 0, ""matched_tokens"": [], ""nfkc_casefold_punctuation_exact"": false, ""source"": ""synthetic_price"", ""token_coverage"": 0.0}, ""store"": {""current_exact"": false, ""evidence_token_count"": 2, ""matched_token_count"": 0, ""matched_tokens"": [], ""nfkc_casefold_punctuation_exact"": false, ""source"": ""catalog_metadata"", ""token_coverage"": 0.0}, ""title"": {""current_exact"": false, ""evidence_token_count"": 2, ""matched_token_count"": 0, ""matched_tokens"": [], ""nfkc_casefold_punctuation_exact"": false, ""source"": ""catalog_metadata"", ""token_coverage"": 0.0}}}, {""evidence"": ""Leather lining"", ""fields"": {""categories"": {""current_exact"": false, ""evidence_token_count"": 2, ""matched_token_count"": 0, ""matched_tokens"": [], ""nfkc_casefold_punctuation_exact"": false, ""source"": ""catalog_metadata"", ""token_coverage"": 0.0}, ""description"": {""current_exact"": false, ""evidence_token_count"": 2, ""matched_token_count"": 0, ""matched_tokens"": [], ""nfkc_casefold_punctuation_exact"": false, ""source"": ""catalog_metadata"", ""token_coverage"": 0.0}, ""details"": {""current_exact"": false, ""evidence_token_count"": 2, ""matched_token_count"": 1, ""matched_tokens"": [""leather""], ""nfkc_casefold_punctuation_exact"": false, ""source"": ""catalog_metadata"", ""token_coverage"": 0.5}, ""features"": {""current_exact"": true, ""evidence_token_count"": 2, ""matched_token_count"": 2, ""matched_tokens"": [""leather"", ""lining""], ""nfkc_casefold_punctuation_exact"": true, ""source"": ""catalog_metadata"", ""token_coverage"": 1.0}, ""price"": {""current_exact"": false, ""evidence_token_count"": 2, ""matched_token_count"": 0, ""matched_tokens"": [], ""nfkc_casefold_punctuation_exact"": false, ""source"": ""synthetic_price"", ""token_coverage"": 0.0}, ""store"": {""current_exact"": false, ""evidence_token_count"": 2, ""matched_token_count"": 0, ""matched_tokens"": [], ""nfkc_casefold_punctuation_exact"": false, ""source"": ""catalog_metadata"", ""token_coverage"": 0.0}, ""title"": {""current_exact"": false, ""evidence_token_count"": 2, ""matched_token_count"": 1, ""matched_tokens"": [""leather""], ""nfkc_casefold_punctuation_exact"": false, ""source"": ""catalog_metadata"", ""token_coverage"": 0.5}}}, {""evidence"": ""Snap closure"", ""fields"": {""categories"": {""current_exact"": false, ""evidence_token_count"": 2, ""matched_token_count"": 0, ""matched_tokens"": [], ""nfkc_casefold_punctuation_exact"": false, ""source"": ""catalog_metadata"", ""token_coverage"": 0.0}, ""description"": {""current_exact"": false, ""evidence_token_count"": 2, ""matched_token_count"": 0, ""matched_tokens"": [], ""nfkc_casefold_punctuation_exact"": false, ""source"": ""catalog_metadata"", ""token_coverage"": 0.0}, ""details"": {""current_exact"": false, ""evidence_token_count"": 2, ""matched_token_count"": 0, ""matched_tokens"": [], ""nfkc_casefold_punctuation_exact"": false, ""source"": ""catalog_metadata"", ""token_coverage"": 0.0}, ""features"": {""current_exact"": true, ""evidence_token_count"": 2, ""matched_token_count"": 2, ""matched_tokens"": [""closure"", ""snap""], ""nfkc_casefold_punctuation_exact"": true, ""source"": ""catalog_metadata"", ""token_coverage"": 1.0}, ""price"": {""current_exact"": false, ""evidence_token_count"": 2, ""matched_token_count"": 0, ""matched_tokens"": [], ""nfkc_casefold_punctuation_exact"": false, ""source"": ""synthetic_price"", ""token_coverage"": 0.0}, ""store"": {""current_exact"": false, ""evidence_token_count"": 2, ""matched_token_count"": 0, ""matched_tokens"": [], ""nfkc_casefold_punctuation_exact"": false, ""source"": ""catalog_metadata"", ""token_coverage"": 0.0}, ""title"": {""current_exact"": false, ""evidence_token_count"": 2, ""matched_token_count"": 0, ""matched_tokens"": [], ""nfkc_casefold_punctuation_exact"": false, ""source"": ""catalog_metadata"", ""token_coverage"": 0.0}}}]",5,7,4,"[""no_exact_match"", ""ranking_failure"", ""cross_field_partial_match""]",False,[],[],weak_success,"{""exact_dense_rrf"": {""best_rank"": 7, ""first_hit_turn"": 3, ""hit"": true}, ""exact_field_aware_bm25_rrf"": {""best_rank"": 7, ""first_hit_turn"": 3, ""hit"": true}, ""exact_generic_field_dense_rrf"": {""best_rank"": 7, ""first_hit_turn"": 3, ""hit"": true}, ""exact_only"": {""best_rank"": 7, ""first_hit_turn"": 3, ""hit"": true}, ""exact_stateful_bm25_rrf"": {""best_rank"": 7, ""first_hit_turn"": 3, ""hit"": true}}","{""exact_dense_rrf"": 0, ""exact_field_aware_bm25_rrf"": 0, ""exact_generic_field_dense_rrf"": 0, ""exact_only"": 0, ""exact_stateful_bm25_rrf"": 0}",[],3,[],"[""leather"", ""color: red"", ""Leather lining"", ""Snap closure""]",1,1,False,[],browsing,B08GPGX2QG,[],Card Cases & Money Organizers Wallets,public_0120,calibration,[],"{""exact_only"": {""best_rank"": 7, ""first_hit_turn"": 3, ""hit"": true}, ""exact_stateful_xtr_warp_rrf"": {""best_rank"": 7, ""first_hit_turn"": 3, ""hit"": true}, ""experiment_07_exact_stateful_bm25_rrf"": {""best_rank"": 7, ""first_hit_turn"": 3, ""hit"": true}}",False,False
[],"{""average_prior_rating"": 5.0, ""preference_tags"": [""style"", ""fit"", ""comfort""], ""purchase_frequency"": ""3-4 prior purchases"", ""rating_style"": ""usually positive"", ""summary"": ""Prior purchases emphasize style, fit, comfort; ratings are usually positive.""}",1,False,"{""bm25"": 3, ""dense"": null, ""exact"": 7, ""field_aware"": 3}",[],7,False,False,False,[],1,7,1,"[""ambiguous_exact_evidence"", ""ranking_failure""]",False,[],[],weak_success,"{""exact_dense_rrf"": {""best_rank"": 1, ""first_hit_turn"": 2, ""hit"": true}, ""exact_field_aware_bm25_rrf"": {""best_rank"": 5, ""first_hit_turn"": 1, ""hit"": true}, ""exact_generic_field_dense_rrf"": {""best_rank"": 1, ""first_hit_turn"": 2, ""hit"": true}, ""exact_only"": {""best_rank"": 7, ""first_hit_turn"": 1, ""hit"": true}, ""exact_stateful_bm25_rrf"": {""best_rank"": 2, ""first_hit_turn"": 1, ""hit"": true}}","{""exact_dense_rrf"": -4, ""exact_field_aware_bm25_rrf"": 2, ""exact_generic_field_dense_rrf"": -4, ""exact_only"": 0, ""exact_stateful_bm25_rrf"": 5}",[],1,[],[],37,37,True,"[""no_active_constraint"", ""highest_exact_match_tier_exceeds_top_10""]",browsing,B081SF3QRL,"[""Gauge in Choice: 8g(3mm), 6g(4mm), 4g(5mm), 2g(6mm), 0g(8mm), 00g(10mm), 1/2\""(12mm), 9/16\""(14mm)"", ""You will get 3 pairs fashion gem double flare screw-fit tunnels in same size, in same color"", ""Material: Stainless Steel With Rhinestones, Look Nice, Light Weight, Smooth Polish Surface and Long Lasting Color"", ""The screw-on method tunnels are pretty, you can twist on from one head, very easy to wear and take off. Fashion party and wedding body piercing jewelry""]",Piercing Jewelry Tunnels,public_0134,calibration,[],"{""exact_only"": {""best_rank"": 7, ""first_hit_turn"": 1, ""hit"": true}, ""exact_stateful_xtr_warp_rrf"": {""best_rank"": 7, ""first_hit_turn"": 1, ""hit"": true}, ""experiment_07_exact_stateful_bm25_rrf"": {""best_rank"": 2, ""first_hit_turn"": 1, ""hit"": true}}",False,False
"[""cotton""]","{""average_prior_rating"": 3.0, ""preference_tags"": [""style"", ""comfort"", ""durability""], ""purchase_frequency"": ""3-4 prior purchases"", ""rating_style"": ""critical"", ""summary"": ""Prior purchases emphasize style, comfort, durability; ratings are critical.""}",,False,"{""bm25"": null, ""dense"": null, ""exact"": 6, ""field_aware"": null}","[""cotton""]",6,False,True,False,"[{""evidence"": ""cotton"", ""fields"": {""categories"": {""current_exact"": false, ""evidence_token_count"": 1, ""matched_token_count"": 0, ""matched_tokens"": [], ""nfkc_casefold_punctuation_exact"": false, ""source"": ""catalog_metadata"", ""token_coverage"": 0.0}, ""description"": {""current_exact"": false, ""evidence_token_count"": 1, ""matched_token_count"": 0, ""matched_tokens"": [], ""nfkc_casefold_punctuation_exact"": false, ""source"": ""catalog_metadata"", ""token_coverage"": 0.0}, ""details"": {""current_exact"": false, ""evidence_token_count"": 1, ""matched_token_count"": 0, ""matched_tokens"": [], ""nfkc_casefold_punctuation_exact"": false, ""source"": ""catalog_metadata"", ""token_coverage"": 0.0}, ""features"": {""current_exact"": true, ""evidence_token_count"": 1, ""matched_token_count"": 1, ""matched_tokens"": [""cotton""], ""nfkc_casefold_punctuation_exact"": true, ""source"": ""catalog_metadata"", ""token_coverage"": 1.0}, ""price"": {""current_exact"": false, ""evidence_token_count"": 1, ""matched_token_count"": 0, ""matched_tokens"": [], ""nfkc_casefold_punctuation_exact"": false, ""source"": ""synthetic_price"", ""token_coverage"": 0.0}, ""store"": {""current_exact"": false, ""evidence_token_count"": 1, ""matched_token_count"": 0, ""matched_tokens"": [], ""nfkc_casefold_punctuation_exact"": false, ""source"": ""catalog_metadata"", ""token_coverage"": 0.0}, ""title"": {""current_exact"": false, ""evidence_token_count"": 1, ""matched_token_count"": 0, ""matched_tokens"": [], ""nfkc_casefold_punctuation_exact"": false, ""source"": ""catalog_metadata"", ""token_coverage"": 0.0}}}]",2,6,2,"[""ambiguous_exact_evidence"", ""ranking_failure"", ""cross_field_partial_match""]",True,[],[],weak_success,"{""exact_dense_rrf"": {""best_rank"": 8, ""first_hit_turn"": 3, ""hit"": true}, ""exact_field_aware_bm25_rrf"": {""best_rank"": 7, ""first_hit_turn"": 1, ""hit"": true}, ""exact_generic_field_dense_rrf"": {""best_rank"": null, ""first_hit_turn"": null, ""hit"": false}, ""exact_only"": {""best_rank"": 6, ""first_hit_turn"": 1, ""hit"": true}, ""exact_stateful_bm25_rrf"": {""best_rank"": null, ""first_hit_turn"": null, ""hit"": false}}","{""exact_dense_rrf"": -5, ""exact_field_aware_bm25_rrf"": -1, ""exact_generic_field_dense_rrf"": -5, ""exact_only"": 0, ""exact_stateful_bm25_rrf"": -5}",[],1,[],"[""cotton""]",96,96,True,"[""highest_exact_match_tier_exceeds_top_10""]",buying,B00IJZZWGA,"[""color: black"", ""Cotton"", ""Imported""]",Active Athletic Socks,public_0145,evaluation,[],"{""exact_only"": {""best_rank"": 6, ""first_hit_turn"": 1, ""hit"": true}, ""exact_stateful_xtr_warp_rrf"": {""best_rank"": 3, ""first_hit_turn"": 3, ""hit"": true}, ""experiment_07_exact_stateful_bm25_rrf"": {""best_rank"": null, ""first_hit_turn"": null, ""hit"": false}}",False,False
"[""leather""]","{""average_prior_rating"": 5.0, ""preference_tags"": [""fit"", ""performance"", ""material""], ""purchase_frequency"": ""3-4 prior purchases"", ""rating_style"": ""usually positive"", ""summary"": ""Prior purchases emphasize fit, performance, material; ratings are usually positive.""}",2,False,"{""bm25"": null, ""dense"": null, ""exact"": 6, ""field_aware"": null}","[""leather""]",6,False,True,False,"[{""evidence"": ""leather"", ""fields"": {""categories"": {""current_exact"": false, ""evidence_token_count"": 1, ""matched_token_count"": 0, ""matched_tokens"": [], ""nfkc_casefold_punctuation_exact"": false, ""source"": ""catalog_metadata"", ""token_coverage"": 0.0}, ""description"": {""current_exact"": false, ""evidence_token_count"": 1, ""matched_token_count"": 0, ""matched_tokens"": [], ""nfkc_casefold_punctuation_exact"": false, ""source"": ""catalog_metadata"", ""token_coverage"": 0.0}, ""details"": {""current_exact"": false, ""evidence_token_count"": 1, ""matched_token_count"": 0, ""matched_tokens"": [], ""nfkc_casefold_punctuation_exact"": false, ""source"": ""catalog_metadata"", ""token_coverage"": 0.0}, ""features"": {""current_exact"": true, ""evidence_token_count"": 1, ""matched_token_count"": 1, ""matched_tokens"": [""leather""], ""nfkc_casefold_punctuation_exact"": true, ""source"": ""catalog_metadata"", ""token_coverage"": 1.0}, ""price"": {""current_exact"": false, ""evidence_token_count"": 1, ""matched_token_count"": 0, ""matched_tokens"": [], ""nfkc_casefold_punctuation_exact"": false, ""source"": ""synthetic_price"", ""token_coverage"": 0.0}, ""store"": {""current_exact"": false, ""evidence_token_count"": 1, ""matched_token_count"": 0, ""matched_tokens"": [], ""nfkc_casefold_punctuation_exact"": false, ""source"": ""catalog_metadata"", ""token_coverage"": 0.0}, ""title"": {""current_exact"": true, ""evidence_token_count"": 1, ""matched_token_count"": 1, ""matched_tokens"": [""leather""], ""nfkc_casefold_punctuation_exact"": true, ""source"": ""catalog_metadata"", ""token_coverage"": 1.0}}}]",2,6,2,"[""ambiguous_exact_evidence"", ""ranking_failure"", ""cross_field_partial_match""]",False,[],[],weak_success,"{""exact_dense_rrf"": {""best_rank"": 2, ""first_hit_turn"": 3, ""hit"": true}, ""exact_field_aware_bm25_rrf"": {""best_rank"": 1, ""first_hit_turn"": 3, ""hit"": true}, ""exact_generic_field_dense_rrf"": {""best_rank"": 1, ""first_hit_turn"": 3, ""hit"": true}, ""exact_only"": {""best_rank"": 6, ""first_hit_turn"": 1, ""hit"": true}, ""exact_stateful_bm25_rrf"": {""best_rank"": 3, ""first_hit_turn"": 3, ""hit"": true}}","{""exact_dense_rrf"": -5, ""exact_field_aware_bm25_rrf"": -5, ""exact_generic_field_dense_rrf"": -5, ""exact_only"": 0, ""exact_stateful_bm25_rrf"": -5}",[],1,[],"[""leather""]",21,21,True,"[""highest_exact_match_tier_exceeds_top_10""]",buying,B07CBYYHTL,"[""color: black"", ""PU"", ""\u8fdb\u53e3""]",Backpacks Casual Daypacks,public_0149,evaluation,[],"{""exact_only"": {""best_rank"": 6, ""first_hit_turn"": 1, ""hit"": true}, ""exact_stateful_xtr_warp_rrf"": {""best_rank"": 2, ""first_hit_turn"": 1, ""hit"": true}, ""experiment_07_exact_stateful_bm25_rrf"": {""best_rank"": 3, ""first_hit_turn"": 3, ""hit"": true}}",False,False
[],"{""average_prior_rating"": 1.0, ""preference_tags"": [""warmth"", ""comfort"", ""material"", ""fit""], ""purchase_frequency"": ""3-4 prior purchases"", ""rating_style"": ""critical"", ""summary"": ""Prior purchases emphasize warmth, comfort, material, fit; ratings are critical.""}",1,False,"{""bm25"": 8, ""dense"": null, ""exact"": 9, ""field_aware"": null}",[],9,False,False,False,[],1,9,1,"[""ambiguous_exact_evidence"", ""ranking_failure""]",False,[],[],weak_success,"{""exact_dense_rrf"": {""best_rank"": 7, ""first_hit_turn"": 1, ""hit"": true}, ""exact_field_aware_bm25_rrf"": {""best_rank"": 5, ""first_hit_turn"": 1, ""hit"": true}, ""exact_generic_field_dense_rrf"": {""best_rank"": 5, ""first_hit_turn"": 1, ""hit"": true}, ""exact_only"": {""best_rank"": 9, ""first_hit_turn"": 1, ""hit"": true}, ""exact_stateful_bm25_rrf"": {""best_rank"": 4, ""first_hit_turn"": 1, ""hit"": true}}","{""exact_dense_rrf"": 2, ""exact_field_aware_bm25_rrf"": 4, ""exact_generic_field_dense_rrf"": 4, ""exact_only"": 0, ""exact_stateful_bm25_rrf"": 5}",[],1,[],[],99,99,True,"[""no_active_constraint"", ""highest_exact_match_tier_exceeds_top_10""]",browsing,B012ZM6RGQ,"[""Roomy enough to fit any adult.You can see through the nostrils or the mouth"", ""Made from 100% natural latex, environmental friendly and non-toxic. We offer a range of quality choices with the best price"", ""Perfect for a fun meme, Halloween, Christmas, Easter, Carnival, Costume parties, tag party or simply for going to a night club. It is perfect for so many occasions"", ""CreepyParty is an amazon registered brand, more creepy and funny masks, please visit our store""]",Men Masks,public_0158,evaluation,[],"{""exact_only"": {""best_rank"": 9, ""first_hit_turn"": 1, ""hit"": true}, ""exact_stateful_xtr_warp_rrf"": {""best_rank"": 10, ""first_hit_turn"": 1, ""hit"": true}, ""experiment_07_exact_stateful_bm25_rrf"": {""best_rank"": 4, ""first_hit_turn"": 1, ""hit"": true}}",False,False
"[""cotton"", ""cotton blend"", ""Imported"", ""Pull On closure""]","{""average_prior_rating"": 5.0, ""preference_tags"": [""style"", ""fit"", ""comfort"", ""material""], ""purchase_frequency"": ""3-4 prior purchases"", ""rating_style"": ""usually positive"", ""summary"": ""Prior purchases emphasize style, fit, comfort, material; ratings are usually positive.""}",10,False,"{""bm25"": null, ""dense"": null, ""exact"": 10, ""field_aware"": null}","[""cotton"", ""cotton blend"", ""Imported"", ""Pull On closure""]",10,False,True,False,"[{""evidence"": ""cotton"", ""fields"": {""categories"": {""current_exact"": false, ""evidence_token_count"": 1, ""matched_token_count"": 0, ""matched_tokens"": [], ""nfkc_casefold_punctuation_exact"": false, ""source"": ""catalog_metadata"", ""token_coverage"": 0.0}, ""description"": {""current_exact"": false, ""evidence_token_count"": 1, ""matched_token_count"": 0, ""matched_tokens"": [], ""nfkc_casefold_punctuation_exact"": false, ""source"": ""catalog_metadata"", ""token_coverage"": 0.0}, ""details"": {""current_exact"": false, ""evidence_token_count"": 1, ""matched_token_count"": 0, ""matched_tokens"": [], ""nfkc_casefold_punctuation_exact"": false, ""source"": ""catalog_metadata"", ""token_coverage"": 0.0}, ""features"": {""current_exact"": true, ""evidence_token_count"": 1, ""matched_token_count"": 1, ""matched_tokens"": [""cotton""], ""nfkc_casefold_punctuation_exact"": true, ""source"": ""catalog_metadata"", ""token_coverage"": 1.0}, ""price"": {""current_exact"": false, ""evidence_token_count"": 1, ""matched_token_count"": 0, ""matched_tokens"": [], ""nfkc_casefold_punctuation_exact"": false, ""source"": ""synthetic_price"", ""token_coverage"": 0.0}, ""store"": {""current_exact"": false, ""evidence_token_count"": 1, ""matched_token_count"": 0, ""matched_tokens"": [], ""nfkc_casefold_punctuation_exact"": false, ""source"": ""catalog_metadata"", ""token_coverage"": 0.0}, ""title"": {""current_exact"": false, ""evidence_token_count"": 1, ""matched_token_count"": 0, ""matched_tokens"": [], ""nfkc_casefold_punctuation_exact"": false, ""source"": ""catalog_metadata"", ""token_coverage"": 0.0}}}, {""evidence"": ""cotton blend"", ""fields"": {""categories"": {""current_exact"": false, ""evidence_token_count"": 2, ""matched_token_count"": 0, ""matched_tokens"": [], ""nfkc_casefold_punctuation_exact"": false, ""source"": ""catalog_metadata"", ""token_coverage"": 0.0}, ""description"": {""current_exact"": false, ""evidence_token_count"": 2, ""matched_token_count"": 0, ""matched_tokens"": [], ""nfkc_casefold_punctuation_exact"": false, ""source"": ""catalog_metadata"", ""token_coverage"": 0.0}, ""details"": {""current_exact"": false, ""evidence_token_count"": 2, ""matched_token_count"": 0, ""matched_tokens"": [], ""nfkc_casefold_punctuation_exact"": false, ""source"": ""catalog_metadata"", ""token_coverage"": 0.0}, ""features"": {""current_exact"": true, ""evidence_token_count"": 2, ""matched_token_count"": 2, ""matched_tokens"": [""blend"", ""cotton""], ""nfkc_casefold_punctuation_exact"": true, ""source"": ""catalog_metadata"", ""token_coverage"": 1.0}, ""price"": {""current_exact"": false, ""evidence_token_count"": 2, ""matched_token_count"": 0, ""matched_tokens"": [], ""nfkc_casefold_punctuation_exact"": false, ""source"": ""synthetic_price"", ""token_coverage"": 0.0}, ""store"": {""current_exact"": false, ""evidence_token_count"": 2, ""matched_token_count"": 0, ""matched_tokens"": [], ""nfkc_casefold_punctuation_exact"": false, ""source"": ""catalog_metadata"", ""token_coverage"": 0.0}, ""title"": {""current_exact"": false, ""evidence_token_count"": 2, ""matched_token_count"": 0, ""matched_tokens"": [], ""nfkc_casefold_punctuation_exact"": false, ""source"": ""catalog_metadata"", ""token_coverage"": 0.0}}}, {""evidence"": ""Imported"", ""fields"": {""categories"": {""current_exact"": false, ""evidence_token_count"": 1, ""matched_token_count"": 0, ""matched_tokens"": [], ""nfkc_casefold_punctuation_exact"": false, ""source"": ""catalog_metadata"", ""token_coverage"": 0.0}, ""description"": {""current_exact"": false, ""evidence_token_count"": 1, ""matched_token_count"": 0, ""matched_tokens"": [], ""nfkc_casefold_punctuation_exact"": false, ""source"": ""catalog_metadata"", ""token_coverage"": 0.0}, ""details"": {""current_exact"": false, ""evidence_token_count"": 1, ""matched_token_count"": 0, ""matched_tokens"": [], ""nfkc_casefold_punctuation_exact"": false, ""source"": ""catalog_metadata"", ""token_coverage"": 0.0}, ""features"": {""current_exact"": true, ""evidence_token_count"": 1, ""matched_token_count"": 1, ""matched_tokens"": [""imported""], ""nfkc_casefold_punctuation_exact"": true, ""source"": ""catalog_metadata"", ""token_coverage"": 1.0}, ""price"": {""current_exact"": false, ""evidence_token_count"": 1, ""matched_token_count"": 0, ""matched_tokens"": [], ""nfkc_casefold_punctuation_exact"": false, ""source"": ""synthetic_price"", ""token_coverage"": 0.0}, ""store"": {""current_exact"": false, ""evidence_token_count"": 1, ""matched_token_count"": 0, ""matched_tokens"": [], ""nfkc_casefold_punctuation_exact"": false, ""source"": ""catalog_metadata"", ""token_coverage"": 0.0}, ""title"": {""current_exact"": false, ""evidence_token_count"": 1, ""matched_token_count"": 0, ""matched_tokens"": [], ""nfkc_casefold_punctuation_exact"": false, ""source"": ""catalog_metadata"", ""token_coverage"": 0.0}}}, {""evidence"": ""Pull On closure"", ""fields"": {""categories"": {""current_exact"": false, ""evidence_token_count"": 2, ""matched_token_count"": 0, ""matched_tokens"": [], ""nfkc_casefold_punctuation_exact"": false, ""source"": ""catalog_metadata"", ""token_coverage"": 0.0}, ""description"": {""current_exact"": false, ""evidence_token_count"": 2, ""matched_token_count"": 0, ""matched_tokens"": [], ""nfkc_casefold_punctuation_exact"": false, ""source"": ""catalog_metadata"", ""token_coverage"": 0.0}, ""details"": {""current_exact"": false, ""evidence_token_count"": 2, ""matched_token_count"": 0, ""matched_tokens"": [], ""nfkc_casefold_punctuation_exact"": false, ""source"": ""catalog_metadata"", ""token_coverage"": 0.0}, ""features"": {""current_exact"": true, ""evidence_token_count"": 2, ""matched_token_count"": 2, ""matched_tokens"": [""closure"", ""pull""], ""nfkc_casefold_punctuation_exact"": true, ""source"": ""catalog_metadata"", ""token_coverage"": 1.0}, ""price"": {""current_exact"": false, ""evidence_token_count"": 2, ""matched_token_count"": 0, ""matched_tokens"": [], ""nfkc_casefold_punctuation_exact"": false, ""source"": ""synthetic_price"", ""token_coverage"": 0.0}, ""store"": {""current_exact"": false, ""evidence_token_count"": 2, ""matched_token_count"": 0, ""matched_tokens"": [], ""nfkc_casefold_punctuation_exact"": false, ""source"": ""catalog_metadata"", ""token_coverage"": 0.0}, ""title"": {""current_exact"": false, ""evidence_token_count"": 2, ""matched_token_count"": 0, ""matched_tokens"": [], ""nfkc_casefold_punctuation_exact"": false, ""source"": ""catalog_metadata"", ""token_coverage"": 0.0}}}]",5,10,5,"[""ambiguous_exact_evidence"", ""ranking_failure"", ""cross_field_partial_match""]",False,[],[],weak_success,"{""exact_dense_rrf"": {""best_rank"": null, ""first_hit_turn"": null, ""hit"": false}, ""exact_field_aware_bm25_rrf"": {""best_rank"": null, ""first_hit_turn"": null, ""hit"": false}, ""exact_generic_field_dense_rrf"": {""best_rank"": null, ""first_hit_turn"": null, ""hit"": false}, ""exact_only"": {""best_rank"": 10, ""first_hit_turn"": 3, ""hit"": true}, ""exact_stateful_bm25_rrf"": {""best_rank"": 7, ""first_hit_turn"": 3, ""hit"": true}}","{""exact_dense_rrf"": -1, ""exact_field_aware_bm25_rrf"": -1, ""exact_generic_field_dense_rrf"": -1, ""exact_only"": 0, ""exact_stateful_bm25_rrf"": 3}",[],3,[],"[""cotton"", ""cotton blend"", ""Imported"", ""Pull On closure""]",19,19,True,"[""highest_exact_match_tier_exceeds_top_10""]",buying,B0B6N6TJ6V,[],Tees & Blouses T-Shirts,public_0161,evaluation,[],"{""exact_only"": {""best_rank"": 10, ""first_hit_turn"": 3, ""hit"": true}, ""exact_stateful_xtr_warp_rrf"": {""best_rank"": 8, ""first_hit_turn"": 2, ""hit"": true}, ""experiment_07_exact_stateful_bm25_rrf"": {""best_rank"": 7, ""first_hit_turn"": 3, ""hit"": true}}",False,False
"[""cotton"", ""57% Cotton, 26% Polyester, 10% Other Fibers, 7% Elastane""]","{""average_prior_rating"": 5.0, ""preference_tags"": [""material"", ""comfort""], ""purchase_frequency"": ""3-4 prior purchases"", ""rating_style"": ""usually positive"", ""summary"": ""Prior purchases emphasize material, comfort; ratings are usually positive.""}",1,False,"{""bm25"": 1, ""dense"": null, ""exact"": 8, ""field_aware"": null}","[""cotton"", ""57% Cotton, 26% Polyester, 10% Other Fibers, 7% Elastane""]",8,False,True,False,"[{""evidence"": ""cotton"", ""fields"": {""categories"": {""current_exact"": false, ""evidence_token_count"": 1, ""matched_token_count"": 0, ""matched_tokens"": [], ""nfkc_casefold_punctuation_exact"": false, ""source"": ""catalog_metadata"", ""token_coverage"": 0.0}, ""description"": {""current_exact"": false, ""evidence_token_count"": 1, ""matched_token_count"": 0, ""matched_tokens"": [], ""nfkc_casefold_punctuation_exact"": false, ""source"": ""catalog_metadata"", ""token_coverage"": 0.0}, ""details"": {""current_exact"": false, ""evidence_token_count"": 1, ""matched_token_count"": 0, ""matched_tokens"": [], ""nfkc_casefold_punctuation_exact"": false, ""source"": ""catalog_metadata"", ""token_coverage"": 0.0}, ""features"": {""current_exact"": true, ""evidence_token_count"": 1, ""matched_token_count"": 1, ""matched_tokens"": [""cotton""], ""nfkc_casefold_punctuation_exact"": true, ""source"": ""catalog_metadata"", ""token_coverage"": 1.0}, ""price"": {""current_exact"": false, ""evidence_token_count"": 1, ""matched_token_count"": 0, ""matched_tokens"": [], ""nfkc_casefold_punctuation_exact"": false, ""source"": ""synthetic_price"", ""token_coverage"": 0.0}, ""store"": {""current_exact"": false, ""evidence_token_count"": 1, ""matched_token_count"": 0, ""matched_tokens"": [], ""nfkc_casefold_punctuation_exact"": false, ""source"": ""catalog_metadata"", ""token_coverage"": 0.0}, ""title"": {""current_exact"": false, ""evidence_token_count"": 1, ""matched_token_count"": 0, ""matched_tokens"": [], ""nfkc_casefold_punctuation_exact"": false, ""source"": ""catalog_metadata"", ""token_coverage"": 0.0}}}, {""evidence"": ""57% Cotton, 26% Polyester, 10% Other Fibers, 7% Elastane"", ""fields"": {""categories"": {""current_exact"": false, ""evidence_token_count"": 8, ""matched_token_count"": 0, ""matched_tokens"": [], ""nfkc_casefold_punctuation_exact"": false, ""source"": ""catalog_metadata"", ""token_coverage"": 0.0}, ""description"": {""current_exact"": false, ""evidence_token_count"": 8, ""matched_token_count"": 0, ""matched_tokens"": [], ""nfkc_casefold_punctuation_exact"": false, ""source"": ""catalog_metadata"", ""token_coverage"": 0.0}, ""details"": {""current_exact"": false, ""evidence_token_count"": 8, ""matched_token_count"": 0, ""matched_tokens"": [], ""nfkc_casefold_punctuation_exact"": false, ""source"": ""catalog_metadata"", ""token_coverage"": 0.0}, ""features"": {""current_exact"": true, ""evidence_token_count"": 8, ""matched_token_count"": 8, ""matched_tokens"": [""10"", ""26"", ""57"", ""cotton"", ""elastane"", ""fibers"", ""other"", ""polyester""], ""nfkc_casefold_punctuation_exact"": true, ""source"": ""catalog_metadata"", ""token_coverage"": 1.0}, ""price"": {""current_exact"": false, ""evidence_token_count"": 8, ""matched_token_count"": 0, ""matched_tokens"": [], ""nfkc_casefold_punctuation_exact"": false, ""source"": ""synthetic_price"", ""token_coverage"": 0.0}, ""store"": {""current_exact"": false, ""evidence_token_count"": 8, ""matched_token_count"": 0, ""matched_tokens"": [], ""nfkc_casefold_punctuation_exact"": false, ""source"": ""catalog_metadata"", ""token_coverage"": 0.0}, ""title"": {""current_exact"": false, ""evidence_token_count"": 8, ""matched_token_count"": 0, ""matched_tokens"": [], ""nfkc_casefold_punctuation_exact"": false, ""source"": ""catalog_metadata"", ""token_coverage"": 0.0}}}]",2,8,2,"[""no_exact_match"", ""ranking_failure"", ""cross_field_partial_match""]",False,[],[],weak_success,"{""exact_dense_rrf"": {""best_rank"": 6, ""first_hit_turn"": 3, ""hit"": true}, ""exact_field_aware_bm25_rrf"": {""best_rank"": 1, ""first_hit_turn"": 3, ""hit"": true}, ""exact_generic_field_dense_rrf"": {""best_rank"": 1, ""first_hit_turn"": 3, ""hit"": true}, ""exact_only"": {""best_rank"": 8, ""first_hit_turn"": 3, ""hit"": true}, ""exact_stateful_bm25_rrf"": {""best_rank"": 1, ""first_hit_turn"": 3, ""hit"": true}}","{""exact_dense_rrf"": 2, ""exact_field_aware_bm25_rrf"": 7, ""exact_generic_field_dense_rrf"": 7, ""exact_only"": 0, ""exact_stateful_bm25_rrf"": 7}",[],3,[],"[""cotton"", ""57% Cotton, 26% Polyester, 10% Other Fibers, 7% Elastane""]",0,8,True,"[""no_catalog_product_matches_all_active_phrases""]",boundary,B0829R9M5G,"[""Imported"", ""Pull On closure""]",Women Jeans,public_0169,calibration,[],"{""exact_only"": {""best_rank"": 8, ""first_hit_turn"": 3, ""hit"": true}, ""exact_stateful_xtr_warp_rrf"": {""best_rank"": 1, ""first_hit_turn"": 3, ""hit"": true}, ""experiment_07_exact_stateful_bm25_rrf"": {""best_rank"": 1, ""first_hit_turn"": 3, ""hit"": true}}",False,False
"[""leather"", ""100% Leather""]","{""average_prior_rating"": 5.0, ""preference_tags"": [""material"", ""fit""], ""purchase_frequency"": ""3-4 prior purchases"", ""rating_style"": ""usually positive"", ""summary"": ""Prior purchases emphasize material, fit; ratings are usually positive.""}",1,False,"{""bm25"": null, ""dense"": null, ""exact"": 6, ""field_aware"": null}","[""leather"", ""100% Leather""]",6,False,True,False,"[{""evidence"": ""leather"", ""fields"": {""categories"": {""current_exact"": false, ""evidence_token_count"": 1, ""matched_token_count"": 0, ""matched_tokens"": [], ""nfkc_casefold_punctuation_exact"": false, ""source"": ""catalog_metadata"", ""token_coverage"": 0.0}, ""description"": {""current_exact"": true, ""evidence_token_count"": 1, ""matched_token_count"": 1, ""matched_tokens"": [""leather""], ""nfkc_casefold_punctuation_exact"": true, ""source"": ""catalog_metadata"", ""token_coverage"": 1.0}, ""details"": {""current_exact"": false, ""evidence_token_count"": 1, ""matched_token_count"": 0, ""matched_tokens"": [], ""nfkc_casefold_punctuation_exact"": false, ""source"": ""catalog_metadata"", ""token_coverage"": 0.0}, ""features"": {""current_exact"": true, ""evidence_token_count"": 1, ""matched_token_count"": 1, ""matched_tokens"": [""leather""], ""nfkc_casefold_punctuation_exact"": true, ""source"": ""catalog_metadata"", ""token_coverage"": 1.0}, ""price"": {""current_exact"": false, ""evidence_token_count"": 1, ""matched_token_count"": 0, ""matched_tokens"": [], ""nfkc_casefold_punctuation_exact"": false, ""source"": ""synthetic_price"", ""token_coverage"": 0.0}, ""store"": {""current_exact"": false, ""evidence_token_count"": 1, ""matched_token_count"": 0, ""matched_tokens"": [], ""nfkc_casefold_punctuation_exact"": false, ""source"": ""catalog_metadata"", ""token_coverage"": 0.0}, ""title"": {""current_exact"": false, ""evidence_token_count"": 1, ""matched_token_count"": 0, ""matched_tokens"": [], ""nfkc_casefold_punctuation_exact"": false, ""source"": ""catalog_metadata"", ""token_coverage"": 0.0}}}, {""evidence"": ""100% Leather"", ""fields"": {""categories"": {""current_exact"": false, ""evidence_token_count"": 2, ""matched_token_count"": 0, ""matched_tokens"": [], ""nfkc_casefold_punctuation_exact"": false, ""source"": ""catalog_metadata"", ""token_coverage"": 0.0}, ""description"": {""current_exact"": false, ""evidence_token_count"": 2, ""matched_token_count"": 1, ""matched_tokens"": [""leather""], ""nfkc_casefold_punctuation_exact"": false, ""source"": ""catalog_metadata"", ""token_coverage"": 0.5}, ""details"": {""current_exact"": false, ""evidence_token_count"": 2, ""matched_token_count"": 0, ""matched_tokens"": [], ""nfkc_casefold_punctuation_exact"": false, ""source"": ""catalog_metadata"", ""token_coverage"": 0.0}, ""features"": {""current_exact"": true, ""evidence_token_count"": 2, ""matched_token_count"": 2, ""matched_tokens"": [""100"", ""leather""], ""nfkc_casefold_punctuation_exact"": true, ""source"": ""catalog_metadata"", ""token_coverage"": 1.0}, ""price"": {""current_exact"": false, ""evidence_token_count"": 2, ""matched_token_count"": 0, ""matched_tokens"": [], ""nfkc_casefold_punctuation_exact"": false, ""source"": ""synthetic_price"", ""token_coverage"": 0.0}, ""store"": {""current_exact"": false, ""evidence_token_count"": 2, ""matched_token_count"": 0, ""matched_tokens"": [], ""nfkc_casefold_punctuation_exact"": false, ""source"": ""catalog_metadata"", ""token_coverage"": 0.0}, ""title"": {""current_exact"": false, ""evidence_token_count"": 2, ""matched_token_count"": 0, ""matched_tokens"": [], ""nfkc_casefold_punctuation_exact"": false, ""source"": ""catalog_metadata"", ""token_coverage"": 0.0}}}]",3,6,3,"[""ambiguous_exact_evidence"", ""ranking_failure"", ""cross_field_partial_match""]",False,[],[],weak_success,"{""exact_dense_rrf"": {""best_rank"": 6, ""first_hit_turn"": 2, ""hit"": true}, ""exact_field_aware_bm25_rrf"": {""best_rank"": 5, ""first_hit_turn"": 2, ""hit"": true}, ""exact_generic_field_dense_rrf"": {""best_rank"": 4, ""first_hit_turn"": 2, ""hit"": true}, ""exact_only"": {""best_rank"": 6, ""first_hit_turn"": 2, ""hit"": true}, ""exact_stateful_bm25_rrf"": {""best_rank"": 9, ""first_hit_turn"": 2, ""hit"": true}}","{""exact_dense_rrf"": 0, ""exact_field_aware_bm25_rrf"": 1, ""exact_generic_field_dense_rrf"": 2, ""exact_only"": 0, ""exact_stateful_bm25_rrf"": -3}",[],2,[],"[""leather"", ""100% Leather""]",29,29,True,"[""highest_exact_match_tier_exceeds_top_10""]",browsing,B08LRQX5RH,"[""Made in the USA or Imported"", ""Rubber sole""]",Fashion Combat,public_0170,calibration,[],"{""exact_only"": {""best_rank"": 6, ""first_hit_turn"": 2, ""hit"": true}, ""exact_stateful_xtr_warp_rrf"": {""best_rank"": 7, ""first_hit_turn"": 2, ""hit"": true}, ""experiment_07_exact_stateful_bm25_rrf"": {""best_rank"": 9, ""first_hit_turn"": 2, ""hit"": true}}",False,False
"[""cotton"", ""100% Cotton""]","{""average_prior_rating"": 5.0, ""preference_tags"": [""style"", ""fit"", ""material"", ""comfort""], ""purchase_frequency"": ""3-4 prior purchases"", ""rating_style"": ""usually positive"", ""summary"": ""Prior purchases emphasize style, fit, material, comfort; ratings are usually positive.""}",1,False,"{""bm25"": 8, ""dense"": null, ""exact"": 10, ""field_aware"": null}","[""cotton"", ""100% Cotton""]",10,False,True,False,"[{""evidence"": ""cotton"", ""fields"": {""categories"": {""current_exact"": false, ""evidence_token_count"": 1, ""matched_token_count"": 0, ""matched_tokens"": [], ""nfkc_casefold_punctuation_exact"": false, ""source"": ""catalog_metadata"", ""token_coverage"": 0.0}, ""description"": {""current_exact"": false, ""evidence_token_count"": 1, ""matched_token_count"": 0, ""matched_tokens"": [], ""nfkc_casefold_punctuation_exact"": false, ""source"": ""catalog_metadata"", ""token_coverage"": 0.0}, ""details"": {""current_exact"": false, ""evidence_token_count"": 1, ""matched_token_count"": 0, ""matched_tokens"": [], ""nfkc_casefold_punctuation_exact"": false, ""source"": ""catalog_metadata"", ""token_coverage"": 0.0}, ""features"": {""current_exact"": true, ""evidence_token_count"": 1, ""matched_token_count"": 1, ""matched_tokens"": [""cotton""], ""nfkc_casefold_punctuation_exact"": true, ""source"": ""catalog_metadata"", ""token_coverage"": 1.0}, ""price"": {""current_exact"": false, ""evidence_token_count"": 1, ""matched_token_count"": 0, ""matched_tokens"": [], ""nfkc_casefold_punctuation_exact"": false, ""source"": ""synthetic_price"", ""token_coverage"": 0.0}, ""store"": {""current_exact"": false, ""evidence_token_count"": 1, ""matched_token_count"": 0, ""matched_tokens"": [], ""nfkc_casefold_punctuation_exact"": false, ""source"": ""catalog_metadata"", ""token_coverage"": 0.0}, ""title"": {""current_exact"": false, ""evidence_token_count"": 1, ""matched_token_count"": 0, ""matched_tokens"": [], ""nfkc_casefold_punctuation_exact"": false, ""source"": ""catalog_metadata"", ""token_coverage"": 0.0}}}, {""evidence"": ""100% Cotton"", ""fields"": {""categories"": {""current_exact"": false, ""evidence_token_count"": 2, ""matched_token_count"": 0, ""matched_tokens"": [], ""nfkc_casefold_punctuation_exact"": false, ""source"": ""catalog_metadata"", ""token_coverage"": 0.0}, ""description"": {""current_exact"": false, ""evidence_token_count"": 2, ""matched_token_count"": 0, ""matched_tokens"": [], ""nfkc_casefold_punctuation_exact"": false, ""source"": ""catalog_metadata"", ""token_coverage"": 0.0}, ""details"": {""current_exact"": false, ""evidence_token_count"": 2, ""matched_token_count"": 0, ""matched_tokens"": [], ""nfkc_casefold_punctuation_exact"": false, ""source"": ""catalog_metadata"", ""token_coverage"": 0.0}, ""features"": {""current_exact"": true, ""evidence_token_count"": 2, ""matched_token_count"": 2, ""matched_tokens"": [""100"", ""cotton""], ""nfkc_casefold_punctuation_exact"": true, ""source"": ""catalog_metadata"", ""token_coverage"": 1.0}, ""price"": {""current_exact"": false, ""evidence_token_count"": 2, ""matched_token_count"": 0, ""matched_tokens"": [], ""nfkc_casefold_punctuation_exact"": false, ""source"": ""synthetic_price"", ""token_coverage"": 0.0}, ""store"": {""current_exact"": false, ""evidence_token_count"": 2, ""matched_token_count"": 0, ""matched_tokens"": [], ""nfkc_casefold_punctuation_exact"": false, ""source"": ""catalog_metadata"", ""token_coverage"": 0.0}, ""title"": {""current_exact"": false, ""evidence_token_count"": 2, ""matched_token_count"": 0, ""matched_tokens"": [], ""nfkc_casefold_punctuation_exact"": false, ""source"": ""catalog_metadata"", ""token_coverage"": 0.0}}}]",3,10,3,"[""ambiguous_exact_evidence"", ""ranking_failure"", ""cross_field_partial_match""]",False,[],[],weak_success,"{""exact_dense_rrf"": {""best_rank"": 1, ""first_hit_turn"": 3, ""hit"": true}, ""exact_field_aware_bm25_rrf"": {""best_rank"": 1, ""first_hit_turn"": 3, ""hit"": true}, ""exact_generic_field_dense_rrf"": {""best_rank"": 1, ""first_hit_turn"": 3, ""hit"": true}, ""exact_only"": {""best_rank"": 10, ""first_hit_turn"": 2, ""hit"": true}, ""exact_stateful_bm25_rrf"": {""best_rank"": 2, ""first_hit_turn"": 2, ""hit"": true}}","{""exact_dense_rrf"": -1, ""exact_field_aware_bm25_rrf"": -1, ""exact_generic_field_dense_rrf"": -1, ""exact_only"": 0, ""exact_stateful_bm25_rrf"": 8}",[],2,[],"[""cotton"", ""100% Cotton""]",15,15,True,"[""highest_exact_match_tier_exceeds_top_10""]",browsing,B0829PZGBB,"[""Imported"", ""Synthetic sole""]",Shoes Fashion Sneakers,public_0172,evaluation,[],"{""exact_only"": {""best_rank"": 10, ""first_hit_turn"": 2, ""hit"": true}, ""exact_stateful_xtr_warp_rrf"": {""best_rank"": 1, ""first_hit_turn"": 2, ""hit"": true}, ""experiment_07_exact_stateful_bm25_rrf"": {""best_rank"": 2, ""first_hit_turn"": 2, ""hit"": true}}",False,False
[],"{""average_prior_rating"": 1.0, ""preference_tags"": [""comfort"", ""material""], ""purchase_frequency"": ""3-4 prior purchases"", ""rating_style"": ""critical"", ""summary"": ""Prior purchases emphasize comfort, material; ratings are critical.""}",1,False,"{""bm25"": null, ""dense"": 3, ""exact"": 10, ""field_aware"": 4}",[],10,False,False,False,[],1,10,1,"[""ambiguous_exact_evidence"", ""ranking_failure""]",False,[],[],weak_success,"{""exact_dense_rrf"": {""best_rank"": 3, ""first_hit_turn"": 1, ""hit"": true}, ""exact_field_aware_bm25_rrf"": {""best_rank"": 6, ""first_hit_turn"": 1, ""hit"": true}, ""exact_generic_field_dense_rrf"": {""best_rank"": 2, ""first_hit_turn"": 1, ""hit"": true}, ""exact_only"": {""best_rank"": 10, ""first_hit_turn"": 1, ""hit"": true}, ""exact_stateful_bm25_rrf"": {""best_rank"": 4, ""first_hit_turn"": 1, ""hit"": true}}","{""exact_dense_rrf"": 7, ""exact_field_aware_bm25_rrf"": 4, ""exact_generic_field_dense_rrf"": 8, ""exact_only"": 0, ""exact_stateful_bm25_rrf"": 6}",[],1,[],[],32,32,True,"[""no_active_constraint"", ""highest_exact_match_tier_exceeds_top_10""]",browsing,B0C5XBLB2P,"[""UPDATED ALUMINUM WALLET with high quality aluminum materials and Environmentally friendly plastic(ABS) clasp closure"", ""color: black"", ""PEACE OF MIND when Travelling: It is a Must Have a protector case ID slots when on vacations or traveling overseas. Using on public transportation and crowded places - keep the wor"", ""MOST RELIABLE RFID BLOCKING PROTECTION. Most RFID blocking hard shell aluma wallets can NOT block 125KHz signals. But Elfish metal id cases are able to Block both 13.56 MHz and 125""]",Card & ID Cases Card Cases,public_0182,evaluation,[],"{""exact_only"": {""best_rank"": 10, ""first_hit_turn"": 1, ""hit"": true}, ""exact_stateful_xtr_warp_rrf"": {""best_rank"": 10, ""first_hit_turn"": 1, ""hit"": true}, ""experiment_07_exact_stateful_bm25_rrf"": {""best_rank"": 4, ""first_hit_turn"": 1, ""hit"": true}}",False,False
"[""leather""]","{""average_prior_rating"": 5.0, ""preference_tags"": [""material"", ""fit""], ""purchase_frequency"": ""3-4 prior purchases"", ""rating_style"": ""usually positive"", ""summary"": ""Prior purchases emphasize material, fit; ratings are usually positive.""}",1,False,"{""bm25"": null, ""dense"": null, ""exact"": 6, ""field_aware"": null}","[""leather""]",6,False,True,False,"[{""evidence"": ""leather"", ""fields"": {""categories"": {""current_exact"": false, ""evidence_token_count"": 1, ""matched_token_count"": 0, ""matched_tokens"": [], ""nfkc_casefold_punctuation_exact"": false, ""source"": ""catalog_metadata"", ""token_coverage"": 0.0}, ""description"": {""current_exact"": false, ""evidence_token_count"": 1, ""matched_token_count"": 0, ""matched_tokens"": [], ""nfkc_casefold_punctuation_exact"": false, ""source"": ""catalog_metadata"", ""token_coverage"": 0.0}, ""details"": {""current_exact"": false, ""evidence_token_count"": 1, ""matched_token_count"": 0, ""matched_tokens"": [], ""nfkc_casefold_punctuation_exact"": false, ""source"": ""catalog_metadata"", ""token_coverage"": 0.0}, ""features"": {""current_exact"": true, ""evidence_token_count"": 1, ""matched_token_count"": 1, ""matched_tokens"": [""leather""], ""nfkc_casefold_punctuation_exact"": true, ""source"": ""catalog_metadata"", ""token_coverage"": 1.0}, ""price"": {""current_exact"": false, ""evidence_token_count"": 1, ""matched_token_count"": 0, ""matched_tokens"": [], ""nfkc_casefold_punctuation_exact"": false, ""source"": ""synthetic_price"", ""token_coverage"": 0.0}, ""store"": {""current_exact"": false, ""evidence_token_count"": 1, ""matched_token_count"": 0, ""matched_tokens"": [], ""nfkc_casefold_punctuation_exact"": false, ""source"": ""catalog_metadata"", ""token_coverage"": 0.0}, ""title"": {""current_exact"": true, ""evidence_token_count"": 1, ""matched_token_count"": 1, ""matched_tokens"": [""leather""], ""nfkc_casefold_punctuation_exact"": true, ""source"": ""catalog_metadata"", ""token_coverage"": 1.0}}}]",2,6,2,"[""ambiguous_exact_evidence"", ""ranking_failure"", ""cross_field_partial_match""]",False,[],[],weak_success,"{""exact_dense_rrf"": {""best_rank"": 3, ""first_hit_turn"": 1, ""hit"": true}, ""exact_field_aware_bm25_rrf"": {""best_rank"": 10, ""first_hit_turn"": 1, ""hit"": true}, ""exact_generic_field_dense_rrf"": {""best_rank"": 1, ""first_hit_turn"": 2, ""hit"": true}, ""exact_only"": {""best_rank"": 6, ""first_hit_turn"": 1, ""hit"": true}, ""exact_stateful_bm25_rrf"": {""best_rank"": 1, ""first_hit_turn"": 2, ""hit"": true}}","{""exact_dense_rrf"": 3, ""exact_field_aware_bm25_rrf"": -4, ""exact_generic_field_dense_rrf"": -5, ""exact_only"": 0, ""exact_stateful_bm25_rrf"": -5}",[],1,[],"[""leather""]",147,147,True,"[""highest_exact_match_tier_exceeds_top_10""]",buying,B0B5ZS2J2W,"[""Artificial Leather,Leather,Pu Leather"", ""Imported"", ""Zipper closure""]",Handbags & Wallets Crossbody Bags,public_0188,calibration,[],"{""exact_only"": {""best_rank"": 6, ""first_hit_turn"": 1, ""hit"": true}, ""exact_stateful_xtr_warp_rrf"": {""best_rank"": 2, ""first_hit_turn"": 1, ""hit"": true}, ""experiment_07_exact_stateful_bm25_rrf"": {""best_rank"": 1, ""first_hit_turn"": 2, ""hit"": true}}",False,False
"[""fabric"", ""color: red"", ""Chiffon""]","{""average_prior_rating"": 5.0, ""preference_tags"": [""material"", ""fit""], ""purchase_frequency"": ""3-4 prior purchases"", ""rating_style"": ""usually positive"", ""summary"": ""Prior purchases emphasize material, fit; ratings are usually positive.""}",5,False,"{""bm25"": 1, ""dense"": null, ""exact"": 8, ""field_aware"": null}","[""fabric"", ""color: red"", ""Chiffon""]",8,False,True,False,"[{""evidence"": ""fabric"", ""fields"": {""categories"": {""current_exact"": false, ""evidence_token_count"": 1, ""matched_token_count"": 0, ""matched_tokens"": [], ""nfkc_casefold_punctuation_exact"": false, ""source"": ""catalog_metadata"", ""token_coverage"": 0.0}, ""description"": {""current_exact"": false, ""evidence_token_count"": 1, ""matched_token_count"": 0, ""matched_tokens"": [], ""nfkc_casefold_punctuation_exact"": false, ""source"": ""catalog_metadata"", ""token_coverage"": 0.0}, ""details"": {""current_exact"": false, ""evidence_token_count"": 1, ""matched_token_count"": 0, ""matched_tokens"": [], ""nfkc_casefold_punctuation_exact"": false, ""source"": ""catalog_metadata"", ""token_coverage"": 0.0}, ""features"": {""current_exact"": true, ""evidence_token_count"": 1, ""matched_token_count"": 1, ""matched_tokens"": [""fabric""], ""nfkc_casefold_punctuation_exact"": true, ""source"": ""catalog_metadata"", ""token_coverage"": 1.0}, ""price"": {""current_exact"": false, ""evidence_token_count"": 1, ""matched_token_count"": 0, ""matched_tokens"": [], ""nfkc_casefold_punctuation_exact"": false, ""source"": ""synthetic_price"", ""token_coverage"": 0.0}, ""store"": {""current_exact"": false, ""evidence_token_count"": 1, ""matched_token_count"": 0, ""matched_tokens"": [], ""nfkc_casefold_punctuation_exact"": false, ""source"": ""catalog_metadata"", ""token_coverage"": 0.0}, ""title"": {""current_exact"": false, ""evidence_token_count"": 1, ""matched_token_count"": 0, ""matched_tokens"": [], ""nfkc_casefold_punctuation_exact"": false, ""source"": ""catalog_metadata"", ""token_coverage"": 0.0}}}, {""evidence"": ""color: red"", ""fields"": {""categories"": {""current_exact"": false, ""evidence_token_count"": 2, ""matched_token_count"": 0, ""matched_tokens"": [], ""nfkc_casefold_punctuation_exact"": false, ""source"": ""catalog_metadata"", ""token_coverage"": 0.0}, ""description"": {""current_exact"": false, ""evidence_token_count"": 2, ""matched_token_count"": 0, ""matched_tokens"": [], ""nfkc_casefold_punctuation_exact"": false, ""source"": ""catalog_metadata"", ""token_coverage"": 0.0}, ""details"": {""current_exact"": false, ""evidence_token_count"": 2, ""matched_token_count"": 0, ""matched_tokens"": [], ""nfkc_casefold_punctuation_exact"": false, ""source"": ""catalog_metadata"", ""token_coverage"": 0.0}, ""features"": {""current_exact"": false, ""evidence_token_count"": 2, ""matched_token_count"": 1, ""matched_tokens"": [""red""], ""nfkc_casefold_punctuation_exact"": false, ""source"": ""catalog_metadata"", ""token_coverage"": 0.5}, ""price"": {""current_exact"": false, ""evidence_token_count"": 2, ""matched_token_count"": 0, ""matched_tokens"": [], ""nfkc_casefold_punctuation_exact"": false, ""source"": ""synthetic_price"", ""token_coverage"": 0.0}, ""store"": {""current_exact"": false, ""evidence_token_count"": 2, ""matched_token_count"": 0, ""matched_tokens"": [], ""nfkc_casefold_punctuation_exact"": false, ""source"": ""catalog_metadata"", ""token_coverage"": 0.0}, ""title"": {""current_exact"": false, ""evidence_token_count"": 2, ""matched_token_count"": 0, ""matched_tokens"": [], ""nfkc_casefold_punctuation_exact"": false, ""source"": ""catalog_metadata"", ""token_coverage"": 0.0}}}, {""evidence"": ""Chiffon"", ""fields"": {""categories"": {""current_exact"": false, ""evidence_token_count"": 1, ""matched_token_count"": 0, ""matched_tokens"": [], ""nfkc_casefold_punctuation_exact"": false, ""source"": ""catalog_metadata"", ""token_coverage"": 0.0}, ""description"": {""current_exact"": false, ""evidence_token_count"": 1, ""matched_token_count"": 0, ""matched_tokens"": [], ""nfkc_casefold_punctuation_exact"": false, ""source"": ""catalog_metadata"", ""token_coverage"": 0.0}, ""details"": {""current_exact"": false, ""evidence_token_count"": 1, ""matched_token_count"": 0, ""matched_tokens"": [], ""nfkc_casefold_punctuation_exact"": false, ""source"": ""catalog_metadata"", ""token_coverage"": 0.0}, ""features"": {""current_exact"": true, ""evidence_token_count"": 1, ""matched_token_count"": 1, ""matched_tokens"": [""chiffon""], ""nfkc_casefold_punctuation_exact"": true, ""source"": ""catalog_metadata"", ""token_coverage"": 1.0}, ""price"": {""current_exact"": false, ""evidence_token_count"": 1, ""matched_token_count"": 0, ""matched_tokens"": [], ""nfkc_casefold_punctuation_exact"": false, ""source"": ""synthetic_price"", ""token_coverage"": 0.0}, ""store"": {""current_exact"": false, ""evidence_token_count"": 1, ""matched_token_count"": 0, ""matched_tokens"": [], ""nfkc_casefold_punctuation_exact"": false, ""source"": ""catalog_metadata"", ""token_coverage"": 0.0}, ""title"": {""current_exact"": false, ""evidence_token_count"": 1, ""matched_token_count"": 0, ""matched_tokens"": [], ""nfkc_casefold_punctuation_exact"": false, ""source"": ""catalog_metadata"", ""token_coverage"": 0.0}}}]",3,8,3,"[""no_exact_match"", ""ranking_failure"", ""cross_field_partial_match""]",False,[],[],weak_success,"{""exact_dense_rrf"": {""best_rank"": 10, ""first_hit_turn"": 2, ""hit"": true}, ""exact_field_aware_bm25_rrf"": {""best_rank"": 10, ""first_hit_turn"": 2, ""hit"": true}, ""exact_generic_field_dense_rrf"": {""best_rank"": null, ""first_hit_turn"": null, ""hit"": false}, ""exact_only"": {""best_rank"": 8, ""first_hit_turn"": 2, ""hit"": true}, ""exact_stateful_bm25_rrf"": {""best_rank"": 6, ""first_hit_turn"": 1, ""hit"": true}}","{""exact_dense_rrf"": -2, ""exact_field_aware_bm25_rrf"": -2, ""exact_generic_field_dense_rrf"": -3, ""exact_only"": 0, ""exact_stateful_bm25_rrf"": 5}",[],2,[],"[""fabric"", ""color: red"", ""Chiffon""]",0,9,True,"[""no_catalog_product_matches_all_active_phrases""]",buying,B07YM55NLW,"[""Hand Wash Only""]",Scarves & Wraps Fashion Scarves,public_0193,evaluation,[],"{""exact_only"": {""best_rank"": 8, ""first_hit_turn"": 2, ""hit"": true}, ""exact_stateful_xtr_warp_rrf"": {""best_rank"": 3, ""first_hit_turn"": 2, ""hit"": true}, ""experiment_07_exact_stateful_bm25_rrf"": {""best_rank"": 6, ""first_hit_turn"": 1, ""hit"": true}}",False,False
"[""rayon"", ""95% Rayon, 5% Spandex"", ""Pull On closure""]","{""average_prior_rating"": 5.0, ""preference_tags"": [""warmth"", ""weather"", ""comfort"", ""fit""], ""purchase_frequency"": ""3-4 prior purchases"", ""rating_style"": ""usually positive"", ""summary"": ""Prior purchases emphasize warmth, weather, comfort, fit; ratings are usually positive.""}",5,False,"{""bm25"": null, ""dense"": 2, ""exact"": 9, ""field_aware"": null}","[""rayon"", ""95% Rayon, 5% Spandex"", ""Pull On closure""]",9,False,True,False,"[{""evidence"": ""rayon"", ""fields"": {""categories"": {""current_exact"": false, ""evidence_token_count"": 1, ""matched_token_count"": 0, ""matched_tokens"": [], ""nfkc_casefold_punctuation_exact"": false, ""source"": ""catalog_metadata"", ""token_coverage"": 0.0}, ""description"": {""current_exact"": false, ""evidence_token_count"": 1, ""matched_token_count"": 0, ""matched_tokens"": [], ""nfkc_casefold_punctuation_exact"": false, ""source"": ""catalog_metadata"", ""token_coverage"": 0.0}, ""details"": {""current_exact"": false, ""evidence_token_count"": 1, ""matched_token_count"": 0, ""matched_tokens"": [], ""nfkc_casefold_punctuation_exact"": false, ""source"": ""catalog_metadata"", ""token_coverage"": 0.0}, ""features"": {""current_exact"": true, ""evidence_token_count"": 1, ""matched_token_count"": 1, ""matched_tokens"": [""rayon""], ""nfkc_casefold_punctuation_exact"": true, ""source"": ""catalog_metadata"", ""token_coverage"": 1.0}, ""price"": {""current_exact"": false, ""evidence_token_count"": 1, ""matched_token_count"": 0, ""matched_tokens"": [], ""nfkc_casefold_punctuation_exact"": false, ""source"": ""synthetic_price"", ""token_coverage"": 0.0}, ""store"": {""current_exact"": false, ""evidence_token_count"": 1, ""matched_token_count"": 0, ""matched_tokens"": [], ""nfkc_casefold_punctuation_exact"": false, ""source"": ""catalog_metadata"", ""token_coverage"": 0.0}, ""title"": {""current_exact"": false, ""evidence_token_count"": 1, ""matched_token_count"": 0, ""matched_tokens"": [], ""nfkc_casefold_punctuation_exact"": false, ""source"": ""catalog_metadata"", ""token_coverage"": 0.0}}}, {""evidence"": ""95% Rayon, 5% Spandex"", ""fields"": {""categories"": {""current_exact"": false, ""evidence_token_count"": 3, ""matched_token_count"": 0, ""matched_tokens"": [], ""nfkc_casefold_punctuation_exact"": false, ""source"": ""catalog_metadata"", ""token_coverage"": 0.0}, ""description"": {""current_exact"": false, ""evidence_token_count"": 3, ""matched_token_count"": 0, ""matched_tokens"": [], ""nfkc_casefold_punctuation_exact"": false, ""source"": ""catalog_metadata"", ""token_coverage"": 0.0}, ""details"": {""current_exact"": false, ""evidence_token_count"": 3, ""matched_token_count"": 0, ""matched_tokens"": [], ""nfkc_casefold_punctuation_exact"": false, ""source"": ""catalog_metadata"", ""token_coverage"": 0.0}, ""features"": {""current_exact"": true, ""evidence_token_count"": 3, ""matched_token_count"": 3, ""matched_tokens"": [""95"", ""rayon"", ""spandex""], ""nfkc_casefold_punctuation_exact"": true, ""source"": ""catalog_metadata"", ""token_coverage"": 1.0}, ""price"": {""current_exact"": false, ""evidence_token_count"": 3, ""matched_token_count"": 0, ""matched_tokens"": [], ""nfkc_casefold_punctuation_exact"": false, ""source"": ""synthetic_price"", ""token_coverage"": 0.0}, ""store"": {""current_exact"": false, ""evidence_token_count"": 3, ""matched_token_count"": 0, ""matched_tokens"": [], ""nfkc_casefold_punctuation_exact"": false, ""source"": ""catalog_metadata"", ""token_coverage"": 0.0}, ""title"": {""current_exact"": false, ""evidence_token_count"": 3, ""matched_token_count"": 0, ""matched_tokens"": [], ""nfkc_casefold_punctuation_exact"": false, ""source"": ""catalog_metadata"", ""token_coverage"": 0.0}}}, {""evidence"": ""Pull On closure"", ""fields"": {""categories"": {""current_exact"": false, ""evidence_token_count"": 2, ""matched_token_count"": 0, ""matched_tokens"": [], ""nfkc_casefold_punctuation_exact"": false, ""source"": ""catalog_metadata"", ""token_coverage"": 0.0}, ""description"": {""current_exact"": false, ""evidence_token_count"": 2, ""matched_token_count"": 0, ""matched_tokens"": [], ""nfkc_casefold_punctuation_exact"": false, ""source"": ""catalog_metadata"", ""token_coverage"": 0.0}, ""details"": {""current_exact"": false, ""evidence_token_count"": 2, ""matched_token_count"": 0, ""matched_tokens"": [], ""nfkc_casefold_punctuation_exact"": false, ""source"": ""catalog_metadata"", ""token_coverage"": 0.0}, ""features"": {""current_exact"": true, ""evidence_token_count"": 2, ""matched_token_count"": 2, ""matched_tokens"": [""closure"", ""pull""], ""nfkc_casefold_punctuation_exact"": true, ""source"": ""catalog_metadata"", ""token_coverage"": 1.0}, ""price"": {""current_exact"": false, ""evidence_token_count"": 2, ""matched_token_count"": 0, ""matched_tokens"": [], ""nfkc_casefold_punctuation_exact"": false, ""source"": ""synthetic_price"", ""token_coverage"": 0.0}, ""store"": {""current_exact"": false, ""evidence_token_count"": 2, ""matched_token_count"": 0, ""matched_tokens"": [], ""nfkc_casefold_punctuation_exact"": false, ""source"": ""catalog_metadata"", ""token_coverage"": 0.0}, ""title"": {""current_exact"": false, ""evidence_token_count"": 2, ""matched_token_count"": 0, ""matched_tokens"": [], ""nfkc_casefold_punctuation_exact"": false, ""source"": ""catalog_metadata"", ""token_coverage"": 0.0}}}]",4,9,4,"[""ranking_failure"", ""cross_field_partial_match""]",False,[],[],weak_success,"{""exact_dense_rrf"": {""best_rank"": 8, ""first_hit_turn"": 1, ""hit"": true}, ""exact_field_aware_bm25_rrf"": {""best_rank"": 9, ""first_hit_turn"": 2, ""hit"": true}, ""exact_generic_field_dense_rrf"": {""best_rank"": 9, ""first_hit_turn"": 2, ""hit"": true}, ""exact_only"": {""best_rank"": 9, ""first_hit_turn"": 2, ""hit"": true}, ""exact_stateful_bm25_rrf"": {""best_rank"": 9, ""first_hit_turn"": 2, ""hit"": true}}","{""exact_dense_rrf"": 0, ""exact_field_aware_bm25_rrf"": 0, ""exact_generic_field_dense_rrf"": 0, ""exact_only"": 0, ""exact_stateful_bm25_rrf"": 0}",[],2,[],"[""rayon"", ""95% Rayon, 5% Spandex"", ""Pull On closure""]",10,10,False,[],buying,B09WR1NZ48,"[""Hand Wash Only""]",Tees & Blouses T-Shirts,public_0194,evaluation,[],"{""exact_only"": {""best_rank"": 9, ""first_hit_turn"": 2, ""hit"": true}, ""exact_stateful_xtr_warp_rrf"": {""best_rank"": 9, ""first_hit_turn"": 2, ""hit"": true}, ""experiment_07_exact_stateful_bm25_rrf"": {""best_rank"": 9, ""first_hit_turn"": 2, ""hit"": true}}",False,False
"[""rayon"", ""100% Rayon""]","{""average_prior_rating"": 3.0, ""preference_tags"": [""material"", ""fit""], ""purchase_frequency"": ""3-4 prior purchases"", ""rating_style"": ""critical"", ""summary"": ""Prior purchases emphasize material, fit; ratings are critical.""}",1,False,"{""bm25"": 4, ""dense"": null, ""exact"": 6, ""field_aware"": null}","[""rayon"", ""100% Rayon""]",6,False,True,False,"[{""evidence"": ""rayon"", ""fields"": {""categories"": {""current_exact"": false, ""evidence_token_count"": 1, ""matched_token_count"": 0, ""matched_tokens"": [], ""nfkc_casefold_punctuation_exact"": false, ""source"": ""catalog_metadata"", ""token_coverage"": 0.0}, ""description"": {""current_exact"": false, ""evidence_token_count"": 1, ""matched_token_count"": 0, ""matched_tokens"": [], ""nfkc_casefold_punctuation_exact"": false, ""source"": ""catalog_metadata"", ""token_coverage"": 0.0}, ""details"": {""current_exact"": false, ""evidence_token_count"": 1, ""matched_token_count"": 0, ""matched_tokens"": [], ""nfkc_casefold_punctuation_exact"": false, ""source"": ""catalog_metadata"", ""token_coverage"": 0.0}, ""features"": {""current_exact"": true, ""evidence_token_count"": 1, ""matched_token_count"": 1, ""matched_tokens"": [""rayon""], ""nfkc_casefold_punctuation_exact"": true, ""source"": ""catalog_metadata"", ""token_coverage"": 1.0}, ""price"": {""current_exact"": false, ""evidence_token_count"": 1, ""matched_token_count"": 0, ""matched_tokens"": [], ""nfkc_casefold_punctuation_exact"": false, ""source"": ""synthetic_price"", ""token_coverage"": 0.0}, ""store"": {""current_exact"": false, ""evidence_token_count"": 1, ""matched_token_count"": 0, ""matched_tokens"": [], ""nfkc_casefold_punctuation_exact"": false, ""source"": ""catalog_metadata"", ""token_coverage"": 0.0}, ""title"": {""current_exact"": false, ""evidence_token_count"": 1, ""matched_token_count"": 0, ""matched_tokens"": [], ""nfkc_casefold_punctuation_exact"": false, ""source"": ""catalog_metadata"", ""token_coverage"": 0.0}}}, {""evidence"": ""100% Rayon"", ""fields"": {""categories"": {""current_exact"": false, ""evidence_token_count"": 2, ""matched_token_count"": 0, ""matched_tokens"": [], ""nfkc_casefold_punctuation_exact"": false, ""source"": ""catalog_metadata"", ""token_coverage"": 0.0}, ""description"": {""current_exact"": false, ""evidence_token_count"": 2, ""matched_token_count"": 0, ""matched_tokens"": [], ""nfkc_casefold_punctuation_exact"": false, ""source"": ""catalog_metadata"", ""token_coverage"": 0.0}, ""details"": {""current_exact"": false, ""evidence_token_count"": 2, ""matched_token_count"": 0, ""matched_tokens"": [], ""nfkc_casefold_punctuation_exact"": false, ""source"": ""catalog_metadata"", ""token_coverage"": 0.0}, ""features"": {""current_exact"": true, ""evidence_token_count"": 2, ""matched_token_count"": 2, ""matched_tokens"": [""100"", ""rayon""], ""nfkc_casefold_punctuation_exact"": true, ""source"": ""catalog_metadata"", ""token_coverage"": 1.0}, ""price"": {""current_exact"": false, ""evidence_token_count"": 2, ""matched_token_count"": 0, ""matched_tokens"": [], ""nfkc_casefold_punctuation_exact"": false, ""source"": ""synthetic_price"", ""token_coverage"": 0.0}, ""store"": {""current_exact"": false, ""evidence_token_count"": 2, ""matched_token_count"": 0, ""matched_tokens"": [], ""nfkc_casefold_punctuation_exact"": false, ""source"": ""catalog_metadata"", ""token_coverage"": 0.0}, ""title"": {""current_exact"": false, ""evidence_token_count"": 2, ""matched_token_count"": 0, ""matched_tokens"": [], ""nfkc_casefold_punctuation_exact"": false, ""source"": ""catalog_metadata"", ""token_coverage"": 0.0}}}]",3,6,3,"[""ambiguous_exact_evidence"", ""ranking_failure"", ""cross_field_partial_match""]",False,[],[],weak_success,"{""exact_dense_rrf"": {""best_rank"": 1, ""first_hit_turn"": 3, ""hit"": true}, ""exact_field_aware_bm25_rrf"": {""best_rank"": 1, ""first_hit_turn"": 3, ""hit"": true}, ""exact_generic_field_dense_rrf"": {""best_rank"": 1, ""first_hit_turn"": 3, ""hit"": true}, ""exact_only"": {""best_rank"": 6, ""first_hit_turn"": 2, ""hit"": true}, ""exact_stateful_bm25_rrf"": {""best_rank"": 1, ""first_hit_turn"": 2, ""hit"": true}}","{""exact_dense_rrf"": -5, ""exact_field_aware_bm25_rrf"": -5, ""exact_generic_field_dense_rrf"": -5, ""exact_only"": 0, ""exact_stateful_bm25_rrf"": 5}",[],2,[],"[""rayon"", ""100% Rayon""]",18,18,True,"[""highest_exact_match_tier_exceeds_top_10""]",browsing,B072M4K5LF,"[""Pull On closure"", ""100%Rayon""]",Tees & Blouses Blouses & Button-Down Shirts,public_0195,evaluation,[],"{""exact_only"": {""best_rank"": 6, ""first_hit_turn"": 2, ""hit"": true}, ""exact_stateful_xtr_warp_rrf"": {""best_rank"": 6, ""first_hit_turn"": 2, ""hit"": true}, ""experiment_07_exact_stateful_bm25_rrf"": {""best_rank"": 1, ""first_hit_turn"": 2, ""hit"": true}}",False,False
"[""cotton"", ""Imported"", ""Machine Wash""]","{""average_prior_rating"": 5.0, ""preference_tags"": [""material"", ""fit""], ""purchase_frequency"": ""3-4 prior purchases"", ""rating_style"": ""usually positive"", ""summary"": ""Prior purchases emphasize material, fit; ratings are usually positive.""}",1,False,"{""bm25"": 8, ""dense"": null, ""exact"": 9, ""field_aware"": 9}","[""cotton"", ""Imported"", ""Machine Wash""]",9,False,True,False,"[{""evidence"": ""cotton"", ""fields"": {""categories"": {""current_exact"": false, ""evidence_token_count"": 1, ""matched_token_count"": 0, ""matched_tokens"": [], ""nfkc_casefold_punctuation_exact"": false, ""source"": ""catalog_metadata"", ""token_coverage"": 0.0}, ""description"": {""current_exact"": false, ""evidence_token_count"": 1, ""matched_token_count"": 0, ""matched_tokens"": [], ""nfkc_casefold_punctuation_exact"": false, ""source"": ""catalog_metadata"", ""token_coverage"": 0.0}, ""details"": {""current_exact"": false, ""evidence_token_count"": 1, ""matched_token_count"": 0, ""matched_tokens"": [], ""nfkc_casefold_punctuation_exact"": false, ""source"": ""catalog_metadata"", ""token_coverage"": 0.0}, ""features"": {""current_exact"": true, ""evidence_token_count"": 1, ""matched_token_count"": 1, ""matched_tokens"": [""cotton""], ""nfkc_casefold_punctuation_exact"": true, ""source"": ""catalog_metadata"", ""token_coverage"": 1.0}, ""price"": {""current_exact"": false, ""evidence_token_count"": 1, ""matched_token_count"": 0, ""matched_tokens"": [], ""nfkc_casefold_punctuation_exact"": false, ""source"": ""synthetic_price"", ""token_coverage"": 0.0}, ""store"": {""current_exact"": false, ""evidence_token_count"": 1, ""matched_token_count"": 0, ""matched_tokens"": [], ""nfkc_casefold_punctuation_exact"": false, ""source"": ""catalog_metadata"", ""token_coverage"": 0.0}, ""title"": {""current_exact"": true, ""evidence_token_count"": 1, ""matched_token_count"": 1, ""matched_tokens"": [""cotton""], ""nfkc_casefold_punctuation_exact"": true, ""source"": ""catalog_metadata"", ""token_coverage"": 1.0}}}, {""evidence"": ""Imported"", ""fields"": {""categories"": {""current_exact"": false, ""evidence_token_count"": 1, ""matched_token_count"": 0, ""matched_tokens"": [], ""nfkc_casefold_punctuation_exact"": false, ""source"": ""catalog_metadata"", ""token_coverage"": 0.0}, ""description"": {""current_exact"": false, ""evidence_token_count"": 1, ""matched_token_count"": 0, ""matched_tokens"": [], ""nfkc_casefold_punctuation_exact"": false, ""source"": ""catalog_metadata"", ""token_coverage"": 0.0}, ""details"": {""current_exact"": false, ""evidence_token_count"": 1, ""matched_token_count"": 0, ""matched_tokens"": [], ""nfkc_casefold_punctuation_exact"": false, ""source"": ""catalog_metadata"", ""token_coverage"": 0.0}, ""features"": {""current_exact"": true, ""evidence_token_count"": 1, ""matched_token_count"": 1, ""matched_tokens"": [""imported""], ""nfkc_casefold_punctuation_exact"": true, ""source"": ""catalog_metadata"", ""token_coverage"": 1.0}, ""price"": {""current_exact"": false, ""evidence_token_count"": 1, ""matched_token_count"": 0, ""matched_tokens"": [], ""nfkc_casefold_punctuation_exact"": false, ""source"": ""synthetic_price"", ""token_coverage"": 0.0}, ""store"": {""current_exact"": false, ""evidence_token_count"": 1, ""matched_token_count"": 0, ""matched_tokens"": [], ""nfkc_casefold_punctuation_exact"": false, ""source"": ""catalog_metadata"", ""token_coverage"": 0.0}, ""title"": {""current_exact"": false, ""evidence_token_count"": 1, ""matched_token_count"": 0, ""matched_tokens"": [], ""nfkc_casefold_punctuation_exact"": false, ""source"": ""catalog_metadata"", ""token_coverage"": 0.0}}}, {""evidence"": ""Machine Wash"", ""fields"": {""categories"": {""current_exact"": false, ""evidence_token_count"": 2, ""matched_token_count"": 0, ""matched_tokens"": [], ""nfkc_casefold_punctuation_exact"": false, ""source"": ""catalog_metadata"", ""token_coverage"": 0.0}, ""description"": {""current_exact"": false, ""evidence_token_count"": 2, ""matched_token_count"": 0, ""matched_tokens"": [], ""nfkc_casefold_punctuation_exact"": false, ""source"": ""catalog_metadata"", ""token_coverage"": 0.0}, ""details"": {""current_exact"": false, ""evidence_token_count"": 2, ""matched_token_count"": 0, ""matched_tokens"": [], ""nfkc_casefold_punctuation_exact"": false, ""source"": ""catalog_metadata"", ""token_coverage"": 0.0}, ""features"": {""current_exact"": true, ""evidence_token_count"": 2, ""matched_token_count"": 2, ""matched_tokens"": [""machine"", ""wash""], ""nfkc_casefold_punctuation_exact"": true, ""source"": ""catalog_metadata"", ""token_coverage"": 1.0}, ""price"": {""current_exact"": false, ""evidence_token_count"": 2, ""matched_token_count"": 0, ""matched_tokens"": [], ""nfkc_casefold_punctuation_exact"": false, ""source"": ""synthetic_price"", ""token_coverage"": 0.0}, ""store"": {""current_exact"": false, ""evidence_token_count"": 2, ""matched_token_count"": 0, ""matched_tokens"": [], ""nfkc_casefold_punctuation_exact"": false, ""source"": ""catalog_metadata"", ""token_coverage"": 0.0}, ""title"": {""current_exact"": false, ""evidence_token_count"": 2, ""matched_token_count"": 0, ""matched_tokens"": [], ""nfkc_casefold_punctuation_exact"": false, ""source"": ""catalog_metadata"", ""token_coverage"": 0.0}}}]",4,9,4,"[""ambiguous_exact_evidence"", ""ranking_failure"", ""cross_field_partial_match""]",False,[],[],weak_success,"{""exact_dense_rrf"": {""best_rank"": 7, ""first_hit_turn"": 1, ""hit"": true}, ""exact_field_aware_bm25_rrf"": {""best_rank"": 6, ""first_hit_turn"": 1, ""hit"": true}, ""exact_generic_field_dense_rrf"": {""best_rank"": 5, ""first_hit_turn"": 1, ""hit"": true}, ""exact_only"": {""best_rank"": 9, ""first_hit_turn"": 2, ""hit"": true}, ""exact_stateful_bm25_rrf"": {""best_rank"": 5, ""first_hit_turn"": 2, ""hit"": true}}","{""exact_dense_rrf"": 8, ""exact_field_aware_bm25_rrf"": 7, ""exact_generic_field_dense_rrf"": 7, ""exact_only"": 0, ""exact_stateful_bm25_rrf"": 4}",[],2,[],"[""cotton"", ""Imported"", ""Machine Wash""]",22,22,True,"[""highest_exact_match_tier_exceeds_top_10""]",buying,B089M57PSQ,"[""100% Cotton Size:3T (2-3), 4T (3-4), 5 (5-6), 6 (6-7), 8 (7-8), 10 (9-10), 12 (10-12)""]",Underwear Briefs,public_0199,evaluation,[],"{""exact_only"": {""best_rank"": 9, ""first_hit_turn"": 2, ""hit"": true}, ""exact_stateful_xtr_warp_rrf"": {""best_rank"": 6, ""first_hit_turn"": 2, ""hit"": true}, ""experiment_07_exact_stateful_bm25_rrf"": {""best_rank"": 5, ""first_hit_turn"": 2, ""hit"": true}}",False,False
