fixture_id,universe,rank,product_id,title,categories,embedded_features,price,coordinate,component,side
u2_override_s9_final,m0_full_catalogue,1,B09Q8VNLML,Tops for Women Casual Summer Short Sleeve Loose Fit Tee Shirts Dressy Blue L,"[""Clothing, Shoes & Jewelry"", ""Women"", ""Clothing"", ""Tops, Tees & Blouses"", ""Tunics""]","[""65% Rayon, 35% Polyester"", ""进口"", ""Drawstring closure""]",,-0.7207023319707311,1,negative
u2_override_s9_final,m0_full_catalogue,2,B07LB2S44R,Loose Plain Maxi Dresses Women's Short Sleeve Casual Long Dresses with Pockets,"[""Clothing, Shoes & Jewelry"", ""Women"", ""Clothing"", ""Lingerie, Sleep & Lounge"", ""Lingerie"", ""Bras""]","[""Hand Wash Only"", ""tops for women ruffle tops for women women blouses and tops fashion sexy tops for women ribbed tank tops for women bohemian tops for women tunic tank tops for women strapless tops for women going out tops for women yoga tank tops for women tank tops for women plus size lace tank tops for women cute tank tops for women red tank tops for women running tank tops for women sexy tank tops for women work"", ""t shirt women cotton t shirt dresses for women camo t shirt women blue t shirt women long t shirt for women queen t shirt women north face t shirt women gray t shirt women t shirt midi dresses for women v neck white t shirt women long sleeve white t shirt women t shirt women graphic sleeveless t shirt dresses for women t shirt tunics for women women baggy fit short sleeve t shirt brown t shirt women navy""]",,-0.7005179394034506,1,negative
u2_override_s9_final,m0_full_catalogue,3,B07CMTD5WL,Women Summer V Neck Short Sleeve Floral Irregular Hem Asymmetrical Tunic Shirt,"[""Clothing, Shoes & Jewelry"", ""Women"", ""Clothing"", ""Tops, Tees & Blouses"", ""T-Shirts""]","[""Pull On closure"", ""Hang to dry"", ""Material:95% Polyester, 5% Spandex£»Very comfortable and lightweight£¬breathable£»""]",,-0.6965704950696825,1,negative
u2_override_s9_final,m0_full_catalogue,4,B07F6C2FKW,Casual Tshirt Dresses for Women Boho Sundress Floral Tank Sleeveless Swing Dress 2XL White,"[""Clothing, Shoes & Jewelry"", ""Under $30""]","[""Pull On closure""]",,-0.6888012769746247,1,negative
u2_override_s9_final,m0_full_catalogue,5,B089GHN8TN,Summer Graphic Tees Sleeveless Tops Casual Loose Camo Tie Dye Ruffle Tank Tops Shirts for Women,"[""Clothing, Shoes & Jewelry"", ""Women"", ""Clothing"", ""Tops, Tees & Blouses"", ""Tanks & Camis""]","[""Spandex,Rayon"", ""Drawstring closure"", ""Do Not Bleach""]",,-0.682558730625534,1,negative
u2_override_s9_final,m0_full_catalogue,1,B00IJZZWGA,"BRIGHT STAR Low Cut Ankle Socks For Women - 30 Pairs of Athletic Socks For Running, Workout, Sports","[""Clothing, Shoes & Jewelry"", ""Women"", ""Clothing"", ""Active"", ""Athletic Socks""]","[""Cotton"", ""Imported"", ""Machine Wash""]",23.99,-0.2894281844605629,1,positive
u2_override_s9_final,m0_full_catalogue,2,B00IK28QG0,BRIGHT STAR Multi Sport Big Girls Low Cut Flat Knit Fashion Socks (10 Pairs) 0.69 a PAIR Size 7-9,"[""Clothing, Shoes & Jewelry"", ""Girls"", ""Clothing"", ""Socks & Tights"", ""Casual & Dress Socks"", ""Liners & Ankle Socks""]","[""97% Polyester, 3% Other Fibers"", ""Imported"", ""Fabric Contents: 97% Polyester 2% Spanndex 1% Elastic""]",,-0.29599926858559394,1,positive
u2_override_s9_final,m0_full_catalogue,3,B008PNGL66,Keds Women's Champion Seasonal Brights Fashion Sneaker,"[""Clothing, Shoes & Jewelry"", ""Women"", ""Shoes"", ""Fashion Sneakers""]","[""100% Cotton"", ""Imported"", ""Rubber sole""]",,-0.3086342428990487,1,positive
u2_override_s9_final,m0_full_catalogue,4,B078JFBYBK,TATYZ Women Bright Color Organic Cotton and Genuine Leather Trapezium Single Handle Summer Tote Bag (Lime green),"[""Clothing, Shoes & Jewelry"", ""Women"", ""Handbags & Wallets"", ""Top-Handle Bags""]","[""This elegant minimalistic design tote bag are made carefully in Thailand from thick and durable 22 Oz 100% stone-washed cotton canvas and 100% genuine leather. No synthetic or PU material used."", ""Wide range of bright juicy colors. Perfect for summer"", ""Magnetic snap fastening on top. Featured front and back outer triangle pockets with magnetic snap button and hidden zip pocket""]",,-0.32611719124888705,1,positive
u2_override_s9_final,m0_full_catalogue,5,B00R8L28CW,Corkys Dance Sneaker Bright Multi (8),"[""Clothing, Shoes & Jewelry"", ""Women"", ""Shoes"", ""Oxfords""]",[],,-0.3284461277083879,1,positive
u2_override_s9_final,m0_full_catalogue,1,B0B7JB5BWB,Women's Funny Letter Tee Top Casual Loose T-Shirt Summer O Neck Shirt T-Shirt Cute Shirts,"[""Clothing, Shoes & Jewelry"", ""Women"", ""Clothing"", ""Tops, Tees & Blouses"", ""T-Shirts""]","[""Cotton Blended& Polyester"", ""Pull On closure"", ""Machine Wash""]",15.99,-0.3174107249789909,2,negative
u2_override_s9_final,m0_full_catalogue,2,B09JSRMBBM,Christmas T Shirt Womens Letter Printed Long Short Sleeve Tops Holiday Shirt Christmas Tree Tee Shirts,"[""Clothing, Shoes & Jewelry"", ""Women"", ""Clothing"", ""Tops, Tees & Blouses"", ""T-Shirts""]","[""100% Spandex"", ""Pull On closure"", ""❤️【FASHION DESIGN】- Merry and bright letters printed tee, funny and cute letters,classical round neck. Casual style, this christmas top shirt will make you more attractive,more fashionable.""]",9.99,-0.2961130906034511,2,negative
u2_override_s9_final,m0_full_catalogue,3,B09WMDYB5Z,Women's Casual Blouse Elegant Office Chiffon Tops Fleece Sweatshirts Tshirts,"[""Clothing, Shoes & Jewelry"", ""Women"", ""Clothing"", ""Tops, Tees & Blouses"", ""T-Shirts""]","[""100% Cotton"", ""美国制造"", ""Pull On closure""]",,-0.29178138065055154,2,negative
u2_override_s9_final,m0_full_catalogue,4,B07KNRH5QB,Women Animal Bear Tops Graphic Cute Funny Saying Cotton T-Shirt Tees Army Green XL,"[""Clothing, Shoes & Jewelry"", ""Women"", ""Clothing"", ""Tops, Tees & Blouses"", ""T-Shirts""]","[""100% Cotton"", ""Pull On closure""]",,-0.289966038959849,2,negative
u2_override_s9_final,m0_full_catalogue,5,B06XCX24JS,AOMEI Women's Cotton Round Neck Short Sleeve Striped Tee Shirts Tops T-Shirt,"[""Clothing, Shoes & Jewelry"", ""Women"", ""Clothing"", ""Tops, Tees & Blouses"", ""T-Shirts""]","[""100% Cotton"", ""Imported"", ""Pull On closure""]",17.8,-0.2865666970133121,2,negative
u2_override_s9_final,m0_full_catalogue,1,B084GG69PT,Women's Casual Summer Maxi Dress - Tropical Floral Print Boho Flowy Long One Piece Beach Party Sundress,"[""Clothing, Shoes & Jewelry"", ""Women"", ""Clothing"", ""Dresses""]","[""97% Polyester, 3% Spandex"", ""Made in USA"", ""Tie closure""]",,0.3312928729928829,2,positive
u2_override_s9_final,m0_full_catalogue,2,B08F5G843H,YESNO Summer Dresses for Women Casual Loose Bohemian Floral Dress with Pockets Spaghetti Strap Maxi Dress E75,"[""Clothing, Shoes & Jewelry"", ""Women"", ""Clothing"", ""Dresses"", ""Casual""]","[""Fabric: 100% Cotton, Soft, Comfy, Breathable and keep you cool;"", ""Imported"", ""Pull On closure""]",39.99,0.31899598679047203,2,positive
u2_override_s9_final,m0_full_catalogue,3,B06Y52LB7F,Hotgirldress Women's Bohemian Style Waist Band Cotton Maxi Skirt Dress,"[""Clothing, Shoes & Jewelry"", ""Women"", ""Clothing"", ""Skirts""]","[""Linen,Cotton"", ""Elastic closure"", ""Kind Notice: ONE Size doesn't fit all: waist stretch range 23\""- 33\"", 3 lengths for size option: 85cm/95CM - 33\""/37\""/, Bottom hem: 24ft (Model in picture: Height/weight 162CM/45KG (5'4\""/100LB); BWH:80/61/85 - wears 85CM) If you are similar with the model, choose 85CM-length, if you are between 165-175CM, please choose 95CM""]",,0.3159000438244633,2,positive
u2_override_s9_final,m0_full_catalogue,4,B07WLM4LMQ,BONYA Women Bohemian Colorful Patchwork Smocked Bust Spaghetti Maxi Dress,"[""Clothing, Shoes & Jewelry"", ""Women"", ""Clothing"", ""Dresses""]","[""100% Rayon"", ""Imported"", ""Adorable boho colorful patchwork smocked bust maxi dress""]",,0.3145063727601778,2,positive
u2_override_s9_final,m0_full_catalogue,5,B08YNWK2VP,Women’s V Neck Maxi Boho Dress Floral Print,"[""Clothing, Shoes & Jewelry"", ""Women"", ""Clothing"", ""Dresses"", ""Club & Night Out""]","[""100% Rayon Fabric Dresses for Womens"", ""Imported"", ""Rayon lining""]",,0.31199267182221235,2,positive
u2_override_s9_final,m0_full_catalogue,1,B088YP2LW8,Hcaixing Women's Mid Waist Cotton Underwear Soft Breathable panties(5 Pack),"[""Clothing, Shoes & Jewelry"", ""Women"", ""Clothing"", ""Lingerie, Sleep & Lounge"", ""Lingerie"", ""Panties"", ""Briefs""]","[""95% Cotton, 5% Spandex"", ""Machine Wash"", ""HIGH QUALITY COTTON FABRIC； These mid-high waisted cotton underwear are made of 95% organic cotton and 5% spandex. solid and high elastic,soft and breathable,colors are bright and shinning,colors never fade.""]",16.99,-0.42772620272899353,3,negative
u2_override_s9_final,m0_full_catalogue,2,B09P32NQ8V,Pirhosigma Ladies Briefs Women's Underwear Panty Panties Comfort Cool Soft Cotton 3 pack in 3 colors Color Contrast Style,"[""Clothing, Shoes & Jewelry"", ""Women"", ""Clothing"", ""Lingerie, Sleep & Lounge"", ""Lingerie"", ""Panties"", ""Briefs""]","[""100% Cotton"", ""Machine Wash"", ""95% Cotton, 5% Spandex""]",,-0.427029121192291,3,negative
u2_override_s9_final,m0_full_catalogue,3,B0897FWZG1,Cotton Underwear For Women Seamless Bikini Panties Calzones De Mujer 6-pack,"[""Clothing, Shoes & Jewelry"", ""Women"", ""Clothing"", ""Lingerie, Sleep & Lounge"", ""Lingerie"", ""Panties"", ""Bikinis""]","[""Womens Cotton Bikini Underwear Body: 95% Cotton, 5% Spandex"", ""Machine Wash"", ""PREMIUM WOMEN’S UNDERWEAR: Soft cotton underwear with moderate colors combine cutting-edge fashion and comfortable function, let it become a good choice underwear for women. Our cotton panties with simple design which is perfect for any occasion, let you to focus on your workout, keeps you comfy wearing all day & night""]",,-0.39335274804115655,3,negative
u2_override_s9_final,m0_full_catalogue,4,B07WTC11SR,ROCHVIE Underwear for Women Cotton Panties Full Coverage Soft Womens Underwear Briefs,"[""Clothing, Shoes & Jewelry"", ""Women"", ""Clothing"", ""Lingerie, Sleep & Lounge"", ""Lingerie"", ""Panties"", ""Briefs""]","[""100% Cotton"", ""Machine Wash"", ""❤95% Cotton, 5% Spandex of Women's Underwear Multipack. Beautiful colors. Machine Wash with laundry bag""]",,-0.3918172154895549,3,negative
u2_override_s9_final,m0_full_catalogue,5,B07XXMJ4JV,"OLIKEME Women's Soft Cotton Underwear Panties,Ladies Mid-Waist Comfortable Hipster Hipster Underwear Women 2 Pack,Multicolored XXL","[""Clothing, Shoes & Jewelry"", ""Women"", ""Clothing"", ""Lingerie, Sleep & Lounge"", ""Lingerie"", ""Panties"", ""Briefs""]","[""100% Cotton"", ""Hand Wash Only"", ""1.❀❀100% SATISFACTION CUSTOMER SERVICE❀❀ If you receive the Wrong Size/Wrong items/Defective Product, please feel free to contact us for refund/replacement. And we desire to know your true ideas of all details about the items, so that we can do better at products&service.""]",,-0.3841611842144898,3,negative
u2_override_s9_final,m0_full_catalogue,1,B089SKM4RR,Casual Tshirt Dresses for Women Boho Sundress Floral Tank Sleeveless Swing Dress 2XL Sun Floral1 New,"[""Clothing, Shoes & Jewelry"", ""Women"", ""Clothing"", ""Swimsuits & Cover Ups"", ""Cover-Ups""]","[""Material:Polyester.Light weight Soft and Comfortable"", ""Sundresses for women with two side hidden pockets,casual summer dress,round-neck,midi knee length,sleeveless casual loose style,A-line t-shirt dress"", ""Sunflower Tunic shirt dresses for women with soft and stretchy fabric makes it light and ideal for summer,autumn""]",,0.2320797453574382,3,positive
u2_override_s9_final,m0_full_catalogue,2,B09YLMJ2DF,Tops for Women Casual Summer 3/4 Sleeve Button Down Loose Fit Shirts Trendy Floral Print Tunic Tees Blouses,"[""Clothing, Shoes & Jewelry"", ""Women"", ""Clothing"", ""Tops, Tees & Blouses"", ""Tunics""]","[""womens tops"", ""▶women clothing on sales clearance big promotion"", ""🌸Size: Recommend 1-2 size up.To choose the right size, please refer to the size chart in the image.""]",5.99,0.2063168618534253,3,positive
u2_override_s9_final,m0_full_catalogue,3,B09C7TT7JV,"Womens Summer Tops Dressy Casual, Shirts for Women, Womens Short Sleeve Tops, Women's Fashion V Neck Solid T Shirts Loose Fit Tunic Casual Summer Top Blouses Shirts","[""Clothing, Shoes & Jewelry"", ""Women"", ""Clothing"", ""Tops, Tees & Blouses"", ""T-Shirts""]","[""womens tops dressy casual"", ""Gifts for Women/Mom🔥🔥🔥 Gibbself Store 2022 Summer Deals Big Clearance🔥🔥🔥😍😍Buy 2 get 8% off, Buy 3 get 12% off, Buy 4 get 15% off, Buy 5 get 20% off."", ""🌈🌈【SHIPPING INFORMATION】Expedited Shipping: 3-7 Days. Standard shipping:10-20 Days.""]",6.89,0.2005312356913977,3,positive
u2_override_s9_final,m0_full_catalogue,4,B07B7DVG81,"DREAMLOVER Womens Summer Floral Print T-Shirt Sleeveless Casual Blouses, Yellow, Small","[""Clothing, Shoes & Jewelry"", ""Women"", ""Clothing"", ""Tops, Tees & Blouses"", ""Blouses & Button-Down Shirts""]","[""Do Not Bleach""]",,0.1915967316045908,3,positive
u2_override_s9_final,m0_full_catalogue,5,B07CMTD5WL,Women Summer V Neck Short Sleeve Floral Irregular Hem Asymmetrical Tunic Shirt,"[""Clothing, Shoes & Jewelry"", ""Women"", ""Clothing"", ""Tops, Tees & Blouses"", ""T-Shirts""]","[""Pull On closure"", ""Hang to dry"", ""Material:95% Polyester, 5% Spandex£»Very comfortable and lightweight£¬breathable£»""]",,0.18782614373520026,3,positive
u2_override_s9_final,m0_full_catalogue,1,B07C8FM56N,Men's 3 Pairs Hipster Colorful Rainbow Stripe Artistic Crew Dress Socks,"[""Clothing, Shoes & Jewelry"", ""Men"", ""Clothing"", ""Socks & Hosiery"", ""Socks""]","[""Polyester,Spandex"", ""Tumble Dry,Machine Wash"", ""Color Assorted 3 Pairs Crew Socks Per Pack""]",,-0.34508286838179736,4,negative
u2_override_s9_final,m0_full_catalogue,2,B0762JQ7LX,Women Tie Dye Athletic Sock Women Cotton Sock 3 Pairs Pack,"[""Clothing, Shoes & Jewelry"", ""Women"", ""Clothing"", ""Socks & Hosiery"", ""Socks""]","[""75%Cotton 22%Nylon 3%Spandex"", ""Imported"", ""Machine Wash""]",,-0.3119086357580257,4,negative
u2_override_s9_final,m0_full_catalogue,3,B01N5OJ07E,Free Your Mind. Bright Rainbow Tie-Dye Graphic Unisex Tee,"[""Clothing, Shoes & Jewelry"", ""Women"", ""Clothing"", ""Tops, Tees & Blouses"", ""T-Shirts""]","[""100% Cotton"", ""Drawstring closure"", ""Machine Wash""]",,-0.31068516856222267,4,negative
u2_override_s9_final,m0_full_catalogue,4,B08FHRTQDK,"Tie Dye T-Shirt Women Sunflower Print Funny Graphic Tee Summer Casual Short Sleeve Shirt Tops (As Shown, Large)","[""Clothing, Shoes & Jewelry"", ""Women"", ""Clothing"", ""Tops, Tees & Blouses"", ""T-Shirts""]","[""Pull On closure"", ""Hand Wash Only""]",,-0.3078687946756692,4,negative
u2_override_s9_final,m0_full_catalogue,5,B07SLF1JFQ,Morning Drawer Unisex Fun Socks - Colorful Funny Novelty Crazy Crew Socks Packs,"[""Clothing, Shoes & Jewelry"", ""Novelty & More"", ""Clothing"", ""Novelty"", ""Women"", ""Socks & Hosiery"", ""Socks""]","[""Polyester,Spandex"", ""80% Polyester/17% Spandex/3% Rubber | Made in Mexico"", ""Machine Wash""]",6.49,-0.2909631296746516,4,negative
u2_override_s9_final,m0_full_catalogue,1,B08C24HS58,"Women Flannel Shirt with Long Sleeves, Pure Cotton Plaid Button Clothing","[""Clothing, Shoes & Jewelry"", ""Women"", ""Clothing"", ""Tops, Tees & Blouses"", ""Blouses & Button-Down Shirts""]","[""100% Cotton"", ""Button closure"", ""Fabric: Pure Cotton""]",,0.3108480705749367,4,positive
u2_override_s9_final,m0_full_catalogue,2,B08Z3GRRZS,SCOFEEL Women's Cotton Linen Shirts Retro Chinese Frog Button Tops Blouse with Jacquard Azure,"[""Clothing, Shoes & Jewelry"", ""Westlake""]","[""Button closure"", ""Wash cold""]",,0.2652488152487499,4,positive
u2_override_s9_final,m0_full_catalogue,3,B098R3VXP6,Women's Casual Linen Long Blouses Tops Button Down Shirts Cotton Shirt Dresses Tops with Pockets,"[""Clothing, Shoes & Jewelry"", ""Women"", ""Clothing"", ""Tops, Tees & Blouses"", ""Blouses & Button-Down Shirts""]","[""Linen,Polyester,Cotton"", ""Button closure"", ""Material: 50Percent Polyester+10Percent Cotton, soft, comfortable, breathable, skin-friendly, comfy to touch and wear, makes you feeling well.breathable material,comfy to wear.""]",,0.2638664592339432,4,positive
u2_override_s9_final,m0_full_catalogue,4,B01LZ37Y4F,CHICFOR Women's Loose Casual Long Sleeve Cotton Shirt Tunic Tops Blouse,"[""Clothing, Shoes & Jewelry"", ""Women"", ""Clothing"", ""Tops, Tees & Blouses"", ""Blouses & Button-Down Shirts""]","[""100% Cotton"", ""Hand Wash Only"", ""NOTICE: Asia Size!!! Before order, please refer to ourself size chart.(NOT the Amazon size chart or USA size)Or the item you received may be smaller than you expected.""]",12.99,0.2482524807530514,4,positive
u2_override_s9_final,m0_full_catalogue,5,B08DLGP3VF,"SCOFEEL Women's Cotton Linen Shirts Retro Chinese Frog Button Tops Blouse with Jacquard (XX-Large, Pink)","[""Clothing, Shoes & Jewelry"", ""Westlake""]","[""100% Cotton"", ""Button closure"", ""Wash cold""]",,0.24822870092290972,4,positive
u2_override_s9_final,m0_full_catalogue,1,B07CLTP3B4,Geometric Pink Patterns Patchwork Leggings for Women Large,"[""Clothing, Shoes & Jewelry"", ""Westlake""]",[],,-0.4026925357465116,5,negative
u2_override_s9_final,m0_full_catalogue,2,B01N5I9OX5,"Happy Trunks Women's Hippie Yoga Elephant Pants S M L 8 Colors - Harem Pants by (Medium, Blue Peacock)","[""Clothing, Shoes & Jewelry"", ""Westlake""]",[],,-0.3189637642936858,5,negative
u2_override_s9_final,m0_full_catalogue,3,B08VX64B53,PINKMARCO womens Casual,"[""Clothing, Shoes & Jewelry"", ""Westlake""]",[],,-0.31549576534559864,5,negative
u2_override_s9_final,m0_full_catalogue,4,B07FDLMDNX,Print Leggings for Women Plus Size Soft with Design Floral Cute Under Pants Black Lilac,"[""Clothing, Shoes & Jewelry"", ""Westlake""]",[],,-0.2991695625100415,5,negative
u2_override_s9_final,m0_full_catalogue,5,B01KZK4BIQ,Women's African Print Maxi Skirt Summer Beach Dress,"[""Clothing, Shoes & Jewelry"", ""Westlake""]","[""Importado""]",,-0.2943195596082429,5,negative
u2_override_s9_final,m0_full_catalogue,1,B071781N8X,Dorekim Women’s Sleeveless 100% Cotton Blue Sling Dress Embroidery With Lace At Collar Casual Nightshirt DK1994,"[""Clothing, Shoes & Jewelry"", ""Women"", ""Clothing"", ""Lingerie, Sleep & Lounge"", ""Sleep & Lounge"", ""Nightgowns & Sleepshirts""]","[""100% Cotton"", ""<b>100% COTTON FABRIC<b> - Super comfortable Pure cotton nightshirt in beautiful blue fabric. 100% cotton material makes the night shirt super soft and will not pill ball or deform."", ""<b>COMFORTABLE SLEEP<b> - Breathable ultra-lightweight soft night gown will keep you cool and comfortable throughout. This premium fabric is soft to the touch and easy to the skin.""]",,0.29971297407043196,5,positive
u2_override_s9_final,m0_full_catalogue,2,B0897FWZG1,Cotton Underwear For Women Seamless Bikini Panties Calzones De Mujer 6-pack,"[""Clothing, Shoes & Jewelry"", ""Women"", ""Clothing"", ""Lingerie, Sleep & Lounge"", ""Lingerie"", ""Panties"", ""Bikinis""]","[""Womens Cotton Bikini Underwear Body: 95% Cotton, 5% Spandex"", ""Machine Wash"", ""PREMIUM WOMEN’S UNDERWEAR: Soft cotton underwear with moderate colors combine cutting-edge fashion and comfortable function, let it become a good choice underwear for women. Our cotton panties with simple design which is perfect for any occasion, let you to focus on your workout, keeps you comfy wearing all day & night""]",,0.28676952896585234,5,positive
u2_override_s9_final,m0_full_catalogue,3,B09ZPTXMBY,"Casual Summer Dresses for Women - Women's Cotton Short Sleeve Dress with Tie Waist, V-Neck, A-Line","[""Clothing, Shoes & Jewelry"", ""Women"", ""Clothing"", ""Dresses""]","[""Made from 100% cotton, this lightweight casual dress is strong yet breathable, perfect for travel or a busy day."", ""Sustainably manufactured for Cleo Cora and imported."", ""Button closure""]",14.79,0.28568192625780814,5,positive
u2_override_s9_final,m0_full_catalogue,4,B071WDJYDH,Ezi Women's V-Neck Sleeveless Cotton-rich Lingerie Nightgown,"[""Clothing, Shoes & Jewelry"", ""Women"", ""Clothing"", ""Lingerie, Sleep & Lounge"", ""Sleep & Lounge"", ""Nightgowns & Sleepshirts""]","[""100% Cotton"", ""Imported"", ""Pull On closure""]",,0.2791308935892661,5,positive
u2_override_s9_final,m0_full_catalogue,5,B0895GRVYV,YATHON Casual Dresses for Women Sleeveless Cotton Summer Beach Dress A Line Spaghetti Strap Sundresses with Pockets,"[""Clothing, Shoes & Jewelry"", ""Women"", ""Clothing"", ""Dresses""]","[""COMFY SOFT STRETCHY MATERIAL : 65%Cotton,35%Polyester. Casual dresses for women is made from a lightweight and skin-touch, good stretchy soft fabric. Double-Layers on the top part, Not-see through."", ""进口"", ""Zipper closure""]",17.89,0.2623833673509119,5,positive
u2_override_s9_final,m0_full_catalogue,1,B073SDDC1Y,"Celebrate Shop Holiday Arcade Women's Colorblock Christmas Cotton Sweater (M, Charcoal Heather Gray)","[""Clothing, Shoes & Jewelry"", ""Women"", ""Clothing"", ""Sweaters"", ""Pullovers""]","[""100% Cotton""]",,-0.2729957613076459,6,negative
u2_override_s9_final,m0_full_catalogue,2,B09L815H4H,Womens Patchwork Stitching Floral Print Corduroy Shift Dress Midi Length 3/4 Sleeves Dresses for Women with Pockets Fall,"[""Clothing, Shoes & Jewelry"", ""Women"", ""Clothing"", ""Dresses"", ""Casual""]","[""Corduroy"", ""Machine Wash"", ""[NOTE]: Corduroy material, no elasticity at all, before order, please carefully read the Size Chart we provided in the pictures.And our size is smaller than the US size, it is recommended that you buy one or two sizes larger thanks! [WASHING INSTRUCTION ]: Machine wash, recommend with a laundry bag / Do Not Bleach / Hang or Line Dry.""]",,-0.2662644130330004,6,negative
u2_override_s9_final,m0_full_catalogue,3,B01879PLQ8,Clothink Women Color Block Cotton Long Sleeve Hoodie Sweatshirt Tops,"[""Clothing, Shoes & Jewelry"", ""Women"", ""Clothing"", ""Fashion Hoodies & Sweatshirts""]","[""60% Cotton, 40% Polyester"", ""Pull On closure"", ""We have modified clothing size according to customers' feedback, Please refer to the size measurement below before ordering""]",,-0.26534805769694264,6,negative
u2_override_s9_final,m0_full_catalogue,4,B07HKSNS4V,JO&JO Women Sweater Pullover Long Sleeves Coat Outwear Multicolour Warm Oversize,"[""Clothing, Shoes & Jewelry"", ""Women"", ""Clothing"", ""Sweaters"", ""Pullovers""]","[""Fashion cotton blends made long sleeve loose pullovers design suitable to wear in different season and occasions, easy to go and fit with other clothes"", ""It suits for outdoor, indoor, working, shopping, business, casual, ball, prom, wedding, party, club, festival, travelling, jogging, etc"", ""Special Christmas style, perfect Christmas gift""]",,-0.2531328106605444,6,negative
u2_override_s9_final,m0_full_catalogue,5,B07B7J5TB9,MCKOL Women Cocktail Cap Sleeve V Neck Striped Elegant Flare Dress,"[""Clothing, Shoes & Jewelry"", ""Women"", ""Clothing"", ""Dresses"", ""Casual""]","[""60% cotton 35% polyamide 5% spandex"", ""Pull On closure"", ""Machine Wash""]",,-0.2475248665888865,6,negative
u2_override_s9_final,m0_full_catalogue,1,B088M1K4YR,"CAIANFEN Womens Cotton Underwear High Waist Panties Hipter Compression Full Coverage Briefs Multipack X-Large,Multicoloured","[""Clothing, Shoes & Jewelry"", ""Westlake""]","[""Machine Wash""]",,0.31537735627277297,6,positive
u2_override_s9_final,m0_full_catalogue,2,B01N5I9OX5,"Happy Trunks Women's Hippie Yoga Elephant Pants S M L 8 Colors - Harem Pants by (Medium, Blue Peacock)","[""Clothing, Shoes & Jewelry"", ""Westlake""]",[],,0.2999669952453891,6,positive
u2_override_s9_final,m0_full_catalogue,3,B07TX7G1NZ,"OPIBOO Women's Cotton Underwear,Soft Underwear Women Briefs,Ladies Comfort Breathable Underwear Briefs Panties (Multicolored-4, Large)","[""Clothing, Shoes & Jewelry"", ""Westlake""]","[""Hand Wash Only""]",,0.283799279612224,6,positive
u2_override_s9_final,m0_full_catalogue,4,B083D9V8W4,"Buankoxy Women's Bikini Panties Breathable Low Rise Cotton Viscose Underwear(6, Multi Colors)","[""Clothing, Shoes & Jewelry"", ""Women"", ""Clothing"", ""Lingerie, Sleep & Lounge"", ""Lingerie"", ""Panties"", ""Bikinis""]","[""Hand Wash Only""]",,0.26654200955091906,6,positive
u2_override_s9_final,m0_full_catalogue,5,B072FTMJZ4,Ekouaer Women Cotton Breathable Thongs Briefs Tangas Sexy Ladies Panties Underwear 3 Pack Purple/Blue/Rose Red L,"[""Clothing, Shoes & Jewelry"", ""Women"", ""Clothing"", ""Lingerie, Sleep & Lounge"", ""Lingerie"", ""Panties""]","[""100% Cotton""]",,0.2551630472570973,6,positive
u2_override_s9_final,m0_full_catalogue,1,B088M1K4YR,"CAIANFEN Womens Cotton Underwear High Waist Panties Hipter Compression Full Coverage Briefs Multipack X-Large,Multicoloured","[""Clothing, Shoes & Jewelry"", ""Westlake""]","[""Machine Wash""]",,-0.2277857357018446,7,negative
u2_override_s9_final,m0_full_catalogue,2,B0792TWF7C,Wealurre Women's Cotton Thong Breathable Panties Low Rise Underwear,"[""Clothing, Shoes & Jewelry"", ""Women"", ""Clothing"", ""Lingerie, Sleep & Lounge"", ""Lingerie"", ""Panties"", ""G-Strings & Thongs""]","[""95% Cotton 5% Spandex( Color Stripe Green:47% Cotton 47% Viscose 6% Spandex)"", ""Machine Wash"", ""MATERIAL - High cotton fabric material,95%cotton and 5%spandex, elasticy.""]",19.99,-0.2143894552201358,7,negative
u2_override_s9_final,m0_full_catalogue,3,B095H8JKTR,Color Block Jeans for Women High Waisted Straight Leg Stretch Patchwork Denim Pants Womens Girls Patch Pencil Jeans,"[""Clothing, Shoes & Jewelry"", ""Women"", ""Clothing"", ""Jeans""]","[""Button closure"", ""Premium Ultra-stretch Fabric: the fashion pants for women, made of 73% Cotton, 25% Polyester, 2% Spandex, comfortable and lightweight to wear."", ""Fashion Design: High waist color block patchwork straight distressed jeans, zipper and button closure, pockets on the front and back.""]",,-0.21165925928749107,7,negative
u2_override_s9_final,m0_full_catalogue,4,B01M310J8J,"Denim Jeans,Morecome Fashion Women Multi Colors Girl Casual Jeans Pants (L, White)","[""Clothing, Shoes & Jewelry"", ""Women"", ""Clothing"", ""Jeans""]",[],,-0.2028425056202079,7,negative
u2_override_s9_final,m0_full_catalogue,5,B088YP2LW8,Hcaixing Women's Mid Waist Cotton Underwear Soft Breathable panties(5 Pack),"[""Clothing, Shoes & Jewelry"", ""Women"", ""Clothing"", ""Lingerie, Sleep & Lounge"", ""Lingerie"", ""Panties"", ""Briefs""]","[""95% Cotton, 5% Spandex"", ""Machine Wash"", ""HIGH QUALITY COTTON FABRIC； These mid-high waisted cotton underwear are made of 95% organic cotton and 5% spandex. solid and high elastic,soft and breathable,colors are bright and shinning,colors never fade.""]",16.99,-0.1975932485928739,7,negative
u2_override_s9_final,m0_full_catalogue,1,B06XF5JSKN,Odishabazaar Women's Indian Cotton Batik Paisely Floral Printed Kaftan Dress,"[""Clothing, Shoes & Jewelry"", ""Women"", ""Clothing"", ""Lingerie, Sleep & Lounge"", ""Sleep & Lounge"", ""Nightgowns & Sleepshirts""]","[""100% Cotton"", ""india"", ""Button closure""]",,0.3473215993114274,7,positive
u2_override_s9_final,m0_full_catalogue,2,B06XF3RXCV,Odishabazaar Women's Indian Cotton Batik Paisely Floral Printed Kaftan Dress,"[""Clothing, Shoes & Jewelry"", ""Women"", ""Clothing"", ""Lingerie, Sleep & Lounge"", ""Sleep & Lounge"", ""Nightgowns & Sleepshirts""]","[""100% Cotton"", ""india"", ""Button closure""]",14.99,0.3473215993114274,7,positive
u2_override_s9_final,m0_full_catalogue,3,B09HCLKWLP,"RAJKUMARI HANDICRAFTS JAIPUR Women’s Cotton Fabric Floral Hand Print Beach Wear Kimono Soft Robe with Matching Belt (Flower Print), Multicolor, One Size","[""Clothing, Shoes & Jewelry"", ""Women"", ""Clothing"", ""Lingerie, Sleep & Lounge"", ""Sleep & Lounge"", ""Robes""]","[""100% Cotton"", ""Tie closure"", ""Hand Wash Only""]",,0.32134260222436467,7,positive
u2_override_s9_final,m0_full_catalogue,4,B072WJ4JRF,Egypt Mart Cotton Ethnic Caftan Long Dress Lounger Nightgown Multiple Colors & Designs,"[""Clothing, Shoes & Jewelry"", ""Women"", ""Clothing"", ""Lingerie, Sleep & Lounge"", ""Sleep & Lounge"", ""Nightgowns & Sleepshirts""]","[""100% soft Egyptian cotton material"", ""Imported"", ""Machine Washable. Use cold water only. Hang to dry. Don’t use dryer""]",,0.29684877939187077,7,positive
u2_override_s9_final,m0_full_catalogue,5,B016KIUM26,Women's Cotton Kimono Long Sleeve Daisy Printed Bathrobe Sleepwear,"[""Clothing, Shoes & Jewelry"", ""Women"", ""Clothing"", ""Lingerie, Sleep & Lounge"", ""Sleep & Lounge"", ""Robes""]","[""95% Cotton, 5% Other Fibers"", ""Tie closure"", ""Hand Wash Only""]",,0.28155678557453956,7,positive
u2_override_s9_final,m0_full_catalogue,1,B09332LLBF,Sunflower Shirt Women Cute Floral Graphic Tee Shirts Short Sleeve Funny T-Shirt Top Blouse,"[""Clothing, Shoes & Jewelry"", ""Women"", ""Clothing"", ""Tops, Tees & Blouses"", ""T-Shirts""]","[""100% Cotton"", ""Drawstring closure"", ""Dry Clean Only""]",,-0.2558900417137437,8,negative
u2_override_s9_final,m0_full_catalogue,2,B0BPWB19SV,100% Cotton PJ Set - Navy Yellow Flower,"[""Clothing, Shoes & Jewelry"", ""Women"", ""Clothing"", ""Lingerie, Sleep & Lounge"", ""Sleep & Lounge"", ""Sets""]","[""100 % Cotton"", ""Imported"", ""round neck closure""]",,-0.2535336000637027,8,negative
u2_override_s9_final,m0_full_catalogue,3,B088NP48MV,"Sunflower Graphic Tee Shirt Women Cute Flower Tshirts Short Sleeve Casual Tops(Yellow1,S)","[""Clothing, Shoes & Jewelry"", ""Women"", ""Clothing"", ""Tops, Tees & Blouses"", ""T-Shirts""]","[""polyester+cotton"", ""Made in USA or Imported"", ""Pull On closure""]",,-0.23920017018679152,8,negative
u2_override_s9_final,m0_full_catalogue,4,B09TQX8MD8,InterestPrint Red Poppy Floral Casual Hawaiian Shirt for Women Button Down Shortsleeve Blouse,"[""Clothing, Shoes & Jewelry"", ""Women"", ""Clothing"", ""Tops, Tees & Blouses"", ""Blouses & Button-Down Shirts""]","[""100% Polyester"", ""Button closure"", ""Machine Wash""]",,-0.22802386016035833,8,negative
u2_override_s9_final,m0_full_catalogue,5,B07ZJDBWRW,Chulianyouhuo Farm Fresh Christmas Trees Shirt Women Christmas Short Sleeve Holiday Tee,"[""Clothing, Shoes & Jewelry"", ""Women"", ""Clothing"", ""Tops, Tees & Blouses"", ""T-Shirts""]","[""cotton blend"", ""Pull On closure"", ""Hand Wash Only""]",,-0.2080279337055688,8,negative
u2_override_s9_final,m0_full_catalogue,1,B08BWZD2FH,"Tie Dye Tank Tops for Women Loose Plus Size Cami Spaghetti Strap Tunic Blouses(Colorful, 2X)","[""Clothing, Shoes & Jewelry"", ""Women"", ""Clothing"", ""Tops, Tees & Blouses"", ""Tanks & Camis""]","[""Drawstring closure"", ""Tie-dyed ladies tunic tank tops for women, camisole oversized sleeveless top, women summer tops, beach tank cover up"", ""Bohomenian printed oversized women tunic tank top is lightweight, soft and flattering""]",,0.33342502183652756,8,positive
u2_override_s9_final,m0_full_catalogue,2,B089SJPBVN,Cosonsen Women's Summer Tunic Tank Top V Neck Sleeveless Tee Shirt,"[""Clothing, Shoes & Jewelry"", ""Women"", ""Clothing"", ""Tops, Tees & Blouses"", ""Tanks & Camis""]","[""Polyester,Spandex"", ""Drawstring closure"", ""Material: Tie-Dye 88% Polyester and 12% Spandex. Solid Color 5% Spandex. Soft, lightweight, comfy and breathable fabric.""]",,0.25894160854312226,8,positive
u2_override_s9_final,m0_full_catalogue,3,B08TQGV7ZW,Womens Tie Dye Tunic Shirts Short Sleeves Scoop Neck Summer Twist Knot Comfy Tops,"[""Clothing, Shoes & Jewelry"", ""Women"", ""Clothing"", ""Tops, Tees & Blouses"", ""Tunics""]","[""95% Polyester, 5% Other Fibers"", ""Drawstring closure"", ""Line Dry""]",,0.2546041111820226,8,positive
u2_override_s9_final,m0_full_catalogue,4,B08B5VTQKP,Aoymay Women's Sleeveless V Neck Tie Dye Tunic Tops Casual Swing Spaghetti Strap Beach Dress,"[""Clothing, Shoes & Jewelry"", ""Women"", ""Clothing"", ""Tops, Tees & Blouses"", ""Tunics""]","[""65% Polyester, 35% Cotton"", ""Drawstring closure"", ""Do Not Bleach""]",,0.23631226860224178,8,positive
u2_override_s9_final,m0_full_catalogue,5,B0746JDSB8,Women's Plus Size Color Block Tie Dye Stripes Boho Summer Beach Long Maxi Dresses Yellow 4XL,"[""Clothing, Shoes & Jewelry"", ""Plus-Size Fashion""]","[""Tie closure""]",,0.2357928339000024,8,positive
u2_override_s9_final,m0_full_catalogue,1,B0BF8ZRTRK,"elescat Tshirt Dresses for Women Summer Casual Beach Loose Party Sundress with Pockets(Green,2XL)","[""Clothing, Shoes & Jewelry"", ""Women"", ""Clothing"", ""Dresses""]","[""100% Cotton"", ""Imported"", ""Pull On closure""]",,-0.23379162618178978,9,negative
u2_override_s9_final,m0_full_catalogue,2,B01AN1LLGW,"Women's Color Block Striped Tshirt Dress (L, Blue)","[""Clothing, Shoes & Jewelry"", ""Westlake""]","[""Pull On closure""]",,-0.2063976748378203,9,negative
u2_override_s9_final,m0_full_catalogue,3,B00M0RIZBW,Active Women's Plain Short Sleeve T-Shirt V-Neck Cotton Spandex Top Tee Shirt,"[""Clothing, Shoes & Jewelry"", ""Men""]","[""95% Cotton, 5% Other Fibers"", ""Pull On closure""]",14.99,-0.20606315684449433,9,negative
u2_override_s9_final,m0_full_catalogue,4,B00PC1DL94,Nouveaux Women's Crew Neck Striped T-Shirt Dress,"[""Clothing, Shoes & Jewelry"", ""Women"", ""Clothing"", ""Dresses"", ""Casual""]","[""100% Cotton"", ""Imported"", ""Machine Wash""]",,-0.2043538886234029,9,negative
u2_override_s9_final,m0_full_catalogue,5,B00UTVJ1OG,"Vibrant V-Neck Knee Length Dress - Assorted Styles Plus & Regular Sizes (Medium, Ikat Pink-Blue)","[""Clothing, Shoes & Jewelry"", ""Westlake""]",[],,-0.1997969101067934,9,negative
u2_override_s9_final,m0_full_catalogue,1,B07GV779YL,Jollymoda Women's 2 Piece Boho with Floral Print Crop Cami Top and Shorts Set,"[""Clothing, Shoes & Jewelry"", ""Women"", ""Clothing""]","[""Polyester"", ""Drawstring closure"", ""Hand Wash Only""]",,0.285756799681524,9,positive
u2_override_s9_final,m0_full_catalogue,2,B09B1Z1MPX,Womens Summer Kimono Cardigan Loose Open Front Boho Floral Print Irregular Flowy Beach Wear Coverup Tops Lightweight,"[""Clothing, Shoes & Jewelry"", ""Women"", ""Clothing"", ""Sweaters"", ""Cardigans""]","[""【Material】- High-quality Cotton, Polyester, 【Note】 Size runs small,Please check the size chart before purchase and choose 1-2 size up. If you are not sure about the size, please send us a message."", ""【Choose】- Show your own STYLE, UNIQUE BEAUTY and CONFIDENCE, Ladies! Go for prime day,new year’s day,valentine’s day,patrick’s day ,easter,mother’s day,father’s day,4th of july independence day,halloween,thanksgiving day,christmas,day of yoga"", ""【Design】- daily loose fit tunic tops,womens v-neck tshirt ,plus size summer tops,summer tank tops,casual loose shirts, tie dye color block, round neck ,long sleeve ,lightweight thin , loose , causal slouchy loose fit, two-piece set,long sleeve pullover tops,round neck,solid color,color block leopard,drawstring waist,high waist,loose fit,tracksuit ,loungewear set,jogger set,casual, perfect for spring, summer, fall, winter, your must-have tops in wardrobe.""]",12.95,0.2717186032843415,9,positive
u2_override_s9_final,m0_full_catalogue,3,B09C92JXT1,Fuzzy Fleece Jacket Women Zip Up Hoodie Open Front Cardigan Hood Striped Sweater Casual Warm Winter Coat,"[""Clothing, Shoes & Jewelry"", ""Women"", ""Clothing"", ""Sweaters"", ""Cardigans""]","[""✿✿【Fabric 】- The material is breathable, lightweight very elastic, in addition, it's very smooth to your skin. You can wear it comfortably even with sensitive skin."", ""✿✿【Unique Design 】- round neck /short sleeve /skull print/ lightweight /casual /fashion /Suitable for all body types.This summer tops is a gift for your mom, wife, sister, daughter, aunt or best friend.The tshirts blouse is very beautiful for women and teen girls."", ""✈✈【Delivery Date】:Standard shipping:10-20 Days.Within 24 Hours Shipping Out.✁✁【Size Detail】: Please check the size information of the last image in the picture zone before ordering (Not Amazon Size Chart). This is Asian size, smaller than US size. Recommend choose 2 to 3 size up.""]",,0.268160745206752,9,positive
u2_override_s9_final,m0_full_catalogue,4,B07SX6LP4X,Flawerwumen Striped Open Front Cardigan Sweater Long Sleeve Lightweight Knit Outwear with Pockets,"[""Clothing, Shoes & Jewelry"", ""Women"", ""Clothing"", ""Sweaters"", ""Cardigans""]","[""Hand Wash Only"", ""Imported,Spring, summer and autumn are suitable, with good quality and low price, to bring you a good shopping experience."", ""Can be wore as casual, dating, party, going out, work or just for house wear. Easily pair with jeans, leggings, denim shorts, boots and so on.""]",,0.2588728069757485,9,positive
u2_override_s9_final,m0_full_catalogue,5,B00YM3ZVLO,Jollychic Women's Light Loose Floral Print Chiffon Sheer Kimono Cardigan Blouses,"[""Clothing, Shoes & Jewelry"", ""Women"", ""Clothing"", ""Sweaters"", ""Cardigans""]","[""Fabric: polyester and chiffon"", ""Pull On closure"", ""Material,cotton""]",,0.25260093732429373,9,positive
u2_override_s9_final,m0_full_catalogue,1,B08JD8PVQ8,Plus Tie Dye Pajamas for Women Long Sleeve Shirt & Shorts Two Piece Outfit Sleepwear Lounge Wear Sets XXL,"[""Clothing, Shoes & Jewelry"", ""Women"", ""Clothing"", ""Lingerie, Sleep & Lounge"", ""Sleep & Lounge"", ""Sets""]","[""100% Cotton"", ""Drawstring closure"", ""Machine Wash""]",,-0.2578114170171748,10,negative
u2_override_s9_final,m0_full_catalogue,2,B07HKSNS4V,JO&JO Women Sweater Pullover Long Sleeves Coat Outwear Multicolour Warm Oversize,"[""Clothing, Shoes & Jewelry"", ""Women"", ""Clothing"", ""Sweaters"", ""Pullovers""]","[""Fashion cotton blends made long sleeve loose pullovers design suitable to wear in different season and occasions, easy to go and fit with other clothes"", ""It suits for outdoor, indoor, working, shopping, business, casual, ball, prom, wedding, party, club, festival, travelling, jogging, etc"", ""Special Christmas style, perfect Christmas gift""]",,-0.22944077721390732,10,negative
u2_override_s9_final,m0_full_catalogue,3,B09C92JXT1,Fuzzy Fleece Jacket Women Zip Up Hoodie Open Front Cardigan Hood Striped Sweater Casual Warm Winter Coat,"[""Clothing, Shoes & Jewelry"", ""Women"", ""Clothing"", ""Sweaters"", ""Cardigans""]","[""✿✿【Fabric 】- The material is breathable, lightweight very elastic, in addition, it's very smooth to your skin. You can wear it comfortably even with sensitive skin."", ""✿✿【Unique Design 】- round neck /short sleeve /skull print/ lightweight /casual /fashion /Suitable for all body types.This summer tops is a gift for your mom, wife, sister, daughter, aunt or best friend.The tshirts blouse is very beautiful for women and teen girls."", ""✈✈【Delivery Date】:Standard shipping:10-20 Days.Within 24 Hours Shipping Out.✁✁【Size Detail】: Please check the size information of the last image in the picture zone before ordering (Not Amazon Size Chart). This is Asian size, smaller than US size. Recommend choose 2 to 3 size up.""]",,-0.21612357756326325,10,negative
u2_override_s9_final,m0_full_catalogue,4,B07QF6BVNQ,CHUNG Women Cotton Flannel Knee-Length Nightgowns 3/4 Sleeve Plaid Sleep Dress Plus Size Night Shirt(S-5X),"[""Clothing, Shoes & Jewelry"", ""Women"", ""Clothing"", ""Lingerie, Sleep & Lounge"", ""Sleep & Lounge"", ""Nightgowns & Sleepshirts""]","[""95% Cotton, 5% Other Fibers"", ""Fabric Info: Made from combed cotton, The velvety feel of the surface by destroying the formation of cotton fiber, a little pilling phenomenon is inevitable, but super SOFT COZY BREATHABLE and SWEAT-WICKING,"", ""Pls.Refer to \""Last\""image to check size info. Roomy fit for S-5X. Thickness for Spring/ Autumn.""]",,-0.21545349933314284,10,negative
u2_override_s9_final,m0_full_catalogue,5,B08B3FYP8M,Women's Cami Maxi Dresses Summer Casual Loose Dress Plus Size Tie Dye Floral Long Beach Dress with Pockets,"[""Clothing, Shoes & Jewelry"", ""Women's Plus-Size Apparel""]",[],,-0.2124106142840014,10,negative
u2_override_s9_final,m0_full_catalogue,1,B08CC256X3,Higustar Bohemian Floral Embroidered Tops for Women Mexican Style Shirts Womens V Neck Boho Summer Peasant Tunics Blouses,"[""Clothing, Shoes & Jewelry"", ""Women"", ""Clothing"", ""Tops, Tees & Blouses"", ""Blouses & Button-Down Shirts""]","[""100% Rayon"", ""Imported"", ""Line Dry""]",,0.2534709082589523,10,positive
u2_override_s9_final,m0_full_catalogue,2,B07N97V83B,Sakkas Abree Off-Shoulder Short Sleeve Blouse Top Ankara Wax Dutch African Print,"[""Clothing, Shoes & Jewelry"", ""Women"", ""Clothing"", ""Tops, Tees & Blouses"", ""Blouses & Button-Down Shirts""]","[""100% Cotton"", ""Imported"", ""Pull On closure""]",,0.252074559430726,10,positive
u2_override_s9_final,m0_full_catalogue,3,B00VX5UJ2U,Ashir Aley Embroidered Peasant Dressy Tops 3/4 Sleeve Mexican Blouse,"[""Clothing, Shoes & Jewelry"", ""Women"", ""Clothing"", ""Tops, Tees & Blouses"", ""Blouses & Button-Down Shirts""]","[""100% Cotton"", ""Imported"", ""Pull On closure""]",,0.244972381808557,10,positive
u2_override_s9_final,m0_full_catalogue,4,B00B1ZO77U,Sakkas Embroidered 100% Cotton Scoop Neck Semi-Sheer Short Sleeve Gauzy Top/Blouse,"[""Clothing, Shoes & Jewelry"", ""Women"", ""Clothing"", ""Tops, Tees & Blouses"", ""Blouses & Button-Down Shirts""]","[""100% Cotton"", ""Imported"", ""Pull On closure""]",,0.2330421949588663,10,positive
u2_override_s9_final,m0_full_catalogue,5,B009DFT57C,Colorful Creations Women's Debra,"[""Clothing, Shoes & Jewelry"", ""Women"", ""Shoes"", ""Sandals"", ""Heeled Sandals""]","[""50% Mesh/30% Cotton/20% Rayon"", ""Imported"", ""Synthetic sole""]",,0.21825024864836576,10,positive
u2_override_s9_final,m0_full_catalogue,1,B08R3B84YG,YOZLY Sleep Shirt Women Tie Dye Nightgown Short Sleeve Cotton Nightshirt S-XXL,"[""Clothing, Shoes & Jewelry"", ""Women"", ""Clothing"", ""Lingerie, Sleep & Lounge"", ""Sleep & Lounge"", ""Nightgowns & Sleepshirts""]","[""Tie dye sleepshirt in color Sky, Purple, Pink Blue, Multicolor, Green made from 100% cotton fabric, ensure this sleepwear breathable and moisture wicking, keep you cool and dry from night sweats"", ""Machine Wash"", ""Tie dye nightgown in color Navy Blue,Grey,Leopard, Yellow, Blue, Light Green made from 30% cotton, 70% spandex, which make this nightshirt stretchy and smooth, soft and comfortable to wear it at home or wear around""]",,-0.24020374115143764,11,negative
u2_override_s9_final,m0_full_catalogue,2,B0779KBBDN,"Alexander Del Rossa Womens 100% Cotton Lawn Nightgown, Long Tank Top Chemise, Medium Blue and Yellow Flowers (A0582L12MD)","[""Clothing, Shoes & Jewelry"", ""Westlake""]","[""100% Cotton""]",,-0.21202840842332077,11,negative
u2_override_s9_final,m0_full_catalogue,3,B01LXGIH15,Women's Floral Cotton Blend Long Sleeve Nightgown Available in Plus Size,"[""Clothing, Shoes & Jewelry"", ""Women"", ""Clothing"", ""Lingerie, Sleep & Lounge"", ""Sleep & Lounge"", ""Nightgowns & Sleepshirts""]","[""55% cotton"", ""Made from a lightweight cotton blend knit comfortable fabric"", ""Many different styles to choose from (look on photo for detailed style)""]",,-0.18268656421354057,11,negative
u2_override_s9_final,m0_full_catalogue,4,B089N2VVRF,Remidoo Womens Tie Dye Babydoll Tiered Mini Dress Round Neck Short Sleeve Ruffle Pleated Swing Tunic Colorful White Medium,"[""Clothing, Shoes & Jewelry"", ""Women"", ""Clothing""]","[""Hand Wash Only""]",,-0.17762930125442455,11,negative
u2_override_s9_final,m0_full_catalogue,5,B071781N8X,Dorekim Women’s Sleeveless 100% Cotton Blue Sling Dress Embroidery With Lace At Collar Casual Nightshirt DK1994,"[""Clothing, Shoes & Jewelry"", ""Women"", ""Clothing"", ""Lingerie, Sleep & Lounge"", ""Sleep & Lounge"", ""Nightgowns & Sleepshirts""]","[""100% Cotton"", ""<b>100% COTTON FABRIC<b> - Super comfortable Pure cotton nightshirt in beautiful blue fabric. 100% cotton material makes the night shirt super soft and will not pill ball or deform."", ""<b>COMFORTABLE SLEEP<b> - Breathable ultra-lightweight soft night gown will keep you cool and comfortable throughout. This premium fabric is soft to the touch and easy to the skin.""]",,-0.17651427586601418,11,negative
u2_override_s9_final,m0_full_catalogue,1,B0B9BWK3PY,Women's Blazer and Pants Sets for Women 2 Pieces Outfit Pant Suits African Clothing,"[""Clothing, Shoes & Jewelry"", ""Women"", ""Clothing"", ""Suiting & Blazers"", ""Suit Sets""]","[""100% Cotton"", ""Imported"", ""Button closure""]",79.0,0.3394838954703121,11,positive
u2_override_s9_final,m0_full_catalogue,2,B08B85XK66,BAZINRICHE African Women Dresses Sleeveless Slim Ankara Short Dress African Printed Dashiki V Collar Skirt,"[""Clothing, Shoes & Jewelry"", ""Women"", ""Clothing"", ""Dresses"", ""Casual""]","[""100% Cotton"", ""Imported"", ""Zipper closure""]",,0.3054910452970369,11,positive
u2_override_s9_final,m0_full_catalogue,3,B07THW8PLS,Two Piece Shorts Set Cute African Floral Vacation Club Outfit,"[""Clothing, Shoes & Jewelry"", ""Women"", ""Clothing"", ""Active"", ""Sets"", ""Tracksuits""]","[""Hand Wash Only""]",,0.30471535060215915,11,positive
u2_override_s9_final,m0_full_catalogue,4,B085NS51PR,Two Piece Shorts Set Cute African Floral Vacation Club Outfit,"[""Clothing, Shoes & Jewelry"", ""Women"", ""Clothing"", ""Active"", ""Sets"", ""Tracksuits""]","[""Hand Wash Only""]",,0.30469776219562855,11,positive
u2_override_s9_final,m0_full_catalogue,5,B086S6XZQJ,BAZINRICHE Women's Sleeveless Top Skirt African Ankara Style Dress Skirt,"[""Clothing, Shoes & Jewelry"", ""Westlake""]","[""100% Cotton"", ""Imported"", ""Pull On closure""]",64.0,0.2782016791659796,11,positive
u2_override_s9_final,m0_full_catalogue,1,B08YXNF31T,Y2K Knit Crop Tops for Women Sleeveless Vest Tie-dye Crew Neck Racerback Casual Tank Top (Yellow M),"[""Clothing, Shoes & Jewelry"", ""Off to College Fashion""]","[""100% Cotton""]",,-0.24671271403019618,12,negative
u2_override_s9_final,m0_full_catalogue,2,B08BLPC7JF,VILOVE Women Tie Dye Pajamas Sets Sleeveless Sleepwear Tank Top Ruffle Shorts Nightwear Loungewear Light Blue,"[""Clothing, Shoes & Jewelry"", ""Women"", ""Clothing"", ""Lingerie, Sleep & Lounge"", ""Sleep & Lounge"", ""Sets""]","[""100% Cotton"", ""Imported"", ""Drawstring closure""]",,-0.239411620080218,12,negative
u2_override_s9_final,m0_full_catalogue,3,B0BPWB19SV,100% Cotton PJ Set - Navy Yellow Flower,"[""Clothing, Shoes & Jewelry"", ""Women"", ""Clothing"", ""Lingerie, Sleep & Lounge"", ""Sleep & Lounge"", ""Sets""]","[""100 % Cotton"", ""Imported"", ""round neck closure""]",,-0.21806421804207504,12,negative
u2_override_s9_final,m0_full_catalogue,4,B07CZCDWGB,Speedle 2 Pieces Tracksuits for Women Solid Color Rainbow Striped Zip Up Cropped Jacket + Shorts Pant Set White XL,"[""Clothing, Shoes & Jewelry"", ""Women"", ""Clothing"", ""Active"", ""Sets""]","[""Zipper closure"", ""Hand Wash Only""]",,-0.2129022645961341,12,negative
u2_override_s9_final,m0_full_catalogue,5,B07QPNHS3K,"Women Casual Rainbow Tie Dye Dress Tank Crop Tops Long Midi Pencil Dresses 2 Piece Outfits Skirt Sets, Gl6026-yellow, XX-Large","[""Clothing, Shoes & Jewelry"", ""Women"", ""Clothing"", ""Dresses""]","[""Drawstring closure"", ""Hand Wash Only"", ""Material: Polyester, milk fiber, soft and comfortable to wear.""]",,-0.21105486881259897,12,negative
u2_override_s9_final,m0_full_catalogue,1,B07Y2X6ZD9,Bycc Bynn Women 10 Pairs Novelty Colorful Ankle Socks Cute Funny Casual Cotton Rich Crew Socks Pack,"[""Clothing, Shoes & Jewelry"", ""Novelty & More"", ""Clothing"", ""Novelty"", ""Women"", ""Socks & Hosiery"", ""Socks""]","[""Cotton"", ""Imported"", ""Machine Wash""]",12.9,0.2518204751984462,12,positive
u2_override_s9_final,m0_full_catalogue,2,B09Z9H8ZM5,Summer Women Cotton Linen Tshirt Tops Trendy Floral Casual Loose Fit Tunic Tees Short Sleeve Plus Size Button Blouses,"[""Clothing, Shoes & Jewelry"", ""Women"", ""Clothing"", ""Tops, Tees & Blouses"", ""Tunics""]","[""Clearance On Sale, Buy 2 Save 8% Buy 5 Get 1 Free"", ""Made in The USA and 7-12 Days Delivery"", ""Dear Queen, please check our size chart, we suggest buy two size larger. Thank you""]",11.99,0.24979440379041437,12,positive
u2_override_s9_final,m0_full_catalogue,3,B01NAHY814,"5 Pairs Womens Colorful Cotton Fancy Design Funny Novelty Crew Socks by Amandir, Colorful Rhombus,Free Size","[""Clothing, Shoes & Jewelry"", ""Novelty & More"", ""Clothing"", ""Novelty"", ""Women"", ""Socks & Hosiery"", ""Socks""]","[""Machine Wash""]",,0.23957722489602587,12,positive
u2_override_s9_final,m0_full_catalogue,4,B07G1ZR6JZ,5 Pack Mens Combed Cotton Colorful Patterned Happy and Dress Socks (Grimace),"[""Clothing, Shoes & Jewelry"", ""Men"", ""Clothing"", ""Socks & Hosiery"", ""Socks"", ""Calf Socks""]","[""Cotton,Spandex,Nylon"", ""Machine Wash""]",,0.22685296133461616,12,positive
u2_override_s9_final,m0_full_catalogue,5,B07JHXMLK9,Men's Fun Dress Socks Colorful Funky Patterned Cotton Crew Socks,"[""Clothing, Shoes & Jewelry"", ""Men"", ""Clothing"", ""Socks & Hosiery"", ""Socks"", ""Calf Socks""]","[""Elastic,Cotton,Spandex"", ""Hand Wash Only"", ""The fun socks for men are stylish, colorful and dressy at the same time""]",,0.22040698777989529,12,positive
u2_override_s9_final,m0_full_catalogue,1,B01K4UN06G,Womens Cotton Beach Dress Cover Up,"[""Clothing, Shoes & Jewelry"", ""Women"", ""Clothing"", ""Swimsuits & Cover Ups"", ""Cover-Ups""]","[""cotton/spandex"", ""Material: cotton/spandex"", ""Note: Please check the size description from the additional picture before placing order""]",,-0.2397530746488229,13,negative
u2_override_s9_final,m0_full_catalogue,2,B074W69BFP,NFASHIONSO Wrikled Cotton Beach Dress Swim Suit Cover up Beachwear,"[""Clothing, Shoes & Jewelry"", ""Women"", ""Clothing"", ""Swimsuits & Cover Ups"", ""Cover-Ups""]","[""Pull On closure"", ""Material:Cotton"", ""Pull On closure""]",,-0.2215798639733089,13,negative
u2_override_s9_final,m0_full_catalogue,3,B07CK6L6JS,"Womens Plus Size Tops Floral Summer Flowy Tank Dress (3X, Lime Green Stripes)","[""Clothing, Shoes & Jewelry"", ""Westlake""]","[""5% spandex"", ""Pull On closure""]",,-0.21642916848796745,13,negative
u2_override_s9_final,m0_full_catalogue,4,B07Q44NK5S,Womens Summer Tank Tops Waffle Knit V Neck T Shirts Sleeveless Solid Color Tees Plus Size Clothing White,"[""Clothing, Shoes & Jewelry"", ""Women"", ""Clothing"", ""Tops, Tees & Blouses"", ""Tunics""]","[""Cotton,Polyester,Rayon,Spandex"", ""Pull On closure"", ""Hand Wash Only""]",,-0.20242621249837192,13,negative
u2_override_s9_final,m0_full_catalogue,5,B097CRPR5Q,Catherines Women's Plus Size,"[""Clothing, Shoes & Jewelry"", ""Women"", ""Clothing"", ""Tops, Tees & Blouses""]","[""Cotton,Spandex"", ""Pull On closure"", ""Machine Wash""]",,-0.20029777278384864,13,negative
u2_override_s9_final,m0_full_catalogue,1,B089YN1ZYG,ECOWISH 2020 Tie Dye Rompers for Women Casual Shorts Jumpsuit Summer Short Sleeve Ribbed Pajamas Romper with Pockets Orange Small,"[""Clothing, Shoes & Jewelry"", ""Women"", ""Clothing"", ""Jumpsuits, Rompers & Overalls"", ""Rompers""]","[""Drawstring closure"", ""Machine Wash"", ""Attention - The tie dye print is not positioning printing, it will be slightly different from the picture due to the limitation of the production process. And due to various types of computers and monitors, the actual color of the pajama romper may be slightly different from the pictures you see on your screen.""]",,0.20791934865840883,13,positive
u2_override_s9_final,m0_full_catalogue,2,B098R3VXP6,Women's Casual Linen Long Blouses Tops Button Down Shirts Cotton Shirt Dresses Tops with Pockets,"[""Clothing, Shoes & Jewelry"", ""Women"", ""Clothing"", ""Tops, Tees & Blouses"", ""Blouses & Button-Down Shirts""]","[""Linen,Polyester,Cotton"", ""Button closure"", ""Material: 50Percent Polyester+10Percent Cotton, soft, comfortable, breathable, skin-friendly, comfy to touch and wear, makes you feeling well.breathable material,comfy to wear.""]",,0.19961076769712,13,positive
u2_override_s9_final,m0_full_catalogue,3,B09LZXPFRM,The Organic Project Girls Patchwork Dress - Assorted Color Block Skirt with Floral Stitched Embroidered Patchwork Pattern,"[""Clothing, Shoes & Jewelry"", ""Girls"", ""Clothing"", ""Dresses""]","[""Respectrum Polyester (52% Cotton; 48% Recycled Polyester)"", ""Button closure"", ""👗 PATCHWORK PATTERN DRESS: Girls Floral Patchwork Pattern Applique On Pink, Blue and White Color Blocked DRESS with Pockets design of this dress will meet most of your fashion and beautiful job. This dress is fun and Fresh, and comes fully lined. Girl's fashion clothes made with flair and eco love.""]",,0.1957829059941944,13,positive
u2_override_s9_final,m0_full_catalogue,4,B08NVTKDKP,EYESHOCK Patchwork Jeans for Women y2k Fashion Mid Rise Frayed Distressed Stretch Denim Pants Green,"[""Clothing, Shoes & Jewelry"", ""Women"", ""Clothing"", ""Jeans""]","[""Machine Wash""]",,0.19335762523793038,13,positive
u2_override_s9_final,m0_full_catalogue,5,B089NB6W9Y,"Women's Spring Autumn Vintage Pants Casual Loose Trousers with Pockets (Large, Style 4 Light-Blue)","[""Clothing, Shoes & Jewelry"", ""Women"", ""Clothing"", ""Pants"", ""Casual""]","[""100% Cotton"", ""进口"", ""Drawstring closure""]",,0.17561547783969725,13,positive
u2_override_s9_final,m0_full_catalogue,1,B07CZ9HJ72,Mexican Dress Puebla Hand Embroidered,"[""Clothing, Shoes & Jewelry"", ""Women"", ""Clothing"", ""Dresses"", ""Casual""]","[""Cotton Blend"", ""Imported"", ""Pull On closure""]",43.5,-0.2001593699307903,14,negative
u2_override_s9_final,m0_full_catalogue,2,B09Q1NN2Q7,MG womens Pleated,"[""Clothing, Shoes & Jewelry"", ""Women"", ""Accessories"", ""Hats & Caps"", ""Headbands""]","[""100% Cotton"", ""Hand Wash Only"", ""Made from 100% Cotton.""]",12.49,-0.18245157127316203,14,negative
u2_override_s9_final,m0_full_catalogue,3,B07S91K6T1,YESNO womens Casual,"[""Clothing, Shoes & Jewelry"", ""Women"", ""Clothing"", ""Swimsuits & Cover Ups"", ""Cover-Ups""]","[""81.9% Cotton, 18.1% Silk"", ""Pull On closure"", ""Hand Wash Only""]",,-0.17620891965229482,14,negative
u2_override_s9_final,m0_full_catalogue,4,B08NVTKDKP,EYESHOCK Patchwork Jeans for Women y2k Fashion Mid Rise Frayed Distressed Stretch Denim Pants Green,"[""Clothing, Shoes & Jewelry"", ""Women"", ""Clothing"", ""Jeans""]","[""Machine Wash""]",,-0.17476653878459414,14,negative
u2_override_s9_final,m0_full_catalogue,5,B01M310J8J,"Denim Jeans,Morecome Fashion Women Multi Colors Girl Casual Jeans Pants (L, White)","[""Clothing, Shoes & Jewelry"", ""Women"", ""Clothing"", ""Jeans""]",[],,-0.17422565806197238,14,negative
u2_override_s9_final,m0_full_catalogue,1,B08C6ZBJ4B,Plus Size Women Shorts Set - Tie Dye Round Neck Short Sleeve Floral Print Top + Shorts Pants 2 Piece Outfits,"[""Clothing, Shoes & Jewelry"", ""Women"", ""Clothing"", ""Jumpsuits, Rompers & Overalls"", ""Jumpsuits""]","[""Polyester"", ""Drawstring closure"", ""Hand Wash Only""]",,0.2750792542847038,14,positive
u2_override_s9_final,m0_full_catalogue,2,B07THW8PLS,Two Piece Shorts Set Cute African Floral Vacation Club Outfit,"[""Clothing, Shoes & Jewelry"", ""Women"", ""Clothing"", ""Active"", ""Sets"", ""Tracksuits""]","[""Hand Wash Only""]",,0.23821159998015792,14,positive
u2_override_s9_final,m0_full_catalogue,3,B085NS51PR,Two Piece Shorts Set Cute African Floral Vacation Club Outfit,"[""Clothing, Shoes & Jewelry"", ""Women"", ""Clothing"", ""Active"", ""Sets"", ""Tracksuits""]","[""Hand Wash Only""]",,0.23808412348683555,14,positive
u2_override_s9_final,m0_full_catalogue,4,B09S9Q3KBG,VeritableWax African Dress for Women Short Ruffle Sleeve Knee Length Party Dresses,"[""Clothing, Shoes & Jewelry"", ""Women"", ""Clothing"", ""Dresses"", ""Casual""]","[""100% Cotton"", ""Imported"", ""Zipper closure""]",65.0,0.2136435170531839,14,positive
u2_override_s9_final,m0_full_catalogue,5,B07NRJLRWK,MCYSKK Women's African Wax Print Short Sleeves V-Neck Dashiki Blouse Tops Casual Shirts Plus Size,"[""Clothing, Shoes & Jewelry"", ""Women"", ""Clothing"", ""Tops, Tees & Blouses"", ""Blouses & Button-Down Shirts""]","[""Pull On closure"", ""STYLE: Stylish ethnic custom, short sleeve V-neck long shirts, summer clothes, printed clothing, mini women's dress"", ""FABRIC: 100% Cotton fabric, Professional unique African wax print technique""]",,0.21312174963790778,14,positive
u2_override_s9_final,m0_full_catalogue,1,B08437CMQS,iooiooi Women's Fashion Casual Plus Size African Print Cotton Wide Leg Pants with Pockets,"[""Clothing, Shoes & Jewelry"", ""Westlake""]","[""100% Cotton"", ""Imported"", ""Zipper closure""]",,-0.24041895584609116,15,negative
u2_override_s9_final,m0_full_catalogue,2,B0BFJSYBH4,Southern Fried Cotton Homegrown Apparel Truckload of Sunshine Unisex Long Sleeve T-Shirt,"[""Clothing, Shoes & Jewelry"", ""Men"", ""Clothing"", ""Shirts"", ""T-Shirts""]","[""100% Cotton"", ""Made in USA or Imported"", ""Pull On closure""]",,-0.23814635563368325,15,negative
u2_override_s9_final,m0_full_catalogue,3,B0B7XP5CP1,Flower Color Slim Solid Women's Pants Trousers Moon Waist Casual Pattern Stitching Lace Sun Retro Flared Work for Women,"[""Clothing, Shoes & Jewelry"", ""Women"", ""Uniforms, Work & Safety"", ""Clothing"", ""Food Service"", ""Chef Pants""]","[""100% Polyester"", ""Imported"", ""Drawstring closure""]",16.68,-0.22594440777405606,15,negative
u2_override_s9_final,m0_full_catalogue,4,B089NB6W9Y,"Women's Spring Autumn Vintage Pants Casual Loose Trousers with Pockets (Large, Style 4 Light-Blue)","[""Clothing, Shoes & Jewelry"", ""Women"", ""Clothing"", ""Pants"", ""Casual""]","[""100% Cotton"", ""进口"", ""Drawstring closure""]",,-0.21372795069935216,15,negative
u2_override_s9_final,m0_full_catalogue,5,B01MSJLNU2,Mordenmiss Women's Cotton Linen Dresses Cap Sleeve Summer Dress with Pockets,"[""Clothing, Shoes & Jewelry"", ""Women"", ""Clothing"", ""Dresses"", ""Casual""]","[""75% Cotton, 25% Linen"", ""Pull On closure"", ""Machine Wash""]",,-0.19590990767009525,15,negative
u2_override_s9_final,m0_full_catalogue,1,B07KZNW11C,"Kimonos for Women Boho Style with Belts Open Front Beach Cover-Ups Chiffon Jacket Resort Wear Beach Wear (Multicolored, Medium)","[""Clothing, Shoes & Jewelry"", ""Women"", ""Clothing"", ""Swimsuits & Cover Ups"", ""Cover-Ups""]","[""Chiffon"", ""Pull On closure""]",,0.21431163982313656,15,positive
u2_override_s9_final,m0_full_catalogue,2,B083D9V8W4,"Buankoxy Women's Bikini Panties Breathable Low Rise Cotton Viscose Underwear(6, Multi Colors)","[""Clothing, Shoes & Jewelry"", ""Women"", ""Clothing"", ""Lingerie, Sleep & Lounge"", ""Lingerie"", ""Panties"", ""Bikinis""]","[""Hand Wash Only""]",,0.18993972176256943,15,positive
u2_override_s9_final,m0_full_catalogue,3,B09C7TT7JV,"Womens Summer Tops Dressy Casual, Shirts for Women, Womens Short Sleeve Tops, Women's Fashion V Neck Solid T Shirts Loose Fit Tunic Casual Summer Top Blouses Shirts","[""Clothing, Shoes & Jewelry"", ""Women"", ""Clothing"", ""Tops, Tees & Blouses"", ""T-Shirts""]","[""womens tops dressy casual"", ""Gifts for Women/Mom🔥🔥🔥 Gibbself Store 2022 Summer Deals Big Clearance🔥🔥🔥😍😍Buy 2 get 8% off, Buy 3 get 12% off, Buy 4 get 15% off, Buy 5 get 20% off."", ""🌈🌈【SHIPPING INFORMATION】Expedited Shipping: 3-7 Days. Standard shipping:10-20 Days.""]",6.89,0.16410478576072834,15,positive
u2_override_s9_final,m0_full_catalogue,4,B07WTC11SR,ROCHVIE Underwear for Women Cotton Panties Full Coverage Soft Womens Underwear Briefs,"[""Clothing, Shoes & Jewelry"", ""Women"", ""Clothing"", ""Lingerie, Sleep & Lounge"", ""Lingerie"", ""Panties"", ""Briefs""]","[""100% Cotton"", ""Machine Wash"", ""❤95% Cotton, 5% Spandex of Women's Underwear Multipack. Beautiful colors. Machine Wash with laundry bag""]",,0.16328174737808923,15,positive
u2_override_s9_final,m0_full_catalogue,5,B072FTMJZ4,Ekouaer Women Cotton Breathable Thongs Briefs Tangas Sexy Ladies Panties Underwear 3 Pack Purple/Blue/Rose Red L,"[""Clothing, Shoes & Jewelry"", ""Women"", ""Clothing"", ""Lingerie, Sleep & Lounge"", ""Lingerie"", ""Panties""]","[""100% Cotton""]",,0.1627222860459031,15,positive
u2_override_s9_final,m0_full_catalogue,1,B08RCGS5HW,KBREAUR Women's Casual Color Block Hand Pockets T-Shirt Short Sleeve Round Neck T Shirts Blouses Tops,"[""Clothing, Shoes & Jewelry"", ""Women"", ""Clothing"", ""Tops, Tees & Blouses""]","[""100% Cotton"", ""Material:Cotton Blended.Made of High Quality Fabric with Stretchy,Lightweight,Breathable and Sweat-absorption,Very Soft and Comfortable."", ""Comfort T Shirt,Color Block.Round Neck.Stylish Hand Pockets at Two Sides.Suitable for All Body Types.""]",,-0.2331294703008199,16,negative
u2_override_s9_final,m0_full_catalogue,2,B0895PYHTT,Beautife Womens Casual V Neck Short Sleeve Plaid Shirts Loose Summer T Shirts Blouses with Pocket Brick Red,"[""Clothing, Shoes & Jewelry"", ""Westlake""]","[""100% Cotton"", ""Button closure"", ""Hand Wash Only""]",,-0.20221549076650872,16,negative
u2_override_s9_final,m0_full_catalogue,3,B09HCLKWLP,"RAJKUMARI HANDICRAFTS JAIPUR Women’s Cotton Fabric Floral Hand Print Beach Wear Kimono Soft Robe with Matching Belt (Flower Print), Multicolor, One Size","[""Clothing, Shoes & Jewelry"", ""Women"", ""Clothing"", ""Lingerie, Sleep & Lounge"", ""Sleep & Lounge"", ""Robes""]","[""100% Cotton"", ""Tie closure"", ""Hand Wash Only""]",,-0.20180635912651027,16,negative
u2_override_s9_final,m0_full_catalogue,4,B08RCHDHPS,KBREAUR Women's Casual Color Block Hand Pockets T-Shirt Short Sleeve Round Neck T Shirts Blouses Tops,"[""Clothing, Shoes & Jewelry"", ""Women"", ""Clothing"", ""Tops, Tees & Blouses""]","[""cotton blend algod n mistura de o baumwollmischung"", ""Pull On closure"", ""Material:Cotton Blended.Made of High Quality Fabric with Stretchy,Lightweight,Breathable and Sweat-absorption,Very Soft and Comfortable.""]",,-0.18563228138036106,16,negative
u2_override_s9_final,m0_full_catalogue,5,B08YK2H5CS,Kaitobe Long Maxi Dresses for Women Gradient Color Block Casual Summer Short Sleeve Loose Beach Sundress,"[""Clothing, Shoes & Jewelry"", ""Women"", ""Clothing"", ""Dresses"", ""Casual""]","[""short dress for women casual summer"", ""【Delivery】Standard Shipping: 7-15 Days & Expedited Shipping: 3-7 Days. The items will be shipped out within 48 hours, please rest assured to buy!"", ""【Today's Deals】Buy 2 save 8%, buy 3 save 10%, buy 4 save 12%, buy 5 save 15%, buy 8 save 18%, buy 10 save 20%. 💗 Perfect gift for women girls, wife or girlfriend.""]",,-0.17399558869852533,16,negative
u2_override_s9_final,m0_full_catalogue,1,B01LVXOMXC,Clothink Women Blue Off Shoulder Ruffle Plus Size Blouse,"[""Clothing, Shoes & Jewelry"", ""Women"", ""Clothing"", ""Tops, Tees & Blouses"", ""Blouses & Button-Down Shirts""]","[""65% Cotton, 35% Polyester"", ""Hand Wash Only"", ""Material：65%Cotton+35%%Polyester""]",,0.18643204314373354,16,positive
u2_override_s9_final,m0_full_catalogue,2,B07M6VSF11,Custom T Shirt Women Design Your Own Personalized T Shirts for Women in Bling Custom Jersey,"[""Clothing, Shoes & Jewelry"", ""Novelty & More"", ""Clothing"", ""Novelty"", ""Women""]","[""100% Cotton"", ""Pull On closure"", ""CUSTOM T SHIRT FOR WOMEN IN BLING! Design your own t-shirt in flashy spangles! So much more exciting and eye catching then screen printing! Its all about the BLING!""]",,0.17311287642432202,16,positive
u2_override_s9_final,m0_full_catalogue,3,B07MCD8S7J,Custom T Shirt Women Design Your Own Personalized T Shirts for Women in Bling Custom Jersey,"[""Clothing, Shoes & Jewelry"", ""Novelty & More"", ""Clothing"", ""Novelty"", ""Women""]","[""100% Cotton"", ""Pull On closure"", ""Machine Wash""]",,0.17247642465859045,16,positive
u2_override_s9_final,m0_full_catalogue,4,B09DS1ZG7P,Fenyong White Crop Tops Cowgirl Halter Tops Reflective Going Out Tops for Women,"[""Clothing, Shoes & Jewelry"", ""Women"", ""Clothing"", ""Tops, Tees & Blouses"", ""Tanks & Camis""]","[""Polyester,Spandex"", ""Pull On closure"", ""Hand Wash Only""]",,0.16928549165576476,16,positive
u2_override_s9_final,m0_full_catalogue,5,B072TV23SJ,"Anysize Linen Cotton Soft Loose Spring Summer Dress Plus Size Clothing F126A,Dark Blue,3X Plus","[""Clothing, Shoes & Jewelry"", ""Plus-Size Fashion""]","[""Pull On closure"", ""Dry Clean Only""]",,0.1668187317741647,16,positive
u2_override_s9_final,diagnostic_post_hard_filter,1,B09BJMHWDQ,Women Fashion Casual Tops Plus Size Round Neck Short Sleeved T-Shirt Blouse,"[""Clothing, Shoes & Jewelry"", ""Women"", ""Clothing"", ""Tops, Tees & Blouses"", ""Blouses & Button-Down Shirts""]","[""100% Polyester"", ""Pull On closure"", ""Hand Wash Only""]",15.0,-0.7087920250339127,1,negative
u2_override_s9_final,diagnostic_post_hard_filter,2,B09WR1NZ48,"Graphic Tees for Women Short Sleeve Tshirts,Womens Summer Tops Crewneck Shirt Blouse","[""Clothing, Shoes & Jewelry"", ""Women"", ""Clothing"", ""Tops, Tees & Blouses"", ""T-Shirts""]","[""95% Rayon, 5% Spandex"", ""Pull On closure"", ""Hand Wash Only""]",19.99,-0.7045558740604733,1,negative
u2_override_s9_final,diagnostic_post_hard_filter,3,B0BP2CSW2D,Womens Summer Tops Ruffle Short Sleeve T-Shirts Henley Round Neck Buttons Up Casual Blouse Tunic Shirt for Women,"[""Clothing, Shoes & Jewelry"", ""Women"", ""Clothing"", ""Tops, Tees & Blouses"", ""Tunics""]","[""60%Polyester & 35%Rayon & 5%Spandex"", ""Imported"", ""Button closure""]",19.99,-0.7002584340352348,1,negative
u2_override_s9_final,diagnostic_post_hard_filter,4,B085XRBBQK,Women Short Sleeve V Neck T Shirt Summer Side Slit Pocket Casual Loose Swing Solid Basic Tee Top,"[""Clothing, Shoes & Jewelry"", ""Women"", ""Clothing"", ""Tops, Tees & Blouses"", ""T-Shirts""]","[""Pull On closure"", ""Line Dry""]",9.9,-0.6896095207664079,1,negative
u2_override_s9_final,diagnostic_post_hard_filter,5,B0B1CJXL7D,Women Casual Button Down Shirts Short Sleeve V-Neck Swiss Dot Solid Loose Summer Dressy Blouse Tunic Tops,"[""Clothing, Shoes & Jewelry"", ""Women"", ""Clothing"", ""Tops, Tees & Blouses"", ""Blouses & Button-Down Shirts""]","[""95% Polyester, 5% Spandex"", ""Button closure"", ""Machine Wash""]",20.89,-0.6879435955811959,1,negative
u2_override_s9_final,diagnostic_post_hard_filter,1,B07TJ8W4MN,Clown Socks Long Knee High Socks Colorful Vibrant Dot Rainbow Socks with Clown Headband for Girls Women Halloween Carnival Circus Stage Costume,"[""Clothing, Shoes & Jewelry"", ""Novelty & More"", ""Clothing"", ""Novelty"", ""Women"", ""Socks & Hosiery"", ""Socks""]","[""Do Not Put,Hand Wash"", ""[Comfort & Durable Long Sock]:Premium material provides excellent moisture management, and maximized breathability, providing a pleasant experience all day. Not too thin, not too thick. They are very soft and delightfully comfortable to wear."", ""[One Size Fits Most Girls &Women]: Rainbow knee high socks has a length of 53cm /20.87 inch and can maybe be stretched over the knees, which has one fresh color and dots all over, red, blue, white, yellow, and green mix ed with altogether. Super cute with shorts and mini skirts, show your youthful vigor and spike your confidence.""]",9.99,-0.3079013134573279,1,positive
u2_override_s9_final,diagnostic_post_hard_filter,2,B08CXMQTXK,O'COCOLOUR Rainbow Candy Tutu Dress for Girls 1-12 Years Lollipop Costume with Headband Birthday Halloween Carnival Party,"[""Clothing, Shoes & Jewelry"", ""Costumes & Accessories"", ""Kids & Baby"", ""Girls"", ""Costumes""]","[""Elastic,Fur,Polyester"", ""Sweet candy dress, the top with lollipop and bowknot detailing, vibrant rainbow tulle, decor with small colorful fur balls, just like a candy princess from wonderland"", ""Up-knee length/ Stretchy crochet top/ 6 sizes for girls 1 to 12years old, please kindly check the size chart before order(the last picture), thank you""]",30.95,-0.31458471473419086,1,positive
u2_override_s9_final,diagnostic_post_hard_filter,3,B00IJZZWGA,"BRIGHT STAR Low Cut Ankle Socks For Women - 30 Pairs of Athletic Socks For Running, Workout, Sports","[""Clothing, Shoes & Jewelry"", ""Women"", ""Clothing"", ""Active"", ""Athletic Socks""]","[""Cotton"", ""Imported"", ""Machine Wash""]",23.99,-0.31633159528589566,1,positive
u2_override_s9_final,diagnostic_post_hard_filter,4,B08VWDBSYN,Funny Socks Colorful Crew Socks Fruit Design Novelty Gift Box for Men and Women,"[""Clothing, Shoes & Jewelry"", ""Novelty & More"", ""Clothing"", ""Novelty"", ""Men"", ""Socks""]","[""%80 Cotton, %18 Polyamide, %3 Elastan / One Size Fits All"", ""Hand Wash Only"", ""FUNNY DESIGN: You can reflect your style by choosing our colorful and funny socks that have special designs such as fruit shape, comic, tie die with text and animal.""]",6.49,-0.33703721107638196,1,positive
u2_override_s9_final,diagnostic_post_hard_filter,5,B00U4BJE6G,Fashion Eyewear Retro Classic Style Multi-Color Sunglasses (Orange/Green/Red),"[""Clothing, Shoes & Jewelry"", ""Women"", ""Accessories"", ""Sunglasses & Eyewear Accessories"", ""Sunglasses""]","[""Resin frame"", ""Plastic lens"", ""Non-Polarized""]",13.85,-0.3436162067831524,1,positive
u2_override_s9_final,diagnostic_post_hard_filter,1,B0889K1JQD,UNAPOLOGETICALLY AMERICAN - Women's Short Sleeve Graphic T-Shirt,"[""Clothing, Shoes & Jewelry"", ""Women"", ""Clothing"", ""Tops, Tees & Blouses"", ""T-Shirts""]","[""50% Cotton / 50% Polyester - HEATHER ROYAL BLUE"", ""Printed in USA, Garment Imported"", ""Pull On closure""]",16.99,-0.3468549135215998,2,negative
u2_override_s9_final,diagnostic_post_hard_filter,2,B073P1BKSP,Beep Beep I'm A Sheep Shirt Funny Gift Tee,"[""Clothing, Shoes & Jewelry"", ""Novelty & More"", ""Clothing"", ""Novelty"", ""Women"", ""Tops & Tees"", ""T-Shirts""]","[""Solid colors: 100% Cotton; Heather Grey: 90% Cotton, 10% Polyester; All Other Heathers: 50% Cotton, 50% Polyester"", ""Imported"", ""Pull On closure""]",19.99,-0.3386515125678331,2,negative
u2_override_s9_final,diagnostic_post_hard_filter,3,B01LZDVJ4J,Happy New Year T-Shirt,"[""Clothing, Shoes & Jewelry"", ""Novelty & More"", ""Clothing"", ""Novelty"", ""Women"", ""Tops & Tees"", ""T-Shirts""]","[""Solid colors: 100% Cotton; Heather Grey: 90% Cotton, 10% Polyester; All Other Heathers: 50% Cotton, 50% Polyester"", ""Imported"", ""Pull On closure""]",15.99,-0.33366445813993156,2,negative
u2_override_s9_final,diagnostic_post_hard_filter,4,B076CCG8X5,Funny Gardening Shirts for Women Gardening Gift Shirt T-Shirt,"[""Clothing, Shoes & Jewelry"", ""Novelty & More"", ""Clothing"", ""Novelty"", ""Women"", ""Tops & Tees"", ""T-Shirts""]","[""Solid colors: 100% Cotton; Heather Grey: 90% Cotton, 10% Polyester; All Other Heathers: 50% Cotton, 50% Polyester"", ""Imported"", ""Pull On closure""]",17.99,-0.33104744968758854,2,negative
u2_override_s9_final,diagnostic_post_hard_filter,5,B01HU5VJW0,American Grown With COLOMBIAN Roots T-Shirt Tshirt,"[""Clothing, Shoes & Jewelry"", ""Novelty & More"", ""Clothing"", ""Novelty"", ""Women"", ""Tops & Tees"", ""T-Shirts""]","[""Solid colors: 100% Cotton; Heather Grey: 90% Cotton, 10% Polyester; All Other Heathers: 50% Cotton, 50% Polyester"", ""Imported"", ""Pull On closure""]",18.99,-0.325145640557869,2,negative
u2_override_s9_final,diagnostic_post_hard_filter,1,B096BGRVYZ,IKDXUF Swing Maxi Dress Womens Bohemian Party Beach Dress Summer Casual Solid Spaghetti Strap Dress with Pockets Blue,"[""Clothing, Shoes & Jewelry"", ""Women"", ""Clothing"", ""Dresses"", ""Casual""]","[""Button closure"", ""【FEATURE】Printed design makes you look more beatiful, cute, fashion and elegant. Whether it is go out or go to a beach vacation, it will be a good choose for your Summer. Strap design could make you feel breathable and comfortable all day. Pockets make it easy for you to carry small items such as mobile phones."", ""【MATERIAL】Ladies summer wear uses high-quality fabric, which is soft and breathable, and will provide you with first-class comfort; it has the same color lining to ensure that there will be no transparency; comfortable and elastic The materials and the simple solid color design make this summer dress suitable for most women's body shapes.""]",13.98,0.4086790222529411,2,positive
u2_override_s9_final,diagnostic_post_hard_filter,2,B08X6CZS6R,PRETTYGARDEN Women's Summer Wrap Maxi Dress Casual Boho Floral V Neck Short Sleeve Ruffle Hem Split Beach Long Dresses,"[""Clothing, Shoes & Jewelry"", ""Women"", ""Clothing"", ""Dresses""]","[""97% Polyester, 3% Spandex"", ""Imported"", ""Tie closure""]",45.99,0.39237456021045464,2,positive
u2_override_s9_final,diagnostic_post_hard_filter,3,B09Y5NMCYY,Women 's Summer V Neck Bohemian Floral Print Mini Dress Casual Short Sleeve Empire Waist Beach Dress,"[""Clothing, Shoes & Jewelry"", ""Women"", ""Clothing"", ""Dresses"", ""Casual""]","[""100% Polyester"", ""belted closure"", ""Machine Wash""]",16.49,0.3843119987634653,2,positive
u2_override_s9_final,diagnostic_post_hard_filter,4,B0BV2TDKJ6,KOJOOIN Women's Summer Boho Maxi Dresses Casual Short Sleeve V Neck Button Up Flowy Ruffle Hem Long Beach Dress,"[""Clothing, Shoes & Jewelry"", ""Women"", ""Clothing"", ""Dresses"", ""Casual""]","[""100% Rayon"", ""Imported"", ""Button closure""]",36.99,0.3842179670878049,2,positive
u2_override_s9_final,diagnostic_post_hard_filter,5,B09V7D7QNY,STYLEWORD Women's Ruffle Short Sleeve V Neck Summer Maxi Dress Boho Floral Split Button Up Flowy Casual Beach Sundress,"[""Clothing, Shoes & Jewelry"", ""Women"", ""Clothing"", ""Dresses"", ""Casual""]","[""100% Viscose"", ""Imported"", ""Pull On closure""]",9.99,0.36883583568272266,2,positive
u2_override_s9_final,diagnostic_post_hard_filter,1,B09WR7FG7L,Women's Floral Tunic Tops Casual Blouse V Neck Short Sleeve Buttons Up T-Shirts for Women Plus Size S-XXL,"[""Clothing, Shoes & Jewelry"", ""Women"", ""Clothing"", ""Tops, Tees & Blouses"", ""Blouses & Button-Down Shirts""]","[""100% Polyester"", ""Button closure"", ""Occasion: everyday life, work, vacation, travel and so on.""]",37.48,-0.3603280795757217,3,negative
u2_override_s9_final,diagnostic_post_hard_filter,2,B09YLMJ2DF,Tops for Women Casual Summer 3/4 Sleeve Button Down Loose Fit Shirts Trendy Floral Print Tunic Tees Blouses,"[""Clothing, Shoes & Jewelry"", ""Women"", ""Clothing"", ""Tops, Tees & Blouses"", ""Tunics""]","[""womens tops"", ""▶women clothing on sales clearance big promotion"", ""🌸Size: Recommend 1-2 size up.To choose the right size, please refer to the size chart in the image.""]",5.99,-0.34615876827216013,3,negative
u2_override_s9_final,diagnostic_post_hard_filter,3,B0BP2CSW2D,Womens Summer Tops Ruffle Short Sleeve T-Shirts Henley Round Neck Buttons Up Casual Blouse Tunic Shirt for Women,"[""Clothing, Shoes & Jewelry"", ""Women"", ""Clothing"", ""Tops, Tees & Blouses"", ""Tunics""]","[""60%Polyester & 35%Rayon & 5%Spandex"", ""Imported"", ""Button closure""]",19.99,-0.31382349453976816,3,negative
u2_override_s9_final,diagnostic_post_hard_filter,4,B0C8WM9W2N,Ladies Tops and Blouses 3/4 Sleeve Lace Blouses Ethnic Floral Shirt V Neck Elegant Hollow Tops for Women Tee Shirts Womens,"[""Clothing, Shoes & Jewelry"", ""Women"", ""Clothing"", ""Active"", ""Active Shirts & Tees""]","[""Tops for Women Casual Spring 3/4 Sleeve"", ""Blouses Womens T Shirts Casual Womens Shirt Womens Button Up Blouses 4Th Of July 3/4 Sleeve Tops for Women Loose Fitting Tops for Women Concert Tops Womens Clothing Summer 2023 Three Quarter Length Sleeve Tops Going Out Top"", ""Shirts for Women Dressy Casual Plus Size Blouse Beach Shirts for Women Summer 3/4 Sleeve Plus Size Tees Y2K Top Patchwork Graphic 3/4 Sleeve Shirts for Women Plus Size Women's 3/4 Sleeve T Shirts Summer Business Casual Outfits for Women Hollow Out Crochet Cover Up Hide Belly Womans Tops Women's Blouse Boho Tops for Women Blouses for Women Fashion 2023 Summer Tops for Women Casual Spring Sexy Round Neck 3/4 Sleeve T Shirts for Women Womens Shirts Casual Summer 3/4 Sleeve""]",11.99,-0.3105207302318152,3,negative
u2_override_s9_final,diagnostic_post_hard_filter,5,B09C7TT7JV,"Womens Summer Tops Dressy Casual, Shirts for Women, Womens Short Sleeve Tops, Women's Fashion V Neck Solid T Shirts Loose Fit Tunic Casual Summer Top Blouses Shirts","[""Clothing, Shoes & Jewelry"", ""Women"", ""Clothing"", ""Tops, Tees & Blouses"", ""T-Shirts""]","[""womens tops dressy casual"", ""Gifts for Women/Mom🔥🔥🔥 Gibbself Store 2022 Summer Deals Big Clearance🔥🔥🔥😍😍Buy 2 get 8% off, Buy 3 get 12% off, Buy 4 get 15% off, Buy 5 get 20% off."", ""🌈🌈【SHIPPING INFORMATION】Expedited Shipping: 3-7 Days. Standard shipping:10-20 Days.""]",6.89,-0.3028744920946859,3,negative
u2_override_s9_final,diagnostic_post_hard_filter,1,B07SLF1JFQ,Morning Drawer Unisex Fun Socks - Colorful Funny Novelty Crazy Crew Socks Packs,"[""Clothing, Shoes & Jewelry"", ""Novelty & More"", ""Clothing"", ""Novelty"", ""Women"", ""Socks & Hosiery"", ""Socks""]","[""Polyester,Spandex"", ""80% Polyester/17% Spandex/3% Rubber | Made in Mexico"", ""Machine Wash""]",6.49,0.3990855761696753,3,positive
u2_override_s9_final,diagnostic_post_hard_filter,2,B0757HDLZB,"Sock It To Me Womens Knee High Funky Socks Christmas Holiday (Candy Cane),5-10,Multi-color","[""Clothing, Shoes & Jewelry"", ""Novelty & More"", ""Clothing"", ""Novelty"", ""Women"", ""Socks & Hosiery"", ""Socks""]","[""Machine Wash""]",13.0,0.3851388023803373,3,positive
u2_override_s9_final,diagnostic_post_hard_filter,3,B0BTNXYH6C,"MR.KM 6 pairs High Ankle Cotton Crew Casual Stripes Socks,Black&White Striped,Rainbow Pride For Men&Women, Compression","[""Clothing, Shoes & Jewelry"", ""Novelty & More"", ""Clothing"", ""Novelty"", ""Men"", ""Socks""]","[""90% Cotton"", ""Machine Wash"", ""【Package Includes】: 6 Pairs Ankle quarter crew socks .Material: 90% Cotton；mens &womens socks size 6-9""]",16.99,0.3680753774031486,3,positive
u2_override_s9_final,diagnostic_post_hard_filter,4,B08VWDBSYN,Funny Socks Colorful Crew Socks Fruit Design Novelty Gift Box for Men and Women,"[""Clothing, Shoes & Jewelry"", ""Novelty & More"", ""Clothing"", ""Novelty"", ""Men"", ""Socks""]","[""%80 Cotton, %18 Polyamide, %3 Elastan / One Size Fits All"", ""Hand Wash Only"", ""FUNNY DESIGN: You can reflect your style by choosing our colorful and funny socks that have special designs such as fruit shape, comic, tie die with text and animal.""]",6.49,0.3492050790040431,3,positive
u2_override_s9_final,diagnostic_post_hard_filter,5,B08WKJS7JW,"3 Pairs of Knitted Combed Cotton Socks, Quality Cotton Modal Socks, Cool Novelty Casual Socks for Women and Men","[""Clothing, Shoes & Jewelry"", ""Men"", ""Clothing"", ""Socks & Hosiery"", ""Socks""]","[""75% Cotton, 23% Polyamide, 2% Spandex"", ""Hand Wash Only"", ""Feature: These 3 pairs of socks are made with 75% cotton 23% polyamide 2% Spandex. Foot sizes: Suitable for the USA, 6.5 - 9.0 When you purchase this set of socks, you will get 3 pairs of superior quality socks. It is 100% Turkish. Turkey is produced from 100% cotton.""]",23.9,0.3455254878845761,3,positive
u2_override_s9_final,diagnostic_post_hard_filter,1,B09L1K3BJT,Women's Casual Zip up Hoodies Long Tunic Sweatshirts Jackets Plaid Floral Print Plus Size Hooded Coats with Pockets,"[""Clothing, Shoes & Jewelry"", ""Women"", ""Clothing"", ""Sweaters"", ""Cardigans""]","[""【 PREMIUM MATERIAL】: Made of super soft quick-drying high quality fabric, good elasticity & permeability, comfortable & durable for long time use. It will be your perfect Autumn and winter favourite!"", ""【 SUITABLE OCCASIONS】: Perfect in All Festival, When you wear it out, it will attract everyone's attention and add new interest to this Halloween! Suit for casual, shopping, party, club, workout, date, street wear, party, outdoor, daily wear, make you charming and fashion.Note: We are using Asian sizes, you can see the size details in the picture for comparison."", ""Fall & Winter & Halloween & Christmas Women‘s Clothing Discount Promotion Clearance: Womens Tops Halloween Costumes for Women Sweaters for Women Plus Size Top for Women Long Sleeve Shirts for Women Cardigan for Women Shirts for Women Hoodies for Women Sweatshirts for Women""]",11.96,-0.34016543332669497,4,negative
u2_override_s9_final,diagnostic_post_hard_filter,2,B07WS6F8FG,Duster Cardigans for Women Open Front Colorblock Long Sleeve Loose Knit Cardigan Sweater Outwear,"[""Clothing, Shoes & Jewelry"", ""Women"", ""Clothing"", ""Sweaters"", ""Cardigans""]","[""Polyester and Spandex"", ""Pull On closure"", ""Long Cardigans for Women Striped Draped Causual Loose Color Block Sweater Vest""]",24.99,-0.33389934351071904,4,negative
u2_override_s9_final,diagnostic_post_hard_filter,3,B09DY9Q2HN,"Women Blazers for Work Casual Long Blazer Open Front Work Office Plus Size Business Attire,Jackets for Women Lightweight","[""Clothing, Shoes & Jewelry"", ""Women"", ""Clothing"", ""Suiting & Blazers"", ""Blazers""]","[""Cotton Blend"", ""Polyester lining"", ""Pull On closure""]",19.98,-0.33200917260391766,4,negative
u2_override_s9_final,diagnostic_post_hard_filter,4,B09JWG3MXR,PHSHY Striped Leopard Printed Color Block Knitted Sweaters Women Crew Neck Long Sleeve Casual Pullover Jumper Tops,"[""Clothing, Shoes & Jewelry"", ""Women"", ""Clothing"", ""Sweaters"", ""Pullovers""]","[""【Material】- 60% Cotton, 40% Polyester,soft and comfort"", ""◆Pull On closure,theses women fashion long sleeve are warm and comfortable to wear."", ""◆Classic women long sleeve button down shirts hoodies sweatshirts womens faux leather jacket plus size sherpa fleece jacket women open front cardigans long sleeve oversized chunky cable knit sweater lighteweight packable down puffer jacket coat faux leather motorcycle jacket women. Great to be matched with jeans, capris, skirts, leggings, sweatpants, pants ,knee high boots or high heels etc.When you wear it, you will feel very comfortable and look good.""]",27.55,-0.31870257029410554,4,negative
u2_override_s9_final,diagnostic_post_hard_filter,5,B0BGHFN87N,Sweater Cardigans for Women Autumn Solid Long Sleeve Knit Cardigan Slim fit Button Down Light Jacket Coat with Pocket,"[""Clothing, Shoes & Jewelry"", ""Women"", ""Clothing"", ""Sweaters"", ""Cardigans""]","[""❤Hi, Dear little angel, welcome to our shop , our products are cheap and Good quality, you can't miss it. If this product is not your style, please click on our store, we have many kinds of products, there will be a product for you."", ""❤Feeling: Wear this Cloth to a casual evening out for drinks with friends, doing your hair&make up,to a graduation party, and to beach walking,etc. They’re comfy enough to wear around the house and appropriate for office work."", ""❤Attention:Please refer to the Left Size Image before purchasing. As different computer display colors are different, the color of the actual products may be slightly different from the above image. Thank you for your understanding.""]",24.19,-0.31460356544395823,4,negative
u2_override_s9_final,diagnostic_post_hard_filter,1,B01KVT25A2,Sunshine Sun Yellow Spiral T-Shirt Novelty Graphic Tee Shirt,"[""Clothing, Shoes & Jewelry"", ""Novelty & More"", ""Clothing"", ""Novelty"", ""Men"", ""Shirts"", ""T-Shirts""]","[""Solid colors: 100% Cotton; Heather Grey: 90% Cotton, 10% Polyester; All Other Heathers: 50% Cotton, 50% Polyester"", ""Imported"", ""Pull On closure""]",17.95,0.2826325756483708,4,positive
u2_override_s9_final,diagnostic_post_hard_filter,2,B01CT9QCQK,Vintage Patriotic Flag of Colorful Colorado T-Shirt T-Shirt,"[""Clothing, Shoes & Jewelry"", ""Novelty & More"", ""Clothing"", ""Novelty"", ""Men"", ""Shirts"", ""T-Shirts""]","[""Solid colors: 100% Cotton; Heather Grey: 90% Cotton, 10% Polyester; All Other Heathers: 50% Cotton, 50% Polyester"", ""Imported"", ""Pull On closure""]",16.99,0.2741562245470803,4,positive
u2_override_s9_final,diagnostic_post_hard_filter,3,B07M7F5DSK,Liquid Blue Popsicle Spiral Tie Dye Short Sleeve T-Shirt,"[""Clothing, Shoes & Jewelry"", ""Women"", ""Clothing"", ""Tops, Tees & Blouses"", ""T-Shirts""]","[""100% Cotton"", ""Made in the USA and Imported"", ""Pull On closure""]",18.26,0.2582949720750889,4,positive
u2_override_s9_final,diagnostic_post_hard_filter,4,B00XZ22W4M,Hawaiian Tube Sun Dress - Purple Flower Pattern,"[""Clothing, Shoes & Jewelry"", ""Women"", ""Clothing"", ""Dresses"", ""Casual""]","[""100% Cotton"", ""Made in USA"", ""Tube closure""]",31.95,0.2567061785116434,4,positive
u2_override_s9_final,diagnostic_post_hard_filter,5,B00Y5TAMR8,Women's Aloha Hawaiian Hi Hawaii Palm Tree Sunset T-Shirt,"[""Clothing, Shoes & Jewelry"", ""Novelty & More"", ""Clothing"", ""Novelty"", ""Women"", ""Tops & Tees"", ""T-Shirts""]","[""100% Cotton"", ""Made in the USA and Imported"", ""Pull On closure""]",10.95,0.25396839670888965,4,positive
u2_override_s9_final,diagnostic_post_hard_filter,1,B0BGR5FYQ8,"Stole Christmas Funny Pullover Green Printing Long Sleeve Raglan Tops Sweatshirt Gift for Women (2,L)","[""Clothing, Shoes & Jewelry"", ""Novelty & More"", ""Clothing"", ""Novelty"", ""Women"", ""Sweatshirts""]","[""Pull On closure""]",18.88,-0.33872482376982793,5,negative
u2_override_s9_final,diagnostic_post_hard_filter,2,B09GDM5TNZ,"Fresh Christmas Trees Sweatshirt for Women, Funny Letter Print Long Sleeve Xmas Shirt Holiday Pullover Tops Wine Red, XX-Large","[""Clothing, Shoes & Jewelry"", ""Women"", ""Clothing"", ""Fashion Hoodies & Sweatshirts""]","[""Cotton Blend""]",22.0,-0.3278407709184,5,negative
u2_override_s9_final,diagnostic_post_hard_filter,3,B07Z5DQG1B,Women’s Cute Shining Christmas Reindeer Ugly Sweater Pullover Knitted Tunic for Holiday or Birthday Gift,"[""Clothing, Shoes & Jewelry"", ""Women"", ""Clothing"", ""Sweaters"", ""Pullovers""]","[""100% Acrylic"", ""Pull On closure"", ""Machine Wash""]",25.99,-0.3153391768318708,5,negative
u2_override_s9_final,diagnostic_post_hard_filter,4,B09L1K3BJT,Women's Casual Zip up Hoodies Long Tunic Sweatshirts Jackets Plaid Floral Print Plus Size Hooded Coats with Pockets,"[""Clothing, Shoes & Jewelry"", ""Women"", ""Clothing"", ""Sweaters"", ""Cardigans""]","[""【 PREMIUM MATERIAL】: Made of super soft quick-drying high quality fabric, good elasticity & permeability, comfortable & durable for long time use. It will be your perfect Autumn and winter favourite!"", ""【 SUITABLE OCCASIONS】: Perfect in All Festival, When you wear it out, it will attract everyone's attention and add new interest to this Halloween! Suit for casual, shopping, party, club, workout, date, street wear, party, outdoor, daily wear, make you charming and fashion.Note: We are using Asian sizes, you can see the size details in the picture for comparison."", ""Fall & Winter & Halloween & Christmas Women‘s Clothing Discount Promotion Clearance: Womens Tops Halloween Costumes for Women Sweaters for Women Plus Size Top for Women Long Sleeve Shirts for Women Cardigan for Women Shirts for Women Hoodies for Women Sweatshirts for Women""]",11.96,-0.30459656326754836,5,negative
u2_override_s9_final,diagnostic_post_hard_filter,5,B0BKK1G46R,Akivide Women's Christmas Tree Crewneck Merry & Bright Sweatshirt Funny Letter Print Long Sleeve Holiday Pullover Shirt Tops,"[""Clothing, Shoes & Jewelry"", ""Women"", ""Clothing"", ""Fashion Hoodies & Sweatshirts""]","[""Cotton/Polyester"", ""Imported"", ""Pull On closure""]",25.99,-0.29173490471711255,5,negative
u2_override_s9_final,diagnostic_post_hard_filter,1,B088YP2LW8,Hcaixing Women's Mid Waist Cotton Underwear Soft Breathable panties(5 Pack),"[""Clothing, Shoes & Jewelry"", ""Women"", ""Clothing"", ""Lingerie, Sleep & Lounge"", ""Lingerie"", ""Panties"", ""Briefs""]","[""95% Cotton, 5% Spandex"", ""Machine Wash"", ""HIGH QUALITY COTTON FABRIC； These mid-high waisted cotton underwear are made of 95% organic cotton and 5% spandex. solid and high elastic,soft and breathable,colors are bright and shinning,colors never fade.""]",16.99,0.301624275348818,5,positive
u2_override_s9_final,diagnostic_post_hard_filter,2,B07Z6J5N6Y,"Amazon Essentials Women's Cotton Bikini Brief Underwear (Available in Plus Size), Multipacks","[""Clothing, Shoes & Jewelry"", ""Women"", ""Clothing"", ""Lingerie, Sleep & Lounge"", ""Lingerie"", ""Panties"", ""Bikinis""]","[""95% Cotton, 5% Spandex"", ""Imported"", ""Machine Wash""]",12.72,0.2994574064800261,5,positive
u2_override_s9_final,diagnostic_post_hard_filter,3,B0792TWF7C,Wealurre Women's Cotton Thong Breathable Panties Low Rise Underwear,"[""Clothing, Shoes & Jewelry"", ""Women"", ""Clothing"", ""Lingerie, Sleep & Lounge"", ""Lingerie"", ""Panties"", ""G-Strings & Thongs""]","[""95% Cotton 5% Spandex( Color Stripe Green:47% Cotton 47% Viscose 6% Spandex)"", ""Machine Wash"", ""MATERIAL - High cotton fabric material,95%cotton and 5%spandex, elasticy.""]",19.99,0.28777595392008565,5,positive
u2_override_s9_final,diagnostic_post_hard_filter,4,B09ZDZ3ZZJ,NW opdamyi Women`s Underwear 4 Pack Soft Comfortable Loose Cotton Boy Shorts Solid Colors Panties,"[""Clothing, Shoes & Jewelry"", ""Women"", ""Clothing"", ""Lingerie, Sleep & Lounge"", ""Lingerie"", ""Panties"", ""Boy Shorts""]","[""100% Cotton"", ""Hand Wash Only"", ""Machine wash or hand wash, not shrink, dry quickly.""]",18.99,0.28020035862213855,5,positive
u2_override_s9_final,diagnostic_post_hard_filter,5,B00VSKWQLM,Brazilex Women's Boy Short Panties Cotton,"[""Clothing, Shoes & Jewelry"", ""Women"", ""Clothing"", ""Lingerie, Sleep & Lounge"", ""Lingerie"", ""Panties"", ""Boy Shorts""]","[""92% cotton"", ""Sizes: Small, Medium, Large, and Extra-Large. Please, CHECK MEASURES below."", ""Measures around the hips (3\"" below the waist): S - 25\"" relaxed, up to 44\"" stretched; M - 27\"" relaxed, up to 46\"" stretched; L - 29\"" relaxed, up to 48\"" stretched; XL - 31\"" relaxed, up to 50\"" stretched. Don't forget to leave some room for comfort.""]",5.99,0.26516001832126523,5,positive
u2_override_s9_final,diagnostic_post_hard_filter,1,B086VTYSNX,Scully Western Shirt Womens L/S Peasant Floral Ruffled Cuffs F0_HC422,"[""Clothing, Shoes & Jewelry"", ""Women"", ""Clothing"", ""Tops, Tees & Blouses"", ""Blouses & Button-Down Shirts""]","[""100% Viscose"", ""Import"", ""Buckle closure""]",69.0,-0.26220778506280457,6,negative
u2_override_s9_final,diagnostic_post_hard_filter,2,B07DPZBHM4,J.Crew Mercantile Women's Light-Weight Flannel Shirt,"[""Clothing, Shoes & Jewelry"", ""Women"", ""Clothing"", ""Tops, Tees & Blouses"", ""Blouses & Button-Down Shirts""]","[""100% Cotton"", ""Button closure"", ""Machine Wash""]",34.99,-0.25391710645197196,6,negative
u2_override_s9_final,diagnostic_post_hard_filter,3,B07BNFBGZR,Scully Rangewear Women's Rangewear Peruvian Cotton Pleated Front Long - Rw569wht,"[""Clothing, Shoes & Jewelry"", ""Women"", ""Clothing"", ""Tops, Tees & Blouses"", ""Blouses & Button-Down Shirts""]","[""100% Cotton"", ""Imported"", ""Rangewear By Scully Is Part Of The Old West Collection By Scully.""]",44.95,-0.2483477154041542,6,negative
u2_override_s9_final,diagnostic_post_hard_filter,4,B08RMJLVZB,White Elegance Women's Modest White Full Length Long Sleeve Cotton Special Occasion Dress with Button Down Front,"[""Clothing, Shoes & Jewelry"", ""Women"", ""Clothing"", ""Dresses"", ""Formal""]","[""100% Cotton"", ""Button closure"", ""cold wash""]",119.99,-0.22382079744112718,6,negative
u2_override_s9_final,diagnostic_post_hard_filter,5,B07CZ9HJ72,Mexican Dress Puebla Hand Embroidered,"[""Clothing, Shoes & Jewelry"", ""Women"", ""Clothing"", ""Dresses"", ""Casual""]","[""Cotton Blend"", ""Imported"", ""Pull On closure""]",43.5,-0.2179363565366723,6,negative
u2_override_s9_final,diagnostic_post_hard_filter,1,B09TRH5PLV,KUDICO Womens High Waist Wide Leg Shorts Plus Size Casual Elastic Shorts Loose Fit Summer Beach Holiday Shorts with Pockets,"[""Clothing, Shoes & Jewelry"", ""Men""]","[""100% Cotton Blend"", ""[Material] - High-quality Polyester,Spandex,Cotton Blend,Cotton Linen.Soft,Comfy,Skin-Friendly,Skinny High Waist Women Shorts.Women's Shorts High Waist Yoga Workout Tummy Control Leggings Casual Elastic Waisted Butt Lifting Pockets Denim Jeans Wide Leg Stretch Running Short Pant Drawstring Ripped Summer Athletic Trousers"", ""[Design] - Our Women’s Shorts are great designed and nice sewing and great lining.Women’s Jeans Loose Booty Rise Straight Leg Stretchy Lounge Capri Relaxed Fit Tights Soft Comfy Skinny Frayed Raw Hem Gym Plus Size Scrunch Distressed Ruched Slim Fit Bermuda Sports Bubble Solid Cargo Multi Pocket Hot Pant Beach Biker Fashion Sweatpants""]",10.97,0.2962467037570381,6,positive
u2_override_s9_final,diagnostic_post_hard_filter,2,B0967CJ4P7,"HCNTES Womens Shorts for Summer, Womens Comfy Drawstring Splice Casual Elastic Waist Pocketed Loose Shorts Pants","[""Clothing, Shoes & Jewelry"", ""Women"", ""Clothing"", ""Active"", ""Active Shorts""]","[""shorts for women"", ""✈✈Expedited Shipping usually takes 3-5 days,Standard Shipping usually takes 7-15 days to be delivered . ✈✈"", ""Drawstring closure""]",3.79,0.27130388811812034,6,positive
u2_override_s9_final,diagnostic_post_hard_filter,3,B09WHBG31C,ZHUER Summer Cotton Linen Pants for Women High Waisted Wide Leg Pants Plus Size Loose Casual Beach Pants Capris with Pockets,"[""Clothing, Shoes & Jewelry"", ""Women"", ""Clothing"", ""Active"", ""Active Pants""]","[""Linen,Cotton"", ""Pull On closure"", ""Imported""]",9.49,0.26970059186207923,6,positive
u2_override_s9_final,diagnostic_post_hard_filter,4,B0C1BT5862,Capri Pants for Women Summer Casual Plus Size Cotton Linen Pants Drawstring Knee Length Trousers with Pockets,"[""Clothing, Shoes & Jewelry"", ""Women"", ""Clothing"", ""Pants"", ""Casual""]","[""Polyseter Spandex"", ""Imported"", ""Drawstring closure""]",6.99,0.2669543225707263,6,positive
u2_override_s9_final,diagnostic_post_hard_filter,5,B0BBVLY117,NAMTYQX Spring Summer Fashion Women's Casual Skull Printed Overalls Loose Rompers Beach Pants Bib Overall Baggy Jumpsuit,"[""Clothing, Shoes & Jewelry"", ""Women"", ""Clothing"", ""Jumpsuits, Rompers & Overalls"", ""Overalls""]","[""Material: Cotton Blend"", ""Halloween commemorative models: Two high-quality versions allow you to have a different wearing experience. Special holiday print, only a special gift for Halloween. Elements such as pumpkins, witches, wizards and skeletons, one-stop immersive shopping experience. Let you have the most intense holiday experience."", ""Premium quality fabrics: Our High quality jumpsuit are made from premium quality fabrics . Designed for everyday wear, our special blend of polyester and spandex (non-linen)will keep you comfortable all the time. Feels cool and sleek on the inside, soft and brushed on the outside.""]",9.88,0.2576226459058853,6,positive
u2_override_s9_final,diagnostic_post_hard_filter,1,B07TJ8W4MN,Clown Socks Long Knee High Socks Colorful Vibrant Dot Rainbow Socks with Clown Headband for Girls Women Halloween Carnival Circus Stage Costume,"[""Clothing, Shoes & Jewelry"", ""Novelty & More"", ""Clothing"", ""Novelty"", ""Women"", ""Socks & Hosiery"", ""Socks""]","[""Do Not Put,Hand Wash"", ""[Comfort & Durable Long Sock]:Premium material provides excellent moisture management, and maximized breathability, providing a pleasant experience all day. Not too thin, not too thick. They are very soft and delightfully comfortable to wear."", ""[One Size Fits Most Girls &Women]: Rainbow knee high socks has a length of 53cm /20.87 inch and can maybe be stretched over the knees, which has one fresh color and dots all over, red, blue, white, yellow, and green mix ed with altogether. Super cute with shorts and mini skirts, show your youthful vigor and spike your confidence.""]",9.99,-0.29275732742271887,7,negative
u2_override_s9_final,diagnostic_post_hard_filter,2,B076Q5V3K7,Christmas Pajamas Pants for Women Red Green Polka Dot/Plaids PJs Sleepwear,"[""Clothing, Shoes & Jewelry"", ""Women"", ""Clothing"", ""Lingerie, Sleep & Lounge"", ""Sleep & Lounge"", ""Sets""]","[""Drawstring closure"", ""Metarial: Cotton blend polyester,soft and comfortable."", ""Polka Dots – Cute-as-can be cotton pajamas featuring a darling red/green background dotted with sweet white polka dots""]",15.99,-0.28215423785759125,7,negative
u2_override_s9_final,diagnostic_post_hard_filter,3,B077NYNQZN,Unisex Sock Men's Flamingo Casual Combed Cotton Socks Women Funny Cotton Crew Socks,"[""Clothing, Shoes & Jewelry"", ""Men"", ""Clothing"", ""Socks & Hosiery"", ""Socks""]","[""Polyester,Cotton,Spandex"", ""Pull On closure"", ""Machine Wash""]",4.99,-0.2683820358060074,7,negative
u2_override_s9_final,diagnostic_post_hard_filter,4,B0BHSMX2ZC,"Women Girls Novelty Funny Sunflower Crew Socks, Funky Socks, Gift for Mom & Girlfriend","[""Clothing, Shoes & Jewelry"", ""Novelty & More"", ""Clothing"", ""Novelty"", ""Women"", ""Socks & Hosiery"", ""Socks""]","[""80% cotton/17% polyamide/and/3% elastane"", ""Elastic closure"", ""Laundry""]",7.99,-0.2581222397530773,7,negative
u2_override_s9_final,diagnostic_post_hard_filter,5,B0BK944NF4,Floerns Women's V Neck Button Back Puff Leg of Mutton Sleeve Blouse Top,"[""Clothing, Shoes & Jewelry"", ""Women"", ""Clothing"", ""Tops, Tees & Blouses"", ""Blouses & Button-Down Shirts""]","[""100% Polyester"", ""Imported"", ""Button closure""]",29.99,-0.2577524466849044,7,negative
u2_override_s9_final,diagnostic_post_hard_filter,1,B096BWXXM8,Columbia Women's Sun Trek Hooded Coverup,"[""Clothing, Shoes & Jewelry"", ""Women"", ""Clothing"", ""Active"", ""Dresses""]","[""56% Polyester, 37% Cotton, 7% Elastane"", ""Imported"", ""Pull On closure""]",48.54,0.30299728722257735,7,positive
u2_override_s9_final,diagnostic_post_hard_filter,2,B08XYZ48WJ,MEANBEAUTY Women’s Open Front Beach Kimono Casual Cardigan Loose Style Swimwear Summer Cover Ups Stylish Swimsuit Covereup,"[""Clothing, Shoes & Jewelry"", ""Women"", ""Clothing"", ""Swimsuits & Cover Ups"", ""Cover-Ups""]","[""80% Viscose, 20% Cotton"", ""Hand Wash Only"", ""Material - This beach coverup cardigan is made of 20% cotton 80% viscose.""]",14.99,0.2864188492411116,7,positive
u2_override_s9_final,diagnostic_post_hard_filter,3,B09V1B1Y8T,Women Long Beach Kimono Curve Hem Loose Open Front Tie Dye Bathing Suit Cover up,"[""Clothing, Shoes & Jewelry"", ""Women"", ""Clothing"", ""Swimsuits & Cover Ups"", ""Cover-Ups""]","[""100% Rayon"", ""进口"", ""rayon lining""]",25.99,0.27529369440688123,7,positive
u2_override_s9_final,diagnostic_post_hard_filter,4,B08TT99ZQZ,Three Eye Store Women's Kaftan Dress Swimsuit Beach Cover Up Tribal Ethnic Print Plus Size V-Neck Loose Kimono Maxi Dress,"[""Clothing, Shoes & Jewelry"", ""Women"", ""Clothing"", ""Swimsuits & Cover Ups"", ""Cover-Ups""]","[""100% Polyester"", ""Imported"", ""Drawstring Waist closure""]",10.6,0.2687901779121941,7,positive
u2_override_s9_final,diagnostic_post_hard_filter,5,B0BJPZKQ62,SMUDGE Life Kaftan Dresses for Women Swimsuit Cover Ups Beach Caftan Maxi Embroidered Dress,"[""Clothing, Shoes & Jewelry"", ""Women"", ""Clothing"", ""Swimsuits & Cover Ups"", ""Cover-Ups""]","[""100% Rayon"", ""Imported"", ""Pull On closure""]",24.99,0.26440950192034857,7,positive
u2_override_s9_final,diagnostic_post_hard_filter,1,B09TXP44PW,Dwnval Sexy Sleeveless Crewneck Ribbed Knitted Tank Crop Tops for Women,"[""Clothing, Shoes & Jewelry"", ""Women"", ""Clothing"", ""Tops, Tees & Blouses"", ""Tanks & Camis""]","[""Cotton, Spandex, Polyester"", ""Imported"", ""Pull On closure""]",12.65,-0.2752505247100844,8,negative
u2_override_s9_final,diagnostic_post_hard_filter,2,B08N6BYW1G,adidas Originals Women's Adicolor Classics Racerback Dress,"[""Clothing, Shoes & Jewelry"", ""Women"", ""Clothing"", ""Active"", ""Dresses""]","[""95% Cotton, 5% Spandex"", ""Imported"", ""Pull On closure""]",40.0,-0.2208415794335845,8,negative
u2_override_s9_final,diagnostic_post_hard_filter,3,B0B3RFJ2D5,Pink Queen Women's Summer Crew Neck Sleeveless Cutout Ruched Ribbed Bodycon Mini Short Dress,"[""Clothing, Shoes & Jewelry"", ""Women"", ""Clothing"", ""Dresses"", ""Club & Night Out""]","[""60% Rayon, 35% Polyester, 5% Spandex"", ""Imported"", ""Pull On closure""]",35.99,-0.21538518565929382,8,negative
u2_override_s9_final,diagnostic_post_hard_filter,4,B07N4GLDMB,YATHON Women's Vintage Ruffle Floral Flared A Line Swing Casual Cocktail Party Dresses,"[""Clothing, Shoes & Jewelry"", ""Women"", ""Clothing"", ""Dresses"", ""Casual""]","[""COMFORTABLE GREAT QUALITY MATERIAL : 95%Polyester, 5%Spandex. Women's dresses is made from a lightweight and skin-touch, good quality stretchy fabric which don't wrinkle with a nice drape to it."", ""进口"", ""Zipper closure""]",27.16,-0.2145204322522181,8,negative
u2_override_s9_final,diagnostic_post_hard_filter,5,B0895GRVYV,YATHON Casual Dresses for Women Sleeveless Cotton Summer Beach Dress A Line Spaghetti Strap Sundresses with Pockets,"[""Clothing, Shoes & Jewelry"", ""Women"", ""Clothing"", ""Dresses""]","[""COMFY SOFT STRETCHY MATERIAL : 65%Cotton,35%Polyester. Casual dresses for women is made from a lightweight and skin-touch, good stretchy soft fabric. Double-Layers on the top part, Not-see through."", ""进口"", ""Zipper closure""]",17.89,-0.21435707991586683,8,negative
u2_override_s9_final,diagnostic_post_hard_filter,1,B00TFB72RO,LOFBAZ Harem Pants for Women S-4XL Plus Drawstring Yoga Boho Palazzo PJ Clothing,"[""Clothing, Shoes & Jewelry"", ""Women"", ""Clothing""]","[""100% Rayon"", ""Imported"", ""Drawstring closure""]",23.99,0.28215436437578206,8,positive
u2_override_s9_final,diagnostic_post_hard_filter,2,B01DJ659UM,Orient Trail Women's Hippie Boho Wide Leg Harem Pants Flared Bottom US Size 0-22,"[""Clothing, Shoes & Jewelry"", ""Sport Specific Clothing"", ""Yoga"", ""Women"", ""Pants""]","[""100% Rayon"", ""Pull On closure"", ""Hand Wash Only""]",22.9,0.2820591096998946,8,positive
u2_override_s9_final,diagnostic_post_hard_filter,3,B083SPD38R,"Stoota Men's Fashion Short Sleeve Beach Shirt & Shorts Suit, Casaul Hippie Regular Fit Solid Color Simple T-Shirt Pants","[""Clothing, Shoes & Jewelry"", ""Men"", ""Clothing"", ""Active"", ""Sets"", ""Active Tracksuits""]","[""Suede,Cashmere"", ""Cotton"", ""Drawstring closure""]",9.76,0.24169963490291138,8,positive
u2_override_s9_final,diagnostic_post_hard_filter,4,B08TT99ZQZ,Three Eye Store Women's Kaftan Dress Swimsuit Beach Cover Up Tribal Ethnic Print Plus Size V-Neck Loose Kimono Maxi Dress,"[""Clothing, Shoes & Jewelry"", ""Women"", ""Clothing"", ""Swimsuits & Cover Ups"", ""Cover-Ups""]","[""100% Polyester"", ""Imported"", ""Drawstring Waist closure""]",10.6,0.24161412038784294,8,positive
u2_override_s9_final,diagnostic_post_hard_filter,5,B09JMRF1PK,Womens Floral Two Piece Vacation Outfits Beach Hawaiian Shirts and Wide Leg Boho Pants Sets Jumpsuits,"[""Clothing, Shoes & Jewelry"", ""Women"", ""Clothing"", ""Jumpsuits, Rompers & Overalls"", ""Jumpsuits""]","[""95% Polyester, 5% Spandex"", ""Drawstring closure"", ""Hand Wash Only""]",35.99,0.23779984629360978,8,positive
u2_override_s9_final,diagnostic_post_hard_filter,1,B09PBPYRZ6,Womens Cargo Bib Jeans Overalls Fashion Casual Denim Baggy Jumpsuits Rompers Extreme Comfort Lightweight Trousers,"[""Clothing, Shoes & Jewelry"", ""Women"", ""Clothing"", ""Jumpsuits, Rompers & Overalls"", ""Overalls""]","[""Denim,Polyester"", ""Import"", ""✈【SHIPPING】Standard shipping:8-15 days, Expedited Shipping:3-5 Days. closure""]",25.45,-0.3209900465238422,9,negative
u2_override_s9_final,diagnostic_post_hard_filter,2,B09ZTWSM7B,Peacolate Summer Little Big Girl Denim Suspender Skirt Overalls Dress Embroidery Flip Sequins Pink Squirrel Bib Skirt,"[""Clothing, Shoes & Jewelry"", ""Girls"", ""Clothing"", ""Overalls""]","[""100%denim"", ""Adjustable closure"", ""Machine Wash""]",19.99,-0.28906521390517553,9,negative
u2_override_s9_final,diagnostic_post_hard_filter,3,B0BCFFTTJ7,Infant Toddler Baby Girl Clothes Outfits Sets Cotton Long Sleeves Shirts + Floral Pants,"[""Clothing, Shoes & Jewelry"", ""Baby"", ""Baby Girls"", ""Clothing"", ""Clothing Sets"", ""Short Sets""]","[""Cotton,Spandex"", ""Drawstring closure"", ""Machine Wash""]",13.99,-0.271819478138343,9,negative
u2_override_s9_final,diagnostic_post_hard_filter,4,B0BY2GRDFX,DodutopZG Jumpsuits for Women Floral Vintage Suspenders Jumpsuit Fashion Metal Buttons Traveling Dating Jumpsuits,"[""Clothing, Shoes & Jewelry"", ""Women"", ""Clothing"", ""Jumpsuits, Rompers & Overalls"", ""Jumpsuits""]","[""【 Material】Cotton and Polyester"", ""【 Material 】65% cotton, 35% polyester. Material lightweight,ultra soft could keep you warm all day but stay cool."", ""【 Suitable Occasion 】Casual/Party/Shopping/Work/Outside/Beach/Home/Wedding/Shopping/Holiday Style.""]",21.93,-0.2637342280886233,9,negative
u2_override_s9_final,diagnostic_post_hard_filter,5,B099WR4VNY,Casual 2 Piece Outfit for Women - Short Sleeve Crop Top + Wide Leg Long Pants Set Jumpsuits Rompers,"[""Clothing, Shoes & Jewelry"", ""Women"", ""Clothing"", ""Jumpsuits, Rompers & Overalls"", ""Jumpsuits""]","[""100% Polyester"", ""Pull On closure"", ""Machine Wash""]",35.99,-0.26279122550986017,9,negative
u2_override_s9_final,diagnostic_post_hard_filter,1,B08WKJS7JW,"3 Pairs of Knitted Combed Cotton Socks, Quality Cotton Modal Socks, Cool Novelty Casual Socks for Women and Men","[""Clothing, Shoes & Jewelry"", ""Men"", ""Clothing"", ""Socks & Hosiery"", ""Socks""]","[""75% Cotton, 23% Polyamide, 2% Spandex"", ""Hand Wash Only"", ""Feature: These 3 pairs of socks are made with 75% cotton 23% polyamide 2% Spandex. Foot sizes: Suitable for the USA, 6.5 - 9.0 When you purchase this set of socks, you will get 3 pairs of superior quality socks. It is 100% Turkish. Turkey is produced from 100% cotton.""]",23.9,0.3443277994812843,9,positive
u2_override_s9_final,diagnostic_post_hard_filter,2,B0BTNXYH6C,"MR.KM 6 pairs High Ankle Cotton Crew Casual Stripes Socks,Black&White Striped,Rainbow Pride For Men&Women, Compression","[""Clothing, Shoes & Jewelry"", ""Novelty & More"", ""Clothing"", ""Novelty"", ""Men"", ""Socks""]","[""90% Cotton"", ""Machine Wash"", ""【Package Includes】: 6 Pairs Ankle quarter crew socks .Material: 90% Cotton；mens &womens socks size 6-9""]",16.99,0.3160040045965609,9,positive
u2_override_s9_final,diagnostic_post_hard_filter,3,B0BZDWPSL4,"Hycome 6 Pairs Comfortable Casual Cotton Socks for Women, Girls and Students (fit women girls shoe size 5-10)","[""Clothing, Shoes & Jewelry"", ""Women"", ""Clothing"", ""Active"", ""Athletic Socks""]","[""80% Cotton, 15% Polyester, 5% Spandex"", ""Imported"", ""Machine Wash""]",16.99,0.30238743386823114,9,positive
u2_override_s9_final,diagnostic_post_hard_filter,4,B07Y2X6ZD9,Bycc Bynn Women 10 Pairs Novelty Colorful Ankle Socks Cute Funny Casual Cotton Rich Crew Socks Pack,"[""Clothing, Shoes & Jewelry"", ""Novelty & More"", ""Clothing"", ""Novelty"", ""Women"", ""Socks & Hosiery"", ""Socks""]","[""Cotton"", ""Imported"", ""Machine Wash""]",12.9,0.2981977390650611,9,positive
u2_override_s9_final,diagnostic_post_hard_filter,5,B08VWDBSYN,Funny Socks Colorful Crew Socks Fruit Design Novelty Gift Box for Men and Women,"[""Clothing, Shoes & Jewelry"", ""Novelty & More"", ""Clothing"", ""Novelty"", ""Men"", ""Socks""]","[""%80 Cotton, %18 Polyamide, %3 Elastan / One Size Fits All"", ""Hand Wash Only"", ""FUNNY DESIGN: You can reflect your style by choosing our colorful and funny socks that have special designs such as fruit shape, comic, tie die with text and animal.""]",6.49,0.2806701983573911,9,positive
u2_override_s9_final,diagnostic_post_hard_filter,1,B08P7HS6QL,VISLILY Women-Plus-Size-Hoodies-Sweatshirts Color Block Tops with Pockets XL-4XL,"[""Clothing, Shoes & Jewelry"", ""Women"", ""Clothing"", ""Fashion Hoodies & Sweatshirts""]","[""65% polyester/30% cotton/5% spandex, won't shrink or fade"", ""Drawstring,Stretchy closure"", ""Hoodies for women plus size with soft and stretchy fabric, comfy yet warm without feeling too heavy""]",29.99,-0.28146139765168476,10,negative
u2_override_s9_final,diagnostic_post_hard_filter,2,B089Y4683Q,XQT Plus Size Tie Dye Dresses for Women Casual Summer T Shirt Dress with Pockets,"[""Clothing, Shoes & Jewelry"", ""Women"", ""Clothing"", ""Dresses""]","[""Imported"", ""Tie closure"", ""Machine Wash""]",22.99,-0.2662630359945275,10,negative
u2_override_s9_final,diagnostic_post_hard_filter,3,B091748KWJ,Womens Casual Plus Size Maxi Dress V Neck Sleeveless Tie Dye Long Summer Dresses with Pockets,"[""Clothing, Shoes & Jewelry"", ""Women"", ""Clothing"", ""Dresses""]","[""Pull On closure"", ""LONG CAMI MAXI DRESSES WITH POCKET-- Womens Casual Plus Size Maxi Dress, V Neck adjustable Spaghetti straps dress, Color-block dress,tie dye print, boho style dresses,loose fit,Double side pocket, It can accommodate various figures and is elegant,stylish and sexy overall."", ""MATERIAL--Plus size maxi dress,summer dress for women beach,Made of cotton blend, Breathable, soft, elasticity, light ,skin-friendly and comfortable.""]",12.99,-0.2579562367755194,10,negative
u2_override_s9_final,diagnostic_post_hard_filter,4,B09BJR5R81,kaimimei Casual Maxi Dresses Plus Size for Women Letter Print Long Sleeve Oversized Dress with Pockets,"[""Clothing, Shoes & Jewelry"", ""Women"", ""Clothing"", ""Dresses""]","[""Pull On closure"", ""Hand Wash Only"", ""Material: 95% polyester and 5% spandex.This casual long skirt is made of cotton-like fabric, skin-friendly and breathable, very suitable for spring/summer/autumn wear.""]",27.99,-0.2541036968665235,10,negative
u2_override_s9_final,diagnostic_post_hard_filter,5,B07Q6JQDVB,Sherrylily Women Plus Size 3/4 Sleeve African Graphic Printed Maxi Dress Lapel Collar High Waist A-line Dress Yellow,"[""Clothing, Shoes & Jewelry"", ""Women"", ""Clothing"", ""Dresses"", ""Casual""]","[""Material: Polyester and Spandex, comfortable, skin-friendly, stretchy"", ""Features: 2 pieces, 3/4 Sleeve, Plus Size, Graphic ,Printed, Lapel Collar,maxi dress, African dress, High Waist"", ""Suitable for party,meeting,banquet,anniversary,etc. Plus size maxi dress can help you hide your belly if you are not slim enough.""]",33.99,-0.23358389604656138,10,negative
u2_override_s9_final,diagnostic_post_hard_filter,1,B0B17NB93Y,Skirtsvest Toddler Kids Girls Clothing Sets Summer Sunflower T Shirt Tops Chiffon Ruched Loose Pants Outfits,"[""Clothing, Shoes & Jewelry"", ""Girls"", ""Clothing"", ""Clothing Sets"", ""Pant Sets""]","[""100% Polyester"", ""Pull On closure"", ""Machine Wash""]",3.95,0.24946705756148882,10,positive
u2_override_s9_final,diagnostic_post_hard_filter,2,B07YN7D82Q,Agan Traders Women's Bohemian Soft Knit Light Cotton Sleeveless Wide Strap Rib Tank Top Blouse,"[""Clothing, Shoes & Jewelry"", ""Women"", ""Clothing"", ""Tops, Tees & Blouses"", ""Tanks & Camis""]","[""100% Cotton"", ""Imported"", ""Pull On closure""]",29.95,0.2160498489342701,10,positive
u2_override_s9_final,diagnostic_post_hard_filter,3,B0B974LTZX,Crochet Sweaters for Women Hollow Out Pullover Sweaters Crop Top Striped Long Sleeve See Through Knit Casual Jumper,"[""Clothing, Shoes & Jewelry"", ""Women"", ""Clothing"", ""Sweaters"", ""Pullovers""]","[""100% Acrylic"", ""Imported"", ""Pull On closure""]",29.99,0.21435149047316976,10,positive
u2_override_s9_final,diagnostic_post_hard_filter,4,B01FRA0ANO,Women Lightweight Soft Sequin Crochet Triangle Scarf,"[""Clothing, Shoes & Jewelry"", ""Women"", ""Accessories"", ""Scarves & Wraps"", ""Fashion Scarves""]","[""Sequin,Polyester,Cotton,Sequins,Chiffon"", ""Hand Wash Only"", ""Size: 17'' x 59''""]",11.99,0.2057433464968396,10,positive
u2_override_s9_final,diagnostic_post_hard_filter,5,B095P22LQG,Women Sleeveless Y2K Floral Knitwear Dress Outfits Squre Neck Top+Crochet Drawstring Skirt Sets Summer Dress,"[""Clothing, Shoes & Jewelry"", ""Women"", ""Clothing"", ""Dresses"", ""Casual""]","[""Woolen,Elastic"", ""Drawstring closure"", ""Hand Wash Only""]",23.92,0.20469951887397594,10,positive
u2_override_s9_final,diagnostic_post_hard_filter,1,B09DYRGJMB,Soft Womens Pajama Sets Cotton Long Sleeve Pj Sets Comfy 2 Piece Sleepwear Cozy Loungewear Nightwear With Pockets,"[""Clothing, Shoes & Jewelry"", ""Women"", ""Clothing"", ""Lingerie, Sleep & Lounge"", ""Sleep & Lounge"", ""Sets""]","[""90% Cotton, 10% Spandex"", ""❄Tips for Sizes selection:Christmas pajamas set comes in sizes for women for a picture-perfect matching look during the holidays,Please purchase each size individually;For your safety and comfort, You can choose one or two sizes slightly larger."", ""Elastic closure""]",32.99,-0.3333659607054645,11,negative
u2_override_s9_final,diagnostic_post_hard_filter,2,B076Q5V3K7,Christmas Pajamas Pants for Women Red Green Polka Dot/Plaids PJs Sleepwear,"[""Clothing, Shoes & Jewelry"", ""Women"", ""Clothing"", ""Lingerie, Sleep & Lounge"", ""Sleep & Lounge"", ""Sets""]","[""Drawstring closure"", ""Metarial: Cotton blend polyester,soft and comfortable."", ""Polka Dots – Cute-as-can be cotton pajamas featuring a darling red/green background dotted with sweet white polka dots""]",15.99,-0.2959386208165808,11,negative
u2_override_s9_final,diagnostic_post_hard_filter,3,B082TXYP5R,ENJOYNIGHT Sleepwear Women's Nightgown Printed Sleep Shirt Short Sleeve Sleep Tee Cotton Nightshirt,"[""Clothing, Shoes & Jewelry"", ""Women"", ""Clothing"", ""Lingerie, Sleep & Lounge"", ""Sleep & Lounge"", ""Nightgowns & Sleepshirts""]","[""Cotton Blend"", ""Imported"", ""Machine Wash""]",16.99,-0.2892132433131949,11,negative
u2_override_s9_final,diagnostic_post_hard_filter,4,B09BG35KT2,IGETELY Women's Cotton Pajamas Short Sleeve Nightgown - Soft Lightweight Comfy Sleepwear Cute Nightshirt Fun Nightgowns,"[""Clothing, Shoes & Jewelry"", ""Women"", ""Clothing"", ""Lingerie, Sleep & Lounge"", ""Sleep & Lounge"", ""Nightgowns & Sleepshirts""]","[""Tips: Amazon Generic Size Chart is not our size. Please Carefully Refer To Our Detailed Size Chart On the Left Picture Before You Purchase. Recommend order 1~2 size up"", ""Made in USA or Imported"", ""Hand wash recommended/cold water, wash separately, no bleach, natural cool dry. closure""]",8.99,-0.27974758437382086,11,negative
u2_override_s9_final,diagnostic_post_hard_filter,5,B08YXZW8JH,Collections Etc Sleeveless Floral Pajama Top And Shorts Set,"[""Clothing, Shoes & Jewelry"", ""Women"", ""Clothing"", ""Lingerie, Sleep & Lounge"", ""Sleep & Lounge"", ""Sets""]","[""100% Cotton"", ""Pull On closure"", ""Machine Wash""]",27.98,-0.2751897073997467,11,negative
u2_override_s9_final,diagnostic_post_hard_filter,1,B00WMN12QE,Flag Patriotic Stars and Stripes Floral Galaxy Leaf Aztec Tropical Print Bucket Hat Summer Boonie Cap,"[""Clothing, Shoes & Jewelry"", ""Women"", ""Accessories"", ""Hats & Caps"", ""Bucket Hats""]","[""100% Cotton"", ""Imported"", ""Drawstring closure""]",17.99,0.25601323287779015,11,positive
u2_override_s9_final,diagnostic_post_hard_filter,2,B08YD9YPZ1,"4 Pack Unisex Print Bucket Hats, Cotton Beach Sun Hat for Women Summer Travel, Outdoor Reversible Cap Double Sides Wear for Women Men Multicolor","[""Clothing, Shoes & Jewelry"", ""Women"", ""Accessories"", ""Hats & Caps"", ""Bucket Hats""]","[""100% Cotton"", ""Pull-On closure"", ""Machine Wash""]",17.99,0.21409518576664763,11,positive
u2_override_s9_final,diagnostic_post_hard_filter,3,B0BBWB2MSS,Women's Vintage Striped Ripped Bell Bottom Jeans High Waist Stretchy Hem Raw Flared Denim Pants,"[""Clothing, Shoes & Jewelry"", ""Women"", ""Clothing"", ""Jeans""]","[""85% Cotton + 13% Polyester + 2% Spandex"", ""Imported"", ""Button closure""]",38.99,0.20489954862650286,11,positive
u2_override_s9_final,diagnostic_post_hard_filter,4,B09CZ38XGH,FOMOYUU Women's Fashion Color Block Chess Jeans High Waist Straight Leg Pants Wide Leg Pants 90's Streetwear,"[""Clothing, Shoes & Jewelry"", ""Women"", ""Clothing"", ""Jeans""]","[""100% Cotton"", ""Button closure"", ""Machine Wash""]",24.99,0.1937627631625933,11,positive
u2_override_s9_final,diagnostic_post_hard_filter,5,B0BHHR3QR8,Jean Jacket Women Oversized Distressed Denim Blue washed,"[""Clothing, Shoes & Jewelry"", ""Women"", ""Clothing"", ""Coats, Jackets & Vests"", ""Denim Jackets""]","[""82%Cotton,9%Viscose,9%Polyester"", ""美国制造或进口"", ""Button closure""]",39.99,0.19156324272933442,11,positive
u2_override_s9_final,diagnostic_post_hard_filter,1,B09SG97WZV,Tropical Cat Hawaiian Shirts for Men - Summer Cat Button Down Mens Hawaiian Shirts Short Sleeve Series 98,"[""Clothing, Shoes & Jewelry"", ""Men"", ""Clothing"", ""Shirts"", ""Casual Button-Down Shirts""]","[""65 polyester 35 cotton poli ster algod n o baumwolle"", ""Imported"", ""Button closure""]",32.95,-0.2646522438727427,12,negative
u2_override_s9_final,diagnostic_post_hard_filter,2,B07BQK1RTD,"Keyocean Women Nightgowns, Soft Comfy Lightweight 100% Cotton Short Sleeves Comfy Ladies Nightdress","[""Clothing, Shoes & Jewelry"", ""Women"", ""Clothing"", ""Lingerie, Sleep & Lounge"", ""Sleep & Lounge"", ""Nightgowns & Sleepshirts""]","[""100% Cotton"", ""Imported"", ""Pull On closure""]",28.99,-0.24884766894954974,12,negative
u2_override_s9_final,diagnostic_post_hard_filter,3,B07CCLV3XP,"Keyocean Women Nightgowns, Soft 100% Cotton Lightweight Short Sleeve Night-dresses for Ladies","[""Clothing, Shoes & Jewelry"", ""Women"", ""Clothing"", ""Lingerie, Sleep & Lounge"", ""Sleep & Lounge"", ""Nightgowns & Sleepshirts""]","[""100% Cotton"", ""Imported"", ""Pull On closure""]",19.97,-0.24612583301669955,12,negative
u2_override_s9_final,diagnostic_post_hard_filter,4,B0BJQFVCCM,Short Sleeve Button Down Shirts for Men Cotton Linen Summer Floral Shirt Relaxed-Fit Vintage Casual Beach Tops,"[""Clothing, Shoes & Jewelry"", ""Men"", ""Clothing"", ""Shirts"", ""Casual Button-Down Shirts""]","[""Cotton Blend"", ""🔥🔥【MULTIPLE OFFERS】The more you buy, the bigger the discount! For details, see the discount introduction below the link."", ""🎉🎉【Pervobs NEW RELEASES EVERY DAY】\""Pervobs\"" is committed to creating Good quality and fashionable ladies and gentlemen' apparel . Please search for 🥻 Tops 👗Dress 👕 T Shirts 👚Shirts🩱 Swimsuits 👙 Sexy lingerie 👠 Sandals👕 Christmas Pajamas in our storefront for more BIG discount products!""]",8.99,-0.24271053673723061,12,negative
u2_override_s9_final,diagnostic_post_hard_filter,5,B08XYZ48WJ,MEANBEAUTY Women’s Open Front Beach Kimono Casual Cardigan Loose Style Swimwear Summer Cover Ups Stylish Swimsuit Covereup,"[""Clothing, Shoes & Jewelry"", ""Women"", ""Clothing"", ""Swimsuits & Cover Ups"", ""Cover-Ups""]","[""80% Viscose, 20% Cotton"", ""Hand Wash Only"", ""Material - This beach coverup cardigan is made of 20% cotton 80% viscose.""]",14.99,-0.2199244696054899,12,negative
u2_override_s9_final,diagnostic_post_hard_filter,1,B0971VZ8SR,Dare2bStylish Women Plus Size Long 3/4 Sleeve Flared Swing Tunic Dress Blouse Top,"[""Clothing, Shoes & Jewelry"", ""Women"", ""Clothing"", ""Tops, Tees & Blouses"", ""Tunics""]","[""Rayon Spandex"", ""Made in the USA"", ""Pull On closure""]",33.99,0.3003382981377167,12,positive
u2_override_s9_final,diagnostic_post_hard_filter,2,B0BT9SF62C,Fruit of the Loom Women's Plus Size Trouser Dress Pants,"[""Clothing, Shoes & Jewelry"", ""Women"", ""Clothing"", ""Pants"", ""Wear to Work""]","[""53% Polyester, 47% Cotton"", ""Imported"", ""Pull On closure""]",22.99,0.2714945897897528,12,positive
u2_override_s9_final,diagnostic_post_hard_filter,3,B09J7YXYZ9,SOLY HUX Women's Plus Size Ditsy Floral Print High Waisted Wide Leg Pants Trousers,"[""Clothing, Shoes & Jewelry"", ""Women"", ""Clothing"", ""Pants""]","[""100% Polyester"", ""Imported"", ""Elastic Waist closure""]",35.99,0.25755201421875784,12,positive
u2_override_s9_final,diagnostic_post_hard_filter,4,B01DJ659UM,Orient Trail Women's Hippie Boho Wide Leg Harem Pants Flared Bottom US Size 0-22,"[""Clothing, Shoes & Jewelry"", ""Sport Specific Clothing"", ""Yoga"", ""Women"", ""Pants""]","[""100% Rayon"", ""Pull On closure"", ""Hand Wash Only""]",22.9,0.23419340376953918,12,positive
u2_override_s9_final,diagnostic_post_hard_filter,5,B09MSY8926,"LETDIOSTO Women's Plus Size Tops Casual Blouse Short Sleeve Lace Tunic Tops Fit Flare, M-4XL","[""Clothing, Shoes & Jewelry"", ""Women"", ""Clothing"", ""Tops, Tees & Blouses"", ""Tunics""]","[""3X women tops care: Hand wash or machine wash in gentle; Hang to dry; No ironing; No shrinkage;"", ""进口"", ""Pull On closure""]",24.99,0.23068389582559923,12,positive
u2_override_s9_final,diagnostic_post_hard_filter,1,B09TZ2PWDF,Women's 2 Piece Outfits Tracksuit Bodycon Shorts Jumpsuit Set Sportswear Set,"[""Clothing, Shoes & Jewelry"", ""Women"", ""Clothing""]","[""Polyester"", ""Imported"", ""Pull On closure""]",8.99,-0.25472223321511567,13,negative
u2_override_s9_final,diagnostic_post_hard_filter,2,B09JMRF1PK,Womens Floral Two Piece Vacation Outfits Beach Hawaiian Shirts and Wide Leg Boho Pants Sets Jumpsuits,"[""Clothing, Shoes & Jewelry"", ""Women"", ""Clothing"", ""Jumpsuits, Rompers & Overalls"", ""Jumpsuits""]","[""95% Polyester, 5% Spandex"", ""Drawstring closure"", ""Hand Wash Only""]",35.99,-0.23631795380793863,13,negative
u2_override_s9_final,diagnostic_post_hard_filter,3,B083SPD38R,"Stoota Men's Fashion Short Sleeve Beach Shirt & Shorts Suit, Casaul Hippie Regular Fit Solid Color Simple T-Shirt Pants","[""Clothing, Shoes & Jewelry"", ""Men"", ""Clothing"", ""Active"", ""Sets"", ""Active Tracksuits""]","[""Suede,Cashmere"", ""Cotton"", ""Drawstring closure""]",9.76,-0.2096899162654723,13,negative
u2_override_s9_final,diagnostic_post_hard_filter,4,B0B7JH3FC1,COLORSFORU Custom Face Pajamas for Women Personalized Photo Pajamas Shorts Set Casual Two Piece V-Neck Sleepwear Funny Gift for Home,"[""Clothing, Shoes & Jewelry"", ""Women"", ""Clothing"", ""Lingerie, Sleep & Lounge"", ""Sleep & Lounge"", ""Sets""]","[""100% Polyester"", ""Pull On closure"", ""Do Not Tumble Dry""]",36.99,-0.19414116091931571,13,negative
u2_override_s9_final,diagnostic_post_hard_filter,5,B099WR4VNY,Casual 2 Piece Outfit for Women - Short Sleeve Crop Top + Wide Leg Long Pants Set Jumpsuits Rompers,"[""Clothing, Shoes & Jewelry"", ""Women"", ""Clothing"", ""Jumpsuits, Rompers & Overalls"", ""Jumpsuits""]","[""100% Polyester"", ""Pull On closure"", ""Machine Wash""]",35.99,-0.18536209632320258,13,negative
u2_override_s9_final,diagnostic_post_hard_filter,1,B09ZTWSM7B,Peacolate Summer Little Big Girl Denim Suspender Skirt Overalls Dress Embroidery Flip Sequins Pink Squirrel Bib Skirt,"[""Clothing, Shoes & Jewelry"", ""Girls"", ""Clothing"", ""Overalls""]","[""100%denim"", ""Adjustable closure"", ""Machine Wash""]",19.99,0.22607062953276397,13,positive
u2_override_s9_final,diagnostic_post_hard_filter,2,B08CXMQTXK,O'COCOLOUR Rainbow Candy Tutu Dress for Girls 1-12 Years Lollipop Costume with Headband Birthday Halloween Carnival Party,"[""Clothing, Shoes & Jewelry"", ""Costumes & Accessories"", ""Kids & Baby"", ""Girls"", ""Costumes""]","[""Elastic,Fur,Polyester"", ""Sweet candy dress, the top with lollipop and bowknot detailing, vibrant rainbow tulle, decor with small colorful fur balls, just like a candy princess from wonderland"", ""Up-knee length/ Stretchy crochet top/ 6 sizes for girls 1 to 12years old, please kindly check the size chart before order(the last picture), thank you""]",30.95,0.2105434042304465,13,positive
u2_override_s9_final,diagnostic_post_hard_filter,3,B00UJULPSW,CTM® Women's Soft Cotton Bridal Heart Embroidered Handkerchief,"[""Clothing, Shoes & Jewelry"", ""Women"", ""Accessories""]","[""100% Cotton"", ""Imported"", ""Material is 100% soft cotton""]",16.94,0.21013940515000276,13,positive
u2_override_s9_final,diagnostic_post_hard_filter,4,B00M82WXMG,Plus Size Womens Crochet Knitted Shrug Top - White - 16-18,"[""Clothing, Shoes & Jewelry"", ""Women"", ""Clothing"", ""Sweaters"", ""Shrugs""]","[""Cotton"", ""Hand Wash Only""]",11.01,0.18797291810454927,13,positive
u2_override_s9_final,diagnostic_post_hard_filter,5,B08VHGRPNM,"Kidsy Girls Denim-Looking Stand-Up Collar Jacket – Peruvian Cotton, Long Sleeve","[""Clothing, Shoes & Jewelry"", ""Girls"", ""Clothing"", ""Jackets & Coats"", ""Jackets""]","[""Cotton"", ""Imported"", ""Button closure""]",17.9,0.18577213272944346,13,positive
u2_override_s9_final,diagnostic_post_hard_filter,1,B0B9BWK3PY,Women's Blazer and Pants Sets for Women 2 Pieces Outfit Pant Suits African Clothing,"[""Clothing, Shoes & Jewelry"", ""Women"", ""Clothing"", ""Suiting & Blazers"", ""Suit Sets""]","[""100% Cotton"", ""Imported"", ""Button closure""]",79.0,-0.2575670964085694,14,negative
u2_override_s9_final,diagnostic_post_hard_filter,2,B083SPD38R,"Stoota Men's Fashion Short Sleeve Beach Shirt & Shorts Suit, Casaul Hippie Regular Fit Solid Color Simple T-Shirt Pants","[""Clothing, Shoes & Jewelry"", ""Men"", ""Clothing"", ""Active"", ""Sets"", ""Active Tracksuits""]","[""Suede,Cashmere"", ""Cotton"", ""Drawstring closure""]",9.76,-0.241496113703629,14,negative
u2_override_s9_final,diagnostic_post_hard_filter,3,B09TZ2PWDF,Women's 2 Piece Outfits Tracksuit Bodycon Shorts Jumpsuit Set Sportswear Set,"[""Clothing, Shoes & Jewelry"", ""Women"", ""Clothing""]","[""Polyester"", ""Imported"", ""Pull On closure""]",8.99,-0.22799853135335,14,negative
u2_override_s9_final,diagnostic_post_hard_filter,4,B0BP1XZ3B6,Men's Polo Shirts Short Sleeve Mercerized Cotton Blend Business Casual Stylish Collared Shirts,"[""Clothing, Shoes & Jewelry"", ""Men"", ""Clothing"", ""Shirts"", ""Polos""]","[""cotton/polyester"", ""Imported"", ""Button closure""]",36.95,-0.21787238167795162,14,negative
u2_override_s9_final,diagnostic_post_hard_filter,5,B09YVC37YJ,KMBANGI Women Casual Two Piece Shorts Set Loose Button Cardigan Shirt Elastic Waist Lounge Shorts Tracksuit Sumer Outfits,"[""Clothing, Shoes & Jewelry"", ""Women"", ""Clothing"", ""Active"", ""Sets"", ""Tracksuits""]","[""Polyester blend"", ""Imported"", ""Button closure""]",23.99,-0.19899199069450743,14,negative
u2_override_s9_final,diagnostic_post_hard_filter,1,B09XQWTM58,Lauweion Women’s Eyes Print Camisole Crop Top Gothic Portrait Print Aesthetic Sleeveless Crop Tank Tops,"[""Clothing, Shoes & Jewelry"", ""Women"", ""Clothing"", ""Tops, Tees & Blouses"", ""Tanks & Camis""]","[""Cotton Blend"", ""Pull On closure"", ""Hand Wash Only""]",17.99,0.2076352246414913,14,positive
u2_override_s9_final,diagnostic_post_hard_filter,2,B07R4Q687Y,Splendid Women's Sleepwear Lounge Chemise,"[""Clothing, Shoes & Jewelry"", ""Women"", ""Clothing""]","[""60% Cotton, 40% Rayon"", ""Imported"", ""Pull On closure""]",14.99,0.20620010520131762,14,positive
u2_override_s9_final,diagnostic_post_hard_filter,3,B0BZZ435PM,Vlazom Women's Nightgowns Short Sleeve Sleep Shirts Nightshirt V Neck Button Down Pajama Sleepwear S-XXL,"[""Clothing, Shoes & Jewelry"", ""Women"", ""Clothing"", ""Lingerie, Sleep & Lounge"", ""Sleep & Lounge"", ""Nightgowns & Sleepshirts""]","[""70% Cotton,30% Polyester"", ""Imported"", ""Button closure""]",23.59,0.1926498450323782,14,positive
u2_override_s9_final,diagnostic_post_hard_filter,4,B09BG35KT2,IGETELY Women's Cotton Pajamas Short Sleeve Nightgown - Soft Lightweight Comfy Sleepwear Cute Nightshirt Fun Nightgowns,"[""Clothing, Shoes & Jewelry"", ""Women"", ""Clothing"", ""Lingerie, Sleep & Lounge"", ""Sleep & Lounge"", ""Nightgowns & Sleepshirts""]","[""Tips: Amazon Generic Size Chart is not our size. Please Carefully Refer To Our Detailed Size Chart On the Left Picture Before You Purchase. Recommend order 1~2 size up"", ""Made in USA or Imported"", ""Hand wash recommended/cold water, wash separately, no bleach, natural cool dry. closure""]",8.99,0.19114937966295142,14,positive
u2_override_s9_final,diagnostic_post_hard_filter,5,B0922F1D6J,Lost + Wander Sweet Summer Daze Cross Top Yellow White Floral XS,"[""Clothing, Shoes & Jewelry"", ""Westlake""]","[""100% Rayon"", ""Made in USA or Imported"", ""Pull On closure""]",31.18,0.18683142406901007,14,positive
u2_override_s9_final,diagnostic_post_hard_filter,1,B07TZQLX15,Idalia Women's Cotton Print Anarkali Kurta,"[""Clothing, Shoes & Jewelry"", ""Women"", ""Clothing"", ""Tops, Tees & Blouses"", ""Tunics""]","[""100% Cotton"", ""Machine Wash"", ""Description - gold print anarkali kurta, with closed Chinese collar, three quarter sleeves, Gota detailing, ankle length kurta, flared hem.""]",40.38,-0.22268510432610542,15,negative
u2_override_s9_final,diagnostic_post_hard_filter,2,B0BDVHN8Z5,Lagi Women Straight Chanderi Embroidered Kurta Kurti,"[""Clothing, Shoes & Jewelry"", ""Women"", ""Clothing"", ""Tops, Tees & Blouses"", ""Tunics""]","[""Chanderi"", ""Imported"", ""Pull On closure""]",24.99,-0.20526232402373723,15,negative
u2_override_s9_final,diagnostic_post_hard_filter,3,B07B3JDDM5,BGDK Women’s Cotton A-Line Skirt- Elastic Waist Office Skirt,"[""Clothing, Shoes & Jewelry"", ""Novelty & More"", ""Clothing"", ""Novelty"", ""Women"", ""Skirts""]","[""95% Cotton, 5% Spandex"", ""Pull On closure"", ""Machine Wash""]",28.98,-0.19981941205580667,15,negative
u2_override_s9_final,diagnostic_post_hard_filter,4,B0B49YQVFH,Womens Cotton Linen Blouse V Neck Loose Casual Patchwork Tunic Short Sleeve Tops Khaki,"[""Clothing, Shoes & Jewelry"", ""Women"", ""Clothing"", ""Tops, Tees & Blouses"", ""Tunics""]","[""Linen,Cotton"", ""Pull On closure""]",29.98,-0.19269364982525022,15,negative
u2_override_s9_final,diagnostic_post_hard_filter,5,B01AWZF23W,Maple Clothing Indian Tunic Top Women's Printed Short Kurti Kurta India Apparel,"[""Clothing, Shoes & Jewelry"", ""Westlake""]","[""Polyester,Crepe"", ""Imported"", ""Pull On closure""]",19.99,-0.18965223932948677,15,negative
u2_override_s9_final,diagnostic_post_hard_filter,1,B071R27VFQ,Butterfly Flag Rhinestone July 4th Veterans Day Womens Tank Top Tee Shirt,"[""Clothing, Shoes & Jewelry"", ""Women"", ""Clothing"", ""Tops, Tees & Blouses"", ""T-Shirts""]","[""100% Cotton"", ""Made in USA"", ""Pull On closure""]",23.99,0.33738081080387494,15,positive
u2_override_s9_final,diagnostic_post_hard_filter,2,B0BW2Y7JNS,MYHALF Plus Size American Flag Shirt Women 4th of July Shirts Patriotic Cold Shoulder T-Shirt Summer Short Sleeve Tops,"[""Clothing, Shoes & Jewelry"", ""Women"", ""Clothing"", ""Tops, Tees & Blouses"", ""T-Shirts""]","[""Cotton blend"", ""Imported"", ""Pull On closure""]",22.99,0.29386781180292376,15,positive
u2_override_s9_final,diagnostic_post_hard_filter,3,B09ZT32QXY,4th of July Shirt Womens American Flag T-Shirt Graphic Star Heart Cute Tees Short Sleeve Tops,"[""Clothing, Shoes & Jewelry"", ""Women"", ""Clothing"", ""Tops, Tees & Blouses"", ""T-Shirts""]","[""75% cotton 25% spandex"", ""Imported"", ""suture closure""]",12.99,0.251730907851568,15,positive
u2_override_s9_final,diagnostic_post_hard_filter,4,B09T699F5X,We The People T Shirts for Women 4th of July Patriotic Shirt American Flag Graphic Tees Shirts,"[""Clothing, Shoes & Jewelry"", ""Novelty & More"", ""Clothing"", ""Novelty"", ""Women"", ""Tops & Tees"", ""T-Shirts""]","[""60% Polyester, 35% Rayon, 5% Spandex"", ""进口"", ""Pull On closure""]",9.99,0.24635668872475358,15,positive
u2_override_s9_final,diagnostic_post_hard_filter,5,B01CT9QCQK,Vintage Patriotic Flag of Colorful Colorado T-Shirt T-Shirt,"[""Clothing, Shoes & Jewelry"", ""Novelty & More"", ""Clothing"", ""Novelty"", ""Men"", ""Shirts"", ""T-Shirts""]","[""Solid colors: 100% Cotton; Heather Grey: 90% Cotton, 10% Polyester; All Other Heathers: 50% Cotton, 50% Polyester"", ""Imported"", ""Pull On closure""]",16.99,0.24114829871979238,15,positive
u2_override_s9_final,diagnostic_post_hard_filter,1,B0050VKU1S,"Columbia Women's Super Bonehead Long Sleeve Fishing Shirt (Pink Taffy, Big Buffalo, Small)","[""Clothing, Shoes & Jewelry"", ""Women"", ""Clothing"", ""Tops, Tees & Blouses"", ""Blouses & Button-Down Shirts""]","[""100% Cotton"", ""Button closure"", ""Machine Wash""]",38.12,-0.23922831251836973,16,negative
u2_override_s9_final,diagnostic_post_hard_filter,2,B08CXMQTXK,O'COCOLOUR Rainbow Candy Tutu Dress for Girls 1-12 Years Lollipop Costume with Headband Birthday Halloween Carnival Party,"[""Clothing, Shoes & Jewelry"", ""Costumes & Accessories"", ""Kids & Baby"", ""Girls"", ""Costumes""]","[""Elastic,Fur,Polyester"", ""Sweet candy dress, the top with lollipop and bowknot detailing, vibrant rainbow tulle, decor with small colorful fur balls, just like a candy princess from wonderland"", ""Up-knee length/ Stretchy crochet top/ 6 sizes for girls 1 to 12years old, please kindly check the size chart before order(the last picture), thank you""]",30.95,-0.22134718421119814,16,negative
u2_override_s9_final,diagnostic_post_hard_filter,3,B0B97JNGGY,MANGOPOP Women's Round Collar Clothing Short Sleeve Long Sleeve Tops T Shirt Bodysuit,"[""Clothing, Shoes & Jewelry"", ""Women"", ""Clothing"", ""Bodysuits""]","[""Stretchy fabric: 95% gossypium, 5% spandex"", ""Imported"", ""Snap closure""]",24.98,-0.2173613835493006,16,negative
u2_override_s9_final,diagnostic_post_hard_filter,4,B0936ZJJ68,MANGOPOP Women's Square Neck Short Sleeve Long Sleeve Tops Bodysuit Jumpsuit,"[""Clothing, Shoes & Jewelry"", ""Women"", ""Clothing"", ""Bodysuits""]","[""Stretchy fabric: 95% gossypium, 5% spandex"", ""Imported"", ""Snap closure""]",20.98,-0.21657604205287959,16,negative
u2_override_s9_final,diagnostic_post_hard_filter,5,B09X36YNH9,szshohxw Little Girls Summer Dress Bohemian Fashion Clothes Kids Sleeveless Girl Outfits Dresses,"[""Clothing, Shoes & Jewelry"", ""Baby"", ""Baby Girls"", ""Clothing"", ""Dresses"", ""Special Occasion""]","[""Cotton, Polyester"", ""Imported"", ""Zipper closure""]",13.99,-0.20032682959796075,16,negative
u2_override_s9_final,diagnostic_post_hard_filter,1,B07SH691HS,lili's story Fourth of July Patriotic American Flag Women Board Short Elastic Waistband Self Tie Waist Pants,"[""Clothing, Shoes & Jewelry"", ""Women"", ""Clothing"", ""Active"", ""Active Shorts""]","[""65% Cotton, 35% Polyester"", ""Imported"", ""Drawstring closure""]",17.99,0.22520179040472024,16,positive
u2_override_s9_final,diagnostic_post_hard_filter,2,B091G1SZQF,THUNDER STAR Womens Mid Rise Stretchy Patchwork Jeans Shorts Raw Frayed Hem Casual Denim Shorts,"[""Clothing, Shoes & Jewelry"", ""Women"", ""Clothing"", ""Shorts"", ""Denim""]","[""73% Cotton, 25% Polyester, 2% Spandex"", ""Imported"", ""Button closure""]",28.99,0.20348787336481983,16,positive
u2_override_s9_final,diagnostic_post_hard_filter,3,B09XMMJN2T,ALLTB American Flag Shirt Women Patriotic Shirt USA Flag Stars Stripes Print T-Shirt 4th of July Tee Tops,"[""Clothing, Shoes & Jewelry"", ""Women"", ""Clothing"", ""Tops, Tees & Blouses"", ""T-Shirts""]","[""Cotton blend"", ""Pull On closure"", ""Hand Wash Only""]",11.99,0.199677616891632,16,positive
u2_override_s9_final,diagnostic_post_hard_filter,4,B0BDVHN8Z5,Lagi Women Straight Chanderi Embroidered Kurta Kurti,"[""Clothing, Shoes & Jewelry"", ""Women"", ""Clothing"", ""Tops, Tees & Blouses"", ""Tunics""]","[""Chanderi"", ""Imported"", ""Pull On closure""]",24.99,0.19901261515118626,16,positive
u2_override_s9_final,diagnostic_post_hard_filter,5,B09ZT32QXY,4th of July Shirt Womens American Flag T-Shirt Graphic Star Heart Cute Tees Short Sleeve Tops,"[""Clothing, Shoes & Jewelry"", ""Women"", ""Clothing"", ""Tops, Tees & Blouses"", ""T-Shirts""]","[""75% cotton 25% spandex"", ""Imported"", ""suture closure""]",12.99,0.19512586353838468,16,positive
u3_distractor_s9_final,m0_full_catalogue,1,B07YZ99MCW,Women's T Shirt Long Sleeve Fit Crew Neck Loose Fit Casual Pullover Knit Tunic Tops,"[""Clothing, Shoes & Jewelry"", ""Women"", ""Clothing"", ""Tops, Tees & Blouses"", ""Tunics""]","[""65% Cotton, 35% Polyester"", ""Pull On closure"", ""Machine Wash""]",,-0.6550970718328741,1,negative
u3_distractor_s9_final,m0_full_catalogue,2,B07JB7PLPK,Womens Long Sleeve Raglan Striped Shirt Flowy Casual Tops Cute Long Tunic Blouses White Medium,"[""Clothing, Shoes & Jewelry"", ""Women"", ""Clothing"", ""Tops, Tees & Blouses"", ""Tunics""]","[""Pull On closure"", ""Hand Wash Only""]",,-0.6497117079833268,1,negative
u3_distractor_s9_final,m0_full_catalogue,3,B09W8RKP3S,Women's Summer Ruffle Sleeve T Shirt Solid Contrast Lace Blouse Casual Loose Round Neck Tunic Tops,"[""Clothing, Shoes & Jewelry"", ""Women"", ""Clothing"", ""Tops, Tees & Blouses"", ""Blouses & Button-Down Shirts""]","[""65%polyester, 35%cotton & 5%spandex"", ""Imported"", ""Pull On closure""]",,-0.6469553069534705,1,negative
u3_distractor_s9_final,m0_full_catalogue,4,B0B3RC268V,Womens Striped Long Sleeve T Shirts Color Block Comfy Casual Blouses Tunics Tops Fashion Clothes,"[""Clothing, Shoes & Jewelry"", ""Women"", ""Clothing"", ""Tops, Tees & Blouses"", ""T-Shirts""]","[""95% Polyester, 5% Spandex"", ""Imported"", ""Pull On closure""]",28.99,-0.6429986103559591,1,negative
u3_distractor_s9_final,m0_full_catalogue,5,B075978Q7F,Women's Casual Long Sleeve Round Neck With Pocket Sweatshirts Loose T Shirts Blouses Tops,"[""Clothing, Shoes & Jewelry"", ""Women"", ""Clothing"", ""Tops, Tees & Blouses"", ""Blouses & Button-Down Shirts""]","[""Cotton,Polyester"", ""Pull On closure"", ""Hand Wash Only""]",,-0.6408852837797303,1,negative
u3_distractor_s9_final,m0_full_catalogue,1,B08GQY6WBK,"Senxcover Women's Golf Shorts, 9"" Chino Shorts Stretch Casual Bermuda Shorts","[""Clothing, Shoes & Jewelry"", ""Women"", ""Clothing"", ""Active"", ""Active Shorts""]","[""Rayon,Nylon"", ""Pull On closure"", ""GOLF SHORTS FOR WOMEN - Our bermuda shorts are made of advanced and durable Fabric: 75% Rayon, 20% Nylon and 5% Spandex. Stretch, lightweight, breathable, quick dry womens shorts with pockets offer you a cool comfortable feeling.""]",22.99,-0.29660052184478214,1,positive
u3_distractor_s9_final,m0_full_catalogue,2,B019E634YE,Napa Valley Women's Plus Size Superstretch Straight Leg Pull On Pant,"[""Clothing, Shoes & Jewelry"", ""Women"", ""Clothing"", ""Pants""]","[""78% Rayon, 19% Nylon, 3% Spandex"", ""Imported"", ""Pull On closure""]",,-0.3015401104936736,1,positive
u3_distractor_s9_final,m0_full_catalogue,3,B00TTQ62WG,Jockey Women's Rayon Spandex Paisley Pajama Set,"[""Clothing, Shoes & Jewelry"", ""Women"", ""Clothing"", ""Lingerie, Sleep & Lounge"", ""Sleep & Lounge"", ""Sets""]","[""95% Rayon, 5% Spandex"", ""Imported"", ""Button closure""]",,-0.3193653871418766,1,positive
u3_distractor_s9_final,m0_full_catalogue,4,B01NAKXEGD,Tribal Women's Flatten It Pull-on Bermuda W/Side Cutouts,"[""Clothing, Shoes & Jewelry"", ""Women"", ""Clothing"", ""Shorts""]","[""76% Rayon, 21% Nylon, 3% Spandex"", ""Imported"", ""Machine Wash""]",,-0.34899998442863905,1,positive
u3_distractor_s9_final,m0_full_catalogue,5,B089C5755M,Premium Women's Stretch Dress Pants - Wear to Work - Ponte Treggings - Straight Leg - White - XXL,"[""Clothing, Shoes & Jewelry"", ""Women"", ""Clothing"", ""Pants""]","[""68% Rayon, 28% Nylon, 4% Other Fibers"", ""Pull On closure"", ""All day yoga comfort slacks for women provided by a premium blend of 68% Rayon, 28% Nylon, and 4% Spandex.""]",,-0.35145741797552826,1,positive
u3_distractor_s9_final,m0_full_catalogue,1,B09BQWHZFN,Womens Fall Tops Long Sleeve Tunic Tops to Wear with Leggings V Neck Blouse Shirts,"[""Clothing, Shoes & Jewelry"", ""Women"", ""Clothing"", ""Tops, Tees & Blouses"", ""Tunics""]","[""60% Rayon, 35% Acrylic, 5% Spandex"", ""Pull On closure"", ""Machine washable, hand wash recommended""]",,-0.18944345239811025,2,negative
u3_distractor_s9_final,m0_full_catalogue,2,B08XQM2DG1,PUWEI Women's Simple Comfy V-Neck Button Down Short Sleeve T Shirts Casual Blouse Top,"[""Clothing, Shoes & Jewelry"", ""Women"", ""Clothing"", ""Tops, Tees & Blouses"", ""Blouses & Button-Down Shirts""]","[""Material:Cotton+Polyester"", ""Button closure"", ""Pull on closure""]",27.99,-0.17869186453975403,2,negative
u3_distractor_s9_final,m0_full_catalogue,3,B0CCL7YMNY,KINLONSAIR Women Casual Long Sleeve Tunic V-Neck Slim Fit T Shirts Basic Tee Tops Crew Neck Ribbed Knit Solid Shirt,"[""Clothing, Shoes & Jewelry"", ""Women"", ""Clothing"", ""Tops, Tees & Blouses"", ""Tunics""]","[""Cotton, Polyester and Spandex"", ""Imported"", ""Pull On closure""]",21.99,-0.17658996779527406,2,negative
u3_distractor_s9_final,m0_full_catalogue,4,B07RGT1NJH,Womens Tank Tops Sexy V Neck Sleeveless Shirts Summer Clothes Waffle Knit Blouse Oversized Tees,"[""Clothing, Shoes & Jewelry"", ""Women"", ""Clothing"", ""Tops, Tees & Blouses"", ""Blouses & Button-Down Shirts""]","[""Cotton,Polyester,Rayon,Spandex"", ""Pull On closure"", ""Hand Wash Only""]",,-0.17479390524309438,2,negative
u3_distractor_s9_final,m0_full_catalogue,5,B08HPM5PX1,FOWSMON Womens Basic Long Sleeve T Shirt Comfy Layer Scoop Neck Tee Shirts Solid Tops,"[""Clothing, Shoes & Jewelry"", ""Women"", ""Clothing"", ""Tops, Tees & Blouses"", ""T-Shirts""]","[""Spandex,Rayon"", ""Pull On closure"", ""Machine Wash""]",,-0.17384356252262884,2,negative
u3_distractor_s9_final,m0_full_catalogue,1,B00UIEC98E,"Simlu Women's Long Rayon Maxi Dress with Pockets, Scoop Neck and Empire Elastic Waist","[""Clothing, Shoes & Jewelry"", ""Women"", ""Clothing"", ""Dresses"", ""Casual""]","[""COMFORT - This Long Rayon Maxi Dress composed of 95% Rayon, 5% Spandex and has a breezy and stretchy feel."", ""MADE IN USA - Made with pride in USA to ensure you the utmost quality, comfort, and durability possible."", ""OCCASION - This dress is form fitting on top and looser from the waist down, so you can dress it up according to any event you want it for and feel sexy and comfortable at the same time.""]",,0.4063938227484403,2,positive
u3_distractor_s9_final,m0_full_catalogue,2,B06XZYRM8T,Regna X Boho Women's Sleeveless Solid and Flower Pattern Maxi Midi Party Casual Sexy Dress (5 Styles & Plus Size),"[""Clothing, Shoes & Jewelry"", ""Women"", ""Clothing"", ""Dresses"", ""Cocktail""]","[""POLYESTER 62%, RAYON 35%, POLYURETHANE 3%"", ""Imported"", ""Pull On closure""]",,0.38786281478742896,2,positive
u3_distractor_s9_final,m0_full_catalogue,3,B077PJ3KFJ,iconic luxe Women's Short Sleeve A-Line Paneled Midi Dress,"[""Clothing, Shoes & Jewelry"", ""Women"", ""Clothing"", ""Dresses"", ""Casual""]","[""95% Rayon, 5% Spandex"", ""Made in the USA"", ""Pull On closure""]",,0.3811269620088048,2,positive
u3_distractor_s9_final,m0_full_catalogue,4,B078WXMNGF,Riviera Sun Floral Embroidered 3/4 Sleeve Button Front Empire Waist Dress,"[""Clothing, Shoes & Jewelry"", ""Women"", ""Clothing"", ""Dresses"", ""Casual""]","[""100% Rayon"", ""Pull On closure"", ""Hand Wash Only""]",19.99,0.3803844927807634,2,positive
u3_distractor_s9_final,m0_full_catalogue,5,B0C5TKHCRK,Riviera Sun Dress Dresses for Women,"[""Clothing, Shoes & Jewelry"", ""Women"", ""Clothing"", ""Dresses""]","[""100% Rayon"", ""Pull On closure"", ""Hand Wash Only""]",16.99,0.37937104471218525,2,positive
u3_distractor_s9_final,m0_full_catalogue,1,B00NGRF1F8,"Women's Basic Rayon Span Open Drape Cardigan Sweater Long Sleeves - Made in USA, Royal, Small","[""Clothing, Shoes & Jewelry"", ""Women"", ""Clothing"", ""Sweaters"", ""Cardigans""]","[""95% Rayon, 5% Other Fibers""]",,-0.32995405387406707,3,negative
u3_distractor_s9_final,m0_full_catalogue,2,B07YDKDMVL,Daily Ritual Women's Rayon Spandex Fine Rib Draped Long-Sleeve Top,"[""Clothing, Shoes & Jewelry"", ""Women"", ""Clothing"", ""Tops, Tees & Blouses"", ""Blouses & Button-Down Shirts""]","[""95% Viscose, 5% Elastane"", ""Imported"", ""No Closure closure""]",,-0.3154910745889281,3,negative
u3_distractor_s9_final,m0_full_catalogue,3,B01K2LYOYO,LL Womens V-Neck Long Sleeve Pleats Tunic Dress Top - Made in USA,"[""Clothing, Shoes & Jewelry"", ""Women"", ""Clothing"", ""Tops, Tees & Blouses"", ""Tunics""]","[""1X1 RIB: 95% RAYON 5% SPANDEX"", ""Made in U.S.A."", ""Pull On closure""]",,-0.3069548400269019,3,negative
u3_distractor_s9_final,m0_full_catalogue,4,B07YDJFZ39,Daily Ritual Women's Rayon Spandex Wide Rib Drop Sleeve Mock Neck Shirt,"[""Clothing, Shoes & Jewelry"", ""Women"", ""Clothing"", ""Tops, Tees & Blouses"", ""Blouses & Button-Down Shirts""]","[""91% Viscose, 9% Elastane"", ""Imported"", ""No Closure closure""]",,-0.28173631055663667,3,negative
u3_distractor_s9_final,m0_full_catalogue,5,B00X5Y6U9S,Love In 3/4 Sleeves Rayon Jersey A-LINE Tunic TOP,"[""Clothing, Shoes & Jewelry"", ""Women"", ""Clothing"", ""Tops, Tees & Blouses"", ""Tunics""]","[""95% Rayon, 5% Spandex"", ""Made in USA"", ""Pull On closure""]",,-0.27888637387728527,3,negative
u3_distractor_s9_final,m0_full_catalogue,1,B00UJ5IYUE,Women Summer Stripe Chiffon T-Shirt Short Sleeve Casual Tops Blouse,"[""Clothing, Shoes & Jewelry"", ""Westlake""]","[""Chiffon"", ""Pull On closure""]",,0.30009190620644993,3,positive
u3_distractor_s9_final,m0_full_catalogue,2,B09228WKCF,Womens Tops Casual Summer Short Sleeve T Shirts Cute Tees Blouses V Neck Peach M,"[""Clothing, Shoes & Jewelry"", ""Women"", ""Clothing"", ""Tops, Tees & Blouses"", ""T-Shirts""]","[""Pull On closure"", ""Tumble dry low""]",,0.27669268695579247,3,positive
u3_distractor_s9_final,m0_full_catalogue,3,B07T1D3HSK,Floerns Women's Palm Leaf Print Short Sleeve Summer Dress Multi Yellow L,"[""Clothing, Shoes & Jewelry"", ""Westlake""]","[""Pull On closure""]",,0.2699821146879258,3,positive
u3_distractor_s9_final,m0_full_catalogue,4,B09Z35D52F,"Eyumogic Women Summer Tunic T Shirts Tops Blouse Short Sleeve CasualV Neck Shirts (XX-Large,Green)","[""Clothing, Shoes & Jewelry"", ""Westlake""]","[""Pull On closure""]",,0.2602703671068141,3,positive
u3_distractor_s9_final,m0_full_catalogue,5,B082XS1SYY,Summer Casual Loose Tops for Womens Short Sleeve Black T-Shirts Tees with Side Split S,"[""Clothing, Shoes & Jewelry"", ""Women"", ""Clothing"", ""Tops, Tees & Blouses"", ""T-Shirts""]","[""Pull On closure"", ""Dry flat""]",,0.25247033237488925,3,positive
u3_distractor_s9_final,m0_full_catalogue,1,B08FC1WB1X,"ClothingAve. Women Ribbed Racerback Stretchy Cotton Blend Tank Top in Singles, Value Packs S-3X","[""Clothing, Shoes & Jewelry"", ""Women"", ""Clothing"", ""Tops, Tees & Blouses"", ""Tanks & Camis""]","[""57% Cotton, 38% Polyester, 5% Spandex"", ""Imported"", ""Pull On closure""]",,-0.27000802244163674,4,negative
u3_distractor_s9_final,m0_full_catalogue,2,B0C4XWV6W6,Basic Sleeveless Ribbed Square Neck Tank Top for Women Girls Daily Wearing,"[""Clothing, Shoes & Jewelry"", ""Women"", ""Clothing"", ""Tops, Tees & Blouses"", ""Tanks & Camis""]","[""90% Nylon, 10% Spandex"", ""Imported"", ""Pull On closure""]",17.99,-0.2683350717626873,4,negative
u3_distractor_s9_final,m0_full_catalogue,3,B00M0RIZBW,Active Women's Plain Short Sleeve T-Shirt V-Neck Cotton Spandex Top Tee Shirt,"[""Clothing, Shoes & Jewelry"", ""Men""]","[""95% Cotton, 5% Other Fibers"", ""Pull On closure""]",14.99,-0.26645304458966323,4,negative
u3_distractor_s9_final,m0_full_catalogue,4,B08883169Q,Womens Tank Top High Neck Solid Sleeveless Shirts V Neck Ribbed Tank Tops,"[""Clothing, Shoes & Jewelry"", ""Women"", ""Clothing"", ""Tops, Tees & Blouses"", ""Tanks & Camis""]","[""95% Payon & 5% Spandex, the material is very soft and very comfortable to wear."", ""Pull On closure"", ""Machine Wash""]",,-0.2659586925200427,4,negative
u3_distractor_s9_final,m0_full_catalogue,5,B08QRQGWWV,Womens Ribbed Short Sets 2 Piece Outfits Knit Lounge Pajama Set Long Sleeve Pullover Top and Shorts D,"[""Clothing, Shoes & Jewelry"", ""Women"", ""Clothing"", ""Lingerie, Sleep & Lounge"", ""Sleep & Lounge"", ""Sets""]","[""POLYESTER:62%,RAYON:30%,SPANDEX:8%"", ""Imported"", ""Drawstring closure""]",,-0.25945494223928584,4,negative
u3_distractor_s9_final,m0_full_catalogue,1,B0971VZ8SR,Dare2bStylish Women Plus Size Long 3/4 Sleeve Flared Swing Tunic Dress Blouse Top,"[""Clothing, Shoes & Jewelry"", ""Women"", ""Clothing"", ""Tops, Tees & Blouses"", ""Tunics""]","[""Rayon Spandex"", ""Made in the USA"", ""Pull On closure""]",33.99,0.30328845204307536,4,positive
u3_distractor_s9_final,m0_full_catalogue,2,B071NJH34P,Free to Live Women's Loose Flare Fit Extra Long or Short Sleeve Tunic - Made in USA,"[""Clothing, Shoes & Jewelry"", ""Women"", ""Clothing"", ""Tops, Tees & Blouses"", ""Tunics""]","[""95% Rayon, 5% Spandex"", ""Proudly made in the USA"", ""Extra long length tunic with long or short sleeves""]",,0.2914962852544879,4,positive
u3_distractor_s9_final,m0_full_catalogue,3,B01NCR6TKU,BILY Women's Plus 3/4 Sleeve Swing Loose Fit Flattering Tunic Top for Leggings,"[""Clothing, Shoes & Jewelry"", ""Women"", ""Clothing"", ""Tops, Tees & Blouses"", ""Tunics""]","[""95% Rayon, 5% Spandex"", ""Pull On closure"", ""Wash cold""]",,0.2876932416401319,4,positive
u3_distractor_s9_final,m0_full_catalogue,4,B08GC9MWHY,Women's 3/4 Sleeve Short Sleeve Loose Tunic Top Asymmetrical Swing Blouse Casual Long Shirt for Leggings,"[""Clothing, Shoes & Jewelry"", ""Women"", ""Clothing"", ""Tops, Tees & Blouses"", ""Tunics""]","[""95% Polyester, 5% Other Fibers"", ""Pull On closure"", ""Hand Wash Only""]",,0.2785036254321515,4,positive
u3_distractor_s9_final,m0_full_catalogue,5,B0B8NB7BF2,Luckymore Women's Casual Long Sleeve Tunic Tops Loose Fit Pleated Fall Shirts Blouse M-3XL,"[""Clothing, Shoes & Jewelry"", ""Women"", ""Clothing"", ""Tops, Tees & Blouses"", ""Tunics""]","[""65% Polyester, 30% Rayon, 5% Spandex"", ""Imported"", ""Pull On closure""]",,0.2722233871317504,4,positive
u3_distractor_s9_final,m0_full_catalogue,1,B07ZFG2GFM,"Womens Turtleneck Sweater Solid Ruffles Pullover Sweater Long Sleeve Stretch Slim Layer Tops (Pink, X-Large)","[""Clothing, Shoes & Jewelry"", ""Women"", ""Clothing"", ""Sweaters"", ""Pullovers""]","[""5% spandex"", ""Pull On closure""]",,-0.28804615316286697,5,negative
u3_distractor_s9_final,m0_full_catalogue,2,B01MYV0IUT,Tandisk Women's Dress Long Sleeve Stretch Solid A-Line Short Tunic Dresses,"[""Clothing, Shoes & Jewelry"", ""Westlake""]","[""Pull On closure""]",,-0.28516847039756743,5,negative
u3_distractor_s9_final,m0_full_catalogue,3,B08NPPRPKR,Women's Long Sleeve Shirts – Casual Crew Neck Tunic Tops for leggings with Pockets Wine,"[""Clothing, Shoes & Jewelry"", ""Women"", ""Clothing"", ""Tops, Tees & Blouses"", ""Tunics""]","[""Pull On closure"", ""Tumble dry""]",,-0.2832031948177313,5,negative
u3_distractor_s9_final,m0_full_catalogue,4,B083HT5XST,Women's Long Sleeve Mock Turtleneck Shirt Basic Stretchy Lightweight Layer Tops Solid Underscrub Comfort Tee,"[""Clothing, Shoes & Jewelry"", ""Women"", ""Clothing"", ""Tops, Tees & Blouses"", ""T-Shirts""]","[""100% Spandex"", ""Imported"", ""Pull On closure""]",,-0.2757294273274456,5,negative
u3_distractor_s9_final,m0_full_catalogue,5,B07X9YCB16,Tops Gray Green,"[""Clothing, Shoes & Jewelry"", ""Women"", ""Clothing"", ""Active"", ""Active Shirts & Tees""]","[""Pull On closure"", ""Line Dry""]",,-0.24911080254546109,5,negative
u3_distractor_s9_final,m0_full_catalogue,1,B07DD8J3JS,Miskely Women's Paisley Printed Short Sleeve Blouses V Neck Pleated Ruffle Casual Tunic Tops Shirt,"[""Clothing, Shoes & Jewelry"", ""Women"", ""Clothing"", ""Tops, Tees & Blouses""]","[""100% Rayon"", ""Pull On closure"", ""Tips: Our size is Asian size, smaller than US size, please choose up 1 or 2 size up! Please carefully check the size chart on the Picture before purchasing.Material : 95% Rayon + 5% Spandex. A nice silky feeling against the your skin gently.Soft,lightweight and stretchy,thin without see through,easy to wear,no wrinkles-very. Comfortable and smooth, very suitable for summer. Very nice material it keeps you cool in the summer and you can wear it all year.""]",16.99,0.23218357307717813,5,positive
u3_distractor_s9_final,m0_full_catalogue,2,B0BR3J4BX7,Rapbin Summer Shirts for Women Causal Short Sleeve Tops Solid Color Sweetheart Neckline Top with Ruffle Cuffs,"[""Clothing, Shoes & Jewelry"", ""Women"", ""Clothing"", ""Tops, Tees & Blouses"", ""Tunics""]","[""60% Polyester, 35% Rayon, 5% Spandex"", ""Imported"", ""Square Classic Ring closure""]",,0.22243513137083032,5,positive
u3_distractor_s9_final,m0_full_catalogue,3,B07MC47BTR,Florboom Women Summer Tops V Neck Casual Short Sleeve Tee Loose Fit T Shirts,"[""Clothing, Shoes & Jewelry"", ""Women"", ""Clothing"", ""Tops, Tees & Blouses""]","[""95% Rayon, 5% Spandex"", ""Imported""]",,0.21030831484566823,5,positive
u3_distractor_s9_final,m0_full_catalogue,4,B07YZQ4197,Milumia Women's Plus Size Tropical Leaf Print Short Sleeve Chiffon Summer Blouse Top,"[""Clothing, Shoes & Jewelry"", ""Women"", ""Clothing"", ""Tops, Tees & Blouses"", ""Blouses & Button-Down Shirts""]","[""100% Rayon"", ""Pull On closure"", ""Hand Wash Only""]",,0.20907610622292677,5,positive
u3_distractor_s9_final,m0_full_catalogue,5,B09SGYPW3M,OFEEFAN Womens Tops Ruffle Short Sleeve V Neck T-Shirts Casual Loose Fit,"[""Clothing, Shoes & Jewelry"", ""Women"", ""Clothing"", ""Tops, Tees & Blouses"", ""T-Shirts""]","[""Fabric: 35%Rayon,60% Polyester and 5% Spandex,very soft and comfortable for spring and summer"", ""Cute ruffle sleeve tops for spring summer and fall, pull on and down closure"", ""Care: Machine or hand wash in cold water, no bleach, no dry clean, hang or line dry, low iron if need""]",24.99,0.20751815082841685,5,positive
u3_distractor_s9_final,m0_full_catalogue,1,B073X1MB4L,Amazon Brand - Daily Ritual Women's Plus Size Jersey Short-Sleeve Scoop Neck Swing T-Shirt,"[""Clothing, Shoes & Jewelry"", ""Women""]","[""95% Rayon, 5% Spandex"", ""Imported"", ""Machine Wash""]",,-0.3274519451459764,6,negative
u3_distractor_s9_final,m0_full_catalogue,2,B07D5HLWRS,Daily Ritual Women's Plus Size Jersey Short-Sleeve Scoop Neck Shirt,"[""Clothing, Shoes & Jewelry"", ""Women"", ""Clothing"", ""Tops, Tees & Blouses"", ""Polos""]","[""95% Rayon, 5% Spandex"", ""Imported"", ""No Closure closure""]",,-0.27607348756665484,6,negative
u3_distractor_s9_final,m0_full_catalogue,3,B07536V97R,Daily Ritual Women's Plus Size Jersey Short-Sleeve Open Crew Neck Shirt,"[""Clothing, Shoes & Jewelry"", ""Women"", ""Clothing"", ""Tops, Tees & Blouses"", ""Tunics""]","[""95% Rayon, 5% Spandex"", ""Imported"", ""Pull On closure""]",,-0.2738397979673268,6,negative
u3_distractor_s9_final,m0_full_catalogue,4,B00JPT3BTO,Women's Basic Short Sleeve V-neck Tee Shirt Cotton Blend - Junior and Plus Sizes Olive Large,"[""Clothing, Shoes & Jewelry"", ""Women"", ""Clothing"", ""Tops, Tees & Blouses"", ""T-Shirts""]","[""Cotton Blend"", ""Pull On closure""]",,-0.2604181028126743,6,negative
u3_distractor_s9_final,m0_full_catalogue,5,B084X57DQ3,T Shirts for Women Round Neck Short Sleeve Colorblock Casual Tunic Plus Size Womens Tops Shirt,"[""Clothing, Shoes & Jewelry"", ""Women"", ""Clothing"", ""Tops, Tees & Blouses"", ""T-Shirts""]","[""Polyester,Cotton"", ""Pull On closure"", ""Material: Cotton & Polyester, Ultra Soft and Stretch Fabric, Comfy to Wear.""]",,-0.23389051405931513,6,negative
u3_distractor_s9_final,m0_full_catalogue,1,B08C6ZV58S,"Womens Long Sleeve Blouses, V Neck Tops Lantern Sleeve Shirts Loose Blouses","[""Clothing, Shoes & Jewelry"", ""Women"", ""Clothing"", ""Tops, Tees & Blouses"", ""Blouses & Button-Down Shirts""]","[""100% Spandex"", ""Pull On closure"", ""MATERIAL: 95% polyester and 5% spandex,bLightweight and soft. Chiffon blouse for women , sexy V neckline, long sleeve, lartern sleeve, floral printed, casual style and loose fitting.""]",,0.2800289250797544,6,positive
u3_distractor_s9_final,m0_full_catalogue,2,B07B4LN656,Pleione Womens V-Neck Pleated Shoulder Solid Blouse with 3/4 Button Tab Sleeve,"[""Clothing, Shoes & Jewelry"", ""Women"", ""Clothing"", ""Tops, Tees & Blouses"", ""Blouses & Button-Down Shirts""]","[""FRONT: 100% Rayon BACK/SLEEVES: 95% Rayon, 5% Spandex"", ""Pull On closure"", ""Hand Wash Only""]",,0.27602430913268877,6,positive
u3_distractor_s9_final,m0_full_catalogue,3,B09DPK11RM,AmélieBoutik Women Floral Inset V Neck Henley Long Sleeve Blouse Top,"[""Clothing, Shoes & Jewelry"", ""Women"", ""Clothing"", ""Tops, Tees & Blouses""]","[""96% Rayon, 4% Spandex"", ""Button closure"", ""Hand Wash Only""]",,0.26995100144360784,6,positive
u3_distractor_s9_final,m0_full_catalogue,4,B06ZZW2ZT1,Ninedaily Womens Business Tops Lapel V Neck Slimming Long Sleeve Office Blouse,"[""Clothing, Shoes & Jewelry"", ""Women"", ""Clothing"", ""Tops, Tees & Blouses"", ""Blouses & Button-Down Shirts""]","[""Material: 95% Rayon and 5% Spandex, Rayon for soft, Spandex for elastic, Blouse for women fashion 2021"", ""Pull On closure"", ""Machine Wash""]",30.99,0.2442637687062986,6,positive
u3_distractor_s9_final,m0_full_catalogue,5,B09KY6NW2D,KIRUNDO 2023 Fall Women's Long Sleeve V Neck Blouses Casual Loose Button Down Solid Knitted Tops Shirts,"[""Clothing, Shoes & Jewelry"", ""Women"", ""Clothing"", ""Tops, Tees & Blouses"", ""Blouses & Button-Down Shirts""]","[""75% Polyester, 22% Rayon, 3% Spandex"", ""Imported"", ""Pull On closure""]",,0.23361792627586128,6,positive
u3_distractor_s9_final,m0_full_catalogue,1,B09BJ4CKT4,Women's Pajama Set Comfy Long Sleeve Top and Pants Two Piece Loungewear Sleepwear Nightwear,"[""Clothing, Shoes & Jewelry"", ""Women"", ""Clothing"", ""Lingerie, Sleep & Lounge"", ""Sleep & Lounge"", ""Sets""]","[""95% Rayon, 5% Other Fibers"", ""Pull On closure"", ""Do Not Bleach""]",,-0.3318537288311327,7,negative
u3_distractor_s9_final,m0_full_catalogue,2,B0B7R5BCK5,Avenue Women's Plus Size Sleepshrt 3/4 Plcket,"[""Clothing, Shoes & Jewelry"", ""Women"", ""Clothing"", ""Tops, Tees & Blouses"", ""Blouses & Button-Down Shirts""]","[""60% Cotton, 40% Viscose"", ""Imported"", ""Pull On closure""]",24.93,-0.3249209514532944,7,negative
u3_distractor_s9_final,m0_full_catalogue,3,B077THDGS9,"Woman Within Women's Plus Size Perfect Short-Sleeve Polo Shirt - 1X, Pine","[""Clothing, Shoes & Jewelry"", ""Women""]","[""100% Cotton"", ""Imported"", ""Pull On closure""]",,-0.29727729175859735,7,negative
u3_distractor_s9_final,m0_full_catalogue,4,B07YFLWRKD,"Women's Pajama Set Cotton Short Sleeve Sleepwear Soft Nightwear Sets (1 Type Red, XX-Large)","[""Clothing, Shoes & Jewelry"", ""Women"", ""Clothing"", ""Lingerie, Sleep & Lounge"", ""Sleep & Lounge"", ""Sets""]","[""5% spandex"", ""Pull On closure"", ""Machine Wash""]",,-0.2879064769703556,7,negative
u3_distractor_s9_final,m0_full_catalogue,5,B07RGWNCZ9,IN'VOLAND Womens Plus Size Pajama Sets Shorts Sleeveless Tank Top Sleepwear Cute Graphic Print Pjs Set,"[""Clothing, Shoes & Jewelry"", ""Women"", ""Clothing"", ""Lingerie, Sleep & Lounge"", ""Sleep & Lounge"", ""Sets""]","[""95% Rayon, 5% Other Fibers"", ""Pull On closure"", ""Do Not Iron""]",,-0.2848960574639137,7,negative
u3_distractor_s9_final,m0_full_catalogue,1,B07DD59T6P,"Womens Lightweight Sexy Low Cut Halter Tunic Top with Stretch, Made in USA","[""Clothing, Shoes & Jewelry"", ""Women"", ""Clothing"", ""Tops, Tees & Blouses"", ""Tanks & Camis""]","[""90% Polyester, 10% Spandex"", ""Made in the USA"", ""Pull On closure""]",,0.2516350023349698,7,positive
u3_distractor_s9_final,m0_full_catalogue,2,B0C4XWV6W6,Basic Sleeveless Ribbed Square Neck Tank Top for Women Girls Daily Wearing,"[""Clothing, Shoes & Jewelry"", ""Women"", ""Clothing"", ""Tops, Tees & Blouses"", ""Tanks & Camis""]","[""90% Nylon, 10% Spandex"", ""Imported"", ""Pull On closure""]",17.99,0.2345991350809572,7,positive
u3_distractor_s9_final,m0_full_catalogue,3,B08XXL836L,Dellytop Women's V Neck Spaghetti Strap Loose Cami Tank Tops Summer Sleeveless Solid Shirts Blouses,"[""Clothing, Shoes & Jewelry"", ""Women"", ""Clothing"", ""Tops, Tees & Blouses"", ""Tanks & Camis""]","[""Material: 95%Rayon,5%Spandex, ultra soft, stretchy, skin-friendly and non see-through, comfortable to wear"", ""Pull On closure"", ""Hand Wash Only""]",,0.21412462677187524,7,positive
u3_distractor_s9_final,m0_full_catalogue,4,B07C6TMYWJ,"VETIOR Sleeveless Tunic, Women's Sleeveless Summer Casual Floral Flare Tank Top","[""Clothing, Shoes & Jewelry"", ""Women"", ""Clothing"", ""Tops, Tees & Blouses"", ""Tunics""]","[""100% Polyester"", ""Pull On closure""]",,0.20882062964223336,7,positive
u3_distractor_s9_final,m0_full_catalogue,5,B08SVW342Z,Verdusa Women's Open Back Spaghetti Strap Sleeveless Bodycon Cami Bodysuit Tops Violet Ribbed S,"[""Clothing, Shoes & Jewelry"", ""Women"", ""Clothing"", ""Bodysuits""]","[""Pull On closure"", ""Hand Wash Only""]",,0.19845256954518864,7,positive
u3_distractor_s9_final,m0_full_catalogue,1,B07RGWNCZ9,IN'VOLAND Womens Plus Size Pajama Sets Shorts Sleeveless Tank Top Sleepwear Cute Graphic Print Pjs Set,"[""Clothing, Shoes & Jewelry"", ""Women"", ""Clothing"", ""Lingerie, Sleep & Lounge"", ""Sleep & Lounge"", ""Sets""]","[""95% Rayon, 5% Other Fibers"", ""Pull On closure"", ""Do Not Iron""]",,-0.32281168933877064,8,negative
u3_distractor_s9_final,m0_full_catalogue,2,B00TTQ62WG,Jockey Women's Rayon Spandex Paisley Pajama Set,"[""Clothing, Shoes & Jewelry"", ""Women"", ""Clothing"", ""Lingerie, Sleep & Lounge"", ""Sleep & Lounge"", ""Sets""]","[""95% Rayon, 5% Spandex"", ""Imported"", ""Button closure""]",,-0.30747743368632496,8,negative
u3_distractor_s9_final,m0_full_catalogue,3,B087CMYRLJ,Ekouaer Cute Pajama Sets for Women Short Sleeve Tops and Shorts Sleepwear Comfy Pjs Loungewear Set S-XXL,"[""Clothing, Shoes & Jewelry"", ""Women"", ""Clothing"", ""Lingerie, Sleep & Lounge"", ""Sleep & Lounge"", ""Sets""]","[""95% Rayon, 5% Other Fibers"", ""Pull On closure"", ""Material: 95% Rayon and 5% Spandex. High quality fabric make this short pajama set comfortable, breathable, lightweight and cool to wear as sleepwear/loungewear at home in hot days.""]",,-0.292954277976418,8,negative
u3_distractor_s9_final,m0_full_catalogue,4,B07YFLWRKD,"Women's Pajama Set Cotton Short Sleeve Sleepwear Soft Nightwear Sets (1 Type Red, XX-Large)","[""Clothing, Shoes & Jewelry"", ""Women"", ""Clothing"", ""Lingerie, Sleep & Lounge"", ""Sleep & Lounge"", ""Sets""]","[""5% spandex"", ""Pull On closure"", ""Machine Wash""]",,-0.2897338881829688,8,negative
u3_distractor_s9_final,m0_full_catalogue,5,B09BJ4CKT4,Women's Pajama Set Comfy Long Sleeve Top and Pants Two Piece Loungewear Sleepwear Nightwear,"[""Clothing, Shoes & Jewelry"", ""Women"", ""Clothing"", ""Lingerie, Sleep & Lounge"", ""Sleep & Lounge"", ""Sets""]","[""95% Rayon, 5% Other Fibers"", ""Pull On closure"", ""Do Not Bleach""]",,-0.256848671046897,8,negative
u3_distractor_s9_final,m0_full_catalogue,1,B07CKW7BRZ,Daily Ritual Women's Standard Jersey Short-Sleeve V-Neck Shift Dress,"[""Clothing, Shoes & Jewelry"", ""Women"", ""Clothing"", ""Dresses"", ""Casual""]","[""95% Viscose, 5% Elastane"", ""Imported"", ""No Closure closure""]",,0.2128342068137712,8,positive
u3_distractor_s9_final,m0_full_catalogue,2,B08T65HDWX,Milumia Women's Casual Tee Shirt Dress Short Sleeve Crew Neck Straight Short Dress,"[""Clothing, Shoes & Jewelry"", ""Women"", ""Clothing"", ""Dresses""]","[""62% Polyester, 34% Cotton, 4% Elastane"", ""Pull On closure"", ""Hand Wash Only""]",24.99,0.20495140902493061,8,positive
u3_distractor_s9_final,m0_full_catalogue,3,B01IDRKU10,BH B.I.L.Y USA Women's Casual Round Neck Jersey Slim Fitting Mini Dolphin T-Shirt Dress,"[""Clothing, Shoes & Jewelry"", ""Women"", ""Clothing"", ""Dresses"", ""Casual""]","[""95% Rayon, 5% Spandex"", ""Pull On closure"", ""Hand Wash Only""]",,0.19529936515607427,8,positive
u3_distractor_s9_final,m0_full_catalogue,4,B01H76GF80,COLROVIE Womens Boat Neck Dolman Top - 3/4 Sleeve with O/V Neck,"[""Clothing, Shoes & Jewelry"", ""Women"", ""Clothing"", ""Tops, Tees & Blouses"", ""T-Shirts""]","[""95% Cotton, 5% Spandex"", ""Imported"", ""Pull On closure""]",,0.1931080816970484,8,positive
u3_distractor_s9_final,m0_full_catalogue,5,B07J67QHFW,Daily Ritual Women's Supersoft Terry Dolman-Sleeve Boat Neck Dress,"[""Clothing, Shoes & Jewelry"", ""Women"", ""Clothing"", ""Dresses"", ""Casual""]","[""97% Rayon, 3% Elastane"", ""Imported"", ""No Closure closure""]",,0.17504784344475077,8,positive
u3_distractor_s9_final,m0_full_catalogue,1,B07CK6L6JS,"Womens Plus Size Tops Floral Summer Flowy Tank Dress (3X, Lime Green Stripes)","[""Clothing, Shoes & Jewelry"", ""Westlake""]","[""5% spandex"", ""Pull On closure""]",,-0.27114843359757856,9,negative
u3_distractor_s9_final,m0_full_catalogue,2,B079YNH3J3,Junarose Women's Plus Size Delia Short Sleeve Top,"[""Clothing, Shoes & Jewelry"", ""Women"", ""Clothing"", ""Tops, Tees & Blouses"", ""Blouses & Button-Down Shirts""]","[""95% Polyester, 5% Elastane"", ""Imported"", ""Pull On closure""]",,-0.2283087502859106,9,negative
u3_distractor_s9_final,m0_full_catalogue,3,B00UEEN4VE,Women Elegant Stand Collar Lotus Leaf Ruffle OL Short Sleeve Blouse White US 10,"[""Clothing, Shoes & Jewelry"", ""Westlake""]","[""Pull On closure""]",,-0.2041891711641749,9,negative
u3_distractor_s9_final,m0_full_catalogue,4,B00ZOQCOMW,"Doublju Women Sleeveless Round Neck Stretchy Fabric Comfy Tank Top Blouse SKYBLUE,3XL","[""Clothing, Shoes & Jewelry"", ""Westlake""]","[""Pull On closure""]",,-0.20232261286693387,9,negative
u3_distractor_s9_final,m0_full_catalogue,5,B016PBI67G,Three Dots Women's Twill Cross Front Top,"[""Clothing, Shoes & Jewelry"", ""Women"", ""Clothing"", ""Tops, Tees & Blouses"", ""T-Shirts""]","[""100% Rayon"", ""Made in US"", ""Pull On closure""]",,-0.19781814072538878,9,negative
u3_distractor_s9_final,m0_full_catalogue,1,B074TY87MF,"VIISHOW Women's Casual Plain Simple T-Shirt Loose Pocket Dress with Pockets (S, Long Sleeves Grey)","[""Clothing, Shoes & Jewelry"", ""Women"", ""Clothing"", ""Dresses"", ""Casual""]","[""95% rayon , 5% spandex"", ""Hand Wash Only"", ""Material:95% Rayon,5% Spandex.""]",,0.27142779917317217,9,positive
u3_distractor_s9_final,m0_full_catalogue,2,B078MKRT8J,UXELY Women's Casual Comfy Long Sleeve Pullover Tunic Tops Round Neck Sweatshirt Loose Soft with Pockets Pullover,"[""Clothing, Shoes & Jewelry"", ""Women"", ""Clothing""]","[""Comfy Fabric - 95%Rayon 5%spandex, soft and gentle against your skin"", ""Pull On closure"", ""Do Not Bleach""]",,0.23337035756123453,9,positive
u3_distractor_s9_final,m0_full_catalogue,3,B0BMQS3TRR,Bexhex Shirts For Women Long Sleeve Tee Shirt Crew Neck Fall Sweatshirts Loose Fit,"[""Clothing, Shoes & Jewelry"", ""Women"", ""Clothing"", ""Fashion Hoodies & Sweatshirts""]","[""polyester,rayon,spandex"", ""Stretch closure"", ""Skin-Friendly Material: 60% Polyester 35% rayon 5% spandex. Soft Warm and Lightweight. This womens tops will provide you a most comfortable wearing experience""]",15.99,0.22869176069869238,9,positive
u3_distractor_s9_final,m0_full_catalogue,4,B08F5F5CCG,Women's Long Sleeve Shirts V Neck Tunic Tops for Leggings Loose Fit Winter Tops with Pocket Black Size M,"[""Clothing, Shoes & Jewelry"", ""Women"", ""Clothing"", ""Tops, Tees & Blouses"", ""T-Shirts""]","[""60% Polyester, 35% Rayon, 5% Spandex"", ""Pull On closure"", ""Skin-friendly brushed fabric. which is soft, stretchy, lightweight yet none-see-through offer supior warmth and comfort, special drop sleeve design offers a greater range of movement""]",,0.22712655553105698,9,positive
u3_distractor_s9_final,m0_full_catalogue,5,B09D8BGTQX,Womens Tunic Tops for Leggings Long Sleeve V Neck Shirts Fall clothes,"[""Clothing, Shoes & Jewelry"", ""Women"", ""Clothing"", ""Tops, Tees & Blouses"", ""Tunics""]","[""60% Polyester, 35% Rayon, 5% Spandex"", ""Machine or Hand Wash with Cold Water/ Hang or Line Dry/ No Bleach/ No Dry Clean."", ""Long sleeve, V Neck，Plain, Pocket, Loose fit, Lightweight.""]",,0.22638218631948137,9,positive
u3_distractor_s9_final,m0_full_catalogue,1,B07SHW13T4,Hue Women's Short Sleeve V-Neck Sleep Tee,"[""Clothing, Shoes & Jewelry"", ""Women"", ""Clothing"", ""Lingerie, Sleep & Lounge"", ""Sleep & Lounge"", ""Bottoms""]","[""60% Cotton, 40% Rayon"", ""Imported"", ""Pull-On closure""]",,-0.23484497223560774,10,negative
u3_distractor_s9_final,m0_full_catalogue,2,B01BO1IIOS,MBJ Womens V Neck Short Sleeve Pleats Tunic Top - Made in USA,"[""Clothing, Shoes & Jewelry"", ""Women"", ""Clothing"", ""Tops, Tees & Blouses"", ""Tunics""]","[""95% Rayon, 5% Spandex"", ""Made in U.S.A."", ""Hand Wash Only""]",,-0.22599352952954704,10,negative
u3_distractor_s9_final,m0_full_catalogue,3,B01I41MBT4,LL Womens Ombre V Neck Cap Sleeve T Shirt Dress - Made in USA,"[""Clothing, Shoes & Jewelry"", ""Women"", ""Clothing"", ""Dresses"", ""Casual""]","[""95% Rayon, 5% Spandex"", ""Made in U.S.A."", ""Pull On closure""]",,-0.2152893368829626,10,negative
u3_distractor_s9_final,m0_full_catalogue,4,B01D0NZHOC,LL Womens Ombre V Neck Cap Sleeve T Shirt Dress - Made in USA,"[""Clothing, Shoes & Jewelry"", ""Women"", ""Clothing"", ""Dresses"", ""Casual""]","[""95% Rayon, 5% Spandex"", ""Made in U.S.A."", ""Pull On closure""]",,-0.2152893368829626,10,negative
u3_distractor_s9_final,m0_full_catalogue,5,B01D0PPYZ2,LL Womens Ombre V Neck Cap Sleeve T Shirt Dress - Made in USA,"[""Clothing, Shoes & Jewelry"", ""Women"", ""Clothing"", ""Dresses"", ""Casual""]","[""95% Rayon, 5% Spandex"", ""Made in U.S.A."", ""Pull On closure""]",,-0.2152439018613958,10,negative
u3_distractor_s9_final,m0_full_catalogue,1,B096S7MDMG,Romwe Women's Plus Size Tie Dye Short Sleeve Drawstring Ruched Mini Bodycon Dress,"[""Clothing, Shoes & Jewelry"", ""Women"", ""Clothing"", ""Dresses"", ""Club & Night Out""]","[""95% Polyester, 5% Spandex"", ""Drawstring closure"", ""Made of polyester and spandex, stretchy and soft material""]",,0.2702414175230264,10,positive
u3_distractor_s9_final,m0_full_catalogue,2,B07LG1H65T,Women's Plus Size Shirts Lace Trim Cold Shoulder Blouse Long Sleeve Loose Tunic Tops,"[""Clothing, Shoes & Jewelry"", ""Women"", ""Clothing"", ""Tops, Tees & Blouses"", ""Blouses & Button-Down Shirts""]","[""polyester spandex poli ster licra elastano. elastan"", ""Pull On closure"", ""Material: Polyester,Spandex, Stretchy and Lightweight""]",,0.2674407034543069,10,positive
u3_distractor_s9_final,m0_full_catalogue,3,B07ZFG2GFM,"Womens Turtleneck Sweater Solid Ruffles Pullover Sweater Long Sleeve Stretch Slim Layer Tops (Pink, X-Large)","[""Clothing, Shoes & Jewelry"", ""Women"", ""Clothing"", ""Sweaters"", ""Pullovers""]","[""5% spandex"", ""Pull On closure""]",,0.21976923250159403,10,positive
u3_distractor_s9_final,m0_full_catalogue,4,B07538P796,Amazon Brand - Daily Ritual Women's Plus Size Ribbed Long-Sleeve Scoop Neck Shirt,"[""Clothing, Shoes & Jewelry"", ""Women"", ""Clothing"", ""Tops, Tees & Blouses"", ""T-Shirts""]","[""90% Rayon, 10% Spandex"", ""Imported"", ""Pull On closure""]",,0.2181500615764514,10,positive
u3_distractor_s9_final,m0_full_catalogue,5,B08PF98BV4,RITERA Plus Size Tops for Women Off the Shoulder Cold Shoulder Tops Short Sleeve Shirts Summer Blouses Sexy Tunics Tee XL-5XL,"[""Clothing, Shoes & Jewelry"", ""Women"", ""Clothing"", ""Tops, Tees & Blouses"", ""Tunics""]","[""75% Polyester, 20% Rayon, 5% Spandex"", ""Imported"", ""Pull On closure""]",24.99,0.21770107553155882,10,positive
u3_distractor_s9_final,m0_full_catalogue,1,B08XXL836L,Dellytop Women's V Neck Spaghetti Strap Loose Cami Tank Tops Summer Sleeveless Solid Shirts Blouses,"[""Clothing, Shoes & Jewelry"", ""Women"", ""Clothing"", ""Tops, Tees & Blouses"", ""Tanks & Camis""]","[""Material: 95%Rayon,5%Spandex, ultra soft, stretchy, skin-friendly and non see-through, comfortable to wear"", ""Pull On closure"", ""Hand Wash Only""]",,-0.2299151961638184,11,negative
u3_distractor_s9_final,m0_full_catalogue,2,B074TY87MF,"VIISHOW Women's Casual Plain Simple T-Shirt Loose Pocket Dress with Pockets (S, Long Sleeves Grey)","[""Clothing, Shoes & Jewelry"", ""Women"", ""Clothing"", ""Dresses"", ""Casual""]","[""95% rayon , 5% spandex"", ""Hand Wash Only"", ""Material:95% Rayon,5% Spandex.""]",,-0.2103680724096599,11,negative
u3_distractor_s9_final,m0_full_catalogue,3,B072JTX6W1,Daily Ritual Women's Jersey Sleeveless Shell Top with Side Splits,"[""Clothing, Shoes & Jewelry"", ""Women"", ""Clothing"", ""Tops, Tees & Blouses"", ""Tanks & Camis""]","[""95% Viscose, 5% Elastane"", ""Imported"", ""Pull On closure""]",,-0.20017457501227368,11,negative
u3_distractor_s9_final,m0_full_catalogue,4,B0968GZH6P,ELIY BASIC Womens Tank Tops Loose Fit Sleeveless Tops for Women Casual Summer Cute Graphic Shirts,"[""Clothing, Shoes & Jewelry"", ""Westlake""]","[""100% Spandex"", ""Pull On closure""]",,-0.1961112587888644,11,negative
u3_distractor_s9_final,m0_full_catalogue,5,B01CT0FD1Y,Women's Scoop Neck Sleeveless Woven Casual Plus Size Top with Pocket Detail,"[""Clothing, Shoes & Jewelry"", ""Women"", ""Clothing"", ""Tops, Tees & Blouses"", ""Tunics""]","[""100% Rayon"", ""Imported"", ""A pocket tank styled with a long, swingy silhouette for effortless styling""]",,-0.18288804785333762,11,negative
u3_distractor_s9_final,m0_full_catalogue,1,B01H7ZCW60,Luna Flower Women's Short Sleeve Cotton Slim Fit Polo Shirt (GTEW103),"[""Clothing, Shoes & Jewelry"", ""Women"", ""Clothing"", ""Tops, Tees & Blouses"", ""Polos""]","[""65% COTTON / 30% POLYESTER / 5% SPANDEX"", ""Pull On closure"", ""Hand Wash Only""]",,0.21286367671865414,11,positive
u3_distractor_s9_final,m0_full_catalogue,2,B010MHPI9I,HOT FROM HOLLYWOOD Women's Fitted Casual Floral Lace Short Sleeve Shirt Top Blouse,"[""Clothing, Shoes & Jewelry"", ""Women"", ""Clothing"", ""Tops, Tees & Blouses""]","[""95% Cotton, 5% Spandex"", ""Imported"", ""Pull On closure""]",,0.1957283712848846,11,positive
u3_distractor_s9_final,m0_full_catalogue,3,B001U88SDM,Women's Cotton Bermuda Shorts,"[""Clothing, Shoes & Jewelry"", ""Women"", ""Clothing"", ""Active"", ""Active Shorts""]","[""Cotton,Spandex"", ""Drawstring closure"", ""Machine Wash""]",,0.19572628539465622,11,positive
u3_distractor_s9_final,m0_full_catalogue,4,B07F7JBYGB,Glanzition Womens Shirts Short&Long Sleeve V Neck Crop Tops,"[""Clothing, Shoes & Jewelry"", ""Women"", ""Clothing"", ""Tops, Tees & Blouses"", ""Tanks & Camis""]","[""Cotton,Polyester,Spandex"", ""Pull On closure"", ""MATERIAL: 35% Cotton + 60% Polyester + 5% Spandex.""]",,0.1785819812888682,11,positive
u3_distractor_s9_final,m0_full_catalogue,5,B07ZKQ3T9Y,SATINIOR Women's Short Sleeve Ruched Bodycon Mini T-Shirt Dress Casual Crew Neck Mini Dress,"[""Clothing, Shoes & Jewelry"", ""Women"", ""Clothing"", ""Dresses""]","[""Pull On closure"", ""Soft material: this ruched t shirt dress is made of cotton and polyester, stretchy and comfortable, thick enough and not see through"", ""Feature: this is short sleeve t shirt dress with irregular design to modify your body lines, make you look slim and prolong the leg length, show your beautiful curves""]",,0.17499867482752754,11,positive
u3_distractor_s9_final,m0_full_catalogue,1,B07HDXK1DJ,Women Rainbow Striped Shirt - Casual Long Sleeve Oversized Tee Tunic Top Pullover Sweatshirt White L,"[""Clothing, Shoes & Jewelry"", ""Women"", ""Clothing"", ""Tops, Tees & Blouses"", ""T-Shirts""]","[""Pull On closure""]",,-0.17505648655122447,12,negative
u3_distractor_s9_final,m0_full_catalogue,2,B07V2YP818,Two Piece Outfits for Women Shorts - Summer Printed T Shirts and Shorts Athletic Tracksuits Set,"[""Clothing, Shoes & Jewelry"", ""Women"", ""Clothing"", ""Active"", ""Sets""]","[""Material: 95% Rayon , 5% Spandex.Stretchy,soft and comfy"", ""Pull On closure"", ""Hand Wash Only""]",,-0.17147601614260088,12,negative
u3_distractor_s9_final,m0_full_catalogue,3,B09RZQ2WSC,IRSYOU Women's Short Sleeve Crewneck Tunic Tops Summer Basic Loose T Shirts Solid Cap Sleeve Casual Tee,"[""Clothing, Shoes & Jewelry"", ""Women"", ""Clothing"", ""Tops, Tees & Blouses"", ""T-Shirts""]","[""60% Polyester, 35% Rayon, 5% Spandex"", ""Pull On closure"", ""【Material】: This summer shirt is super soft and perfect Fit!The unique high quality summer fabric is more breathable/cool and fit to the skin.""]",19.98,-0.14897804145045587,12,negative
u3_distractor_s9_final,m0_full_catalogue,4,B089SSMDL2,"Beiranduo Women's Casual T Shirt, Lace Blouse, Long Sleeve Hoodie","[""Clothing, Shoes & Jewelry"", ""Women"", ""Clothing"", ""Tops, Tees & Blouses"", ""T-Shirts""]","[""Polyester and Spandex"", ""Pull On closure"", ""Machine Wash""]",,-0.14676053343904263,12,negative
u3_distractor_s9_final,m0_full_catalogue,5,B07CV5DPJ7,MIROL Women's Summer Short Sleeve Off Shoulder Striped High Waist Knee Length Dress Navy,"[""Clothing, Shoes & Jewelry"", ""Women"", ""Clothing"", ""Dresses""]","[""95% Polyester, 5% Spandex"", ""Pull On closure""]",,-0.14573638480701867,12,negative
u3_distractor_s9_final,m0_full_catalogue,1,B0C4G54M7S,Roaman's Women's Plus Size Ultrasmooth Fabric V-Neck Swing Dress Stretch Jersey Short Sleeve V-Neck,"[""Clothing, Shoes & Jewelry"", ""Women"", ""Clothing"", ""Dresses""]","[""Pull On closure"", ""Machine Wash"", ""PLUS SIZING: Size 42 / 44 will fit Plus sizes 42 to 44""]",31.01,0.26636754810841573,12,positive
u3_distractor_s9_final,m0_full_catalogue,2,B00JPT3BTO,Women's Basic Short Sleeve V-neck Tee Shirt Cotton Blend - Junior and Plus Sizes Olive Large,"[""Clothing, Shoes & Jewelry"", ""Women"", ""Clothing"", ""Tops, Tees & Blouses"", ""T-Shirts""]","[""Cotton Blend"", ""Pull On closure""]",,0.24184839384273207,12,positive
u3_distractor_s9_final,m0_full_catalogue,3,B00I9WK3IU,Star Vixen Women's Sleeveless Drapeneck Top,"[""Clothing, Shoes & Jewelry"", ""Women"", ""Clothing"", ""Tops, Tees & Blouses"", ""Tanks & Camis""]","[""92% Polyester, 8% Spandex"", ""Made in the USA and Imported"", ""Pull On closure""]",17.48,0.22819696864413183,12,positive
u3_distractor_s9_final,m0_full_catalogue,4,B0B7R5BCK5,Avenue Women's Plus Size Sleepshrt 3/4 Plcket,"[""Clothing, Shoes & Jewelry"", ""Women"", ""Clothing"", ""Tops, Tees & Blouses"", ""Blouses & Button-Down Shirts""]","[""60% Cotton, 40% Viscose"", ""Imported"", ""Pull On closure""]",24.93,0.2075089363358927,12,positive
u3_distractor_s9_final,m0_full_catalogue,5,B07RGWNCZ9,IN'VOLAND Womens Plus Size Pajama Sets Shorts Sleeveless Tank Top Sleepwear Cute Graphic Print Pjs Set,"[""Clothing, Shoes & Jewelry"", ""Women"", ""Clothing"", ""Lingerie, Sleep & Lounge"", ""Sleep & Lounge"", ""Sets""]","[""95% Rayon, 5% Other Fibers"", ""Pull On closure"", ""Do Not Iron""]",,0.20573603986657615,12,positive
u3_distractor_s9_final,m0_full_catalogue,1,B01GR9L2FY,LL Womens Ombre Round Neck Short Sleeve Shoulder Off Top - Made in USA,"[""Clothing, Shoes & Jewelry"", ""Women"", ""Clothing"", ""Tops, Tees & Blouses"", ""T-Shirts""]","[""95% Rayon, 5% Spandex"", ""Made in U.S.A."", ""Pull On closure""]",,-0.313099712247287,13,negative
u3_distractor_s9_final,m0_full_catalogue,2,B0161ZC8FW,HOT FROM HOLLYWOOD Women's Loose Fit Cold Shoulder Top,"[""Clothing, Shoes & Jewelry"", ""Women"", ""Clothing"", ""Tops, Tees & Blouses"", ""T-Shirts""]","[""94% Rayon / 6% Spandex"", ""Made In the USA"", ""Pull On closure""]",,-0.27293003129914073,13,negative
u3_distractor_s9_final,m0_full_catalogue,3,B01D0PPYZ2,LL Womens Ombre V Neck Cap Sleeve T Shirt Dress - Made in USA,"[""Clothing, Shoes & Jewelry"", ""Women"", ""Clothing"", ""Dresses"", ""Casual""]","[""95% Rayon, 5% Spandex"", ""Made in U.S.A."", ""Pull On closure""]",,-0.24401689654567815,13,negative
u3_distractor_s9_final,m0_full_catalogue,4,B01D0NZHOC,LL Womens Ombre V Neck Cap Sleeve T Shirt Dress - Made in USA,"[""Clothing, Shoes & Jewelry"", ""Women"", ""Clothing"", ""Dresses"", ""Casual""]","[""95% Rayon, 5% Spandex"", ""Made in U.S.A."", ""Pull On closure""]",,-0.24395066672546595,13,negative
u3_distractor_s9_final,m0_full_catalogue,5,B01I41MBT4,LL Womens Ombre V Neck Cap Sleeve T Shirt Dress - Made in USA,"[""Clothing, Shoes & Jewelry"", ""Women"", ""Clothing"", ""Dresses"", ""Casual""]","[""95% Rayon, 5% Spandex"", ""Made in U.S.A."", ""Pull On closure""]",,-0.24395066672546595,13,negative
u3_distractor_s9_final,m0_full_catalogue,1,B01NAKXEGD,Tribal Women's Flatten It Pull-on Bermuda W/Side Cutouts,"[""Clothing, Shoes & Jewelry"", ""Women"", ""Clothing"", ""Shorts""]","[""76% Rayon, 21% Nylon, 3% Spandex"", ""Imported"", ""Machine Wash""]",,0.23232240131378584,13,positive
u3_distractor_s9_final,m0_full_catalogue,2,B089C5755M,Premium Women's Stretch Dress Pants - Wear to Work - Ponte Treggings - Straight Leg - White - XXL,"[""Clothing, Shoes & Jewelry"", ""Women"", ""Clothing"", ""Pants""]","[""68% Rayon, 28% Nylon, 4% Other Fibers"", ""Pull On closure"", ""All day yoga comfort slacks for women provided by a premium blend of 68% Rayon, 28% Nylon, and 4% Spandex.""]",,0.1918594414756448,13,positive
u3_distractor_s9_final,m0_full_catalogue,3,B01MZE4YAC,FLORIA Women's Solid Lightweight Knit Elastic Waist Flared Midi Skirt (S-3XL),"[""Clothing, Shoes & Jewelry"", ""Women"", ""Clothing"", ""Skirts""]","[""95% RAYON / 5% SPANDEX"", ""Made in USA"", ""Pull On closure""]",,0.1798691139824929,13,positive
u3_distractor_s9_final,m0_full_catalogue,4,B072DVYSS1,FLORIA Women's Solid Lightweight Knit Elastic Waist Flared Midi Skirt (S-3XL),"[""Clothing, Shoes & Jewelry"", ""Women"", ""Clothing"", ""Skirts""]","[""95% RAYON / 5% SPANDEX"", ""Made in USA"", ""Pull On closure""]",,0.17914003020263686,13,positive
u3_distractor_s9_final,m0_full_catalogue,5,B08GQY6WBK,"Senxcover Women's Golf Shorts, 9"" Chino Shorts Stretch Casual Bermuda Shorts","[""Clothing, Shoes & Jewelry"", ""Women"", ""Clothing"", ""Active"", ""Active Shorts""]","[""Rayon,Nylon"", ""Pull On closure"", ""GOLF SHORTS FOR WOMEN - Our bermuda shorts are made of advanced and durable Fabric: 75% Rayon, 20% Nylon and 5% Spandex. Stretch, lightweight, breathable, quick dry womens shorts with pockets offer you a cool comfortable feeling.""]",22.99,0.17187787970332316,13,positive
u3_distractor_s9_final,m0_full_catalogue,1,B07ZL2VXDF,LEEBE Women's Plus Size Relaxed 3/4 Dolman Sleeve Print Top,"[""Clothing, Shoes & Jewelry"", ""Women"", ""Clothing"", ""Tops, Tees & Blouses"", ""Polos""]","[""100% Rayon"", ""Pull On closure"", ""Machine Wash""]",,-0.23103437562003348,14,negative
u3_distractor_s9_final,m0_full_catalogue,2,B07BWCYQK4,For G and PL Women's Summer Floral Print Sleeveless Midi Dresses,"[""Clothing, Shoes & Jewelry"", ""Women"", ""Clothing"", ""Dresses""]","[""MATERIAL - 95% Polyster & 5% Spendex. Machine Washable,Wash in Cold Water and Dry On Low Heat."", ""NOTE - This Product is Made in Our Own Manufacturer Through An Emphasis On Quality And Customer Service."", ""Pull On closure""]",,-0.2097267055891293,14,negative
u3_distractor_s9_final,m0_full_catalogue,3,B07HHZNRSR,POGTMM Womens Casual Fall Striped 3/4 Sleeve Long Dress Plain A Line Maxi Dress with Side Pocket,"[""Clothing, Shoes & Jewelry"", ""Women"", ""Clothing"", ""Dresses""]","[""Pull On closure"", ""Material:95% Rayon 5% Spandex,Soft and Comfortable"", ""Feature:Two Side Pockets,3/5 Sleeve,Round Neck,A Line,Elastic Waist,Full Length,Flowy Swing Maxi Dress""]",,-0.19607113352863895,14,negative
u3_distractor_s9_final,m0_full_catalogue,4,B07HK2RNXB,FLORIA Womens Round Neck Pleated Front Sleeveless Stretchy Blouse Tank Top (S-3XL),"[""Clothing, Shoes & Jewelry"", ""Women"", ""Clothing"", ""Tops, Tees & Blouses"", ""Tanks & Camis""]","[""95% RAYON / 5% SPANDEX"", ""Made in USA"", ""Pull On closure""]",,-0.18642883556232567,14,negative
u3_distractor_s9_final,m0_full_catalogue,5,B07B4LN656,Pleione Womens V-Neck Pleated Shoulder Solid Blouse with 3/4 Button Tab Sleeve,"[""Clothing, Shoes & Jewelry"", ""Women"", ""Clothing"", ""Tops, Tees & Blouses"", ""Blouses & Button-Down Shirts""]","[""FRONT: 100% Rayon BACK/SLEEVES: 95% Rayon, 5% Spandex"", ""Pull On closure"", ""Hand Wash Only""]",,-0.18629964961961862,14,negative
u3_distractor_s9_final,m0_full_catalogue,1,B07CKW7BRZ,Daily Ritual Women's Standard Jersey Short-Sleeve V-Neck Shift Dress,"[""Clothing, Shoes & Jewelry"", ""Women"", ""Clothing"", ""Dresses"", ""Casual""]","[""95% Viscose, 5% Elastane"", ""Imported"", ""No Closure closure""]",,0.2852320978963224,14,positive
u3_distractor_s9_final,m0_full_catalogue,2,B075X76VGB,Daily Ritual Women's Soft Rayon Jersey Oversized Short-Sleeve Funnel Neck Shirt,"[""Clothing, Shoes & Jewelry"", ""Women"", ""Clothing"", ""Tops, Tees & Blouses"", ""Blouses & Button-Down Shirts""]","[""57% Acrylic, 38% Viscose, 5% Elastane"", ""Imported"", ""Button closure""]",,0.20531418375375415,14,positive
u3_distractor_s9_final,m0_full_catalogue,3,B01MYV0IUT,Tandisk Women's Dress Long Sleeve Stretch Solid A-Line Short Tunic Dresses,"[""Clothing, Shoes & Jewelry"", ""Westlake""]","[""Pull On closure""]",,0.1955202987882168,14,positive
u3_distractor_s9_final,m0_full_catalogue,4,B0BRS7FDPT,"Amazon Essentials Women's Jersey Standard-Fit Short-Sleeve V-Neck T-Shirt (Previously Daily Ritual), Pack of 2","[""Clothing, Shoes & Jewelry"", ""Women"", ""Clothing"", ""Tops, Tees & Blouses"", ""T-Shirts""]","[""95% Rayon, 5% Elastane"", ""Imported"", ""Machine Wash""]",21.52,0.19528796102281115,14,positive
u3_distractor_s9_final,m0_full_catalogue,5,B0749M1HVB,"JollieLovin Women's Tunic Top Casual Short Sleeve Swing Loose T-shirt Dress (Navy Blue, 1X)","[""Clothing, Shoes & Jewelry"", ""Westlake""]","[""Pull On closure"", ""Line Dry""]",,0.18340034631345276,14,positive
u3_distractor_s9_final,m0_full_catalogue,1,B07YCT5VV6,Daily Ritual Women's Cotton Modal Stretch Slub Long-Sleeve Seamed Shirt,"[""Clothing, Shoes & Jewelry"", ""Women"", ""Clothing"", ""Tops, Tees & Blouses"", ""Blouses & Button-Down Shirts""]","[""59% Cotton, 39% Modal, 2% Elastane"", ""Imported"", ""No Closure closure""]",,-0.30073640932829243,15,negative
u3_distractor_s9_final,m0_full_catalogue,2,B010MHPI9I,HOT FROM HOLLYWOOD Women's Fitted Casual Floral Lace Short Sleeve Shirt Top Blouse,"[""Clothing, Shoes & Jewelry"", ""Women"", ""Clothing"", ""Tops, Tees & Blouses""]","[""95% Cotton, 5% Spandex"", ""Imported"", ""Pull On closure""]",,-0.21958142648289602,15,negative
u3_distractor_s9_final,m0_full_catalogue,3,B076JDDZ7S,Floral Find Women Long Sleeve A-line Tunic Top Scoop Neck Loose Fit Blouse Shirt Flowy Layered Hem,"[""Clothing, Shoes & Jewelry"", ""Women"", ""Clothing"", ""Tops, Tees & Blouses"", ""Tunics""]","[""POLYESTER, RAYON, SPANDEX"", ""Imported"", ""Pull On closure""]",,-0.1887070089043983,15,negative
u3_distractor_s9_final,m0_full_catalogue,4,B072JTX6W1,Daily Ritual Women's Jersey Sleeveless Shell Top with Side Splits,"[""Clothing, Shoes & Jewelry"", ""Women"", ""Clothing"", ""Tops, Tees & Blouses"", ""Tanks & Camis""]","[""95% Viscose, 5% Elastane"", ""Imported"", ""Pull On closure""]",,-0.18332334760094826,15,negative
u3_distractor_s9_final,m0_full_catalogue,5,B071LJD6J1,"STYLEWORD Women's Sleeveless Summer Casual Floral Dress(Floral01,S)","[""Clothing, Shoes & Jewelry"", ""Women"", ""Clothing"", ""Dresses"", ""Casual""]","[""【Fabric】95% Cotton, 5% Spandex. Super soft, lightweight and stretchy feeling. Easy to dress up or dress down. Comfortable touch of your skin"", ""Pull On closure"", ""Hand Wash Only""]",,-0.18249929456963435,15,negative
u3_distractor_s9_final,m0_full_catalogue,1,B00JWV7LQ4,meilun Women's Rayon Short Sleeve Square Neck Bandage Dress Large Red,"[""Clothing, Shoes & Jewelry"", ""Women"", ""Clothing"", ""Dresses"", ""Club & Night Out""]","[""100% Rayon"", ""Pull On closure""]",,0.21385946415469784,15,positive
u3_distractor_s9_final,m0_full_catalogue,2,B09KC3WN6N,Metyou Women's Casual Short Sleeve Bodycon Pencil Dress Crewneck Tie Waist Stretchy Mini Dress,"[""Clothing, Shoes & Jewelry"", ""Women"", ""Clothing"", ""Dresses""]","[""65% Rayon, 35% Polyester"", ""Material: 65% Rayon, 35%Polyester. Women's pencil dresses is made from a lightweight and skin-touch, good quality soft stretchy fabric which don't wrinkle, Comfortable To Wear."", ""Pull On closure""]",13.99,0.20734893094302492,15,positive
u3_distractor_s9_final,m0_full_catalogue,3,B09PMPGNVP,OWIN Women's Deep V Neck Short Sleeve Bodysuit Stretch Casual Collared Jumpsuit Leotard Tops,"[""Clothing, Shoes & Jewelry"", ""Women"", ""Clothing"", ""Lingerie, Sleep & Lounge"", ""Lingerie"", ""Shapewear"", ""Bodysuits""]","[""95% rayon and 5% spandex"", ""Imported"", ""Pull On closure""]",25.99,0.20180163644038668,15,positive
u3_distractor_s9_final,m0_full_catalogue,4,B0B3RFJ2D5,Pink Queen Women's Summer Crew Neck Sleeveless Cutout Ruched Ribbed Bodycon Mini Short Dress,"[""Clothing, Shoes & Jewelry"", ""Women"", ""Clothing"", ""Dresses"", ""Club & Night Out""]","[""60% Rayon, 35% Polyester, 5% Spandex"", ""Imported"", ""Pull On closure""]",35.99,0.19290421916965708,15,positive
u3_distractor_s9_final,m0_full_catalogue,5,B096S7MDMG,Romwe Women's Plus Size Tie Dye Short Sleeve Drawstring Ruched Mini Bodycon Dress,"[""Clothing, Shoes & Jewelry"", ""Women"", ""Clothing"", ""Dresses"", ""Club & Night Out""]","[""95% Polyester, 5% Spandex"", ""Drawstring closure"", ""Made of polyester and spandex, stretchy and soft material""]",,0.18276010923502314,15,positive
u3_distractor_s9_final,m0_full_catalogue,1,B07ZNX3JW2,Jeanewpole1 Womens Casual Ruffle Short Sleeve V Neck T-Shirt Blouse Shirt Top,"[""Clothing, Shoes & Jewelry"", ""Westlake""]","[""Polyester,Spandex"", ""Button closure"", ""Hand Wash Only""]",,-0.17562359766551425,16,negative
u3_distractor_s9_final,m0_full_catalogue,2,B07HK2RNXB,FLORIA Womens Round Neck Pleated Front Sleeveless Stretchy Blouse Tank Top (S-3XL),"[""Clothing, Shoes & Jewelry"", ""Women"", ""Clothing"", ""Tops, Tees & Blouses"", ""Tanks & Camis""]","[""95% RAYON / 5% SPANDEX"", ""Made in USA"", ""Pull On closure""]",,-0.1736850477552316,16,negative
u3_distractor_s9_final,m0_full_catalogue,3,B00BGIPRHG,Active Basic Women's Short Sleeve Scoop Neck Tees,"[""Clothing, Shoes & Jewelry"", ""Women"", ""Clothing"", ""Tops, Tees & Blouses"", ""T-Shirts""]","[""8% spandex"", ""Do Not Bleach""]",,-0.16972900443430775,16,negative
u3_distractor_s9_final,m0_full_catalogue,4,B07ZNW364Z,Jeanewpole1 Womens Casual Ruffle Cap Sleeve Blouse Top Shirts,"[""Clothing, Shoes & Jewelry"", ""Westlake""]","[""Polyester,Spandex"", ""Drawstring closure"", ""Hand Wash Only""]",,-0.16583300069079818,16,negative
u3_distractor_s9_final,m0_full_catalogue,5,B08S6XM176,Women's Short Sleeve Casual Flexible Loose Ruffle Swing T-Shirt Dress Navy Blue S,"[""Clothing, Shoes & Jewelry"", ""Westlake""]","[""Pull On closure"", ""Machine Wash""]",,-0.16160677590049072,16,negative
u3_distractor_s9_final,m0_full_catalogue,1,B01MY6UDTX,Cold Shoulder Tops for Women Open Shoulder Tunic Tops for Leggings Made in USA,"[""Clothing, Shoes & Jewelry"", ""Women"", ""Clothing"", ""Tops, Tees & Blouses"", ""Tunics""]","[""100% Rayon"", ""Made in the USA"", ""Pull On closure""]",,0.19955952438722885,16,positive
u3_distractor_s9_final,m0_full_catalogue,2,B0C5TKHCRK,Riviera Sun Dress Dresses for Women,"[""Clothing, Shoes & Jewelry"", ""Women"", ""Clothing"", ""Dresses""]","[""100% Rayon"", ""Pull On closure"", ""Hand Wash Only""]",16.99,0.1921824038952697,16,positive
u3_distractor_s9_final,m0_full_catalogue,3,B08WJDPJJP,ladyline Plain Rayon Embroidery Sequins Kurti Tunic Knee Length Kurta for Women,"[""Clothing, Shoes & Jewelry"", ""Women"", ""Clothing"", ""Tops, Tees & Blouses"", ""Tunics""]","[""Fabric- Rayon"", ""Pull On closure"", ""Contains: 1 Pc (Only Top)""]",28.0,0.18575004879781637,16,positive
u3_distractor_s9_final,m0_full_catalogue,4,B08PB5SQPK,V Neck T Shirts Women Ladies Short Sleeve Cute Summer Tops Side Split Gray M,"[""Clothing, Shoes & Jewelry"", ""Everyday Apparel Essentials""]","[""Pull On closure"", ""Tumble dry low""]",,0.1748961844947201,16,positive
u3_distractor_s9_final,m0_full_catalogue,5,B07NVGCBHR,Women's Green Summer Cold Shoulder Tops Casual Scoop Neck Short Sleeve T-Shirt,"[""Clothing, Shoes & Jewelry"", ""Women"", ""Clothing"", ""Tops, Tees & Blouses"", ""T-Shirts""]","[""Pull On closure"", ""Hand Wash Only"", ""Cold shoulder,dolman short sleeve""]",,0.16734502357332595,16,positive
