sample_id,scenario_type,constraint_position,constraint,field,occurs_exactly_in_target_field,all_matching_fields,matching_field_count,category_only_target_rank,with_constraint_target_rank,rank_improvement,oracle_only
public_0001,buying,1,Material:alloy,title,False,"[""features""]",1,699,769,-70,True
public_0001,buying,1,Material:alloy,features,True,"[""features""]",1,1727,356,1371,True
public_0001,buying,1,Material:alloy,details,False,"[""features""]",1,not_retrieved,not_retrieved,,True
public_0001,buying,1,Material:alloy,description,False,"[""features""]",1,407,719,-312,True
public_0001,buying,1,Material:alloy,categories,False,"[""features""]",1,853,853,0,True
public_0001,buying,1,Material:alloy,store,False,"[""features""]",1,not_retrieved,not_retrieved,,True
public_0001,buying,1,Material:alloy,price,False,"[""features""]",1,not_retrieved,not_retrieved,,True
public_0001,buying,2,Triple Moon Pentagram Symbol,title,False,"[""features""]",1,699,1,698,True
public_0001,buying,2,Triple Moon Pentagram Symbol,features,True,"[""features""]",1,1727,1,1726,True
public_0001,buying,2,Triple Moon Pentagram Symbol,details,False,"[""features""]",1,not_retrieved,not_retrieved,,True
public_0001,buying,2,Triple Moon Pentagram Symbol,description,False,"[""features""]",1,407,2,405,True
public_0001,buying,2,Triple Moon Pentagram Symbol,categories,False,"[""features""]",1,853,853,0,True
public_0001,buying,2,Triple Moon Pentagram Symbol,store,False,"[""features""]",1,not_retrieved,not_retrieved,,True
public_0001,buying,2,Triple Moon Pentagram Symbol,price,False,"[""features""]",1,not_retrieved,not_retrieved,,True
public_0001,buying,3,The Triple Moon represents the Phases of the Moon which are linked to the three aspects of the Goddess and the phases of the Life of Women.The Pentagram representing the holistic r,title,False,"[""features""]",1,699,1,698,True
public_0001,buying,3,The Triple Moon represents the Phases of the Moon which are linked to the three aspects of the Goddess and the phases of the Life of Women.The Pentagram representing the holistic r,features,True,"[""features""]",1,1727,1,1726,True
public_0001,buying,3,The Triple Moon represents the Phases of the Moon which are linked to the three aspects of the Goddess and the phases of the Life of Women.The Pentagram representing the holistic r,details,False,"[""features""]",1,not_retrieved,not_retrieved,,True
public_0001,buying,3,The Triple Moon represents the Phases of the Moon which are linked to the three aspects of the Goddess and the phases of the Life of Women.The Pentagram representing the holistic r,description,False,"[""features""]",1,407,6,401,True
public_0001,buying,3,The Triple Moon represents the Phases of the Moon which are linked to the three aspects of the Goddess and the phases of the Life of Women.The Pentagram representing the holistic r,categories,False,"[""features""]",1,853,1213,-360,True
public_0001,buying,3,The Triple Moon represents the Phases of the Moon which are linked to the three aspects of the Goddess and the phases of the Life of Women.The Pentagram representing the holistic r,store,False,"[""features""]",1,not_retrieved,not_retrieved,,True
public_0001,buying,3,The Triple Moon represents the Phases of the Moon which are linked to the three aspects of the Goddess and the phases of the Life of Women.The Pentagram representing the holistic r,price,False,"[""features""]",1,not_retrieved,not_retrieved,,True
public_0001,buying,4,"♥ a special gift to your wife/mom/girlfriend/daughter/grandmother/best friend/kids on St. Valentine’s Day, Easter， Christmas day,Birthday,Anniversary ,Independence Day,Labor Day,Th",title,False,"[""features""]",1,699,4565,-3866,True
public_0001,buying,4,"♥ a special gift to your wife/mom/girlfriend/daughter/grandmother/best friend/kids on St. Valentine’s Day, Easter， Christmas day,Birthday,Anniversary ,Independence Day,Labor Day,Th",features,True,"[""features""]",1,1727,1,1726,True
public_0001,buying,4,"♥ a special gift to your wife/mom/girlfriend/daughter/grandmother/best friend/kids on St. Valentine’s Day, Easter， Christmas day,Birthday,Anniversary ,Independence Day,Labor Day,Th",details,False,"[""features""]",1,not_retrieved,not_retrieved,,True
public_0001,buying,4,"♥ a special gift to your wife/mom/girlfriend/daughter/grandmother/best friend/kids on St. Valentine’s Day, Easter， Christmas day,Birthday,Anniversary ,Independence Day,Labor Day,Th",description,False,"[""features""]",1,407,1105,-698,True
public_0001,buying,4,"♥ a special gift to your wife/mom/girlfriend/daughter/grandmother/best friend/kids on St. Valentine’s Day, Easter， Christmas day,Birthday,Anniversary ,Independence Day,Labor Day,Th",categories,False,"[""features""]",1,853,1442,-589,True
public_0001,buying,4,"♥ a special gift to your wife/mom/girlfriend/daughter/grandmother/best friend/kids on St. Valentine’s Day, Easter， Christmas day,Birthday,Anniversary ,Independence Day,Labor Day,Th",store,False,"[""features""]",1,not_retrieved,not_retrieved,,True
public_0001,buying,4,"♥ a special gift to your wife/mom/girlfriend/daughter/grandmother/best friend/kids on St. Valentine’s Day, Easter， Christmas day,Birthday,Anniversary ,Independence Day,Labor Day,Th",price,False,"[""features""]",1,not_retrieved,not_retrieved,,True
public_0002,intent_override,1,leather,title,True,"[""title"", ""features""]",2,102,41,61,True
public_0002,intent_override,1,leather,features,True,"[""title"", ""features""]",2,109,38,71,True
public_0002,intent_override,1,leather,details,False,"[""title"", ""features""]",2,not_retrieved,not_retrieved,,True
public_0002,intent_override,1,leather,description,False,"[""title"", ""features""]",2,not_retrieved,not_retrieved,,True
public_0002,intent_override,1,leather,categories,False,"[""title"", ""features""]",2,57,57,0,True
public_0002,intent_override,1,leather,store,False,"[""title"", ""features""]",2,not_retrieved,not_retrieved,,True
public_0002,intent_override,1,leather,price,False,"[""title"", ""features""]",2,not_retrieved,not_retrieved,,True
public_0002,intent_override,2,100% Leather,title,False,"[""features""]",1,102,49,53,True
public_0002,intent_override,2,100% Leather,features,True,"[""features""]",1,109,35,74,True
public_0002,intent_override,2,100% Leather,details,False,"[""features""]",1,not_retrieved,not_retrieved,,True
public_0002,intent_override,2,100% Leather,description,False,"[""features""]",1,not_retrieved,not_retrieved,,True
public_0002,intent_override,2,100% Leather,categories,False,"[""features""]",1,57,65,-8,True
public_0002,intent_override,2,100% Leather,store,False,"[""features""]",1,not_retrieved,not_retrieved,,True
public_0002,intent_override,2,100% Leather,price,False,"[""features""]",1,not_retrieved,not_retrieved,,True
public_0002,intent_override,3,Imported,title,False,"[""features""]",1,102,105,-3,True
public_0002,intent_override,3,Imported,features,True,"[""features""]",1,109,92,17,True
public_0002,intent_override,3,Imported,details,False,"[""features""]",1,not_retrieved,not_retrieved,,True
public_0002,intent_override,3,Imported,description,False,"[""features""]",1,not_retrieved,not_retrieved,,True
public_0002,intent_override,3,Imported,categories,False,"[""features""]",1,57,57,0,True
public_0002,intent_override,3,Imported,store,False,"[""features""]",1,not_retrieved,not_retrieved,,True
public_0002,intent_override,3,Imported,price,False,"[""features""]",1,not_retrieved,not_retrieved,,True
public_0002,intent_override,4,Buckle closure,title,False,"[""features""]",1,102,219,-117,True
public_0002,intent_override,4,Buckle closure,features,True,"[""features""]",1,109,49,60,True
public_0002,intent_override,4,Buckle closure,details,False,"[""features""]",1,not_retrieved,not_retrieved,,True
public_0002,intent_override,4,Buckle closure,description,False,"[""features""]",1,not_retrieved,not_retrieved,,True
public_0002,intent_override,4,Buckle closure,categories,False,"[""features""]",1,57,57,0,True
public_0002,intent_override,4,Buckle closure,store,False,"[""features""]",1,not_retrieved,not_retrieved,,True
public_0002,intent_override,4,Buckle closure,price,False,"[""features""]",1,not_retrieved,not_retrieved,,True
public_0003,intent_override,1,Water Resistant,title,False,"[""features""]",1,55,162,-107,True
public_0003,intent_override,1,Water Resistant,features,True,"[""features""]",1,not_retrieved,126,,True
public_0003,intent_override,1,Water Resistant,details,False,"[""features""]",1,not_retrieved,not_retrieved,,True
public_0003,intent_override,1,Water Resistant,description,False,"[""features""]",1,not_retrieved,2007,,True
public_0003,intent_override,1,Water Resistant,categories,False,"[""features""]",1,1007,1007,0,True
public_0003,intent_override,1,Water Resistant,store,False,"[""features""]",1,not_retrieved,not_retrieved,,True
public_0003,intent_override,1,Water Resistant,price,False,"[""features""]",1,not_retrieved,not_retrieved,,True
public_0003,intent_override,2,3 Year Battery,title,False,"[""features""]",1,55,74,-19,True
public_0003,intent_override,2,3 Year Battery,features,True,"[""features""]",1,not_retrieved,7,,True
public_0003,intent_override,2,3 Year Battery,details,False,"[""features""]",1,not_retrieved,not_retrieved,,True
public_0003,intent_override,2,3 Year Battery,description,False,"[""features""]",1,not_retrieved,not_retrieved,,True
public_0003,intent_override,2,3 Year Battery,categories,False,"[""features""]",1,1007,1007,0,True
public_0003,intent_override,2,3 Year Battery,store,False,"[""features""]",1,not_retrieved,not_retrieved,,True
public_0003,intent_override,2,3 Year Battery,price,False,"[""features""]",1,not_retrieved,not_retrieved,,True
public_0003,intent_override,3,Day / Date Indicator,title,False,"[""features""]",1,55,87,-32,True
public_0003,intent_override,3,Day / Date Indicator,features,True,"[""features""]",1,not_retrieved,1,,True
public_0003,intent_override,3,Day / Date Indicator,details,False,"[""features""]",1,not_retrieved,45346,,True
public_0003,intent_override,3,Day / Date Indicator,description,False,"[""features""]",1,not_retrieved,not_retrieved,,True
public_0003,intent_override,3,Day / Date Indicator,categories,False,"[""features""]",1,1007,1008,-1,True
public_0003,intent_override,3,Day / Date Indicator,store,False,"[""features""]",1,not_retrieved,not_retrieved,,True
public_0003,intent_override,3,Day / Date Indicator,price,False,"[""features""]",1,not_retrieved,not_retrieved,,True
public_0003,intent_override,4,Stainless Steel Band,title,False,"[""features""]",1,55,578,-523,True
public_0003,intent_override,4,Stainless Steel Band,features,True,"[""features""]",1,not_retrieved,32,,True
public_0003,intent_override,4,Stainless Steel Band,details,False,"[""features""]",1,not_retrieved,not_retrieved,,True
public_0003,intent_override,4,Stainless Steel Band,description,False,"[""features""]",1,not_retrieved,1661,,True
public_0003,intent_override,4,Stainless Steel Band,categories,False,"[""features""]",1,1007,1007,0,True
public_0003,intent_override,4,Stainless Steel Band,store,False,"[""features""]",1,not_retrieved,not_retrieved,,True
public_0003,intent_override,4,Stainless Steel Band,price,False,"[""features""]",1,not_retrieved,not_retrieved,,True
public_0004,intent_override,1,polyester,title,False,"[""features""]",1,not_retrieved,not_retrieved,,True
public_0004,intent_override,1,polyester,features,True,"[""features""]",1,not_retrieved,4156,,True
public_0004,intent_override,1,polyester,details,False,"[""features""]",1,not_retrieved,not_retrieved,,True
public_0004,intent_override,1,polyester,description,False,"[""features""]",1,762,1705,-943,True
public_0004,intent_override,1,polyester,categories,False,"[""features""]",1,459,459,0,True
public_0004,intent_override,1,polyester,store,False,"[""features""]",1,not_retrieved,not_retrieved,,True
public_0004,intent_override,1,polyester,price,False,"[""features""]",1,not_retrieved,not_retrieved,,True
public_0004,intent_override,2,"Polyester,Cotton,Spandex",title,False,"[""features""]",1,not_retrieved,not_retrieved,,True
public_0004,intent_override,2,"Polyester,Cotton,Spandex",features,True,"[""features""]",1,not_retrieved,266,,True
public_0004,intent_override,2,"Polyester,Cotton,Spandex",details,False,"[""features""]",1,not_retrieved,not_retrieved,,True
public_0004,intent_override,2,"Polyester,Cotton,Spandex",description,False,"[""features""]",1,762,950,-188,True
public_0004,intent_override,2,"Polyester,Cotton,Spandex",categories,False,"[""features""]",1,459,459,0,True
public_0004,intent_override,2,"Polyester,Cotton,Spandex",store,False,"[""features""]",1,not_retrieved,not_retrieved,,True
public_0004,intent_override,2,"Polyester,Cotton,Spandex",price,False,"[""features""]",1,not_retrieved,not_retrieved,,True
public_0004,intent_override,3,"Quality soft cottonblend camisole, 95% cotton, 5% spandex, Neon Colors 57% cotton 38% polyester 5% spandex",title,False,"[""features""]",1,not_retrieved,649,,True
public_0004,intent_override,3,"Quality soft cottonblend camisole, 95% cotton, 5% spandex, Neon Colors 57% cotton 38% polyester 5% spandex",features,True,"[""features""]",1,not_retrieved,1,,True
public_0004,intent_override,3,"Quality soft cottonblend camisole, 95% cotton, 5% spandex, Neon Colors 57% cotton 38% polyester 5% spandex",details,False,"[""features""]",1,not_retrieved,not_retrieved,,True
public_0004,intent_override,3,"Quality soft cottonblend camisole, 95% cotton, 5% spandex, Neon Colors 57% cotton 38% polyester 5% spandex",description,False,"[""features""]",1,762,61,701,True
public_0004,intent_override,3,"Quality soft cottonblend camisole, 95% cotton, 5% spandex, Neon Colors 57% cotton 38% polyester 5% spandex",categories,False,"[""features""]",1,459,459,0,True
public_0004,intent_override,3,"Quality soft cottonblend camisole, 95% cotton, 5% spandex, Neon Colors 57% cotton 38% polyester 5% spandex",store,False,"[""features""]",1,not_retrieved,not_retrieved,,True
public_0004,intent_override,3,"Quality soft cottonblend camisole, 95% cotton, 5% spandex, Neon Colors 57% cotton 38% polyester 5% spandex",price,False,"[""features""]",1,not_retrieved,not_retrieved,,True
public_0004,intent_override,4,Long torso camisole for extra coverage with spagetti adjustable strap for perfect fit,title,False,"[""features""]",1,not_retrieved,8,,True
public_0004,intent_override,4,Long torso camisole for extra coverage with spagetti adjustable strap for perfect fit,features,True,"[""features""]",1,not_retrieved,1,,True
public_0004,intent_override,4,Long torso camisole for extra coverage with spagetti adjustable strap for perfect fit,details,False,"[""features""]",1,not_retrieved,not_retrieved,,True
public_0004,intent_override,4,Long torso camisole for extra coverage with spagetti adjustable strap for perfect fit,description,False,"[""features""]",1,762,35,727,True
public_0004,intent_override,4,Long torso camisole for extra coverage with spagetti adjustable strap for perfect fit,categories,False,"[""features""]",1,459,461,-2,True
public_0004,intent_override,4,Long torso camisole for extra coverage with spagetti adjustable strap for perfect fit,store,False,"[""features""]",1,not_retrieved,not_retrieved,,True
public_0004,intent_override,4,Long torso camisole for extra coverage with spagetti adjustable strap for perfect fit,price,False,"[""features""]",1,not_retrieved,not_retrieved,,True
public_0005,buying,1,leather,title,False,"[""features""]",1,359,440,-81,True
public_0005,buying,1,leather,features,True,"[""features""]",1,19,11,8,True
public_0005,buying,1,leather,details,False,"[""features""]",1,not_retrieved,not_retrieved,,True
public_0005,buying,1,leather,description,False,"[""features""]",1,not_retrieved,not_retrieved,,True
public_0005,buying,1,leather,categories,False,"[""features""]",1,141,141,0,True
public_0005,buying,1,leather,store,False,"[""features""]",1,not_retrieved,not_retrieved,,True
public_0005,buying,1,leather,price,False,"[""features""]",1,not_retrieved,not_retrieved,,True
public_0005,buying,2,Rubber sole,title,False,"[""features""]",1,359,562,-203,True
public_0005,buying,2,Rubber sole,features,True,"[""features""]",1,19,7,12,True
public_0005,buying,2,Rubber sole,details,False,"[""features""]",1,not_retrieved,not_retrieved,,True
public_0005,buying,2,Rubber sole,description,False,"[""features""]",1,not_retrieved,not_retrieved,,True
public_0005,buying,2,Rubber sole,categories,False,"[""features""]",1,141,141,0,True
public_0005,buying,2,Rubber sole,store,False,"[""features""]",1,not_retrieved,not_retrieved,,True
public_0005,buying,2,Rubber sole,price,False,"[""features""]",1,not_retrieved,not_retrieved,,True
public_0005,buying,3,"Shaft measures approximately 8.37"" from arch",title,False,"[""features""]",1,359,534,-175,True
public_0005,buying,3,"Shaft measures approximately 8.37"" from arch",features,True,"[""features""]",1,19,12,7,True
public_0005,buying,3,"Shaft measures approximately 8.37"" from arch",details,False,"[""features""]",1,not_retrieved,not_retrieved,,True
public_0005,buying,3,"Shaft measures approximately 8.37"" from arch",description,False,"[""features""]",1,not_retrieved,not_retrieved,,True
public_0005,buying,3,"Shaft measures approximately 8.37"" from arch",categories,False,"[""features""]",1,141,141,0,True
public_0005,buying,3,"Shaft measures approximately 8.37"" from arch",store,False,"[""features""]",1,not_retrieved,not_retrieved,,True
public_0005,buying,3,"Shaft measures approximately 8.37"" from arch",price,False,"[""features""]",1,not_retrieved,not_retrieved,,True
public_0005,buying,4,Warm And Comfortable Women’s Winter Boots: These Women Winter Boots Featuring Thermolite Insulation Rated To -15F. Fully Lined With Soft Faux Fur To Keep The Feet Warm All Day Long,title,False,"[""features""]",1,359,195,164,True
public_0005,buying,4,Warm And Comfortable Women’s Winter Boots: These Women Winter Boots Featuring Thermolite Insulation Rated To -15F. Fully Lined With Soft Faux Fur To Keep The Feet Warm All Day Long,features,True,"[""features""]",1,19,1,18,True
public_0005,buying,4,Warm And Comfortable Women’s Winter Boots: These Women Winter Boots Featuring Thermolite Insulation Rated To -15F. Fully Lined With Soft Faux Fur To Keep The Feet Warm All Day Long,details,False,"[""features""]",1,not_retrieved,not_retrieved,,True
public_0005,buying,4,Warm And Comfortable Women’s Winter Boots: These Women Winter Boots Featuring Thermolite Insulation Rated To -15F. Fully Lined With Soft Faux Fur To Keep The Feet Warm All Day Long,description,False,"[""features""]",1,not_retrieved,not_retrieved,,True
public_0005,buying,4,Warm And Comfortable Women’s Winter Boots: These Women Winter Boots Featuring Thermolite Insulation Rated To -15F. Fully Lined With Soft Faux Fur To Keep The Feet Warm All Day Long,categories,False,"[""features""]",1,141,87,54,True
public_0005,buying,4,Warm And Comfortable Women’s Winter Boots: These Women Winter Boots Featuring Thermolite Insulation Rated To -15F. Fully Lined With Soft Faux Fur To Keep The Feet Warm All Day Long,store,False,"[""features""]",1,not_retrieved,not_retrieved,,True
public_0005,buying,4,Warm And Comfortable Women’s Winter Boots: These Women Winter Boots Featuring Thermolite Insulation Rated To -15F. Fully Lined With Soft Faux Fur To Keep The Feet Warm All Day Long,price,False,"[""features""]",1,not_retrieved,not_retrieved,,True
public_0006,browsing,1,polyester,title,False,"[""features""]",1,14,18,-4,True
public_0006,browsing,1,polyester,features,True,"[""features""]",1,not_retrieved,6223,,True
public_0006,browsing,1,polyester,details,False,"[""features""]",1,not_retrieved,not_retrieved,,True
public_0006,browsing,1,polyester,description,False,"[""features""]",1,1213,1935,-722,True
public_0006,browsing,1,polyester,categories,False,"[""features""]",1,9,9,0,True
public_0006,browsing,1,polyester,store,False,"[""features""]",1,not_retrieved,not_retrieved,,True
public_0006,browsing,1,polyester,price,False,"[""features""]",1,not_retrieved,not_retrieved,,True
public_0006,browsing,2,100% Polyester,title,False,"[""features""]",1,14,23,-9,True
public_0006,browsing,2,100% Polyester,features,True,"[""features""]",1,not_retrieved,3183,,True
public_0006,browsing,2,100% Polyester,details,False,"[""features""]",1,not_retrieved,not_retrieved,,True
public_0006,browsing,2,100% Polyester,description,False,"[""features""]",1,1213,2734,-1521,True
public_0006,browsing,2,100% Polyester,categories,False,"[""features""]",1,9,17,-8,True
public_0006,browsing,2,100% Polyester,store,False,"[""features""]",1,not_retrieved,not_retrieved,,True
public_0006,browsing,2,100% Polyester,price,False,"[""features""]",1,not_retrieved,not_retrieved,,True
public_0006,browsing,3,Drawstring closure,title,False,"[""features""]",1,14,16,-2,True
public_0006,browsing,3,Drawstring closure,features,True,"[""features""]",1,not_retrieved,499,,True
public_0006,browsing,3,Drawstring closure,details,False,"[""features""]",1,not_retrieved,not_retrieved,,True
public_0006,browsing,3,Drawstring closure,description,False,"[""features""]",1,1213,2103,-890,True
public_0006,browsing,3,Drawstring closure,categories,False,"[""features""]",1,9,9,0,True
public_0006,browsing,3,Drawstring closure,store,False,"[""features""]",1,not_retrieved,not_retrieved,,True
public_0006,browsing,3,Drawstring closure,price,False,"[""features""]",1,not_retrieved,not_retrieved,,True
public_0006,browsing,4,High quality mesh for maximum breathability to keep you cool,title,False,"[""features""]",1,14,2,12,True
public_0006,browsing,4,High quality mesh for maximum breathability to keep you cool,features,True,"[""features""]",1,not_retrieved,1,,True
public_0006,browsing,4,High quality mesh for maximum breathability to keep you cool,details,False,"[""features""]",1,not_retrieved,not_retrieved,,True
public_0006,browsing,4,High quality mesh for maximum breathability to keep you cool,description,False,"[""features""]",1,1213,5134,-3921,True
public_0006,browsing,4,High quality mesh for maximum breathability to keep you cool,categories,False,"[""features""]",1,9,29,-20,True
public_0006,browsing,4,High quality mesh for maximum breathability to keep you cool,store,False,"[""features""]",1,not_retrieved,not_retrieved,,True
public_0006,browsing,4,High quality mesh for maximum breathability to keep you cool,price,False,"[""features""]",1,not_retrieved,not_retrieved,,True
public_0007,browsing,1,polyester,title,False,"[""features""]",1,29,34,-5,True
public_0007,browsing,1,polyester,features,True,"[""features""]",1,not_retrieved,7678,,True
public_0007,browsing,1,polyester,details,False,"[""features""]",1,not_retrieved,not_retrieved,,True
public_0007,browsing,1,polyester,description,False,"[""features""]",1,not_retrieved,not_retrieved,,True
public_0007,browsing,1,polyester,categories,False,"[""features""]",1,398,398,0,True
public_0007,browsing,1,polyester,store,False,"[""features""]",1,not_retrieved,not_retrieved,,True
public_0007,browsing,1,polyester,price,False,"[""features""]",1,not_retrieved,not_retrieved,,True
public_0007,browsing,2,"75% Polyester, 20% Rayon, 5% Spandex",title,False,"[""features""]",1,29,44,-15,True
public_0007,browsing,2,"75% Polyester, 20% Rayon, 5% Spandex",features,True,"[""features""]",1,not_retrieved,91,,True
public_0007,browsing,2,"75% Polyester, 20% Rayon, 5% Spandex",details,False,"[""features""]",1,not_retrieved,not_retrieved,,True
public_0007,browsing,2,"75% Polyester, 20% Rayon, 5% Spandex",description,False,"[""features""]",1,not_retrieved,not_retrieved,,True
public_0007,browsing,2,"75% Polyester, 20% Rayon, 5% Spandex",categories,False,"[""features""]",1,398,401,-3,True
public_0007,browsing,2,"75% Polyester, 20% Rayon, 5% Spandex",store,False,"[""features""]",1,not_retrieved,not_retrieved,,True
public_0007,browsing,2,"75% Polyester, 20% Rayon, 5% Spandex",price,False,"[""features""]",1,not_retrieved,not_retrieved,,True
public_0007,browsing,3,Imported,title,False,"[""features""]",1,29,31,-2,True
public_0007,browsing,3,Imported,features,True,"[""features""]",1,not_retrieved,14446,,True
public_0007,browsing,3,Imported,details,False,"[""features""]",1,not_retrieved,not_retrieved,,True
public_0007,browsing,3,Imported,description,False,"[""features""]",1,not_retrieved,not_retrieved,,True
public_0007,browsing,3,Imported,categories,False,"[""features""]",1,398,398,0,True
public_0007,browsing,3,Imported,store,False,"[""features""]",1,not_retrieved,not_retrieved,,True
public_0007,browsing,3,Imported,price,False,"[""features""]",1,not_retrieved,not_retrieved,,True
public_0007,browsing,4,Pull On closure,title,False,"[""features""]",1,29,111,-82,True
public_0007,browsing,4,Pull On closure,features,True,"[""features""]",1,not_retrieved,8313,,True
public_0007,browsing,4,Pull On closure,details,False,"[""features""]",1,not_retrieved,not_retrieved,,True
public_0007,browsing,4,Pull On closure,description,False,"[""features""]",1,not_retrieved,not_retrieved,,True
public_0007,browsing,4,Pull On closure,categories,False,"[""features""]",1,398,398,0,True
public_0007,browsing,4,Pull On closure,store,False,"[""features""]",1,not_retrieved,not_retrieved,,True
public_0007,browsing,4,Pull On closure,price,False,"[""features""]",1,not_retrieved,not_retrieved,,True
public_0008,buying,1,nylon,title,False,"[""features""]",1,not_retrieved,not_retrieved,,True
public_0008,buying,1,nylon,features,True,"[""features""]",1,1031,145,886,True
public_0008,buying,1,nylon,details,False,"[""features""]",1,3,3,0,True
public_0008,buying,1,nylon,description,False,"[""features""]",1,not_retrieved,not_retrieved,,True
public_0008,buying,1,nylon,categories,False,"[""features""]",1,227,227,0,True
public_0008,buying,1,nylon,store,False,"[""features""]",1,not_retrieved,not_retrieved,,True
public_0008,buying,1,nylon,price,False,"[""features""]",1,not_retrieved,not_retrieved,,True
public_0008,buying,2,"96% Nylon, 4% Spandex",title,False,"[""features""]",1,not_retrieved,not_retrieved,,True
public_0008,buying,2,"96% Nylon, 4% Spandex",features,True,"[""features""]",1,1031,33,998,True
public_0008,buying,2,"96% Nylon, 4% Spandex",details,False,"[""features""]",1,3,9,-6,True
public_0008,buying,2,"96% Nylon, 4% Spandex",description,False,"[""features""]",1,not_retrieved,not_retrieved,,True
public_0008,buying,2,"96% Nylon, 4% Spandex",categories,False,"[""features""]",1,227,227,0,True
public_0008,buying,2,"96% Nylon, 4% Spandex",store,False,"[""features""]",1,not_retrieved,not_retrieved,,True
public_0008,buying,2,"96% Nylon, 4% Spandex",price,False,"[""features""]",1,not_retrieved,not_retrieved,,True
public_0008,buying,3,Pull-On closure,title,False,"[""features""]",1,not_retrieved,not_retrieved,,True
public_0008,buying,3,Pull-On closure,features,True,"[""features""]",1,1031,3168,-2137,True
public_0008,buying,3,Pull-On closure,details,False,"[""features""]",1,3,138,-135,True
public_0008,buying,3,Pull-On closure,description,False,"[""features""]",1,not_retrieved,not_retrieved,,True
public_0008,buying,3,Pull-On closure,categories,False,"[""features""]",1,227,227,0,True
public_0008,buying,3,Pull-On closure,store,False,"[""features""]",1,not_retrieved,not_retrieved,,True
public_0008,buying,3,Pull-On closure,price,False,"[""features""]",1,not_retrieved,not_retrieved,,True
public_0008,buying,4,Hand Wash Only,title,False,"[""features""]",1,not_retrieved,not_retrieved,,True
public_0008,buying,4,Hand Wash Only,features,True,"[""features""]",1,1031,2613,-1582,True
public_0008,buying,4,Hand Wash Only,details,False,"[""features""]",1,3,59,-56,True
public_0008,buying,4,Hand Wash Only,description,False,"[""features""]",1,not_retrieved,not_retrieved,,True
public_0008,buying,4,Hand Wash Only,categories,False,"[""features""]",1,227,227,0,True
public_0008,buying,4,Hand Wash Only,store,False,"[""features""]",1,not_retrieved,not_retrieved,,True
public_0008,buying,4,Hand Wash Only,price,False,"[""features""]",1,not_retrieved,not_retrieved,,True
public_0009,buying,1,leather,title,True,"[""title"", ""features""]",2,159,87,72,True
public_0009,buying,1,leather,features,True,"[""title"", ""features""]",2,not_retrieved,5838,,True
public_0009,buying,1,leather,details,False,"[""title"", ""features""]",2,not_retrieved,not_retrieved,,True
public_0009,buying,1,leather,description,False,"[""title"", ""features""]",2,not_retrieved,not_retrieved,,True
public_0009,buying,1,leather,categories,False,"[""title"", ""features""]",2,78,78,0,True
public_0009,buying,1,leather,store,False,"[""title"", ""features""]",2,not_retrieved,not_retrieved,,True
public_0009,buying,1,leather,price,False,"[""title"", ""features""]",2,not_retrieved,not_retrieved,,True
public_0009,buying,2,Soft Washed PU Leather with Convenient side Pockets,title,False,"[""features""]",1,159,13,146,True
public_0009,buying,2,Soft Washed PU Leather with Convenient side Pockets,features,True,"[""features""]",1,not_retrieved,4,,True
public_0009,buying,2,Soft Washed PU Leather with Convenient side Pockets,details,False,"[""features""]",1,not_retrieved,not_retrieved,,True
public_0009,buying,2,Soft Washed PU Leather with Convenient side Pockets,description,False,"[""features""]",1,not_retrieved,not_retrieved,,True
public_0009,buying,2,Soft Washed PU Leather with Convenient side Pockets,categories,False,"[""features""]",1,78,78,0,True
public_0009,buying,2,Soft Washed PU Leather with Convenient side Pockets,store,False,"[""features""]",1,not_retrieved,not_retrieved,,True
public_0009,buying,2,Soft Washed PU Leather with Convenient side Pockets,price,False,"[""features""]",1,not_retrieved,not_retrieved,,True
public_0009,buying,3,Imported,title,False,"[""features""]",1,159,162,-3,True
public_0009,buying,3,Imported,features,True,"[""features""]",1,not_retrieved,14600,,True
public_0009,buying,3,Imported,details,False,"[""features""]",1,not_retrieved,not_retrieved,,True
public_0009,buying,3,Imported,description,False,"[""features""]",1,not_retrieved,not_retrieved,,True
public_0009,buying,3,Imported,categories,False,"[""features""]",1,78,78,0,True
public_0009,buying,3,Imported,store,False,"[""features""]",1,not_retrieved,not_retrieved,,True
public_0009,buying,3,Imported,price,False,"[""features""]",1,not_retrieved,not_retrieved,,True
public_0009,buying,4,Adjustable and Removable Shoulder Strap,title,False,"[""features""]",1,159,141,18,True
public_0009,buying,4,Adjustable and Removable Shoulder Strap,features,True,"[""features""]",1,not_retrieved,88,,True
public_0009,buying,4,Adjustable and Removable Shoulder Strap,details,False,"[""features""]",1,not_retrieved,not_retrieved,,True
public_0009,buying,4,Adjustable and Removable Shoulder Strap,description,False,"[""features""]",1,not_retrieved,not_retrieved,,True
public_0009,buying,4,Adjustable and Removable Shoulder Strap,categories,False,"[""features""]",1,78,82,-4,True
public_0009,buying,4,Adjustable and Removable Shoulder Strap,store,False,"[""features""]",1,not_retrieved,not_retrieved,,True
public_0009,buying,4,Adjustable and Removable Shoulder Strap,price,False,"[""features""]",1,not_retrieved,not_retrieved,,True
public_0010,buying,1,fabric,title,False,"[""features""]",1,8647,8744,-97,True
public_0010,buying,1,fabric,features,True,"[""features""]",1,6,4,2,True
public_0010,buying,1,fabric,details,False,"[""features""]",1,not_retrieved,not_retrieved,,True
public_0010,buying,1,fabric,description,False,"[""features""]",1,not_retrieved,not_retrieved,,True
public_0010,buying,1,fabric,categories,False,"[""features""]",1,18,18,0,True
public_0010,buying,1,fabric,store,False,"[""features""]",1,not_retrieved,not_retrieved,,True
public_0010,buying,1,fabric,price,False,"[""features""]",1,not_retrieved,not_retrieved,,True
public_0010,buying,2,"Stretchy fabric: 95% modal, 5% spandex",title,False,"[""features""]",1,8647,9006,-359,True
public_0010,buying,2,"Stretchy fabric: 95% modal, 5% spandex",features,True,"[""features""]",1,6,1,5,True
public_0010,buying,2,"Stretchy fabric: 95% modal, 5% spandex",details,False,"[""features""]",1,not_retrieved,not_retrieved,,True
public_0010,buying,2,"Stretchy fabric: 95% modal, 5% spandex",description,False,"[""features""]",1,not_retrieved,not_retrieved,,True
public_0010,buying,2,"Stretchy fabric: 95% modal, 5% spandex",categories,False,"[""features""]",1,18,18,0,True
public_0010,buying,2,"Stretchy fabric: 95% modal, 5% spandex",store,False,"[""features""]",1,not_retrieved,not_retrieved,,True
public_0010,buying,2,"Stretchy fabric: 95% modal, 5% spandex",price,False,"[""features""]",1,not_retrieved,not_retrieved,,True
public_0010,buying,3,Imported,title,False,"[""features""]",1,8647,8650,-3,True
public_0010,buying,3,Imported,features,True,"[""features""]",1,6,6,0,True
public_0010,buying,3,Imported,details,False,"[""features""]",1,not_retrieved,not_retrieved,,True
public_0010,buying,3,Imported,description,False,"[""features""]",1,not_retrieved,not_retrieved,,True
public_0010,buying,3,Imported,categories,False,"[""features""]",1,18,18,0,True
public_0010,buying,3,Imported,store,False,"[""features""]",1,not_retrieved,not_retrieved,,True
public_0010,buying,3,Imported,price,False,"[""features""]",1,not_retrieved,not_retrieved,,True
public_0010,buying,4,Snap closure,title,False,"[""features""]",1,8647,8809,-162,True
public_0010,buying,4,Snap closure,features,True,"[""features""]",1,6,3,3,True
public_0010,buying,4,Snap closure,details,False,"[""features""]",1,not_retrieved,not_retrieved,,True
public_0010,buying,4,Snap closure,description,False,"[""features""]",1,not_retrieved,not_retrieved,,True
public_0010,buying,4,Snap closure,categories,False,"[""features""]",1,18,18,0,True
public_0010,buying,4,Snap closure,store,False,"[""features""]",1,not_retrieved,not_retrieved,,True
public_0010,buying,4,Snap closure,price,False,"[""features""]",1,not_retrieved,not_retrieved,,True
public_0011,browsing,1,cotton,title,True,"[""title"", ""features"", ""description""]",3,not_retrieved,687,,True
public_0011,browsing,1,cotton,features,True,"[""title"", ""features"", ""description""]",3,14,12,2,True
public_0011,browsing,1,cotton,details,False,"[""title"", ""features"", ""description""]",3,1,2,-1,True
public_0011,browsing,1,cotton,description,True,"[""title"", ""features"", ""description""]",3,107,30,77,True
public_0011,browsing,1,cotton,categories,False,"[""title"", ""features"", ""description""]",3,45,45,0,True
public_0011,browsing,1,cotton,store,False,"[""title"", ""features"", ""description""]",3,not_retrieved,not_retrieved,,True
public_0011,browsing,1,cotton,price,False,"[""title"", ""features"", ""description""]",3,not_retrieved,not_retrieved,,True
public_0011,browsing,2,100% Cotton,title,False,"[""features""]",1,not_retrieved,951,,True
public_0011,browsing,2,100% Cotton,features,True,"[""features""]",1,14,10,4,True
public_0011,browsing,2,100% Cotton,details,False,"[""features""]",1,1,37,-36,True
public_0011,browsing,2,100% Cotton,description,False,"[""features""]",1,107,64,43,True
public_0011,browsing,2,100% Cotton,categories,False,"[""features""]",1,45,45,0,True
public_0011,browsing,2,100% Cotton,store,False,"[""features""]",1,not_retrieved,not_retrieved,,True
public_0011,browsing,2,100% Cotton,price,False,"[""features""]",1,not_retrieved,not_retrieved,,True
public_0011,browsing,3,Imported,title,False,"[""features""]",1,not_retrieved,not_retrieved,,True
public_0011,browsing,3,Imported,features,True,"[""features""]",1,14,11,3,True
public_0011,browsing,3,Imported,details,False,"[""features""]",1,1,1,0,True
public_0011,browsing,3,Imported,description,False,"[""features""]",1,107,226,-119,True
public_0011,browsing,3,Imported,categories,False,"[""features""]",1,45,45,0,True
public_0011,browsing,3,Imported,store,False,"[""features""]",1,not_retrieved,not_retrieved,,True
public_0011,browsing,3,Imported,price,False,"[""features""]",1,not_retrieved,not_retrieved,,True
public_0011,browsing,4,undershirts closure,title,False,"[""features""]",1,not_retrieved,not_retrieved,,True
public_0011,browsing,4,undershirts closure,features,True,"[""features""]",1,14,12,2,True
public_0011,browsing,4,undershirts closure,details,False,"[""features""]",1,1,1,0,True
public_0011,browsing,4,undershirts closure,description,False,"[""features""]",1,107,270,-163,True
public_0011,browsing,4,undershirts closure,categories,False,"[""features""]",1,45,45,0,True
public_0011,browsing,4,undershirts closure,store,False,"[""features""]",1,not_retrieved,not_retrieved,,True
public_0011,browsing,4,undershirts closure,price,False,"[""features""]",1,not_retrieved,not_retrieved,,True
public_0012,browsing,1,polyester,title,False,"[""features""]",1,not_retrieved,not_retrieved,,True
public_0012,browsing,1,polyester,features,True,"[""features""]",1,not_retrieved,12547,,True
public_0012,browsing,1,polyester,details,False,"[""features""]",1,not_retrieved,not_retrieved,,True
public_0012,browsing,1,polyester,description,False,"[""features""]",1,not_retrieved,not_retrieved,,True
public_0012,browsing,1,polyester,categories,False,"[""features""]",1,361,361,0,True
public_0012,browsing,1,polyester,store,False,"[""features""]",1,not_retrieved,not_retrieved,,True
public_0012,browsing,1,polyester,price,False,"[""features""]",1,not_retrieved,not_retrieved,,True
public_0012,browsing,2,"95% Polyester, 5% Spandex",title,False,"[""features""]",1,not_retrieved,not_retrieved,,True
public_0012,browsing,2,"95% Polyester, 5% Spandex",features,True,"[""features""]",1,not_retrieved,1801,,True
public_0012,browsing,2,"95% Polyester, 5% Spandex",details,False,"[""features""]",1,not_retrieved,not_retrieved,,True
public_0012,browsing,2,"95% Polyester, 5% Spandex",description,False,"[""features""]",1,not_retrieved,not_retrieved,,True
public_0012,browsing,2,"95% Polyester, 5% Spandex",categories,False,"[""features""]",1,361,361,0,True
public_0012,browsing,2,"95% Polyester, 5% Spandex",store,False,"[""features""]",1,not_retrieved,not_retrieved,,True
public_0012,browsing,2,"95% Polyester, 5% Spandex",price,False,"[""features""]",1,not_retrieved,not_retrieved,,True
public_0012,browsing,3,Imported,title,False,"[""features""]",1,not_retrieved,not_retrieved,,True
public_0012,browsing,3,Imported,features,True,"[""features""]",1,not_retrieved,17782,,True
public_0012,browsing,3,Imported,details,False,"[""features""]",1,not_retrieved,not_retrieved,,True
public_0012,browsing,3,Imported,description,False,"[""features""]",1,not_retrieved,not_retrieved,,True
public_0012,browsing,3,Imported,categories,False,"[""features""]",1,361,361,0,True
public_0012,browsing,3,Imported,store,False,"[""features""]",1,not_retrieved,not_retrieved,,True
public_0012,browsing,3,Imported,price,False,"[""features""]",1,not_retrieved,not_retrieved,,True
public_0012,browsing,4,Wrap closure,title,False,"[""features""]",1,not_retrieved,683,,True
public_0012,browsing,4,Wrap closure,features,True,"[""features""]",1,not_retrieved,291,,True
public_0012,browsing,4,Wrap closure,details,False,"[""features""]",1,not_retrieved,not_retrieved,,True
public_0012,browsing,4,Wrap closure,description,False,"[""features""]",1,not_retrieved,not_retrieved,,True
public_0012,browsing,4,Wrap closure,categories,False,"[""features""]",1,361,399,-38,True
public_0012,browsing,4,Wrap closure,store,False,"[""features""]",1,not_retrieved,not_retrieved,,True
public_0012,browsing,4,Wrap closure,price,False,"[""features""]",1,not_retrieved,not_retrieved,,True
public_0013,intent_override,1,Rubber sole,title,False,"[""features""]",1,not_retrieved,not_retrieved,,True
public_0013,intent_override,1,Rubber sole,features,True,"[""features""]",1,115,46,69,True
public_0013,intent_override,1,Rubber sole,details,False,"[""features""]",1,not_retrieved,not_retrieved,,True
public_0013,intent_override,1,Rubber sole,description,False,"[""features""]",1,not_retrieved,not_retrieved,,True
public_0013,intent_override,1,Rubber sole,categories,False,"[""features""]",1,521,521,0,True
public_0013,intent_override,1,Rubber sole,store,False,"[""features""]",1,not_retrieved,not_retrieved,,True
public_0013,intent_override,1,Rubber sole,price,False,"[""features""]",1,not_retrieved,not_retrieved,,True
public_0013,intent_override,2,Textile Upper. Textile Covered EVA Footbed. Rubber Outsole,title,False,"[""features""]",1,not_retrieved,not_retrieved,,True
public_0013,intent_override,2,Textile Upper. Textile Covered EVA Footbed. Rubber Outsole,features,True,"[""features""]",1,115,1,114,True
public_0013,intent_override,2,Textile Upper. Textile Covered EVA Footbed. Rubber Outsole,details,False,"[""features""]",1,not_retrieved,not_retrieved,,True
public_0013,intent_override,2,Textile Upper. Textile Covered EVA Footbed. Rubber Outsole,description,False,"[""features""]",1,not_retrieved,not_retrieved,,True
public_0013,intent_override,2,Textile Upper. Textile Covered EVA Footbed. Rubber Outsole,categories,False,"[""features""]",1,521,521,0,True
public_0013,intent_override,2,Textile Upper. Textile Covered EVA Footbed. Rubber Outsole,store,False,"[""features""]",1,not_retrieved,not_retrieved,,True
public_0013,intent_override,2,Textile Upper. Textile Covered EVA Footbed. Rubber Outsole,price,False,"[""features""]",1,not_retrieved,not_retrieved,,True
public_0013,intent_override,3,Received APMA (American Podiatric Medical Association) Seal of Acceptance,title,False,"[""features""]",1,not_retrieved,not_retrieved,,True
public_0013,intent_override,3,Received APMA (American Podiatric Medical Association) Seal of Acceptance,features,True,"[""features""]",1,115,2,113,True
public_0013,intent_override,3,Received APMA (American Podiatric Medical Association) Seal of Acceptance,details,False,"[""features""]",1,not_retrieved,not_retrieved,,True
public_0013,intent_override,3,Received APMA (American Podiatric Medical Association) Seal of Acceptance,description,False,"[""features""]",1,not_retrieved,not_retrieved,,True
public_0013,intent_override,3,Received APMA (American Podiatric Medical Association) Seal of Acceptance,categories,False,"[""features""]",1,521,676,-155,True
public_0013,intent_override,3,Received APMA (American Podiatric Medical Association) Seal of Acceptance,store,False,"[""features""]",1,not_retrieved,not_retrieved,,True
public_0013,intent_override,3,Received APMA (American Podiatric Medical Association) Seal of Acceptance,price,False,"[""features""]",1,not_retrieved,not_retrieved,,True
public_0013,intent_override,4,"YOUR NEW FAVORITE SLIPPERS: Slip into divine comfort with Gemma, a plush mule-style spa slipper with an adjustable hook-and-loop closure across the vamp",title,False,"[""features""]",1,not_retrieved,122,,True
public_0013,intent_override,4,"YOUR NEW FAVORITE SLIPPERS: Slip into divine comfort with Gemma, a plush mule-style spa slipper with an adjustable hook-and-loop closure across the vamp",features,True,"[""features""]",1,115,1,114,True
public_0013,intent_override,4,"YOUR NEW FAVORITE SLIPPERS: Slip into divine comfort with Gemma, a plush mule-style spa slipper with an adjustable hook-and-loop closure across the vamp",details,False,"[""features""]",1,not_retrieved,not_retrieved,,True
public_0013,intent_override,4,"YOUR NEW FAVORITE SLIPPERS: Slip into divine comfort with Gemma, a plush mule-style spa slipper with an adjustable hook-and-loop closure across the vamp",description,False,"[""features""]",1,not_retrieved,2,,True
public_0013,intent_override,4,"YOUR NEW FAVORITE SLIPPERS: Slip into divine comfort with Gemma, a plush mule-style spa slipper with an adjustable hook-and-loop closure across the vamp",categories,False,"[""features""]",1,521,629,-108,True
public_0013,intent_override,4,"YOUR NEW FAVORITE SLIPPERS: Slip into divine comfort with Gemma, a plush mule-style spa slipper with an adjustable hook-and-loop closure across the vamp",store,False,"[""features""]",1,not_retrieved,not_retrieved,,True
public_0013,intent_override,4,"YOUR NEW FAVORITE SLIPPERS: Slip into divine comfort with Gemma, a plush mule-style spa slipper with an adjustable hook-and-loop closure across the vamp",price,False,"[""features""]",1,not_retrieved,not_retrieved,,True
public_0014,browsing,1,cotton,title,False,"[""features"", ""description""]",2,30,82,-52,True
public_0014,browsing,1,cotton,features,True,"[""features"", ""description""]",2,16,8,8,True
public_0014,browsing,1,cotton,details,False,"[""features"", ""description""]",2,not_retrieved,not_retrieved,,True
public_0014,browsing,1,cotton,description,True,"[""features"", ""description""]",2,13,12,1,True
public_0014,browsing,1,cotton,categories,False,"[""features"", ""description""]",2,40,40,0,True
public_0014,browsing,1,cotton,store,False,"[""features"", ""description""]",2,not_retrieved,not_retrieved,,True
public_0014,browsing,1,cotton,price,False,"[""features"", ""description""]",2,not_retrieved,not_retrieved,,True
public_0014,browsing,2,"Solids: 100% Cotton; heathers: 75% cotton, 25% polyester",title,False,"[""features""]",1,30,94,-64,True
public_0014,browsing,2,"Solids: 100% Cotton; heathers: 75% cotton, 25% polyester",features,True,"[""features""]",1,16,1,15,True
public_0014,browsing,2,"Solids: 100% Cotton; heathers: 75% cotton, 25% polyester",details,False,"[""features""]",1,not_retrieved,not_retrieved,,True
public_0014,browsing,2,"Solids: 100% Cotton; heathers: 75% cotton, 25% polyester",description,False,"[""features""]",1,13,43,-30,True
public_0014,browsing,2,"Solids: 100% Cotton; heathers: 75% cotton, 25% polyester",categories,False,"[""features""]",1,40,40,0,True
public_0014,browsing,2,"Solids: 100% Cotton; heathers: 75% cotton, 25% polyester",store,False,"[""features""]",1,not_retrieved,not_retrieved,,True
public_0014,browsing,2,"Solids: 100% Cotton; heathers: 75% cotton, 25% polyester",price,False,"[""features""]",1,not_retrieved,not_retrieved,,True
public_0014,browsing,3,Imported,title,False,"[""features""]",1,30,30,0,True
public_0014,browsing,3,Imported,features,True,"[""features""]",1,16,15,1,True
public_0014,browsing,3,Imported,details,False,"[""features""]",1,not_retrieved,not_retrieved,,True
public_0014,browsing,3,Imported,description,False,"[""features""]",1,13,15,-2,True
public_0014,browsing,3,Imported,categories,False,"[""features""]",1,40,40,0,True
public_0014,browsing,3,Imported,store,False,"[""features""]",1,not_retrieved,not_retrieved,,True
public_0014,browsing,3,Imported,price,False,"[""features""]",1,not_retrieved,not_retrieved,,True
public_0014,browsing,4,Pull On closure,title,False,"[""features""]",1,30,38,-8,True
public_0014,browsing,4,Pull On closure,features,True,"[""features""]",1,16,6,10,True
public_0014,browsing,4,Pull On closure,details,False,"[""features""]",1,not_retrieved,not_retrieved,,True
public_0014,browsing,4,Pull On closure,description,False,"[""features""]",1,13,23,-10,True
public_0014,browsing,4,Pull On closure,categories,False,"[""features""]",1,40,40,0,True
public_0014,browsing,4,Pull On closure,store,False,"[""features""]",1,not_retrieved,not_retrieved,,True
public_0014,browsing,4,Pull On closure,price,False,"[""features""]",1,not_retrieved,not_retrieved,,True
public_0015,browsing,1,fabric,title,False,"[""description""]",1,not_retrieved,not_retrieved,,True
public_0015,browsing,1,fabric,features,False,"[""description""]",1,35,35,0,True
public_0015,browsing,1,fabric,details,False,"[""description""]",1,not_retrieved,not_retrieved,,True
public_0015,browsing,1,fabric,description,True,"[""description""]",1,48,32,16,True
public_0015,browsing,1,fabric,categories,False,"[""description""]",1,247,247,0,True
public_0015,browsing,1,fabric,store,False,"[""description""]",1,not_retrieved,not_retrieved,,True
public_0015,browsing,1,fabric,price,False,"[""description""]",1,not_retrieved,not_retrieved,,True
public_0015,browsing,2,Made in the USA or Imported,title,False,"[""features""]",1,not_retrieved,not_retrieved,,True
public_0015,browsing,2,Made in the USA or Imported,features,True,"[""features""]",1,35,12,23,True
public_0015,browsing,2,Made in the USA or Imported,details,False,"[""features""]",1,not_retrieved,not_retrieved,,True
public_0015,browsing,2,Made in the USA or Imported,description,False,"[""features""]",1,48,197,-149,True
public_0015,browsing,2,Made in the USA or Imported,categories,False,"[""features""]",1,247,251,-4,True
public_0015,browsing,2,Made in the USA or Imported,store,False,"[""features""]",1,not_retrieved,not_retrieved,,True
public_0015,browsing,2,Made in the USA or Imported,price,False,"[""features""]",1,not_retrieved,not_retrieved,,True
public_0015,browsing,3,Ethylene Vinyl Acetate sole,title,False,"[""features""]",1,not_retrieved,not_retrieved,,True
public_0015,browsing,3,Ethylene Vinyl Acetate sole,features,True,"[""features""]",1,35,152,-117,True
public_0015,browsing,3,Ethylene Vinyl Acetate sole,details,False,"[""features""]",1,not_retrieved,not_retrieved,,True
public_0015,browsing,3,Ethylene Vinyl Acetate sole,description,False,"[""features""]",1,48,303,-255,True
public_0015,browsing,3,Ethylene Vinyl Acetate sole,categories,False,"[""features""]",1,247,247,0,True
public_0015,browsing,3,Ethylene Vinyl Acetate sole,store,False,"[""features""]",1,not_retrieved,not_retrieved,,True
public_0015,browsing,3,Ethylene Vinyl Acetate sole,price,False,"[""features""]",1,not_retrieved,not_retrieved,,True
public_0015,browsing,4,Shaft measures approximately 8#inches from arch,title,False,"[""features""]",1,not_retrieved,not_retrieved,,True
public_0015,browsing,4,Shaft measures approximately 8#inches from arch,features,True,"[""features""]",1,35,198,-163,True
public_0015,browsing,4,Shaft measures approximately 8#inches from arch,details,False,"[""features""]",1,not_retrieved,30675,,True
public_0015,browsing,4,Shaft measures approximately 8#inches from arch,description,False,"[""features""]",1,48,715,-667,True
public_0015,browsing,4,Shaft measures approximately 8#inches from arch,categories,False,"[""features""]",1,247,247,0,True
public_0015,browsing,4,Shaft measures approximately 8#inches from arch,store,False,"[""features""]",1,not_retrieved,not_retrieved,,True
public_0015,browsing,4,Shaft measures approximately 8#inches from arch,price,False,"[""features""]",1,not_retrieved,not_retrieved,,True
public_0016,browsing,1,leather,title,False,"[""features""]",1,not_retrieved,not_retrieved,,True
public_0016,browsing,1,leather,features,True,"[""features""]",1,not_retrieved,7177,,True
public_0016,browsing,1,leather,details,False,"[""features""]",1,not_retrieved,not_retrieved,,True
public_0016,browsing,1,leather,description,False,"[""features""]",1,not_retrieved,not_retrieved,,True
public_0016,browsing,1,leather,categories,False,"[""features""]",1,110,110,0,True
public_0016,browsing,1,leather,store,False,"[""features""]",1,not_retrieved,not_retrieved,,True
public_0016,browsing,1,leather,price,False,"[""features""]",1,not_retrieved,not_retrieved,,True
public_0016,browsing,2,Imported,title,False,"[""features""]",1,not_retrieved,not_retrieved,,True
public_0016,browsing,2,Imported,features,True,"[""features""]",1,not_retrieved,13084,,True
public_0016,browsing,2,Imported,details,False,"[""features""]",1,not_retrieved,not_retrieved,,True
public_0016,browsing,2,Imported,description,False,"[""features""]",1,not_retrieved,not_retrieved,,True
public_0016,browsing,2,Imported,categories,False,"[""features""]",1,110,110,0,True
public_0016,browsing,2,Imported,store,False,"[""features""]",1,not_retrieved,not_retrieved,,True
public_0016,browsing,2,Imported,price,False,"[""features""]",1,not_retrieved,not_retrieved,,True
public_0016,browsing,3,Rubber sole,title,False,"[""features""]",1,not_retrieved,not_retrieved,,True
public_0016,browsing,3,Rubber sole,features,True,"[""features""]",1,not_retrieved,6665,,True
public_0016,browsing,3,Rubber sole,details,False,"[""features""]",1,not_retrieved,not_retrieved,,True
public_0016,browsing,3,Rubber sole,description,False,"[""features""]",1,not_retrieved,not_retrieved,,True
public_0016,browsing,3,Rubber sole,categories,False,"[""features""]",1,110,110,0,True
public_0016,browsing,3,Rubber sole,store,False,"[""features""]",1,not_retrieved,not_retrieved,,True
public_0016,browsing,3,Rubber sole,price,False,"[""features""]",1,not_retrieved,not_retrieved,,True
public_0016,browsing,4,Shaft measures approximately ankle-high from arch,title,False,"[""features""]",1,not_retrieved,not_retrieved,,True
public_0016,browsing,4,Shaft measures approximately ankle-high from arch,features,True,"[""features""]",1,not_retrieved,1496,,True
public_0016,browsing,4,Shaft measures approximately ankle-high from arch,details,False,"[""features""]",1,not_retrieved,not_retrieved,,True
public_0016,browsing,4,Shaft measures approximately ankle-high from arch,description,False,"[""features""]",1,not_retrieved,5276,,True
public_0016,browsing,4,Shaft measures approximately ankle-high from arch,categories,False,"[""features""]",1,110,110,0,True
public_0016,browsing,4,Shaft measures approximately ankle-high from arch,store,False,"[""features""]",1,not_retrieved,not_retrieved,,True
public_0016,browsing,4,Shaft measures approximately ankle-high from arch,price,False,"[""features""]",1,not_retrieved,not_retrieved,,True
public_0017,buying,1,leather,title,False,"[""features"", ""details""]",2,216,264,-48,True
public_0017,buying,1,leather,features,True,"[""features"", ""details""]",2,514,252,262,True
public_0017,buying,1,leather,details,True,"[""features"", ""details""]",2,not_retrieved,242,,True
public_0017,buying,1,leather,description,False,"[""features"", ""details""]",2,not_retrieved,not_retrieved,,True
public_0017,buying,1,leather,categories,False,"[""features"", ""details""]",2,346,346,0,True
public_0017,buying,1,leather,store,False,"[""features"", ""details""]",2,not_retrieved,not_retrieved,,True
public_0017,buying,1,leather,price,False,"[""features"", ""details""]",2,not_retrieved,not_retrieved,,True
public_0017,buying,2,color: red,title,False,"[""details""]",1,216,266,-50,True
public_0017,buying,2,color: red,features,False,"[""details""]",1,514,894,-380,True
public_0017,buying,2,color: red,details,True,"[""details""]",1,not_retrieved,34,,True
public_0017,buying,2,color: red,description,False,"[""details""]",1,not_retrieved,not_retrieved,,True
public_0017,buying,2,color: red,categories,False,"[""details""]",1,346,346,0,True
public_0017,buying,2,color: red,store,False,"[""details""]",1,not_retrieved,not_retrieved,,True
public_0017,buying,2,color: red,price,False,"[""details""]",1,not_retrieved,not_retrieved,,True
public_0017,buying,3,Leather,title,False,"[""features"", ""details""]",2,216,264,-48,True
public_0017,buying,3,Leather,features,True,"[""features"", ""details""]",2,514,252,262,True
public_0017,buying,3,Leather,details,True,"[""features"", ""details""]",2,not_retrieved,242,,True
public_0017,buying,3,Leather,description,False,"[""features"", ""details""]",2,not_retrieved,not_retrieved,,True
public_0017,buying,3,Leather,categories,False,"[""features"", ""details""]",2,346,346,0,True
public_0017,buying,3,Leather,store,False,"[""features"", ""details""]",2,not_retrieved,not_retrieved,,True
public_0017,buying,3,Leather,price,False,"[""features"", ""details""]",2,not_retrieved,not_retrieved,,True
public_0017,buying,4,Leather lining,title,False,"[""features""]",1,216,349,-133,True
public_0017,buying,4,Leather lining,features,True,"[""features""]",1,514,201,313,True
public_0017,buying,4,Leather lining,details,False,"[""features""]",1,not_retrieved,263,,True
public_0017,buying,4,Leather lining,description,False,"[""features""]",1,not_retrieved,not_retrieved,,True
public_0017,buying,4,Leather lining,categories,False,"[""features""]",1,346,346,0,True
public_0017,buying,4,Leather lining,store,False,"[""features""]",1,not_retrieved,not_retrieved,,True
public_0017,buying,4,Leather lining,price,False,"[""features""]",1,not_retrieved,not_retrieved,,True
public_0018,buying,1,polyester,title,False,"[""features""]",1,2057,2103,-46,True
public_0018,buying,1,polyester,features,True,"[""features""]",1,not_retrieved,7847,,True
public_0018,buying,1,polyester,details,False,"[""features""]",1,not_retrieved,not_retrieved,,True
public_0018,buying,1,polyester,description,False,"[""features""]",1,111,144,-33,True
public_0018,buying,1,polyester,categories,False,"[""features""]",1,31,31,0,True
public_0018,buying,1,polyester,store,False,"[""features""]",1,not_retrieved,not_retrieved,,True
public_0018,buying,1,polyester,price,False,"[""features""]",1,not_retrieved,not_retrieved,,True
public_0018,buying,2,"Modal,Polyester,Cotton",title,False,"[""features""]",1,2057,3347,-1290,True
public_0018,buying,2,"Modal,Polyester,Cotton",features,True,"[""features""]",1,not_retrieved,233,,True
public_0018,buying,2,"Modal,Polyester,Cotton",details,False,"[""features""]",1,not_retrieved,not_retrieved,,True
public_0018,buying,2,"Modal,Polyester,Cotton",description,False,"[""features""]",1,111,421,-310,True
public_0018,buying,2,"Modal,Polyester,Cotton",categories,False,"[""features""]",1,31,31,0,True
public_0018,buying,2,"Modal,Polyester,Cotton",store,False,"[""features""]",1,not_retrieved,not_retrieved,,True
public_0018,buying,2,"Modal,Polyester,Cotton",price,False,"[""features""]",1,not_retrieved,not_retrieved,,True
public_0018,buying,3,Pull On closure,title,False,"[""features""]",1,2057,3371,-1314,True
public_0018,buying,3,Pull On closure,features,True,"[""features""]",1,not_retrieved,8018,,True
public_0018,buying,3,Pull On closure,details,False,"[""features""]",1,not_retrieved,not_retrieved,,True
public_0018,buying,3,Pull On closure,description,False,"[""features""]",1,111,136,-25,True
public_0018,buying,3,Pull On closure,categories,False,"[""features""]",1,31,38,-7,True
public_0018,buying,3,Pull On closure,store,False,"[""features""]",1,not_retrieved,not_retrieved,,True
public_0018,buying,3,Pull On closure,price,False,"[""features""]",1,not_retrieved,not_retrieved,,True
public_0018,buying,4,"Material: 95%Cotton & 5%Polyester - Made of Superior Quality Modal Fiber, Ultra Light-Weight, Soft & Smooth, Feels Really Comfortable, Which Keep You Cool & Dry All Day Long",title,False,"[""features""]",1,2057,8164,-6107,True
public_0018,buying,4,"Material: 95%Cotton & 5%Polyester - Made of Superior Quality Modal Fiber, Ultra Light-Weight, Soft & Smooth, Feels Really Comfortable, Which Keep You Cool & Dry All Day Long",features,True,"[""features""]",1,not_retrieved,1,,True
public_0018,buying,4,"Material: 95%Cotton & 5%Polyester - Made of Superior Quality Modal Fiber, Ultra Light-Weight, Soft & Smooth, Feels Really Comfortable, Which Keep You Cool & Dry All Day Long",details,False,"[""features""]",1,not_retrieved,not_retrieved,,True
public_0018,buying,4,"Material: 95%Cotton & 5%Polyester - Made of Superior Quality Modal Fiber, Ultra Light-Weight, Soft & Smooth, Feels Really Comfortable, Which Keep You Cool & Dry All Day Long",description,False,"[""features""]",1,111,2485,-2374,True
public_0018,buying,4,"Material: 95%Cotton & 5%Polyester - Made of Superior Quality Modal Fiber, Ultra Light-Weight, Soft & Smooth, Feels Really Comfortable, Which Keep You Cool & Dry All Day Long",categories,False,"[""features""]",1,31,44,-13,True
public_0018,buying,4,"Material: 95%Cotton & 5%Polyester - Made of Superior Quality Modal Fiber, Ultra Light-Weight, Soft & Smooth, Feels Really Comfortable, Which Keep You Cool & Dry All Day Long",store,False,"[""features""]",1,not_retrieved,not_retrieved,,True
public_0018,buying,4,"Material: 95%Cotton & 5%Polyester - Made of Superior Quality Modal Fiber, Ultra Light-Weight, Soft & Smooth, Feels Really Comfortable, Which Keep You Cool & Dry All Day Long",price,False,"[""features""]",1,not_retrieved,not_retrieved,,True
public_0019,browsing,1,Rubber sole,title,False,"[""features""]",1,180,347,-167,True
public_0019,browsing,1,Rubber sole,features,True,"[""features""]",1,not_retrieved,5702,,True
public_0019,browsing,1,Rubber sole,details,False,"[""features""]",1,not_retrieved,not_retrieved,,True
public_0019,browsing,1,Rubber sole,description,False,"[""features""]",1,not_retrieved,not_retrieved,,True
public_0019,browsing,1,Rubber sole,categories,False,"[""features""]",1,70,70,0,True
public_0019,browsing,1,Rubber sole,store,False,"[""features""]",1,not_retrieved,not_retrieved,,True
public_0019,browsing,1,Rubber sole,price,False,"[""features""]",1,not_retrieved,not_retrieved,,True
public_0019,browsing,2,"Shaft measures approximately 5.5"" from arch",title,False,"[""features""]",1,180,289,-109,True
public_0019,browsing,2,"Shaft measures approximately 5.5"" from arch",features,True,"[""features""]",1,not_retrieved,492,,True
public_0019,browsing,2,"Shaft measures approximately 5.5"" from arch",details,False,"[""features""]",1,not_retrieved,not_retrieved,,True
public_0019,browsing,2,"Shaft measures approximately 5.5"" from arch",description,False,"[""features""]",1,not_retrieved,not_retrieved,,True
public_0019,browsing,2,"Shaft measures approximately 5.5"" from arch",categories,False,"[""features""]",1,70,70,0,True
public_0019,browsing,2,"Shaft measures approximately 5.5"" from arch",store,False,"[""features""]",1,not_retrieved,not_retrieved,,True
public_0019,browsing,2,"Shaft measures approximately 5.5"" from arch",price,False,"[""features""]",1,not_retrieved,not_retrieved,,True
public_0019,browsing,3,"Platform measures approximately 0.5""",title,False,"[""features""]",1,180,228,-48,True
public_0019,browsing,3,"Platform measures approximately 0.5""",features,True,"[""features""]",1,not_retrieved,928,,True
public_0019,browsing,3,"Platform measures approximately 0.5""",details,False,"[""features""]",1,not_retrieved,not_retrieved,,True
public_0019,browsing,3,"Platform measures approximately 0.5""",description,False,"[""features""]",1,not_retrieved,not_retrieved,,True
public_0019,browsing,3,"Platform measures approximately 0.5""",categories,False,"[""features""]",1,70,70,0,True
public_0019,browsing,3,"Platform measures approximately 0.5""",store,False,"[""features""]",1,not_retrieved,not_retrieved,,True
public_0019,browsing,3,"Platform measures approximately 0.5""",price,False,"[""features""]",1,not_retrieved,not_retrieved,,True
public_0019,browsing,4,"Boot opening measures approximately 6.5"" around",title,False,"[""features""]",1,180,351,-171,True
public_0019,browsing,4,"Boot opening measures approximately 6.5"" around",features,True,"[""features""]",1,not_retrieved,637,,True
public_0019,browsing,4,"Boot opening measures approximately 6.5"" around",details,False,"[""features""]",1,not_retrieved,not_retrieved,,True
public_0019,browsing,4,"Boot opening measures approximately 6.5"" around",description,False,"[""features""]",1,not_retrieved,not_retrieved,,True
public_0019,browsing,4,"Boot opening measures approximately 6.5"" around",categories,False,"[""features""]",1,70,70,0,True
public_0019,browsing,4,"Boot opening measures approximately 6.5"" around",store,False,"[""features""]",1,not_retrieved,not_retrieved,,True
public_0019,browsing,4,"Boot opening measures approximately 6.5"" around",price,False,"[""features""]",1,not_retrieved,4939,,True
public_0020,buying,1,cotton,title,False,"[""features""]",1,143,189,-46,True
public_0020,buying,1,cotton,features,True,"[""features""]",1,not_retrieved,5211,,True
public_0020,buying,1,cotton,details,False,"[""features""]",1,31,55,-24,True
public_0020,buying,1,cotton,description,False,"[""features""]",1,23,46,-23,True
public_0020,buying,1,cotton,categories,False,"[""features""]",1,35,63,-28,True
public_0020,buying,1,cotton,store,False,"[""features""]",1,52,60,-8,True
public_0020,buying,1,cotton,price,False,"[""features""]",1,not_retrieved,not_retrieved,,True
public_0020,buying,2,color: grey,title,False,[],0,143,338,-195,True
public_0020,buying,2,color: grey,features,False,[],0,not_retrieved,2012,,True
public_0020,buying,2,color: grey,details,False,[],0,31,83,-52,True
public_0020,buying,2,color: grey,description,False,[],0,23,89,-66,True
public_0020,buying,2,color: grey,categories,False,[],0,35,40,-5,True
public_0020,buying,2,color: grey,store,False,[],0,52,59,-7,True
public_0020,buying,2,color: grey,price,False,[],0,not_retrieved,not_retrieved,,True
public_0020,buying,3,"Solid colors: 100% Cotton; Heather Grey: 90% Cotton, 10% Polyester; All Other Heathers: 50% Cotton, 50% Polyester",title,False,"[""features""]",1,143,1581,-1438,True
public_0020,buying,3,"Solid colors: 100% Cotton; Heather Grey: 90% Cotton, 10% Polyester; All Other Heathers: 50% Cotton, 50% Polyester",features,True,"[""features""]",1,not_retrieved,357,,True
public_0020,buying,3,"Solid colors: 100% Cotton; Heather Grey: 90% Cotton, 10% Polyester; All Other Heathers: 50% Cotton, 50% Polyester",details,False,"[""features""]",1,31,152,-121,True
public_0020,buying,3,"Solid colors: 100% Cotton; Heather Grey: 90% Cotton, 10% Polyester; All Other Heathers: 50% Cotton, 50% Polyester",description,False,"[""features""]",1,23,1443,-1420,True
public_0020,buying,3,"Solid colors: 100% Cotton; Heather Grey: 90% Cotton, 10% Polyester; All Other Heathers: 50% Cotton, 50% Polyester",categories,False,"[""features""]",1,35,129,-94,True
public_0020,buying,3,"Solid colors: 100% Cotton; Heather Grey: 90% Cotton, 10% Polyester; All Other Heathers: 50% Cotton, 50% Polyester",store,False,"[""features""]",1,52,157,-105,True
public_0020,buying,3,"Solid colors: 100% Cotton; Heather Grey: 90% Cotton, 10% Polyester; All Other Heathers: 50% Cotton, 50% Polyester",price,False,"[""features""]",1,not_retrieved,not_retrieved,,True
public_0020,buying,4,Imported,title,False,"[""features""]",1,143,146,-3,True
public_0020,buying,4,Imported,features,True,"[""features""]",1,not_retrieved,16828,,True
public_0020,buying,4,Imported,details,False,"[""features""]",1,31,48,-17,True
public_0020,buying,4,Imported,description,False,"[""features""]",1,23,34,-11,True
public_0020,buying,4,Imported,categories,False,"[""features""]",1,35,35,0,True
public_0020,buying,4,Imported,store,False,"[""features""]",1,52,52,0,True
public_0020,buying,4,Imported,price,False,"[""features""]",1,not_retrieved,not_retrieved,,True
public_0021,browsing,1,polyester,title,False,"[""features""]",1,4886,4935,-49,True
public_0021,browsing,1,polyester,features,True,"[""features""]",1,not_retrieved,8493,,True
public_0021,browsing,1,polyester,details,False,"[""features""]",1,not_retrieved,not_retrieved,,True
public_0021,browsing,1,polyester,description,False,"[""features""]",1,116,210,-94,True
public_0021,browsing,1,polyester,categories,False,"[""features""]",1,299,299,0,True
public_0021,browsing,1,polyester,store,False,"[""features""]",1,not_retrieved,not_retrieved,,True
public_0021,browsing,1,polyester,price,False,"[""features""]",1,not_retrieved,not_retrieved,,True
public_0021,browsing,2,"98% Polyester, 2% Spandex",title,False,"[""features""]",1,4886,4989,-103,True
public_0021,browsing,2,"98% Polyester, 2% Spandex",features,True,"[""features""]",1,not_retrieved,74,,True
public_0021,browsing,2,"98% Polyester, 2% Spandex",details,False,"[""features""]",1,not_retrieved,not_retrieved,,True
public_0021,browsing,2,"98% Polyester, 2% Spandex",description,False,"[""features""]",1,116,447,-331,True
public_0021,browsing,2,"98% Polyester, 2% Spandex",categories,False,"[""features""]",1,299,299,0,True
public_0021,browsing,2,"98% Polyester, 2% Spandex",store,False,"[""features""]",1,not_retrieved,not_retrieved,,True
public_0021,browsing,2,"98% Polyester, 2% Spandex",price,False,"[""features""]",1,not_retrieved,not_retrieved,,True
public_0021,browsing,3,Imported,title,False,"[""features""]",1,4886,4889,-3,True
public_0021,browsing,3,Imported,features,True,"[""features""]",1,not_retrieved,12690,,True
public_0021,browsing,3,Imported,details,False,"[""features""]",1,not_retrieved,not_retrieved,,True
public_0021,browsing,3,Imported,description,False,"[""features""]",1,116,155,-39,True
public_0021,browsing,3,Imported,categories,False,"[""features""]",1,299,299,0,True
public_0021,browsing,3,Imported,store,False,"[""features""]",1,not_retrieved,not_retrieved,,True
public_0021,browsing,3,Imported,price,False,"[""features""]",1,not_retrieved,not_retrieved,,True
public_0021,browsing,4,Zipper closure,title,False,"[""features""]",1,4886,5431,-545,True
public_0021,browsing,4,Zipper closure,features,True,"[""features""]",1,not_retrieved,2794,,True
public_0021,browsing,4,Zipper closure,details,False,"[""features""]",1,not_retrieved,not_retrieved,,True
public_0021,browsing,4,Zipper closure,description,False,"[""features""]",1,116,373,-257,True
public_0021,browsing,4,Zipper closure,categories,False,"[""features""]",1,299,299,0,True
public_0021,browsing,4,Zipper closure,store,False,"[""features""]",1,not_retrieved,not_retrieved,,True
public_0021,browsing,4,Zipper closure,price,False,"[""features""]",1,not_retrieved,not_retrieved,,True
public_0022,buying,1,fabric,title,False,"[""features""]",1,206,269,-63,True
public_0022,buying,1,fabric,features,True,"[""features""]",1,116,104,12,True
public_0022,buying,1,fabric,details,False,"[""features""]",1,not_retrieved,not_retrieved,,True
public_0022,buying,1,fabric,description,False,"[""features""]",1,not_retrieved,not_retrieved,,True
public_0022,buying,1,fabric,categories,False,"[""features""]",1,614,614,0,True
public_0022,buying,1,fabric,store,False,"[""features""]",1,not_retrieved,not_retrieved,,True
public_0022,buying,1,fabric,price,False,"[""features""]",1,not_retrieved,not_retrieved,,True
public_0022,buying,2,"Fabric: 100% Cotton, Soft, Comfy, Breathable and keep you cool",title,False,"[""features""]",1,206,1315,-1109,True
public_0022,buying,2,"Fabric: 100% Cotton, Soft, Comfy, Breathable and keep you cool",features,True,"[""features""]",1,116,3,113,True
public_0022,buying,2,"Fabric: 100% Cotton, Soft, Comfy, Breathable and keep you cool",details,False,"[""features""]",1,not_retrieved,not_retrieved,,True
public_0022,buying,2,"Fabric: 100% Cotton, Soft, Comfy, Breathable and keep you cool",description,False,"[""features""]",1,not_retrieved,not_retrieved,,True
public_0022,buying,2,"Fabric: 100% Cotton, Soft, Comfy, Breathable and keep you cool",categories,False,"[""features""]",1,614,641,-27,True
public_0022,buying,2,"Fabric: 100% Cotton, Soft, Comfy, Breathable and keep you cool",store,False,"[""features""]",1,not_retrieved,not_retrieved,,True
public_0022,buying,2,"Fabric: 100% Cotton, Soft, Comfy, Breathable and keep you cool",price,False,"[""features""]",1,not_retrieved,not_retrieved,,True
public_0022,buying,3,Imported,title,False,"[""features""]",1,206,209,-3,True
public_0022,buying,3,Imported,features,True,"[""features""]",1,116,96,20,True
public_0022,buying,3,Imported,details,False,"[""features""]",1,not_retrieved,not_retrieved,,True
public_0022,buying,3,Imported,description,False,"[""features""]",1,not_retrieved,not_retrieved,,True
public_0022,buying,3,Imported,categories,False,"[""features""]",1,614,614,0,True
public_0022,buying,3,Imported,store,False,"[""features""]",1,not_retrieved,not_retrieved,,True
public_0022,buying,3,Imported,price,False,"[""features""]",1,not_retrieved,not_retrieved,,True
public_0022,buying,4,Pull On closure,title,False,"[""features""]",1,206,454,-248,True
public_0022,buying,4,Pull On closure,features,True,"[""features""]",1,116,109,7,True
public_0022,buying,4,Pull On closure,details,False,"[""features""]",1,not_retrieved,not_retrieved,,True
public_0022,buying,4,Pull On closure,description,False,"[""features""]",1,not_retrieved,not_retrieved,,True
public_0022,buying,4,Pull On closure,categories,False,"[""features""]",1,614,624,-10,True
public_0022,buying,4,Pull On closure,store,False,"[""features""]",1,not_retrieved,not_retrieved,,True
public_0022,buying,4,Pull On closure,price,False,"[""features""]",1,not_retrieved,not_retrieved,,True
public_0023,intent_override,1,Hand Wash Only,title,False,"[""features""]",1,not_retrieved,not_retrieved,,True
public_0023,intent_override,1,Hand Wash Only,features,True,"[""features""]",1,not_retrieved,302,,True
public_0023,intent_override,1,Hand Wash Only,details,False,"[""features""]",1,not_retrieved,not_retrieved,,True
public_0023,intent_override,1,Hand Wash Only,description,False,"[""features""]",1,not_retrieved,not_retrieved,,True
public_0023,intent_override,1,Hand Wash Only,categories,False,"[""features""]",1,208,208,0,True
public_0023,intent_override,1,Hand Wash Only,store,False,"[""features""]",1,not_retrieved,not_retrieved,,True
public_0023,intent_override,1,Hand Wash Only,price,False,"[""features""]",1,not_retrieved,not_retrieved,,True
public_0023,intent_override,2,Item model number: G796,title,False,"[""details""]",1,not_retrieved,not_retrieved,,True
public_0023,intent_override,2,Item model number: G796,features,False,"[""details""]",1,not_retrieved,not_retrieved,,True
public_0023,intent_override,2,Item model number: G796,details,True,"[""details""]",1,not_retrieved,1,,True
public_0023,intent_override,2,Item model number: G796,description,False,"[""details""]",1,not_retrieved,not_retrieved,,True
public_0023,intent_override,2,Item model number: G796,categories,False,"[""details""]",1,208,208,0,True
public_0023,intent_override,2,Item model number: G796,store,False,"[""details""]",1,not_retrieved,not_retrieved,,True
public_0023,intent_override,2,Item model number: G796,price,False,"[""details""]",1,not_retrieved,not_retrieved,,True
public_0023,intent_override,3,Department: Womens,title,False,"[""details""]",1,not_retrieved,not_retrieved,,True
public_0023,intent_override,3,Department: Womens,features,False,"[""details""]",1,not_retrieved,not_retrieved,,True
public_0023,intent_override,3,Department: Womens,details,True,"[""details""]",1,not_retrieved,5026,,True
public_0023,intent_override,3,Department: Womens,description,False,"[""details""]",1,not_retrieved,not_retrieved,,True
public_0023,intent_override,3,Department: Womens,categories,False,"[""details""]",1,208,211,-3,True
public_0023,intent_override,3,Department: Womens,store,False,"[""details""]",1,not_retrieved,not_retrieved,,True
public_0023,intent_override,3,Department: Womens,price,False,"[""details""]",1,not_retrieved,not_retrieved,,True
public_0023,intent_override,4,"Date First Available: March 19, 2021",title,False,"[""details""]",1,not_retrieved,not_retrieved,,True
public_0023,intent_override,4,"Date First Available: March 19, 2021",features,False,"[""details""]",1,not_retrieved,not_retrieved,,True
public_0023,intent_override,4,"Date First Available: March 19, 2021",details,True,"[""details""]",1,not_retrieved,12,,True
public_0023,intent_override,4,"Date First Available: March 19, 2021",description,False,"[""details""]",1,not_retrieved,not_retrieved,,True
public_0023,intent_override,4,"Date First Available: March 19, 2021",categories,False,"[""details""]",1,208,208,0,True
public_0023,intent_override,4,"Date First Available: March 19, 2021",store,False,"[""details""]",1,not_retrieved,not_retrieved,,True
public_0023,intent_override,4,"Date First Available: March 19, 2021",price,False,"[""details""]",1,not_retrieved,not_retrieved,,True
public_0024,buying,1,rayon,title,False,"[""features""]",1,not_retrieved,not_retrieved,,True
public_0024,buying,1,rayon,features,True,"[""features""]",1,48,26,22,True
public_0024,buying,1,rayon,details,False,"[""features""]",1,not_retrieved,not_retrieved,,True
public_0024,buying,1,rayon,description,False,"[""features""]",1,67,191,-124,True
public_0024,buying,1,rayon,categories,False,"[""features""]",1,40,40,0,True
public_0024,buying,1,rayon,store,False,"[""features""]",1,not_retrieved,not_retrieved,,True
public_0024,buying,1,rayon,price,False,"[""features""]",1,not_retrieved,not_retrieved,,True
public_0024,buying,2,100 rayon,title,False,"[""features""]",1,not_retrieved,not_retrieved,,True
public_0024,buying,2,100 rayon,features,True,"[""features""]",1,48,16,32,True
public_0024,buying,2,100 rayon,details,False,"[""features""]",1,not_retrieved,not_retrieved,,True
public_0024,buying,2,100 rayon,description,False,"[""features""]",1,67,1467,-1400,True
public_0024,buying,2,100 rayon,categories,False,"[""features""]",1,40,40,0,True
public_0024,buying,2,100 rayon,store,False,"[""features""]",1,not_retrieved,not_retrieved,,True
public_0024,buying,2,100 rayon,price,False,"[""features""]",1,not_retrieved,not_retrieved,,True
public_0024,buying,3,Machine Wash,title,False,"[""features""]",1,not_retrieved,not_retrieved,,True
public_0024,buying,3,Machine Wash,features,True,"[""features""]",1,48,46,2,True
public_0024,buying,3,Machine Wash,details,False,"[""features""]",1,not_retrieved,not_retrieved,,True
public_0024,buying,3,Machine Wash,description,False,"[""features""]",1,67,1287,-1220,True
public_0024,buying,3,Machine Wash,categories,False,"[""features""]",1,40,40,0,True
public_0024,buying,3,Machine Wash,store,False,"[""features""]",1,not_retrieved,not_retrieved,,True
public_0024,buying,3,Machine Wash,price,False,"[""features""]",1,not_retrieved,not_retrieved,,True
public_0024,buying,4,BOHOSTYLE: Your womens off shoulder jumpsuit has an exaggerated loose fit with beautiful embroidery. It is perfect if you want to keep up with the latest trends without sacrificing,title,False,"[""features""]",1,not_retrieved,26,,True
public_0024,buying,4,BOHOSTYLE: Your womens off shoulder jumpsuit has an exaggerated loose fit with beautiful embroidery. It is perfect if you want to keep up with the latest trends without sacrificing,features,True,"[""features""]",1,48,1,47,True
public_0024,buying,4,BOHOSTYLE: Your womens off shoulder jumpsuit has an exaggerated loose fit with beautiful embroidery. It is perfect if you want to keep up with the latest trends without sacrificing,details,False,"[""features""]",1,not_retrieved,14490,,True
public_0024,buying,4,BOHOSTYLE: Your womens off shoulder jumpsuit has an exaggerated loose fit with beautiful embroidery. It is perfect if you want to keep up with the latest trends without sacrificing,description,False,"[""features""]",1,67,5,62,True
public_0024,buying,4,BOHOSTYLE: Your womens off shoulder jumpsuit has an exaggerated loose fit with beautiful embroidery. It is perfect if you want to keep up with the latest trends without sacrificing,categories,False,"[""features""]",1,40,49,-9,True
public_0024,buying,4,BOHOSTYLE: Your womens off shoulder jumpsuit has an exaggerated loose fit with beautiful embroidery. It is perfect if you want to keep up with the latest trends without sacrificing,store,False,"[""features""]",1,not_retrieved,not_retrieved,,True
public_0024,buying,4,BOHOSTYLE: Your womens off shoulder jumpsuit has an exaggerated loose fit with beautiful embroidery. It is perfect if you want to keep up with the latest trends without sacrificing,price,False,"[""features""]",1,not_retrieved,not_retrieved,,True
public_0025,browsing,1,spandex,title,False,"[""features""]",1,not_retrieved,not_retrieved,,True
public_0025,browsing,1,spandex,features,True,"[""features""]",1,not_retrieved,5137,,True
public_0025,browsing,1,spandex,details,False,"[""features""]",1,not_retrieved,not_retrieved,,True
public_0025,browsing,1,spandex,description,False,"[""features""]",1,not_retrieved,not_retrieved,,True
public_0025,browsing,1,spandex,categories,False,"[""features""]",1,100,100,0,True
public_0025,browsing,1,spandex,store,False,"[""features""]",1,not_retrieved,not_retrieved,,True
public_0025,browsing,1,spandex,price,False,"[""features""]",1,not_retrieved,not_retrieved,,True
public_0025,browsing,2,65%Polyester30%Viscose5%Spandex,title,False,"[""features""]",1,not_retrieved,not_retrieved,,True
public_0025,browsing,2,65%Polyester30%Viscose5%Spandex,features,True,"[""features""]",1,not_retrieved,8,,True
public_0025,browsing,2,65%Polyester30%Viscose5%Spandex,details,False,"[""features""]",1,not_retrieved,not_retrieved,,True
public_0025,browsing,2,65%Polyester30%Viscose5%Spandex,description,False,"[""features""]",1,not_retrieved,not_retrieved,,True
public_0025,browsing,2,65%Polyester30%Viscose5%Spandex,categories,False,"[""features""]",1,100,100,0,True
public_0025,browsing,2,65%Polyester30%Viscose5%Spandex,store,False,"[""features""]",1,not_retrieved,not_retrieved,,True
public_0025,browsing,2,65%Polyester30%Viscose5%Spandex,price,False,"[""features""]",1,not_retrieved,not_retrieved,,True
public_0025,browsing,3,Imported,title,False,"[""features""]",1,not_retrieved,not_retrieved,,True
public_0025,browsing,3,Imported,features,True,"[""features""]",1,not_retrieved,14397,,True
public_0025,browsing,3,Imported,details,False,"[""features""]",1,not_retrieved,not_retrieved,,True
public_0025,browsing,3,Imported,description,False,"[""features""]",1,not_retrieved,not_retrieved,,True
public_0025,browsing,3,Imported,categories,False,"[""features""]",1,100,100,0,True
public_0025,browsing,3,Imported,store,False,"[""features""]",1,not_retrieved,not_retrieved,,True
public_0025,browsing,3,Imported,price,False,"[""features""]",1,not_retrieved,not_retrieved,,True
public_0025,browsing,4,Hook and Eye closure,title,False,"[""features""]",1,not_retrieved,not_retrieved,,True
public_0025,browsing,4,Hook and Eye closure,features,True,"[""features""]",1,not_retrieved,729,,True
public_0025,browsing,4,Hook and Eye closure,details,False,"[""features""]",1,not_retrieved,not_retrieved,,True
public_0025,browsing,4,Hook and Eye closure,description,False,"[""features""]",1,not_retrieved,not_retrieved,,True
public_0025,browsing,4,Hook and Eye closure,categories,False,"[""features""]",1,100,100,0,True
public_0025,browsing,4,Hook and Eye closure,store,False,"[""features""]",1,not_retrieved,not_retrieved,,True
public_0025,browsing,4,Hook and Eye closure,price,False,"[""features""]",1,not_retrieved,not_retrieved,,True
public_0026,buying,1,100% Synthetic,title,False,"[""features""]",1,434,763,-329,True
public_0026,buying,1,100% Synthetic,features,True,"[""features""]",1,86,98,-12,True
public_0026,buying,1,100% Synthetic,details,False,"[""features""]",1,not_retrieved,not_retrieved,,True
public_0026,buying,1,100% Synthetic,description,False,"[""features""]",1,164,24,140,True
public_0026,buying,1,100% Synthetic,categories,False,"[""features""]",1,131,131,0,True
public_0026,buying,1,100% Synthetic,store,False,"[""features""]",1,not_retrieved,not_retrieved,,True
public_0026,buying,1,100% Synthetic,price,False,"[""features""]",1,not_retrieved,not_retrieved,,True
public_0026,buying,2,Imported,title,False,"[""features""]",1,434,437,-3,True
public_0026,buying,2,Imported,features,True,"[""features""]",1,86,84,2,True
public_0026,buying,2,Imported,details,False,"[""features""]",1,not_retrieved,not_retrieved,,True
public_0026,buying,2,Imported,description,False,"[""features""]",1,164,234,-70,True
public_0026,buying,2,Imported,categories,False,"[""features""]",1,131,131,0,True
public_0026,buying,2,Imported,store,False,"[""features""]",1,not_retrieved,not_retrieved,,True
public_0026,buying,2,Imported,price,False,"[""features""]",1,not_retrieved,not_retrieved,,True
public_0026,buying,3,Rubber sole,title,False,"[""features""]",1,434,759,-325,True
public_0026,buying,3,Rubber sole,features,True,"[""features""]",1,86,87,-1,True
public_0026,buying,3,Rubber sole,details,False,"[""features""]",1,not_retrieved,not_retrieved,,True
public_0026,buying,3,Rubber sole,description,False,"[""features""]",1,164,592,-428,True
public_0026,buying,3,Rubber sole,categories,False,"[""features""]",1,131,131,0,True
public_0026,buying,3,Rubber sole,store,False,"[""features""]",1,not_retrieved,not_retrieved,,True
public_0026,buying,3,Rubber sole,price,False,"[""features""]",1,not_retrieved,not_retrieved,,True
public_0026,buying,4,Shaft measures approximately low-top from arch,title,False,"[""features""]",1,434,1095,-661,True
public_0026,buying,4,Shaft measures approximately low-top from arch,features,True,"[""features""]",1,86,247,-161,True
public_0026,buying,4,Shaft measures approximately low-top from arch,details,False,"[""features""]",1,not_retrieved,not_retrieved,,True
public_0026,buying,4,Shaft measures approximately low-top from arch,description,False,"[""features""]",1,164,280,-116,True
public_0026,buying,4,Shaft measures approximately low-top from arch,categories,False,"[""features""]",1,131,131,0,True
public_0026,buying,4,Shaft measures approximately low-top from arch,store,False,"[""features""]",1,not_retrieved,not_retrieved,,True
public_0026,buying,4,Shaft measures approximately low-top from arch,price,False,"[""features""]",1,not_retrieved,not_retrieved,,True
public_0027,buying,1,cotton,title,False,"[""features""]",1,7710,9129,-1419,True
public_0027,buying,1,cotton,features,True,"[""features""]",1,not_retrieved,8872,,True
public_0027,buying,1,cotton,details,False,"[""features""]",1,not_retrieved,not_retrieved,,True
public_0027,buying,1,cotton,description,False,"[""features""]",1,not_retrieved,not_retrieved,,True
public_0027,buying,1,cotton,categories,False,"[""features""]",1,238,266,-28,True
public_0027,buying,1,cotton,store,False,"[""features""]",1,not_retrieved,not_retrieved,,True
public_0027,buying,1,cotton,price,False,"[""features""]",1,not_retrieved,not_retrieved,,True
public_0027,buying,2,"73% Cotton, 25% Polyester, 2% Spandex",title,False,"[""features""]",1,7710,9301,-1591,True
public_0027,buying,2,"73% Cotton, 25% Polyester, 2% Spandex",features,True,"[""features""]",1,not_retrieved,3,,True
public_0027,buying,2,"73% Cotton, 25% Polyester, 2% Spandex",details,False,"[""features""]",1,not_retrieved,not_retrieved,,True
public_0027,buying,2,"73% Cotton, 25% Polyester, 2% Spandex",description,False,"[""features""]",1,not_retrieved,not_retrieved,,True
public_0027,buying,2,"73% Cotton, 25% Polyester, 2% Spandex",categories,False,"[""features""]",1,238,279,-41,True
public_0027,buying,2,"73% Cotton, 25% Polyester, 2% Spandex",store,False,"[""features""]",1,not_retrieved,not_retrieved,,True
public_0027,buying,2,"73% Cotton, 25% Polyester, 2% Spandex",price,False,"[""features""]",1,not_retrieved,not_retrieved,,True
public_0027,buying,3,Imported,title,False,"[""features""]",1,7710,7713,-3,True
public_0027,buying,3,Imported,features,True,"[""features""]",1,not_retrieved,12950,,True
public_0027,buying,3,Imported,details,False,"[""features""]",1,not_retrieved,not_retrieved,,True
public_0027,buying,3,Imported,description,False,"[""features""]",1,not_retrieved,not_retrieved,,True
public_0027,buying,3,Imported,categories,False,"[""features""]",1,238,238,0,True
public_0027,buying,3,Imported,store,False,"[""features""]",1,not_retrieved,not_retrieved,,True
public_0027,buying,3,Imported,price,False,"[""features""]",1,not_retrieved,not_retrieved,,True
public_0027,buying,4,Zipper fly with button closure,title,False,"[""features""]",1,7710,13584,-5874,True
public_0027,buying,4,Zipper fly with button closure,features,True,"[""features""]",1,not_retrieved,29,,True
public_0027,buying,4,Zipper fly with button closure,details,False,"[""features""]",1,not_retrieved,not_retrieved,,True
public_0027,buying,4,Zipper fly with button closure,description,False,"[""features""]",1,not_retrieved,not_retrieved,,True
public_0027,buying,4,Zipper fly with button closure,categories,False,"[""features""]",1,238,238,0,True
public_0027,buying,4,Zipper fly with button closure,store,False,"[""features""]",1,not_retrieved,not_retrieved,,True
public_0027,buying,4,Zipper fly with button closure,price,False,"[""features""]",1,not_retrieved,not_retrieved,,True
public_0028,buying,1,leather,title,True,"[""title"", ""features"", ""details""]",3,115,62,53,True
public_0028,buying,1,leather,features,True,"[""title"", ""features"", ""details""]",3,240,150,90,True
public_0028,buying,1,leather,details,True,"[""title"", ""features"", ""details""]",3,not_retrieved,287,,True
public_0028,buying,1,leather,description,False,"[""title"", ""features"", ""details""]",3,not_retrieved,not_retrieved,,True
public_0028,buying,1,leather,categories,False,"[""title"", ""features"", ""details""]",3,392,392,0,True
public_0028,buying,1,leather,store,False,"[""title"", ""features"", ""details""]",3,not_retrieved,not_retrieved,,True
public_0028,buying,1,leather,price,False,"[""title"", ""features"", ""details""]",3,not_retrieved,not_retrieved,,True
public_0028,buying,2,color: black,title,False,[],0,115,143,-28,True
public_0028,buying,2,color: black,features,False,[],0,240,576,-336,True
public_0028,buying,2,color: black,details,False,[],0,not_retrieved,137,,True
public_0028,buying,2,color: black,description,False,[],0,not_retrieved,not_retrieved,,True
public_0028,buying,2,color: black,categories,False,[],0,392,392,0,True
public_0028,buying,2,color: black,store,False,[],0,not_retrieved,not_retrieved,,True
public_0028,buying,2,color: black,price,False,[],0,not_retrieved,not_retrieved,,True
public_0028,buying,3,Leather,title,True,"[""title"", ""features"", ""details""]",3,115,62,53,True
public_0028,buying,3,Leather,features,True,"[""title"", ""features"", ""details""]",3,240,150,90,True
public_0028,buying,3,Leather,details,True,"[""title"", ""features"", ""details""]",3,not_retrieved,287,,True
public_0028,buying,3,Leather,description,False,"[""title"", ""features"", ""details""]",3,not_retrieved,not_retrieved,,True
public_0028,buying,3,Leather,categories,False,"[""title"", ""features"", ""details""]",3,392,392,0,True
public_0028,buying,3,Leather,store,False,"[""title"", ""features"", ""details""]",3,not_retrieved,not_retrieved,,True
public_0028,buying,3,Leather,price,False,"[""title"", ""features"", ""details""]",3,not_retrieved,not_retrieved,,True
public_0028,buying,4,Polyester lining,title,False,"[""features""]",1,115,141,-26,True
public_0028,buying,4,Polyester lining,features,True,"[""features""]",1,240,140,100,True
public_0028,buying,4,Polyester lining,details,False,"[""features""]",1,not_retrieved,not_retrieved,,True
public_0028,buying,4,Polyester lining,description,False,"[""features""]",1,not_retrieved,not_retrieved,,True
public_0028,buying,4,Polyester lining,categories,False,"[""features""]",1,392,392,0,True
public_0028,buying,4,Polyester lining,store,False,"[""features""]",1,not_retrieved,not_retrieved,,True
public_0028,buying,4,Polyester lining,price,False,"[""features""]",1,not_retrieved,not_retrieved,,True
public_0029,buying,1,fabric,title,False,"[""description""]",1,not_retrieved,not_retrieved,,True
public_0029,buying,1,fabric,features,False,"[""description""]",1,not_retrieved,not_retrieved,,True
public_0029,buying,1,fabric,details,False,"[""description""]",1,33,91,-58,True
public_0029,buying,1,fabric,description,True,"[""description""]",1,243,136,107,True
public_0029,buying,1,fabric,categories,False,"[""description""]",1,164,164,0,True
public_0029,buying,1,fabric,store,False,"[""description""]",1,not_retrieved,not_retrieved,,True
public_0029,buying,1,fabric,price,False,"[""description""]",1,not_retrieved,not_retrieved,,True
public_0029,buying,2,"Back for a second time, it's the ever comfy, ever stylish Yoga Sling 2 sandal from Sanuk®. A sandal that's a flexible as you—win!",title,False,"[""features""]",1,not_retrieved,1,,True
public_0029,buying,2,"Back for a second time, it's the ever comfy, ever stylish Yoga Sling 2 sandal from Sanuk®. A sandal that's a flexible as you—win!",features,True,"[""features""]",1,not_retrieved,1,,True
public_0029,buying,2,"Back for a second time, it's the ever comfy, ever stylish Yoga Sling 2 sandal from Sanuk®. A sandal that's a flexible as you—win!",details,False,"[""features""]",1,33,2,31,True
public_0029,buying,2,"Back for a second time, it's the ever comfy, ever stylish Yoga Sling 2 sandal from Sanuk®. A sandal that's a flexible as you—win!",description,False,"[""features""]",1,243,1,242,True
public_0029,buying,2,"Back for a second time, it's the ever comfy, ever stylish Yoga Sling 2 sandal from Sanuk®. A sandal that's a flexible as you—win!",categories,False,"[""features""]",1,164,185,-21,True
public_0029,buying,2,"Back for a second time, it's the ever comfy, ever stylish Yoga Sling 2 sandal from Sanuk®. A sandal that's a flexible as you—win!",store,False,"[""features""]",1,not_retrieved,40,,True
public_0029,buying,2,"Back for a second time, it's the ever comfy, ever stylish Yoga Sling 2 sandal from Sanuk®. A sandal that's a flexible as you—win!",price,False,"[""features""]",1,not_retrieved,not_retrieved,,True
public_0029,buying,3,"New lightweight, two-way stretch knit upper with sling comfort construction",title,False,"[""features""]",1,not_retrieved,232,,True
public_0029,buying,3,"New lightweight, two-way stretch knit upper with sling comfort construction",features,True,"[""features""]",1,not_retrieved,2,,True
public_0029,buying,3,"New lightweight, two-way stretch knit upper with sling comfort construction",details,False,"[""features""]",1,33,11,22,True
public_0029,buying,3,"New lightweight, two-way stretch knit upper with sling comfort construction",description,False,"[""features""]",1,243,10,233,True
public_0029,buying,3,"New lightweight, two-way stretch knit upper with sling comfort construction",categories,False,"[""features""]",1,164,176,-12,True
public_0029,buying,3,"New lightweight, two-way stretch knit upper with sling comfort construction",store,False,"[""features""]",1,not_retrieved,not_retrieved,,True
public_0029,buying,3,"New lightweight, two-way stretch knit upper with sling comfort construction",price,False,"[""features""]",1,not_retrieved,not_retrieved,,True
public_0029,buying,4,Sealed edge footbed made from real yoga mats,title,False,"[""features""]",1,not_retrieved,524,,True
public_0029,buying,4,Sealed edge footbed made from real yoga mats,features,True,"[""features""]",1,not_retrieved,3,,True
public_0029,buying,4,Sealed edge footbed made from real yoga mats,details,False,"[""features""]",1,33,23,10,True
public_0029,buying,4,Sealed edge footbed made from real yoga mats,description,False,"[""features""]",1,243,3,240,True
public_0029,buying,4,Sealed edge footbed made from real yoga mats,categories,False,"[""features""]",1,164,171,-7,True
public_0029,buying,4,Sealed edge footbed made from real yoga mats,store,False,"[""features""]",1,not_retrieved,not_retrieved,,True
public_0029,buying,4,Sealed edge footbed made from real yoga mats,price,False,"[""features""]",1,not_retrieved,not_retrieved,,True
public_0030,buying,1,polyester,title,False,"[""features""]",1,not_retrieved,not_retrieved,,True
public_0030,buying,1,polyester,features,True,"[""features""]",1,46,35,11,True
public_0030,buying,1,polyester,details,False,"[""features""]",1,not_retrieved,not_retrieved,,True
public_0030,buying,1,polyester,description,False,"[""features""]",1,279,762,-483,True
public_0030,buying,1,polyester,categories,False,"[""features""]",1,144,144,0,True
public_0030,buying,1,polyester,store,False,"[""features""]",1,not_retrieved,not_retrieved,,True
public_0030,buying,1,polyester,price,False,"[""features""]",1,not_retrieved,not_retrieved,,True
public_0030,buying,2,"Polyester,Polar Fleece",title,False,"[""features""]",1,not_retrieved,not_retrieved,,True
public_0030,buying,2,"Polyester,Polar Fleece",features,True,"[""features""]",1,46,15,31,True
public_0030,buying,2,"Polyester,Polar Fleece",details,False,"[""features""]",1,not_retrieved,not_retrieved,,True
public_0030,buying,2,"Polyester,Polar Fleece",description,False,"[""features""]",1,279,499,-220,True
public_0030,buying,2,"Polyester,Polar Fleece",categories,False,"[""features""]",1,144,144,0,True
public_0030,buying,2,"Polyester,Polar Fleece",store,False,"[""features""]",1,not_retrieved,not_retrieved,,True
public_0030,buying,2,"Polyester,Polar Fleece",price,False,"[""features""]",1,not_retrieved,not_retrieved,,True
public_0030,buying,3,Button closure,title,False,"[""features""]",1,not_retrieved,not_retrieved,,True
public_0030,buying,3,Button closure,features,True,"[""features""]",1,46,29,17,True
public_0030,buying,3,Button closure,details,False,"[""features""]",1,not_retrieved,not_retrieved,,True
public_0030,buying,3,Button closure,description,False,"[""features""]",1,279,563,-284,True
public_0030,buying,3,Button closure,categories,False,"[""features""]",1,144,144,0,True
public_0030,buying,3,Button closure,store,False,"[""features""]",1,not_retrieved,not_retrieved,,True
public_0030,buying,3,Button closure,price,False,"[""features""]",1,not_retrieved,not_retrieved,,True
public_0030,buying,4,Hand Wash Only,title,False,"[""features""]",1,not_retrieved,not_retrieved,,True
public_0030,buying,4,Hand Wash Only,features,True,"[""features""]",1,46,45,1,True
public_0030,buying,4,Hand Wash Only,details,False,"[""features""]",1,not_retrieved,not_retrieved,,True
public_0030,buying,4,Hand Wash Only,description,False,"[""features""]",1,279,1382,-1103,True
public_0030,buying,4,Hand Wash Only,categories,False,"[""features""]",1,144,144,0,True
public_0030,buying,4,Hand Wash Only,store,False,"[""features""]",1,not_retrieved,not_retrieved,,True
public_0030,buying,4,Hand Wash Only,price,False,"[""features""]",1,not_retrieved,not_retrieved,,True
public_0031,buying,1,cotton,title,False,"[""features""]",1,267,289,-22,True
public_0031,buying,1,cotton,features,True,"[""features""]",1,not_retrieved,9457,,True
public_0031,buying,1,cotton,details,False,"[""features""]",1,286,451,-165,True
public_0031,buying,1,cotton,description,False,"[""features""]",1,27,87,-60,True
public_0031,buying,1,cotton,categories,False,"[""features""]",1,312,340,-28,True
public_0031,buying,1,cotton,store,False,"[""features""]",1,not_retrieved,not_retrieved,,True
public_0031,buying,1,cotton,price,False,"[""features""]",1,not_retrieved,not_retrieved,,True
public_0031,buying,2,"78% Cotton, 20% Polyester, 2% Elastane",title,False,"[""features""]",1,267,429,-162,True
public_0031,buying,2,"78% Cotton, 20% Polyester, 2% Elastane",features,True,"[""features""]",1,not_retrieved,2,,True
public_0031,buying,2,"78% Cotton, 20% Polyester, 2% Elastane",details,False,"[""features""]",1,286,1478,-1192,True
public_0031,buying,2,"78% Cotton, 20% Polyester, 2% Elastane",description,False,"[""features""]",1,27,405,-378,True
public_0031,buying,2,"78% Cotton, 20% Polyester, 2% Elastane",categories,False,"[""features""]",1,312,351,-39,True
public_0031,buying,2,"78% Cotton, 20% Polyester, 2% Elastane",store,False,"[""features""]",1,not_retrieved,not_retrieved,,True
public_0031,buying,2,"78% Cotton, 20% Polyester, 2% Elastane",price,False,"[""features""]",1,not_retrieved,not_retrieved,,True
public_0031,buying,3,Imported,title,False,"[""features""]",1,267,270,-3,True
public_0031,buying,3,Imported,features,True,"[""features""]",1,not_retrieved,14051,,True
public_0031,buying,3,Imported,details,False,"[""features""]",1,286,316,-30,True
public_0031,buying,3,Imported,description,False,"[""features""]",1,27,46,-19,True
public_0031,buying,3,Imported,categories,False,"[""features""]",1,312,312,0,True
public_0031,buying,3,Imported,store,False,"[""features""]",1,not_retrieved,not_retrieved,,True
public_0031,buying,3,Imported,price,False,"[""features""]",1,not_retrieved,not_retrieved,,True
public_0031,buying,4,Zipper closure,title,False,"[""features""]",1,267,414,-147,True
public_0031,buying,4,Zipper closure,features,True,"[""features""]",1,not_retrieved,2728,,True
public_0031,buying,4,Zipper closure,details,False,"[""features""]",1,286,496,-210,True
public_0031,buying,4,Zipper closure,description,False,"[""features""]",1,27,211,-184,True
public_0031,buying,4,Zipper closure,categories,False,"[""features""]",1,312,312,0,True
public_0031,buying,4,Zipper closure,store,False,"[""features""]",1,not_retrieved,not_retrieved,,True
public_0031,buying,4,Zipper closure,price,False,"[""features""]",1,not_retrieved,not_retrieved,,True
public_0032,buying,1,cotton,title,True,"[""title"", ""features""]",2,69,42,27,True
public_0032,buying,1,cotton,features,True,"[""title"", ""features""]",2,37,15,22,True
public_0032,buying,1,cotton,details,False,"[""title"", ""features""]",2,not_retrieved,not_retrieved,,True
public_0032,buying,1,cotton,description,False,"[""title"", ""features""]",2,not_retrieved,not_retrieved,,True
public_0032,buying,1,cotton,categories,False,"[""title"", ""features""]",2,98,98,0,True
public_0032,buying,1,cotton,store,False,"[""title"", ""features""]",2,not_retrieved,not_retrieved,,True
public_0032,buying,1,cotton,price,False,"[""title"", ""features""]",2,not_retrieved,not_retrieved,,True
public_0032,buying,2,100% Cotton,title,True,"[""title"", ""features""]",2,69,10,59,True
public_0032,buying,2,100% Cotton,features,True,"[""title"", ""features""]",2,37,13,24,True
public_0032,buying,2,100% Cotton,details,False,"[""title"", ""features""]",2,not_retrieved,not_retrieved,,True
public_0032,buying,2,100% Cotton,description,False,"[""title"", ""features""]",2,not_retrieved,not_retrieved,,True
public_0032,buying,2,100% Cotton,categories,False,"[""title"", ""features""]",2,98,98,0,True
public_0032,buying,2,100% Cotton,store,False,"[""title"", ""features""]",2,not_retrieved,not_retrieved,,True
public_0032,buying,2,100% Cotton,price,False,"[""title"", ""features""]",2,not_retrieved,not_retrieved,,True
public_0032,buying,3,Pull On closure,title,False,"[""features""]",1,69,190,-121,True
public_0032,buying,3,Pull On closure,features,True,"[""features""]",1,37,21,16,True
public_0032,buying,3,Pull On closure,details,False,"[""features""]",1,not_retrieved,not_retrieved,,True
public_0032,buying,3,Pull On closure,description,False,"[""features""]",1,not_retrieved,not_retrieved,,True
public_0032,buying,3,Pull On closure,categories,False,"[""features""]",1,98,98,0,True
public_0032,buying,3,Pull On closure,store,False,"[""features""]",1,not_retrieved,not_retrieved,,True
public_0032,buying,3,Pull On closure,price,False,"[""features""]",1,not_retrieved,not_retrieved,,True
public_0032,buying,4,Hand Wash Only,title,False,"[""features""]",1,69,130,-61,True
public_0032,buying,4,Hand Wash Only,features,True,"[""features""]",1,37,25,12,True
public_0032,buying,4,Hand Wash Only,details,False,"[""features""]",1,not_retrieved,not_retrieved,,True
public_0032,buying,4,Hand Wash Only,description,False,"[""features""]",1,not_retrieved,not_retrieved,,True
public_0032,buying,4,Hand Wash Only,categories,False,"[""features""]",1,98,98,0,True
public_0032,buying,4,Hand Wash Only,store,False,"[""features""]",1,not_retrieved,not_retrieved,,True
public_0032,buying,4,Hand Wash Only,price,False,"[""features""]",1,not_retrieved,not_retrieved,,True
public_0033,browsing,1,fabric,title,False,"[""features""]",1,1131,1245,-114,True
public_0033,browsing,1,fabric,features,True,"[""features""]",1,164,55,109,True
public_0033,browsing,1,fabric,details,False,"[""features""]",1,not_retrieved,not_retrieved,,True
public_0033,browsing,1,fabric,description,False,"[""features""]",1,not_retrieved,not_retrieved,,True
public_0033,browsing,1,fabric,categories,False,"[""features""]",1,201,201,0,True
public_0033,browsing,1,fabric,store,False,"[""features""]",1,not_retrieved,not_retrieved,,True
public_0033,browsing,1,fabric,price,False,"[""features""]",1,not_retrieved,not_retrieved,,True
public_0033,browsing,2,Mesh Fabric,title,False,"[""features""]",1,1131,256,875,True
public_0033,browsing,2,Mesh Fabric,features,True,"[""features""]",1,164,60,104,True
public_0033,browsing,2,Mesh Fabric,details,False,"[""features""]",1,not_retrieved,not_retrieved,,True
public_0033,browsing,2,Mesh Fabric,description,False,"[""features""]",1,not_retrieved,not_retrieved,,True
public_0033,browsing,2,Mesh Fabric,categories,False,"[""features""]",1,201,201,0,True
public_0033,browsing,2,Mesh Fabric,store,False,"[""features""]",1,not_retrieved,not_retrieved,,True
public_0033,browsing,2,Mesh Fabric,price,False,"[""features""]",1,not_retrieved,not_retrieved,,True
public_0033,browsing,3,Imported,title,False,"[""features""]",1,1131,1134,-3,True
public_0033,browsing,3,Imported,features,True,"[""features""]",1,164,139,25,True
public_0033,browsing,3,Imported,details,False,"[""features""]",1,not_retrieved,not_retrieved,,True
public_0033,browsing,3,Imported,description,False,"[""features""]",1,not_retrieved,not_retrieved,,True
public_0033,browsing,3,Imported,categories,False,"[""features""]",1,201,201,0,True
public_0033,browsing,3,Imported,store,False,"[""features""]",1,not_retrieved,not_retrieved,,True
public_0033,browsing,3,Imported,price,False,"[""features""]",1,not_retrieved,not_retrieved,,True
public_0033,browsing,4,MD + Air Cushion sole,title,False,"[""features""]",1,1131,23,1108,True
public_0033,browsing,4,MD + Air Cushion sole,features,True,"[""features""]",1,164,3,161,True
public_0033,browsing,4,MD + Air Cushion sole,details,False,"[""features""]",1,not_retrieved,not_retrieved,,True
public_0033,browsing,4,MD + Air Cushion sole,description,False,"[""features""]",1,not_retrieved,not_retrieved,,True
public_0033,browsing,4,MD + Air Cushion sole,categories,False,"[""features""]",1,201,201,0,True
public_0033,browsing,4,MD + Air Cushion sole,store,False,"[""features""]",1,not_retrieved,not_retrieved,,True
public_0033,browsing,4,MD + Air Cushion sole,price,False,"[""features""]",1,not_retrieved,not_retrieved,,True
public_0034,intent_override,1,leather,title,True,"[""title"", ""features""]",2,18,15,3,True
public_0034,intent_override,1,leather,features,True,"[""title"", ""features""]",2,7,3,4,True
public_0034,intent_override,1,leather,details,False,"[""title"", ""features""]",2,not_retrieved,not_retrieved,,True
public_0034,intent_override,1,leather,description,False,"[""title"", ""features""]",2,not_retrieved,not_retrieved,,True
public_0034,intent_override,1,leather,categories,False,"[""title"", ""features""]",2,514,514,0,True
public_0034,intent_override,1,leather,store,False,"[""title"", ""features""]",2,not_retrieved,not_retrieved,,True
public_0034,intent_override,1,leather,price,False,"[""title"", ""features""]",2,not_retrieved,not_retrieved,,True
public_0034,intent_override,2,Rubber sole,title,False,"[""features""]",1,18,49,-31,True
public_0034,intent_override,2,Rubber sole,features,True,"[""features""]",1,7,1,6,True
public_0034,intent_override,2,Rubber sole,details,False,"[""features""]",1,not_retrieved,not_retrieved,,True
public_0034,intent_override,2,Rubber sole,description,False,"[""features""]",1,not_retrieved,not_retrieved,,True
public_0034,intent_override,2,Rubber sole,categories,False,"[""features""]",1,514,514,0,True
public_0034,intent_override,2,Rubber sole,store,False,"[""features""]",1,not_retrieved,not_retrieved,,True
public_0034,intent_override,2,Rubber sole,price,False,"[""features""]",1,not_retrieved,not_retrieved,,True
public_0034,intent_override,3,"Cowhide Leather,Rubber Sole,Hand-Sewn Loafers for Women",title,False,"[""features""]",1,18,17,1,True
public_0034,intent_override,3,"Cowhide Leather,Rubber Sole,Hand-Sewn Loafers for Women",features,True,"[""features""]",1,7,1,6,True
public_0034,intent_override,3,"Cowhide Leather,Rubber Sole,Hand-Sewn Loafers for Women",details,False,"[""features""]",1,not_retrieved,not_retrieved,,True
public_0034,intent_override,3,"Cowhide Leather,Rubber Sole,Hand-Sewn Loafers for Women",description,False,"[""features""]",1,not_retrieved,not_retrieved,,True
public_0034,intent_override,3,"Cowhide Leather,Rubber Sole,Hand-Sewn Loafers for Women",categories,False,"[""features""]",1,514,245,269,True
public_0034,intent_override,3,"Cowhide Leather,Rubber Sole,Hand-Sewn Loafers for Women",store,False,"[""features""]",1,not_retrieved,not_retrieved,,True
public_0034,intent_override,3,"Cowhide Leather,Rubber Sole,Hand-Sewn Loafers for Women",price,False,"[""features""]",1,not_retrieved,not_retrieved,,True
public_0034,intent_override,4,"Leather Loafers Women:can be bend and curled in 360°,soft and comfortable",title,False,"[""features""]",1,18,11,7,True
public_0034,intent_override,4,"Leather Loafers Women:can be bend and curled in 360°,soft and comfortable",features,True,"[""features""]",1,7,1,6,True
public_0034,intent_override,4,"Leather Loafers Women:can be bend and curled in 360°,soft and comfortable",details,False,"[""features""]",1,not_retrieved,not_retrieved,,True
public_0034,intent_override,4,"Leather Loafers Women:can be bend and curled in 360°,soft and comfortable",description,False,"[""features""]",1,not_retrieved,not_retrieved,,True
public_0034,intent_override,4,"Leather Loafers Women:can be bend and curled in 360°,soft and comfortable",categories,False,"[""features""]",1,514,248,266,True
public_0034,intent_override,4,"Leather Loafers Women:can be bend and curled in 360°,soft and comfortable",store,False,"[""features""]",1,not_retrieved,not_retrieved,,True
public_0034,intent_override,4,"Leather Loafers Women:can be bend and curled in 360°,soft and comfortable",price,False,"[""features""]",1,not_retrieved,not_retrieved,,True
public_0035,boundary,1,fabric,title,False,"[""features"", ""description""]",2,24,31,-7,True
public_0035,boundary,1,fabric,features,True,"[""features"", ""description""]",2,7,5,2,True
public_0035,boundary,1,fabric,details,False,"[""features"", ""description""]",2,not_retrieved,not_retrieved,,True
public_0035,boundary,1,fabric,description,True,"[""features"", ""description""]",2,133,119,14,True
public_0035,boundary,1,fabric,categories,False,"[""features"", ""description""]",2,340,340,0,True
public_0035,boundary,1,fabric,store,False,"[""features"", ""description""]",2,not_retrieved,not_retrieved,,True
public_0035,boundary,1,fabric,price,False,"[""features"", ""description""]",2,not_retrieved,not_retrieved,,True
public_0035,boundary,2,100% Textile,title,False,"[""features""]",1,24,33,-9,True
public_0035,boundary,2,100% Textile,features,True,"[""features""]",1,7,2,5,True
public_0035,boundary,2,100% Textile,details,False,"[""features""]",1,not_retrieved,not_retrieved,,True
public_0035,boundary,2,100% Textile,description,False,"[""features""]",1,133,229,-96,True
public_0035,boundary,2,100% Textile,categories,False,"[""features""]",1,340,348,-8,True
public_0035,boundary,2,100% Textile,store,False,"[""features""]",1,not_retrieved,not_retrieved,,True
public_0035,boundary,2,100% Textile,price,False,"[""features""]",1,not_retrieved,not_retrieved,,True
public_0035,boundary,3,Imported,title,False,"[""features""]",1,24,26,-2,True
public_0035,boundary,3,Imported,features,True,"[""features""]",1,7,7,0,True
public_0035,boundary,3,Imported,details,False,"[""features""]",1,not_retrieved,not_retrieved,,True
public_0035,boundary,3,Imported,description,False,"[""features""]",1,133,184,-51,True
public_0035,boundary,3,Imported,categories,False,"[""features""]",1,340,340,0,True
public_0035,boundary,3,Imported,store,False,"[""features""]",1,not_retrieved,not_retrieved,,True
public_0035,boundary,3,Imported,price,False,"[""features""]",1,not_retrieved,not_retrieved,,True
public_0035,boundary,4,Rubber sole,title,False,"[""features""]",1,24,84,-60,True
public_0035,boundary,4,Rubber sole,features,True,"[""features""]",1,7,6,1,True
public_0035,boundary,4,Rubber sole,details,False,"[""features""]",1,not_retrieved,not_retrieved,,True
public_0035,boundary,4,Rubber sole,description,False,"[""features""]",1,133,297,-164,True
public_0035,boundary,4,Rubber sole,categories,False,"[""features""]",1,340,340,0,True
public_0035,boundary,4,Rubber sole,store,False,"[""features""]",1,not_retrieved,not_retrieved,,True
public_0035,boundary,4,Rubber sole,price,False,"[""features""]",1,not_retrieved,not_retrieved,,True
public_0036,browsing,1,leather,title,True,"[""title""]",1,106,42,64,True
public_0036,browsing,1,leather,features,False,"[""title""]",1,40,40,0,True
public_0036,browsing,1,leather,details,False,"[""title""]",1,not_retrieved,not_retrieved,,True
public_0036,browsing,1,leather,description,False,"[""title""]",1,not_retrieved,not_retrieved,,True
public_0036,browsing,1,leather,categories,False,"[""title""]",1,372,372,0,True
public_0036,browsing,1,leather,store,False,"[""title""]",1,not_retrieved,not_retrieved,,True
public_0036,browsing,1,leather,price,False,"[""title""]",1,not_retrieved,not_retrieved,,True
public_0036,browsing,2,color: pink,title,False,[],0,106,118,-12,True
public_0036,browsing,2,color: pink,features,False,[],0,40,25,15,True
public_0036,browsing,2,color: pink,details,False,[],0,not_retrieved,not_retrieved,,True
public_0036,browsing,2,color: pink,description,False,[],0,not_retrieved,not_retrieved,,True
public_0036,browsing,2,color: pink,categories,False,[],0,372,372,0,True
public_0036,browsing,2,color: pink,store,False,[],0,not_retrieved,not_retrieved,,True
public_0036,browsing,2,color: pink,price,False,[],0,not_retrieved,not_retrieved,,True
public_0036,browsing,3,"DAILY JEWELRY SET: 47 Pairs earrings in 1 collection Box, Various trendy styles, hoop earrings, drop earrings, dangle earrings,stud earrings, offer you many options to wear, Chic d",title,False,"[""features""]",1,106,1,105,True
public_0036,browsing,3,"DAILY JEWELRY SET: 47 Pairs earrings in 1 collection Box, Various trendy styles, hoop earrings, drop earrings, dangle earrings,stud earrings, offer you many options to wear, Chic d",features,True,"[""features""]",1,40,1,39,True
public_0036,browsing,3,"DAILY JEWELRY SET: 47 Pairs earrings in 1 collection Box, Various trendy styles, hoop earrings, drop earrings, dangle earrings,stud earrings, offer you many options to wear, Chic d",details,False,"[""features""]",1,not_retrieved,not_retrieved,,True
public_0036,browsing,3,"DAILY JEWELRY SET: 47 Pairs earrings in 1 collection Box, Various trendy styles, hoop earrings, drop earrings, dangle earrings,stud earrings, offer you many options to wear, Chic d",description,False,"[""features""]",1,not_retrieved,not_retrieved,,True
public_0036,browsing,3,"DAILY JEWELRY SET: 47 Pairs earrings in 1 collection Box, Various trendy styles, hoop earrings, drop earrings, dangle earrings,stud earrings, offer you many options to wear, Chic d",categories,False,"[""features""]",1,372,404,-32,True
public_0036,browsing,3,"DAILY JEWELRY SET: 47 Pairs earrings in 1 collection Box, Various trendy styles, hoop earrings, drop earrings, dangle earrings,stud earrings, offer you many options to wear, Chic d",store,False,"[""features""]",1,not_retrieved,not_retrieved,,True
public_0036,browsing,3,"DAILY JEWELRY SET: 47 Pairs earrings in 1 collection Box, Various trendy styles, hoop earrings, drop earrings, dangle earrings,stud earrings, offer you many options to wear, Chic d",price,False,"[""features""]",1,not_retrieved,not_retrieved,,True
public_0036,browsing,4,"FASHIONABLE EARRINGS BULK: Each pair of the earrings is carefully selected from the most popular earrings favored by customers.These fashion dangle earring set including butterfly,",title,False,"[""features""]",1,106,4,102,True
public_0036,browsing,4,"FASHIONABLE EARRINGS BULK: Each pair of the earrings is carefully selected from the most popular earrings favored by customers.These fashion dangle earring set including butterfly,",features,True,"[""features""]",1,40,1,39,True
public_0036,browsing,4,"FASHIONABLE EARRINGS BULK: Each pair of the earrings is carefully selected from the most popular earrings favored by customers.These fashion dangle earring set including butterfly,",details,False,"[""features""]",1,not_retrieved,not_retrieved,,True
public_0036,browsing,4,"FASHIONABLE EARRINGS BULK: Each pair of the earrings is carefully selected from the most popular earrings favored by customers.These fashion dangle earring set including butterfly,",description,False,"[""features""]",1,not_retrieved,not_retrieved,,True
public_0036,browsing,4,"FASHIONABLE EARRINGS BULK: Each pair of the earrings is carefully selected from the most popular earrings favored by customers.These fashion dangle earring set including butterfly,",categories,False,"[""features""]",1,372,402,-30,True
public_0036,browsing,4,"FASHIONABLE EARRINGS BULK: Each pair of the earrings is carefully selected from the most popular earrings favored by customers.These fashion dangle earring set including butterfly,",store,False,"[""features""]",1,not_retrieved,not_retrieved,,True
public_0036,browsing,4,"FASHIONABLE EARRINGS BULK: Each pair of the earrings is carefully selected from the most popular earrings favored by customers.These fashion dangle earring set including butterfly,",price,False,"[""features""]",1,not_retrieved,not_retrieved,,True
public_0037,browsing,1,cotton,title,False,"[""features""]",1,9,31,-22,True
public_0037,browsing,1,cotton,features,True,"[""features""]",1,not_retrieved,7044,,True
public_0037,browsing,1,cotton,details,False,"[""features""]",1,407,576,-169,True
public_0037,browsing,1,cotton,description,False,"[""features""]",1,not_retrieved,not_retrieved,,True
public_0037,browsing,1,cotton,categories,False,"[""features""]",1,17,17,0,True
public_0037,browsing,1,cotton,store,False,"[""features""]",1,not_retrieved,not_retrieved,,True
public_0037,browsing,1,cotton,price,False,"[""features""]",1,not_retrieved,not_retrieved,,True
public_0037,browsing,2,Imported,title,False,"[""features""]",1,9,11,-2,True
public_0037,browsing,2,Imported,features,True,"[""features""]",1,not_retrieved,14027,,True
public_0037,browsing,2,Imported,details,False,"[""features""]",1,407,433,-26,True
public_0037,browsing,2,Imported,description,False,"[""features""]",1,not_retrieved,not_retrieved,,True
public_0037,browsing,2,Imported,categories,False,"[""features""]",1,17,17,0,True
public_0037,browsing,2,Imported,store,False,"[""features""]",1,not_retrieved,not_retrieved,,True
public_0037,browsing,2,Imported,price,False,"[""features""]",1,not_retrieved,not_retrieved,,True
public_0037,browsing,3,Pull On closure,title,False,"[""features""]",1,9,1,8,True
public_0037,browsing,3,Pull On closure,features,True,"[""features""]",1,not_retrieved,4575,,True
public_0037,browsing,3,Pull On closure,details,False,"[""features""]",1,407,721,-314,True
public_0037,browsing,3,Pull On closure,description,False,"[""features""]",1,not_retrieved,not_retrieved,,True
public_0037,browsing,3,Pull On closure,categories,False,"[""features""]",1,17,25,-8,True
public_0037,browsing,3,Pull On closure,store,False,"[""features""]",1,not_retrieved,not_retrieved,,True
public_0037,browsing,3,Pull On closure,price,False,"[""features""]",1,not_retrieved,not_retrieved,,True
public_0037,browsing,4,Machine Wash,title,False,"[""features""]",1,9,28,-19,True
public_0037,browsing,4,Machine Wash,features,True,"[""features""]",1,not_retrieved,9683,,True
public_0037,browsing,4,Machine Wash,details,False,"[""features""]",1,407,483,-76,True
public_0037,browsing,4,Machine Wash,description,False,"[""features""]",1,not_retrieved,not_retrieved,,True
public_0037,browsing,4,Machine Wash,categories,False,"[""features""]",1,17,17,0,True
public_0037,browsing,4,Machine Wash,store,False,"[""features""]",1,not_retrieved,not_retrieved,,True
public_0037,browsing,4,Machine Wash,price,False,"[""features""]",1,not_retrieved,not_retrieved,,True
public_0038,intent_override,1,Textile,title,False,"[""features""]",1,not_retrieved,not_retrieved,,True
public_0038,intent_override,1,Textile,features,True,"[""features""]",1,not_retrieved,765,,True
public_0038,intent_override,1,Textile,details,False,"[""features""]",1,not_retrieved,not_retrieved,,True
public_0038,intent_override,1,Textile,description,False,"[""features""]",1,not_retrieved,not_retrieved,,True
public_0038,intent_override,1,Textile,categories,False,"[""features""]",1,637,637,0,True
public_0038,intent_override,1,Textile,store,False,"[""features""]",1,not_retrieved,not_retrieved,,True
public_0038,intent_override,1,Textile,price,False,"[""features""]",1,not_retrieved,not_retrieved,,True
public_0038,intent_override,2,Made in the USA or Imported,title,False,"[""features""]",1,not_retrieved,not_retrieved,,True
public_0038,intent_override,2,Made in the USA or Imported,features,True,"[""features""]",1,not_retrieved,181,,True
public_0038,intent_override,2,Made in the USA or Imported,details,False,"[""features""]",1,not_retrieved,not_retrieved,,True
public_0038,intent_override,2,Made in the USA or Imported,description,False,"[""features""]",1,not_retrieved,not_retrieved,,True
public_0038,intent_override,2,Made in the USA or Imported,categories,False,"[""features""]",1,637,664,-27,True
public_0038,intent_override,2,Made in the USA or Imported,store,False,"[""features""]",1,not_retrieved,not_retrieved,,True
public_0038,intent_override,2,Made in the USA or Imported,price,False,"[""features""]",1,not_retrieved,not_retrieved,,True
public_0038,intent_override,3,Synthetic sole,title,False,"[""features""]",1,not_retrieved,not_retrieved,,True
public_0038,intent_override,3,Synthetic sole,features,True,"[""features""]",1,not_retrieved,2293,,True
public_0038,intent_override,3,Synthetic sole,details,False,"[""features""]",1,not_retrieved,not_retrieved,,True
public_0038,intent_override,3,Synthetic sole,description,False,"[""features""]",1,not_retrieved,not_retrieved,,True
public_0038,intent_override,3,Synthetic sole,categories,False,"[""features""]",1,637,637,0,True
public_0038,intent_override,3,Synthetic sole,store,False,"[""features""]",1,not_retrieved,not_retrieved,,True
public_0038,intent_override,3,Synthetic sole,price,False,"[""features""]",1,not_retrieved,not_retrieved,,True
public_0038,intent_override,4,Lace Slip On Sneaker,title,False,"[""features"", ""description""]",2,not_retrieved,2360,,True
public_0038,intent_override,4,Lace Slip On Sneaker,features,True,"[""features"", ""description""]",2,not_retrieved,15,,True
public_0038,intent_override,4,Lace Slip On Sneaker,details,False,"[""features"", ""description""]",2,not_retrieved,not_retrieved,,True
public_0038,intent_override,4,Lace Slip On Sneaker,description,True,"[""features"", ""description""]",2,not_retrieved,3,,True
public_0038,intent_override,4,Lace Slip On Sneaker,categories,False,"[""features"", ""description""]",2,637,647,-10,True
public_0038,intent_override,4,Lace Slip On Sneaker,store,False,"[""features"", ""description""]",2,not_retrieved,not_retrieved,,True
public_0038,intent_override,4,Lace Slip On Sneaker,price,False,"[""features"", ""description""]",2,not_retrieved,not_retrieved,,True
public_0039,browsing,1,polyester,title,False,"[""features""]",1,12481,12529,-48,True
public_0039,browsing,1,polyester,features,True,"[""features""]",1,3577,1861,1716,True
public_0039,browsing,1,polyester,details,False,"[""features""]",1,not_retrieved,not_retrieved,,True
public_0039,browsing,1,polyester,description,False,"[""features""]",1,not_retrieved,not_retrieved,,True
public_0039,browsing,1,polyester,categories,False,"[""features""]",1,15,15,0,True
public_0039,browsing,1,polyester,store,False,"[""features""]",1,not_retrieved,not_retrieved,,True
public_0039,browsing,1,polyester,price,False,"[""features""]",1,not_retrieved,not_retrieved,,True
public_0039,browsing,2,"80% Polyester, 20% Spandex",title,False,"[""features""]",1,12481,12821,-340,True
public_0039,browsing,2,"80% Polyester, 20% Spandex",features,True,"[""features""]",1,3577,169,3408,True
public_0039,browsing,2,"80% Polyester, 20% Spandex",details,False,"[""features""]",1,not_retrieved,not_retrieved,,True
public_0039,browsing,2,"80% Polyester, 20% Spandex",description,False,"[""features""]",1,not_retrieved,not_retrieved,,True
public_0039,browsing,2,"80% Polyester, 20% Spandex",categories,False,"[""features""]",1,15,26,-11,True
public_0039,browsing,2,"80% Polyester, 20% Spandex",store,False,"[""features""]",1,not_retrieved,not_retrieved,,True
public_0039,browsing,2,"80% Polyester, 20% Spandex",price,False,"[""features""]",1,not_retrieved,not_retrieved,,True
public_0039,browsing,3,Zipper closure,title,False,"[""features""]",1,12481,12981,-500,True
public_0039,browsing,3,Zipper closure,features,True,"[""features""]",1,3577,1566,2011,True
public_0039,browsing,3,Zipper closure,details,False,"[""features""]",1,not_retrieved,not_retrieved,,True
public_0039,browsing,3,Zipper closure,description,False,"[""features""]",1,not_retrieved,not_retrieved,,True
public_0039,browsing,3,Zipper closure,categories,False,"[""features""]",1,15,15,0,True
public_0039,browsing,3,Zipper closure,store,False,"[""features""]",1,not_retrieved,not_retrieved,,True
public_0039,browsing,3,Zipper closure,price,False,"[""features""]",1,not_retrieved,not_retrieved,,True
public_0039,browsing,4,Hand Wash Only,title,False,"[""features""]",1,12481,12686,-205,True
public_0039,browsing,4,Hand Wash Only,features,True,"[""features""]",1,3577,2178,1399,True
public_0039,browsing,4,Hand Wash Only,details,False,"[""features""]",1,not_retrieved,not_retrieved,,True
public_0039,browsing,4,Hand Wash Only,description,False,"[""features""]",1,not_retrieved,not_retrieved,,True
public_0039,browsing,4,Hand Wash Only,categories,False,"[""features""]",1,15,121,-106,True
public_0039,browsing,4,Hand Wash Only,store,False,"[""features""]",1,not_retrieved,not_retrieved,,True
public_0039,browsing,4,Hand Wash Only,price,False,"[""features""]",1,not_retrieved,not_retrieved,,True
public_0040,browsing,1,cotton,title,False,"[""features"", ""description""]",2,not_retrieved,not_retrieved,,True
public_0040,browsing,1,cotton,features,True,"[""features"", ""description""]",2,not_retrieved,6922,,True
public_0040,browsing,1,cotton,details,False,"[""features"", ""description""]",2,not_retrieved,not_retrieved,,True
public_0040,browsing,1,cotton,description,True,"[""features"", ""description""]",2,not_retrieved,2888,,True
public_0040,browsing,1,cotton,categories,False,"[""features"", ""description""]",2,95,95,0,True
public_0040,browsing,1,cotton,store,False,"[""features"", ""description""]",2,not_retrieved,not_retrieved,,True
public_0040,browsing,1,cotton,price,False,"[""features"", ""description""]",2,not_retrieved,not_retrieved,,True
public_0040,browsing,2,color: black,title,False,[],0,not_retrieved,not_retrieved,,True
public_0040,browsing,2,color: black,features,False,[],0,not_retrieved,4244,,True
public_0040,browsing,2,color: black,details,False,[],0,not_retrieved,not_retrieved,,True
public_0040,browsing,2,color: black,description,False,[],0,not_retrieved,not_retrieved,,True
public_0040,browsing,2,color: black,categories,False,[],0,95,95,0,True
public_0040,browsing,2,color: black,store,False,[],0,not_retrieved,not_retrieved,,True
public_0040,browsing,2,color: black,price,False,[],0,not_retrieved,not_retrieved,,True
public_0040,browsing,3,100% Cotton,title,False,"[""features""]",1,not_retrieved,not_retrieved,,True
public_0040,browsing,3,100% Cotton,features,True,"[""features""]",1,not_retrieved,4787,,True
public_0040,browsing,3,100% Cotton,details,False,"[""features""]",1,not_retrieved,not_retrieved,,True
public_0040,browsing,3,100% Cotton,description,False,"[""features""]",1,not_retrieved,3909,,True
public_0040,browsing,3,100% Cotton,categories,False,"[""features""]",1,95,95,0,True
public_0040,browsing,3,100% Cotton,store,False,"[""features""]",1,not_retrieved,not_retrieved,,True
public_0040,browsing,3,100% Cotton,price,False,"[""features""]",1,not_retrieved,not_retrieved,,True
public_0040,browsing,4,Imported,title,False,"[""features""]",1,not_retrieved,not_retrieved,,True
public_0040,browsing,4,Imported,features,True,"[""features""]",1,not_retrieved,13810,,True
public_0040,browsing,4,Imported,details,False,"[""features""]",1,not_retrieved,not_retrieved,,True
public_0040,browsing,4,Imported,description,False,"[""features""]",1,not_retrieved,not_retrieved,,True
public_0040,browsing,4,Imported,categories,False,"[""features""]",1,95,95,0,True
public_0040,browsing,4,Imported,store,False,"[""features""]",1,not_retrieved,not_retrieved,,True
public_0040,browsing,4,Imported,price,False,"[""features""]",1,not_retrieved,not_retrieved,,True
public_0041,boundary,1,polyester,title,False,"[""features""]",1,not_retrieved,not_retrieved,,True
public_0041,boundary,1,polyester,features,True,"[""features""]",1,71,47,24,True
public_0041,boundary,1,polyester,details,False,"[""features""]",1,not_retrieved,not_retrieved,,True
public_0041,boundary,1,polyester,description,False,"[""features""]",1,not_retrieved,not_retrieved,,True
public_0041,boundary,1,polyester,categories,False,"[""features""]",1,467,467,0,True
public_0041,boundary,1,polyester,store,False,"[""features""]",1,not_retrieved,not_retrieved,,True
public_0041,boundary,1,polyester,price,False,"[""features""]",1,not_retrieved,not_retrieved,,True
public_0041,boundary,2,3X women tops care: Hand wash or machine wash in gentle; Hang to dry; No ironing; No shrinkage,title,False,"[""features""]",1,not_retrieved,1817,,True
public_0041,boundary,2,3X women tops care: Hand wash or machine wash in gentle; Hang to dry; No ironing; No shrinkage,features,True,"[""features""]",1,71,1,70,True
public_0041,boundary,2,3X women tops care: Hand wash or machine wash in gentle; Hang to dry; No ironing; No shrinkage,details,False,"[""features""]",1,not_retrieved,not_retrieved,,True
public_0041,boundary,2,3X women tops care: Hand wash or machine wash in gentle; Hang to dry; No ironing; No shrinkage,description,False,"[""features""]",1,not_retrieved,not_retrieved,,True
public_0041,boundary,2,3X women tops care: Hand wash or machine wash in gentle; Hang to dry; No ironing; No shrinkage,categories,False,"[""features""]",1,467,467,0,True
public_0041,boundary,2,3X women tops care: Hand wash or machine wash in gentle; Hang to dry; No ironing; No shrinkage,store,False,"[""features""]",1,not_retrieved,not_retrieved,,True
public_0041,boundary,2,3X women tops care: Hand wash or machine wash in gentle; Hang to dry; No ironing; No shrinkage,price,False,"[""features""]",1,not_retrieved,not_retrieved,,True
public_0041,boundary,3,进口,title,False,"[""features""]",1,not_retrieved,not_retrieved,,True
public_0041,boundary,3,进口,features,True,"[""features""]",1,71,71,0,True
public_0041,boundary,3,进口,details,False,"[""features""]",1,not_retrieved,not_retrieved,,True
public_0041,boundary,3,进口,description,False,"[""features""]",1,not_retrieved,not_retrieved,,True
public_0041,boundary,3,进口,categories,False,"[""features""]",1,467,467,0,True
public_0041,boundary,3,进口,store,False,"[""features""]",1,not_retrieved,not_retrieved,,True
public_0041,boundary,3,进口,price,False,"[""features""]",1,not_retrieved,not_retrieved,,True
public_0041,boundary,4,Pull On closure,title,False,"[""features""]",1,not_retrieved,not_retrieved,,True
public_0041,boundary,4,Pull On closure,features,True,"[""features""]",1,71,34,37,True
public_0041,boundary,4,Pull On closure,details,False,"[""features""]",1,not_retrieved,not_retrieved,,True
public_0041,boundary,4,Pull On closure,description,False,"[""features""]",1,not_retrieved,not_retrieved,,True
public_0041,boundary,4,Pull On closure,categories,False,"[""features""]",1,467,467,0,True
public_0041,boundary,4,Pull On closure,store,False,"[""features""]",1,not_retrieved,not_retrieved,,True
public_0041,boundary,4,Pull On closure,price,False,"[""features""]",1,not_retrieved,not_retrieved,,True
public_0042,buying,1,Imported,title,False,"[""features""]",1,not_retrieved,not_retrieved,,True
public_0042,buying,1,Imported,features,True,"[""features""]",1,211,140,71,True
public_0042,buying,1,Imported,details,False,"[""features""]",1,not_retrieved,not_retrieved,,True
public_0042,buying,1,Imported,description,False,"[""features""]",1,not_retrieved,not_retrieved,,True
public_0042,buying,1,Imported,categories,False,"[""features""]",1,744,744,0,True
public_0042,buying,1,Imported,store,False,"[""features""]",1,not_retrieved,not_retrieved,,True
public_0042,buying,1,Imported,price,False,"[""features""]",1,not_retrieved,not_retrieved,,True
public_0042,buying,2,color: green,title,False,[],0,not_retrieved,not_retrieved,,True
public_0042,buying,2,color: green,features,False,[],0,211,54,157,True
public_0042,buying,2,color: green,details,False,[],0,not_retrieved,not_retrieved,,True
public_0042,buying,2,color: green,description,False,[],0,not_retrieved,not_retrieved,,True
public_0042,buying,2,color: green,categories,False,[],0,744,749,-5,True
public_0042,buying,2,color: green,store,False,[],0,not_retrieved,not_retrieved,,True
public_0042,buying,2,color: green,price,False,[],0,not_retrieved,not_retrieved,,True
public_0042,buying,3,Gold-tone 18mm stainless steel expansion band fits up to 8-inch wrist circumference,title,False,"[""features""]",1,not_retrieved,not_retrieved,,True
public_0042,buying,3,Gold-tone 18mm stainless steel expansion band fits up to 8-inch wrist circumference,features,True,"[""features""]",1,211,1,210,True
public_0042,buying,3,Gold-tone 18mm stainless steel expansion band fits up to 8-inch wrist circumference,details,False,"[""features""]",1,not_retrieved,not_retrieved,,True
public_0042,buying,3,Gold-tone 18mm stainless steel expansion band fits up to 8-inch wrist circumference,description,False,"[""features""]",1,not_retrieved,7,,True
public_0042,buying,3,Gold-tone 18mm stainless steel expansion band fits up to 8-inch wrist circumference,categories,False,"[""features""]",1,744,754,-10,True
public_0042,buying,3,Gold-tone 18mm stainless steel expansion band fits up to 8-inch wrist circumference,store,False,"[""features""]",1,not_retrieved,not_retrieved,,True
public_0042,buying,3,Gold-tone 18mm stainless steel expansion band fits up to 8-inch wrist circumference,price,False,"[""features""]",1,not_retrieved,not_retrieved,,True
public_0042,buying,4,"100-hour chronograph with lap & split times; month, day & date calendar",title,False,"[""features""]",1,not_retrieved,not_retrieved,,True
public_0042,buying,4,"100-hour chronograph with lap & split times; month, day & date calendar",features,True,"[""features""]",1,211,1,210,True
public_0042,buying,4,"100-hour chronograph with lap & split times; month, day & date calendar",details,False,"[""features""]",1,not_retrieved,45536,,True
public_0042,buying,4,"100-hour chronograph with lap & split times; month, day & date calendar",description,False,"[""features""]",1,not_retrieved,not_retrieved,,True
public_0042,buying,4,"100-hour chronograph with lap & split times; month, day & date calendar",categories,False,"[""features""]",1,744,745,-1,True
public_0042,buying,4,"100-hour chronograph with lap & split times; month, day & date calendar",store,False,"[""features""]",1,not_retrieved,not_retrieved,,True
public_0042,buying,4,"100-hour chronograph with lap & split times; month, day & date calendar",price,False,"[""features""]",1,not_retrieved,not_retrieved,,True
public_0043,browsing,1,cotton,title,False,"[""features"", ""description""]",2,30,36,-6,True
public_0043,browsing,1,cotton,features,True,"[""features"", ""description""]",2,38,28,10,True
public_0043,browsing,1,cotton,details,False,"[""features"", ""description""]",2,not_retrieved,not_retrieved,,True
public_0043,browsing,1,cotton,description,True,"[""features"", ""description""]",2,297,138,159,True
public_0043,browsing,1,cotton,categories,False,"[""features"", ""description""]",2,319,347,-28,True
public_0043,browsing,1,cotton,store,False,"[""features"", ""description""]",2,not_retrieved,not_retrieved,,True
public_0043,browsing,1,cotton,price,False,"[""features"", ""description""]",2,not_retrieved,not_retrieved,,True
public_0043,browsing,2,"60% Cotton, 23% Viscose, 16% Polyester, 1% Elastane",title,False,"[""features""]",1,30,100,-70,True
public_0043,browsing,2,"60% Cotton, 23% Viscose, 16% Polyester, 1% Elastane",features,True,"[""features""]",1,38,1,37,True
public_0043,browsing,2,"60% Cotton, 23% Viscose, 16% Polyester, 1% Elastane",details,False,"[""features""]",1,not_retrieved,not_retrieved,,True
public_0043,browsing,2,"60% Cotton, 23% Viscose, 16% Polyester, 1% Elastane",description,False,"[""features""]",1,297,58,239,True
public_0043,browsing,2,"60% Cotton, 23% Viscose, 16% Polyester, 1% Elastane",categories,False,"[""features""]",1,319,350,-31,True
public_0043,browsing,2,"60% Cotton, 23% Viscose, 16% Polyester, 1% Elastane",store,False,"[""features""]",1,not_retrieved,not_retrieved,,True
public_0043,browsing,2,"60% Cotton, 23% Viscose, 16% Polyester, 1% Elastane",price,False,"[""features""]",1,not_retrieved,not_retrieved,,True
public_0043,browsing,3,Imported,title,False,"[""features"", ""description""]",2,30,33,-3,True
public_0043,browsing,3,Imported,features,True,"[""features"", ""description""]",2,38,25,13,True
public_0043,browsing,3,Imported,details,False,"[""features"", ""description""]",2,not_retrieved,not_retrieved,,True
public_0043,browsing,3,Imported,description,True,"[""features"", ""description""]",2,297,38,259,True
public_0043,browsing,3,Imported,categories,False,"[""features"", ""description""]",2,319,319,0,True
public_0043,browsing,3,Imported,store,False,"[""features"", ""description""]",2,not_retrieved,not_retrieved,,True
public_0043,browsing,3,Imported,price,False,"[""features"", ""description""]",2,not_retrieved,not_retrieved,,True
public_0043,browsing,4,Zipper closure,title,False,"[""features""]",1,30,61,-31,True
public_0043,browsing,4,Zipper closure,features,True,"[""features""]",1,38,10,28,True
public_0043,browsing,4,Zipper closure,details,False,"[""features""]",1,not_retrieved,not_retrieved,,True
public_0043,browsing,4,Zipper closure,description,False,"[""features""]",1,297,250,47,True
public_0043,browsing,4,Zipper closure,categories,False,"[""features""]",1,319,319,0,True
public_0043,browsing,4,Zipper closure,store,False,"[""features""]",1,not_retrieved,not_retrieved,,True
public_0043,browsing,4,Zipper closure,price,False,"[""features""]",1,not_retrieved,not_retrieved,,True
public_0044,buying,1,fabric,title,True,"[""title"", ""features""]",2,2,1,1,True
public_0044,buying,1,fabric,features,True,"[""title"", ""features""]",2,1,1,0,True
public_0044,buying,1,fabric,details,False,"[""title"", ""features""]",2,not_retrieved,not_retrieved,,True
public_0044,buying,1,fabric,description,False,"[""title"", ""features""]",2,not_retrieved,not_retrieved,,True
public_0044,buying,1,fabric,categories,False,"[""title"", ""features""]",2,8,8,0,True
public_0044,buying,1,fabric,store,False,"[""title"", ""features""]",2,not_retrieved,not_retrieved,,True
public_0044,buying,1,fabric,price,False,"[""title"", ""features""]",2,not_retrieved,not_retrieved,,True
public_0044,buying,2,"Polyester,Spandex",title,False,"[""features""]",1,2,3,-1,True
public_0044,buying,2,"Polyester,Spandex",features,True,"[""features""]",1,1,1,0,True
public_0044,buying,2,"Polyester,Spandex",details,False,"[""features""]",1,not_retrieved,not_retrieved,,True
public_0044,buying,2,"Polyester,Spandex",description,False,"[""features""]",1,not_retrieved,not_retrieved,,True
public_0044,buying,2,"Polyester,Spandex",categories,False,"[""features""]",1,8,8,0,True
public_0044,buying,2,"Polyester,Spandex",store,False,"[""features""]",1,not_retrieved,not_retrieved,,True
public_0044,buying,2,"Polyester,Spandex",price,False,"[""features""]",1,not_retrieved,not_retrieved,,True
public_0044,buying,3,Rope closure,title,False,"[""features""]",1,2,2,0,True
public_0044,buying,3,Rope closure,features,True,"[""features""]",1,1,1,0,True
public_0044,buying,3,Rope closure,details,False,"[""features""]",1,not_retrieved,not_retrieved,,True
public_0044,buying,3,Rope closure,description,False,"[""features""]",1,not_retrieved,not_retrieved,,True
public_0044,buying,3,Rope closure,categories,False,"[""features""]",1,8,8,0,True
public_0044,buying,3,Rope closure,store,False,"[""features""]",1,not_retrieved,not_retrieved,,True
public_0044,buying,3,Rope closure,price,False,"[""features""]",1,not_retrieved,not_retrieved,,True
public_0044,buying,4,"【100% chlorine-resistant durable】KGKE mens swimming jammer swimsuit have 4-Level chlorine resistant fabric,worth to prevent chaffing and fadding.FBT fabrics keep shape retention af",title,False,"[""features""]",1,2,1,1,True
public_0044,buying,4,"【100% chlorine-resistant durable】KGKE mens swimming jammer swimsuit have 4-Level chlorine resistant fabric,worth to prevent chaffing and fadding.FBT fabrics keep shape retention af",features,True,"[""features""]",1,1,1,0,True
public_0044,buying,4,"【100% chlorine-resistant durable】KGKE mens swimming jammer swimsuit have 4-Level chlorine resistant fabric,worth to prevent chaffing and fadding.FBT fabrics keep shape retention af",details,False,"[""features""]",1,not_retrieved,2169,,True
public_0044,buying,4,"【100% chlorine-resistant durable】KGKE mens swimming jammer swimsuit have 4-Level chlorine resistant fabric,worth to prevent chaffing and fadding.FBT fabrics keep shape retention af",description,False,"[""features""]",1,not_retrieved,not_retrieved,,True
public_0044,buying,4,"【100% chlorine-resistant durable】KGKE mens swimming jammer swimsuit have 4-Level chlorine resistant fabric,worth to prevent chaffing and fadding.FBT fabrics keep shape retention af",categories,False,"[""features""]",1,8,19,-11,True
public_0044,buying,4,"【100% chlorine-resistant durable】KGKE mens swimming jammer swimsuit have 4-Level chlorine resistant fabric,worth to prevent chaffing and fadding.FBT fabrics keep shape retention af",store,False,"[""features""]",1,not_retrieved,not_retrieved,,True
public_0044,buying,4,"【100% chlorine-resistant durable】KGKE mens swimming jammer swimsuit have 4-Level chlorine resistant fabric,worth to prevent chaffing and fadding.FBT fabrics keep shape retention af",price,False,"[""features""]",1,not_retrieved,not_retrieved,,True
public_0045,buying,1,polyester,title,False,"[""features""]",1,not_retrieved,not_retrieved,,True
public_0045,buying,1,polyester,features,True,"[""features""]",1,not_retrieved,5551,,True
public_0045,buying,1,polyester,details,False,"[""features""]",1,not_retrieved,not_retrieved,,True
public_0045,buying,1,polyester,description,False,"[""features""]",1,not_retrieved,not_retrieved,,True
public_0045,buying,1,polyester,categories,False,"[""features""]",1,318,318,0,True
public_0045,buying,1,polyester,store,False,"[""features""]",1,not_retrieved,not_retrieved,,True
public_0045,buying,1,polyester,price,False,"[""features""]",1,not_retrieved,not_retrieved,,True
public_0045,buying,2,"95% Polyester, 5% Spandex",title,False,"[""features""]",1,not_retrieved,not_retrieved,,True
public_0045,buying,2,"95% Polyester, 5% Spandex",features,True,"[""features""]",1,not_retrieved,357,,True
public_0045,buying,2,"95% Polyester, 5% Spandex",details,False,"[""features""]",1,not_retrieved,not_retrieved,,True
public_0045,buying,2,"95% Polyester, 5% Spandex",description,False,"[""features""]",1,not_retrieved,not_retrieved,,True
public_0045,buying,2,"95% Polyester, 5% Spandex",categories,False,"[""features""]",1,318,318,0,True
public_0045,buying,2,"95% Polyester, 5% Spandex",store,False,"[""features""]",1,not_retrieved,not_retrieved,,True
public_0045,buying,2,"95% Polyester, 5% Spandex",price,False,"[""features""]",1,not_retrieved,not_retrieved,,True
public_0045,buying,3,Imported,title,False,"[""features""]",1,not_retrieved,not_retrieved,,True
public_0045,buying,3,Imported,features,True,"[""features""]",1,not_retrieved,12681,,True
public_0045,buying,3,Imported,details,False,"[""features""]",1,not_retrieved,not_retrieved,,True
public_0045,buying,3,Imported,description,False,"[""features""]",1,not_retrieved,not_retrieved,,True
public_0045,buying,3,Imported,categories,False,"[""features""]",1,318,318,0,True
public_0045,buying,3,Imported,store,False,"[""features""]",1,not_retrieved,not_retrieved,,True
public_0045,buying,3,Imported,price,False,"[""features""]",1,not_retrieved,not_retrieved,,True
public_0045,buying,4,Button closure,title,False,"[""features""]",1,not_retrieved,1122,,True
public_0045,buying,4,Button closure,features,True,"[""features""]",1,not_retrieved,3083,,True
public_0045,buying,4,Button closure,details,False,"[""features""]",1,not_retrieved,not_retrieved,,True
public_0045,buying,4,Button closure,description,False,"[""features""]",1,not_retrieved,not_retrieved,,True
public_0045,buying,4,Button closure,categories,False,"[""features""]",1,318,318,0,True
public_0045,buying,4,Button closure,store,False,"[""features""]",1,not_retrieved,not_retrieved,,True
public_0045,buying,4,Button closure,price,False,"[""features""]",1,not_retrieved,not_retrieved,,True
public_0046,intent_override,1,wool,title,True,"[""title"", ""features""]",2,19,7,12,True
public_0046,intent_override,1,wool,features,True,"[""title"", ""features""]",2,605,69,536,True
public_0046,intent_override,1,wool,details,False,"[""title"", ""features""]",2,not_retrieved,not_retrieved,,True
public_0046,intent_override,1,wool,description,False,"[""title"", ""features""]",2,not_retrieved,not_retrieved,,True
public_0046,intent_override,1,wool,categories,False,"[""title"", ""features""]",2,21,21,0,True
public_0046,intent_override,1,wool,store,False,"[""title"", ""features""]",2,not_retrieved,not_retrieved,,True
public_0046,intent_override,1,wool,price,False,"[""title"", ""features""]",2,not_retrieved,not_retrieved,,True
public_0046,intent_override,2,"44% Acrylic, 28% Cotton, 20% Merino Wool, 8% Polyester",title,False,"[""features""]",1,19,20,-1,True
public_0046,intent_override,2,"44% Acrylic, 28% Cotton, 20% Merino Wool, 8% Polyester",features,True,"[""features""]",1,605,1,604,True
public_0046,intent_override,2,"44% Acrylic, 28% Cotton, 20% Merino Wool, 8% Polyester",details,False,"[""features""]",1,not_retrieved,not_retrieved,,True
public_0046,intent_override,2,"44% Acrylic, 28% Cotton, 20% Merino Wool, 8% Polyester",description,False,"[""features""]",1,not_retrieved,not_retrieved,,True
public_0046,intent_override,2,"44% Acrylic, 28% Cotton, 20% Merino Wool, 8% Polyester",categories,False,"[""features""]",1,21,21,0,True
public_0046,intent_override,2,"44% Acrylic, 28% Cotton, 20% Merino Wool, 8% Polyester",store,False,"[""features""]",1,not_retrieved,not_retrieved,,True
public_0046,intent_override,2,"44% Acrylic, 28% Cotton, 20% Merino Wool, 8% Polyester",price,False,"[""features""]",1,not_retrieved,not_retrieved,,True
public_0046,intent_override,3,Imported,title,False,"[""features""]",1,19,19,0,True
public_0046,intent_override,3,Imported,features,True,"[""features""]",1,605,671,-66,True
public_0046,intent_override,3,Imported,details,False,"[""features""]",1,not_retrieved,not_retrieved,,True
public_0046,intent_override,3,Imported,description,False,"[""features""]",1,not_retrieved,not_retrieved,,True
public_0046,intent_override,3,Imported,categories,False,"[""features""]",1,21,21,0,True
public_0046,intent_override,3,Imported,store,False,"[""features""]",1,not_retrieved,not_retrieved,,True
public_0046,intent_override,3,Imported,price,False,"[""features""]",1,not_retrieved,not_retrieved,,True
public_0046,intent_override,4,No Closure closure,title,False,"[""features""]",1,19,21,-2,True
public_0046,intent_override,4,No Closure closure,features,True,"[""features""]",1,605,373,232,True
public_0046,intent_override,4,No Closure closure,details,False,"[""features""]",1,not_retrieved,not_retrieved,,True
public_0046,intent_override,4,No Closure closure,description,False,"[""features""]",1,not_retrieved,not_retrieved,,True
public_0046,intent_override,4,No Closure closure,categories,False,"[""features""]",1,21,21,0,True
public_0046,intent_override,4,No Closure closure,store,False,"[""features""]",1,not_retrieved,not_retrieved,,True
public_0046,intent_override,4,No Closure closure,price,False,"[""features""]",1,not_retrieved,not_retrieved,,True
public_0047,browsing,1,polyester,title,False,"[""features""]",1,not_retrieved,not_retrieved,,True
public_0047,browsing,1,polyester,features,True,"[""features""]",1,not_retrieved,4652,,True
public_0047,browsing,1,polyester,details,False,"[""features""]",1,not_retrieved,not_retrieved,,True
public_0047,browsing,1,polyester,description,False,"[""features""]",1,not_retrieved,not_retrieved,,True
public_0047,browsing,1,polyester,categories,False,"[""features""]",1,33,33,0,True
public_0047,browsing,1,polyester,store,False,"[""features""]",1,not_retrieved,not_retrieved,,True
public_0047,browsing,1,polyester,price,False,"[""features""]",1,not_retrieved,not_retrieved,,True
public_0047,browsing,2,color: pink,title,False,[],0,not_retrieved,not_retrieved,,True
public_0047,browsing,2,color: pink,features,False,[],0,not_retrieved,140,,True
public_0047,browsing,2,color: pink,details,False,[],0,not_retrieved,not_retrieved,,True
public_0047,browsing,2,color: pink,description,False,[],0,not_retrieved,not_retrieved,,True
public_0047,browsing,2,color: pink,categories,False,[],0,33,38,-5,True
public_0047,browsing,2,color: pink,store,False,[],0,not_retrieved,not_retrieved,,True
public_0047,browsing,2,color: pink,price,False,[],0,not_retrieved,not_retrieved,,True
public_0047,browsing,3,100% Polyester,title,False,"[""features""]",1,not_retrieved,not_retrieved,,True
public_0047,browsing,3,100% Polyester,features,True,"[""features""]",1,not_retrieved,2132,,True
public_0047,browsing,3,100% Polyester,details,False,"[""features""]",1,not_retrieved,not_retrieved,,True
public_0047,browsing,3,100% Polyester,description,False,"[""features""]",1,not_retrieved,not_retrieved,,True
public_0047,browsing,3,100% Polyester,categories,False,"[""features""]",1,33,41,-8,True
public_0047,browsing,3,100% Polyester,store,False,"[""features""]",1,not_retrieved,not_retrieved,,True
public_0047,browsing,3,100% Polyester,price,False,"[""features""]",1,not_retrieved,not_retrieved,,True
public_0047,browsing,4,Adjustable closure,title,False,"[""features""]",1,not_retrieved,not_retrieved,,True
public_0047,browsing,4,Adjustable closure,features,True,"[""features""]",1,not_retrieved,1703,,True
public_0047,browsing,4,Adjustable closure,details,False,"[""features""]",1,not_retrieved,not_retrieved,,True
public_0047,browsing,4,Adjustable closure,description,False,"[""features""]",1,not_retrieved,not_retrieved,,True
public_0047,browsing,4,Adjustable closure,categories,False,"[""features""]",1,33,33,0,True
public_0047,browsing,4,Adjustable closure,store,False,"[""features""]",1,not_retrieved,not_retrieved,,True
public_0047,browsing,4,Adjustable closure,price,False,"[""features""]",1,not_retrieved,not_retrieved,,True
public_0048,browsing,1,100% Synthetic,title,False,"[""features""]",1,73,125,-52,True
public_0048,browsing,1,100% Synthetic,features,True,"[""features""]",1,not_retrieved,2614,,True
public_0048,browsing,1,100% Synthetic,details,False,"[""features""]",1,not_retrieved,not_retrieved,,True
public_0048,browsing,1,100% Synthetic,description,False,"[""features""]",1,not_retrieved,not_retrieved,,True
public_0048,browsing,1,100% Synthetic,categories,False,"[""features""]",1,8,8,0,True
public_0048,browsing,1,100% Synthetic,store,False,"[""features""]",1,not_retrieved,not_retrieved,,True
public_0048,browsing,1,100% Synthetic,price,False,"[""features""]",1,not_retrieved,not_retrieved,,True
public_0048,browsing,2,Rubber sole,title,False,"[""features""]",1,73,167,-94,True
public_0048,browsing,2,Rubber sole,features,True,"[""features""]",1,not_retrieved,5792,,True
public_0048,browsing,2,Rubber sole,details,False,"[""features""]",1,not_retrieved,not_retrieved,,True
public_0048,browsing,2,Rubber sole,description,False,"[""features""]",1,not_retrieved,not_retrieved,,True
public_0048,browsing,2,Rubber sole,categories,False,"[""features""]",1,8,8,0,True
public_0048,browsing,2,Rubber sole,store,False,"[""features""]",1,not_retrieved,not_retrieved,,True
public_0048,browsing,2,Rubber sole,price,False,"[""features""]",1,not_retrieved,not_retrieved,,True
public_0048,browsing,3,FEATURES: Infinity style cleats are constructed from durable synthetic materials that are water resistant. Easily adjustable laces allow these shoes to easily form to your foot,title,False,"[""features""]",1,73,42,31,True
public_0048,browsing,3,FEATURES: Infinity style cleats are constructed from durable synthetic materials that are water resistant. Easily adjustable laces allow these shoes to easily form to your foot,features,True,"[""features""]",1,not_retrieved,1,,True
public_0048,browsing,3,FEATURES: Infinity style cleats are constructed from durable synthetic materials that are water resistant. Easily adjustable laces allow these shoes to easily form to your foot,details,False,"[""features""]",1,not_retrieved,171,,True
public_0048,browsing,3,FEATURES: Infinity style cleats are constructed from durable synthetic materials that are water resistant. Easily adjustable laces allow these shoes to easily form to your foot,description,False,"[""features""]",1,not_retrieved,not_retrieved,,True
public_0048,browsing,3,FEATURES: Infinity style cleats are constructed from durable synthetic materials that are water resistant. Easily adjustable laces allow these shoes to easily form to your foot,categories,False,"[""features""]",1,8,11,-3,True
public_0048,browsing,3,FEATURES: Infinity style cleats are constructed from durable synthetic materials that are water resistant. Easily adjustable laces allow these shoes to easily form to your foot,store,False,"[""features""]",1,not_retrieved,not_retrieved,,True
public_0048,browsing,3,FEATURES: Infinity style cleats are constructed from durable synthetic materials that are water resistant. Easily adjustable laces allow these shoes to easily form to your foot,price,False,"[""features""]",1,not_retrieved,not_retrieved,,True
public_0048,browsing,4,RUGGED OUTSOLE: Our flexible rubber outsoles have a two tone design and feature rugged studs to aid with traction on turf and outdoor fields,title,False,"[""features""]",1,73,928,-855,True
public_0048,browsing,4,RUGGED OUTSOLE: Our flexible rubber outsoles have a two tone design and feature rugged studs to aid with traction on turf and outdoor fields,features,True,"[""features""]",1,not_retrieved,1,,True
public_0048,browsing,4,RUGGED OUTSOLE: Our flexible rubber outsoles have a two tone design and feature rugged studs to aid with traction on turf and outdoor fields,details,False,"[""features""]",1,not_retrieved,not_retrieved,,True
public_0048,browsing,4,RUGGED OUTSOLE: Our flexible rubber outsoles have a two tone design and feature rugged studs to aid with traction on turf and outdoor fields,description,False,"[""features""]",1,not_retrieved,not_retrieved,,True
public_0048,browsing,4,RUGGED OUTSOLE: Our flexible rubber outsoles have a two tone design and feature rugged studs to aid with traction on turf and outdoor fields,categories,False,"[""features""]",1,8,11,-3,True
public_0048,browsing,4,RUGGED OUTSOLE: Our flexible rubber outsoles have a two tone design and feature rugged studs to aid with traction on turf and outdoor fields,store,False,"[""features""]",1,not_retrieved,not_retrieved,,True
public_0048,browsing,4,RUGGED OUTSOLE: Our flexible rubber outsoles have a two tone design and feature rugged studs to aid with traction on turf and outdoor fields,price,False,"[""features""]",1,not_retrieved,not_retrieved,,True
public_0049,browsing,1,leather,title,True,"[""title"", ""features""]",2,3,4,-1,True
public_0049,browsing,1,leather,features,True,"[""title"", ""features""]",2,69,64,5,True
public_0049,browsing,1,leather,details,False,"[""title"", ""features""]",2,not_retrieved,not_retrieved,,True
public_0049,browsing,1,leather,description,False,"[""title"", ""features""]",2,not_retrieved,not_retrieved,,True
public_0049,browsing,1,leather,categories,False,"[""title"", ""features""]",2,586,586,0,True
public_0049,browsing,1,leather,store,False,"[""title"", ""features""]",2,not_retrieved,not_retrieved,,True
public_0049,browsing,1,leather,price,False,"[""title"", ""features""]",2,not_retrieved,not_retrieved,,True
public_0049,browsing,2,color: brown,title,False,[],0,3,1,2,True
public_0049,browsing,2,color: brown,features,False,[],0,69,107,-38,True
public_0049,browsing,2,color: brown,details,False,[],0,not_retrieved,not_retrieved,,True
public_0049,browsing,2,color: brown,description,False,[],0,not_retrieved,not_retrieved,,True
public_0049,browsing,2,color: brown,categories,False,[],0,586,586,0,True
public_0049,browsing,2,color: brown,store,False,[],0,not_retrieved,not_retrieved,,True
public_0049,browsing,2,color: brown,price,False,[],0,not_retrieved,not_retrieved,,True
public_0049,browsing,3,Rubber sole,title,False,"[""features""]",1,3,6,-3,True
public_0049,browsing,3,Rubber sole,features,True,"[""features""]",1,69,49,20,True
public_0049,browsing,3,Rubber sole,details,False,"[""features""]",1,not_retrieved,not_retrieved,,True
public_0049,browsing,3,Rubber sole,description,False,"[""features""]",1,not_retrieved,not_retrieved,,True
public_0049,browsing,3,Rubber sole,categories,False,"[""features""]",1,586,586,0,True
public_0049,browsing,3,Rubber sole,store,False,"[""features""]",1,not_retrieved,not_retrieved,,True
public_0049,browsing,3,Rubber sole,price,False,"[""features""]",1,not_retrieved,not_retrieved,,True
public_0049,browsing,4,"👟BEST MATERIAL.These mens shoes casual slip on has premium microfiber leather upper,soft rubber sole.It's a good choice for outdoor all season",title,False,"[""features""]",1,3,8,-5,True
public_0049,browsing,4,"👟BEST MATERIAL.These mens shoes casual slip on has premium microfiber leather upper,soft rubber sole.It's a good choice for outdoor all season",features,True,"[""features""]",1,69,1,68,True
public_0049,browsing,4,"👟BEST MATERIAL.These mens shoes casual slip on has premium microfiber leather upper,soft rubber sole.It's a good choice for outdoor all season",details,False,"[""features""]",1,not_retrieved,4102,,True
public_0049,browsing,4,"👟BEST MATERIAL.These mens shoes casual slip on has premium microfiber leather upper,soft rubber sole.It's a good choice for outdoor all season",description,False,"[""features""]",1,not_retrieved,not_retrieved,,True
public_0049,browsing,4,"👟BEST MATERIAL.These mens shoes casual slip on has premium microfiber leather upper,soft rubber sole.It's a good choice for outdoor all season",categories,False,"[""features""]",1,586,587,-1,True
public_0049,browsing,4,"👟BEST MATERIAL.These mens shoes casual slip on has premium microfiber leather upper,soft rubber sole.It's a good choice for outdoor all season",store,False,"[""features""]",1,not_retrieved,not_retrieved,,True
public_0049,browsing,4,"👟BEST MATERIAL.These mens shoes casual slip on has premium microfiber leather upper,soft rubber sole.It's a good choice for outdoor all season",price,False,"[""features""]",1,not_retrieved,not_retrieved,,True
public_0050,boundary,1,leather,title,True,"[""title"", ""features""]",2,32,12,20,True
public_0050,boundary,1,leather,features,True,"[""title"", ""features""]",2,4138,4657,-519,True
public_0050,boundary,1,leather,details,False,"[""title"", ""features""]",2,not_retrieved,not_retrieved,,True
public_0050,boundary,1,leather,description,False,"[""title"", ""features""]",2,not_retrieved,not_retrieved,,True
public_0050,boundary,1,leather,categories,False,"[""title"", ""features""]",2,24,24,0,True
public_0050,boundary,1,leather,store,False,"[""title"", ""features""]",2,32,32,0,True
public_0050,boundary,1,leather,price,False,"[""title"", ""features""]",2,not_retrieved,not_retrieved,,True
public_0050,boundary,2,100% Leather,title,False,"[""features""]",1,32,12,20,True
public_0050,boundary,2,100% Leather,features,True,"[""features""]",1,4138,5054,-916,True
public_0050,boundary,2,100% Leather,details,False,"[""features""]",1,not_retrieved,not_retrieved,,True
public_0050,boundary,2,100% Leather,description,False,"[""features""]",1,not_retrieved,not_retrieved,,True
public_0050,boundary,2,100% Leather,categories,False,"[""features""]",1,24,24,0,True
public_0050,boundary,2,100% Leather,store,False,"[""features""]",1,32,32,0,True
public_0050,boundary,2,100% Leather,price,False,"[""features""]",1,not_retrieved,not_retrieved,,True
public_0050,boundary,3,EVA/Rubber sole,title,False,"[""features""]",1,32,36,-4,True
public_0050,boundary,3,EVA/Rubber sole,features,True,"[""features""]",1,4138,4625,-487,True
public_0050,boundary,3,EVA/Rubber sole,details,False,"[""features""]",1,not_retrieved,not_retrieved,,True
public_0050,boundary,3,EVA/Rubber sole,description,False,"[""features""]",1,not_retrieved,not_retrieved,,True
public_0050,boundary,3,EVA/Rubber sole,categories,False,"[""features""]",1,24,24,0,True
public_0050,boundary,3,EVA/Rubber sole,store,False,"[""features""]",1,32,38,-6,True
public_0050,boundary,3,EVA/Rubber sole,price,False,"[""features""]",1,not_retrieved,not_retrieved,,True
public_0050,boundary,4,Shaft measures approximately 6inch from arch,title,False,"[""features""]",1,32,33,-1,True
public_0050,boundary,4,Shaft measures approximately 6inch from arch,features,True,"[""features""]",1,4138,1732,2406,True
public_0050,boundary,4,Shaft measures approximately 6inch from arch,details,False,"[""features""]",1,not_retrieved,not_retrieved,,True
public_0050,boundary,4,Shaft measures approximately 6inch from arch,description,False,"[""features""]",1,not_retrieved,not_retrieved,,True
public_0050,boundary,4,Shaft measures approximately 6inch from arch,categories,False,"[""features""]",1,24,24,0,True
public_0050,boundary,4,Shaft measures approximately 6inch from arch,store,False,"[""features""]",1,32,33,-1,True
public_0050,boundary,4,Shaft measures approximately 6inch from arch,price,False,"[""features""]",1,not_retrieved,not_retrieved,,True
public_0051,browsing,1,Rubber sole,title,False,"[""features""]",1,not_retrieved,not_retrieved,,True
public_0051,browsing,1,Rubber sole,features,True,"[""features""]",1,not_retrieved,6373,,True
public_0051,browsing,1,Rubber sole,details,False,"[""features""]",1,not_retrieved,not_retrieved,,True
public_0051,browsing,1,Rubber sole,description,False,"[""features""]",1,not_retrieved,not_retrieved,,True
public_0051,browsing,1,Rubber sole,categories,False,"[""features""]",1,168,168,0,True
public_0051,browsing,1,Rubber sole,store,False,"[""features""]",1,not_retrieved,not_retrieved,,True
public_0051,browsing,1,Rubber sole,price,False,"[""features""]",1,not_retrieved,not_retrieved,,True
public_0051,browsing,2,Skechers Go Walk 5-True shoe is designed with high-rebound comfort pillar technology underfoot that reacts to your every step for the ultimate comfort,title,False,"[""features""]",1,not_retrieved,1,,True
public_0051,browsing,2,Skechers Go Walk 5-True shoe is designed with high-rebound comfort pillar technology underfoot that reacts to your every step for the ultimate comfort,features,True,"[""features""]",1,not_retrieved,1,,True
public_0051,browsing,2,Skechers Go Walk 5-True shoe is designed with high-rebound comfort pillar technology underfoot that reacts to your every step for the ultimate comfort,details,False,"[""features""]",1,not_retrieved,879,,True
public_0051,browsing,2,Skechers Go Walk 5-True shoe is designed with high-rebound comfort pillar technology underfoot that reacts to your every step for the ultimate comfort,description,False,"[""features""]",1,not_retrieved,not_retrieved,,True
public_0051,browsing,2,Skechers Go Walk 5-True shoe is designed with high-rebound comfort pillar technology underfoot that reacts to your every step for the ultimate comfort,categories,False,"[""features""]",1,168,182,-14,True
public_0051,browsing,2,Skechers Go Walk 5-True shoe is designed with high-rebound comfort pillar technology underfoot that reacts to your every step for the ultimate comfort,store,False,"[""features""]",1,not_retrieved,440,,True
public_0051,browsing,2,Skechers Go Walk 5-True shoe is designed with high-rebound comfort pillar technology underfoot that reacts to your every step for the ultimate comfort,price,False,"[""features""]",1,not_retrieved,not_retrieved,,True
public_0051,browsing,3,Our Go Walk 5-True shoe is made with Skechers Air Cooled Goga Mat a breathable insole that provides high-rebound cushioning,title,False,"[""features""]",1,not_retrieved,1,,True
public_0051,browsing,3,Our Go Walk 5-True shoe is made with Skechers Air Cooled Goga Mat a breathable insole that provides high-rebound cushioning,features,True,"[""features""]",1,not_retrieved,1,,True
public_0051,browsing,3,Our Go Walk 5-True shoe is made with Skechers Air Cooled Goga Mat a breathable insole that provides high-rebound cushioning,details,False,"[""features""]",1,not_retrieved,544,,True
public_0051,browsing,3,Our Go Walk 5-True shoe is made with Skechers Air Cooled Goga Mat a breathable insole that provides high-rebound cushioning,description,False,"[""features""]",1,not_retrieved,not_retrieved,,True
public_0051,browsing,3,Our Go Walk 5-True shoe is made with Skechers Air Cooled Goga Mat a breathable insole that provides high-rebound cushioning,categories,False,"[""features""]",1,168,172,-4,True
public_0051,browsing,3,Our Go Walk 5-True shoe is made with Skechers Air Cooled Goga Mat a breathable insole that provides high-rebound cushioning,store,False,"[""features""]",1,not_retrieved,395,,True
public_0051,browsing,3,Our Go Walk 5-True shoe is made with Skechers Air Cooled Goga Mat a breathable insole that provides high-rebound cushioning,price,False,"[""features""]",1,not_retrieved,not_retrieved,,True
public_0051,browsing,4,Our Skechers shoe provides a dual density outsole for added stability and support,title,False,"[""features""]",1,not_retrieved,743,,True
public_0051,browsing,4,Our Skechers shoe provides a dual density outsole for added stability and support,features,True,"[""features""]",1,not_retrieved,1,,True
public_0051,browsing,4,Our Skechers shoe provides a dual density outsole for added stability and support,details,False,"[""features""]",1,not_retrieved,508,,True
public_0051,browsing,4,Our Skechers shoe provides a dual density outsole for added stability and support,description,False,"[""features""]",1,not_retrieved,not_retrieved,,True
public_0051,browsing,4,Our Skechers shoe provides a dual density outsole for added stability and support,categories,False,"[""features""]",1,168,171,-3,True
public_0051,browsing,4,Our Skechers shoe provides a dual density outsole for added stability and support,store,False,"[""features""]",1,not_retrieved,351,,True
public_0051,browsing,4,Our Skechers shoe provides a dual density outsole for added stability and support,price,False,"[""features""]",1,not_retrieved,not_retrieved,,True
public_0052,intent_override,1,polyester,title,False,"[""features""]",1,not_retrieved,not_retrieved,,True
public_0052,intent_override,1,polyester,features,True,"[""features""]",1,not_retrieved,5946,,True
public_0052,intent_override,1,polyester,details,False,"[""features""]",1,not_retrieved,not_retrieved,,True
public_0052,intent_override,1,polyester,description,False,"[""features""]",1,not_retrieved,not_retrieved,,True
public_0052,intent_override,1,polyester,categories,False,"[""features""]",1,456,456,0,True
public_0052,intent_override,1,polyester,store,False,"[""features""]",1,not_retrieved,not_retrieved,,True
public_0052,intent_override,1,polyester,price,False,"[""features""]",1,not_retrieved,not_retrieved,,True
public_0052,intent_override,2,60% polyester,title,False,"[""features""]",1,not_retrieved,not_retrieved,,True
public_0052,intent_override,2,60% polyester,features,True,"[""features""]",1,not_retrieved,543,,True
public_0052,intent_override,2,60% polyester,details,False,"[""features""]",1,not_retrieved,not_retrieved,,True
public_0052,intent_override,2,60% polyester,description,False,"[""features""]",1,not_retrieved,not_retrieved,,True
public_0052,intent_override,2,60% polyester,categories,False,"[""features""]",1,456,456,0,True
public_0052,intent_override,2,60% polyester,store,False,"[""features""]",1,not_retrieved,not_retrieved,,True
public_0052,intent_override,2,60% polyester,price,False,"[""features""]",1,not_retrieved,not_retrieved,,True
public_0052,intent_override,3,Button closure,title,False,"[""features""]",1,not_retrieved,1343,,True
public_0052,intent_override,3,Button closure,features,True,"[""features""]",1,not_retrieved,2363,,True
public_0052,intent_override,3,Button closure,details,False,"[""features""]",1,not_retrieved,not_retrieved,,True
public_0052,intent_override,3,Button closure,description,False,"[""features""]",1,not_retrieved,not_retrieved,,True
public_0052,intent_override,3,Button closure,categories,False,"[""features""]",1,456,456,0,True
public_0052,intent_override,3,Button closure,store,False,"[""features""]",1,not_retrieved,not_retrieved,,True
public_0052,intent_override,3,Button closure,price,False,"[""features""]",1,not_retrieved,not_retrieved,,True
public_0052,intent_override,4,Hand Wash Only,title,False,"[""features""]",1,not_retrieved,not_retrieved,,True
public_0052,intent_override,4,Hand Wash Only,features,True,"[""features""]",1,not_retrieved,3182,,True
public_0052,intent_override,4,Hand Wash Only,details,False,"[""features""]",1,not_retrieved,not_retrieved,,True
public_0052,intent_override,4,Hand Wash Only,description,False,"[""features""]",1,not_retrieved,not_retrieved,,True
public_0052,intent_override,4,Hand Wash Only,categories,False,"[""features""]",1,456,457,-1,True
public_0052,intent_override,4,Hand Wash Only,store,False,"[""features""]",1,not_retrieved,not_retrieved,,True
public_0052,intent_override,4,Hand Wash Only,price,False,"[""features""]",1,not_retrieved,not_retrieved,,True
public_0053,buying,1,leather,title,False,"[""features"", ""details"", ""description""]",3,5,6,-1,True
public_0053,buying,1,leather,features,True,"[""features"", ""details"", ""description""]",3,4,4,0,True
public_0053,buying,1,leather,details,True,"[""features"", ""details"", ""description""]",3,not_retrieved,390,,True
public_0053,buying,1,leather,description,True,"[""features"", ""details"", ""description""]",3,2,1,1,True
public_0053,buying,1,leather,categories,False,"[""features"", ""details"", ""description""]",3,9,9,0,True
public_0053,buying,1,leather,store,False,"[""features"", ""details"", ""description""]",3,not_retrieved,not_retrieved,,True
public_0053,buying,1,leather,price,False,"[""features"", ""details"", ""description""]",3,not_retrieved,not_retrieved,,True
public_0053,buying,2,color: black,title,False,"[""details""]",1,5,6,-1,True
public_0053,buying,2,color: black,features,False,"[""details""]",1,4,5,-1,True
public_0053,buying,2,color: black,details,True,"[""details""]",1,not_retrieved,112,,True
public_0053,buying,2,color: black,description,False,"[""details""]",1,2,2,0,True
public_0053,buying,2,color: black,categories,False,"[""details""]",1,9,9,0,True
public_0053,buying,2,color: black,store,False,"[""details""]",1,not_retrieved,not_retrieved,,True
public_0053,buying,2,color: black,price,False,"[""details""]",1,not_retrieved,not_retrieved,,True
public_0053,buying,3,Leather lining,title,False,"[""features""]",1,5,6,-1,True
public_0053,buying,3,Leather lining,features,True,"[""features""]",1,4,3,1,True
public_0053,buying,3,Leather lining,details,False,"[""features""]",1,not_retrieved,413,,True
public_0053,buying,3,Leather lining,description,False,"[""features""]",1,2,2,0,True
public_0053,buying,3,Leather lining,categories,False,"[""features""]",1,9,9,0,True
public_0053,buying,3,Leather lining,store,False,"[""features""]",1,not_retrieved,not_retrieved,,True
public_0053,buying,3,Leather lining,price,False,"[""features""]",1,not_retrieved,not_retrieved,,True
public_0053,buying,4,Dry Cloth Clean,title,False,"[""features""]",1,5,5,0,True
public_0053,buying,4,Dry Cloth Clean,features,True,"[""features""]",1,4,4,0,True
public_0053,buying,4,Dry Cloth Clean,details,False,"[""features""]",1,not_retrieved,not_retrieved,,True
public_0053,buying,4,Dry Cloth Clean,description,False,"[""features""]",1,2,4,-2,True
public_0053,buying,4,Dry Cloth Clean,categories,False,"[""features""]",1,9,9,0,True
public_0053,buying,4,Dry Cloth Clean,store,False,"[""features""]",1,not_retrieved,not_retrieved,,True
public_0053,buying,4,Dry Cloth Clean,price,False,"[""features""]",1,not_retrieved,not_retrieved,,True
public_0054,buying,1,fabric,title,False,"[""features""]",1,13087,13171,-84,True
public_0054,buying,1,fabric,features,True,"[""features""]",1,not_retrieved,4631,,True
public_0054,buying,1,fabric,details,False,"[""features""]",1,not_retrieved,not_retrieved,,True
public_0054,buying,1,fabric,description,False,"[""features""]",1,not_retrieved,not_retrieved,,True
public_0054,buying,1,fabric,categories,False,"[""features""]",1,256,256,0,True
public_0054,buying,1,fabric,store,False,"[""features""]",1,not_retrieved,not_retrieved,,True
public_0054,buying,1,fabric,price,False,"[""features""]",1,not_retrieved,not_retrieved,,True
public_0054,buying,2,Soft Fabric,title,False,"[""features""]",1,13087,14054,-967,True
public_0054,buying,2,Soft Fabric,features,True,"[""features""]",1,not_retrieved,1489,,True
public_0054,buying,2,Soft Fabric,details,False,"[""features""]",1,not_retrieved,not_retrieved,,True
public_0054,buying,2,Soft Fabric,description,False,"[""features""]",1,not_retrieved,not_retrieved,,True
public_0054,buying,2,Soft Fabric,categories,False,"[""features""]",1,256,256,0,True
public_0054,buying,2,Soft Fabric,store,False,"[""features""]",1,not_retrieved,not_retrieved,,True
public_0054,buying,2,Soft Fabric,price,False,"[""features""]",1,not_retrieved,not_retrieved,,True
public_0054,buying,3,Pull On closure,title,False,"[""features""]",1,13087,14404,-1317,True
public_0054,buying,3,Pull On closure,features,True,"[""features""]",1,not_retrieved,6733,,True
public_0054,buying,3,Pull On closure,details,False,"[""features""]",1,not_retrieved,not_retrieved,,True
public_0054,buying,3,Pull On closure,description,False,"[""features""]",1,not_retrieved,not_retrieved,,True
public_0054,buying,3,Pull On closure,categories,False,"[""features""]",1,256,256,0,True
public_0054,buying,3,Pull On closure,store,False,"[""features""]",1,not_retrieved,not_retrieved,,True
public_0054,buying,3,Pull On closure,price,False,"[""features""]",1,not_retrieved,not_retrieved,,True
public_0054,buying,4,Machine Wash,title,False,"[""features""]",1,13087,13128,-41,True
public_0054,buying,4,Machine Wash,features,True,"[""features""]",1,not_retrieved,10333,,True
public_0054,buying,4,Machine Wash,details,False,"[""features""]",1,not_retrieved,not_retrieved,,True
public_0054,buying,4,Machine Wash,description,False,"[""features""]",1,not_retrieved,not_retrieved,,True
public_0054,buying,4,Machine Wash,categories,False,"[""features""]",1,256,256,0,True
public_0054,buying,4,Machine Wash,store,False,"[""features""]",1,not_retrieved,not_retrieved,,True
public_0054,buying,4,Machine Wash,price,False,"[""features""]",1,not_retrieved,not_retrieved,,True
public_0055,browsing,1,100% Croslite Foam,title,False,"[""features""]",1,107,168,-61,True
public_0055,browsing,1,100% Croslite Foam,features,True,"[""features""]",1,26,1,25,True
public_0055,browsing,1,100% Croslite Foam,details,False,"[""features""]",1,not_retrieved,not_retrieved,,True
public_0055,browsing,1,100% Croslite Foam,description,False,"[""features""]",1,not_retrieved,not_retrieved,,True
public_0055,browsing,1,100% Croslite Foam,categories,False,"[""features""]",1,316,316,0,True
public_0055,browsing,1,100% Croslite Foam,store,False,"[""features""]",1,not_retrieved,not_retrieved,,True
public_0055,browsing,1,100% Croslite Foam,price,False,"[""features""]",1,not_retrieved,not_retrieved,,True
public_0055,browsing,2,Imported,title,False,"[""features""]",1,107,110,-3,True
public_0055,browsing,2,Imported,features,True,"[""features""]",1,26,23,3,True
public_0055,browsing,2,Imported,details,False,"[""features""]",1,not_retrieved,not_retrieved,,True
public_0055,browsing,2,Imported,description,False,"[""features""]",1,not_retrieved,not_retrieved,,True
public_0055,browsing,2,Imported,categories,False,"[""features""]",1,316,316,0,True
public_0055,browsing,2,Imported,store,False,"[""features""]",1,not_retrieved,not_retrieved,,True
public_0055,browsing,2,Imported,price,False,"[""features""]",1,not_retrieved,not_retrieved,,True
public_0055,browsing,3,Ethylene Vinyl Acetate sole,title,False,"[""features""]",1,107,190,-83,True
public_0055,browsing,3,Ethylene Vinyl Acetate sole,features,True,"[""features""]",1,26,145,-119,True
public_0055,browsing,3,Ethylene Vinyl Acetate sole,details,False,"[""features""]",1,not_retrieved,not_retrieved,,True
public_0055,browsing,3,Ethylene Vinyl Acetate sole,description,False,"[""features""]",1,not_retrieved,not_retrieved,,True
public_0055,browsing,3,Ethylene Vinyl Acetate sole,categories,False,"[""features""]",1,316,316,0,True
public_0055,browsing,3,Ethylene Vinyl Acetate sole,store,False,"[""features""]",1,not_retrieved,not_retrieved,,True
public_0055,browsing,3,Ethylene Vinyl Acetate sole,price,False,"[""features""]",1,not_retrieved,not_retrieved,,True
public_0055,browsing,4,"Shaft measures approximately 1"" from arch",title,False,"[""features""]",1,107,152,-45,True
public_0055,browsing,4,"Shaft measures approximately 1"" from arch",features,True,"[""features""]",1,26,301,-275,True
public_0055,browsing,4,"Shaft measures approximately 1"" from arch",details,False,"[""features""]",1,not_retrieved,not_retrieved,,True
public_0055,browsing,4,"Shaft measures approximately 1"" from arch",description,False,"[""features""]",1,not_retrieved,not_retrieved,,True
public_0055,browsing,4,"Shaft measures approximately 1"" from arch",categories,False,"[""features""]",1,316,316,0,True
public_0055,browsing,4,"Shaft measures approximately 1"" from arch",store,False,"[""features""]",1,not_retrieved,not_retrieved,,True
public_0055,browsing,4,"Shaft measures approximately 1"" from arch",price,False,"[""features""]",1,not_retrieved,not_retrieved,,True
public_0056,browsing,1,cotton,title,False,"[""features"", ""description""]",2,not_retrieved,not_retrieved,,True
public_0056,browsing,1,cotton,features,True,"[""features"", ""description""]",2,not_retrieved,2669,,True
public_0056,browsing,1,cotton,details,False,"[""features"", ""description""]",2,not_retrieved,not_retrieved,,True
public_0056,browsing,1,cotton,description,True,"[""features"", ""description""]",2,not_retrieved,699,,True
public_0056,browsing,1,cotton,categories,False,"[""features"", ""description""]",2,295,323,-28,True
public_0056,browsing,1,cotton,store,False,"[""features"", ""description""]",2,not_retrieved,not_retrieved,,True
public_0056,browsing,1,cotton,price,False,"[""features"", ""description""]",2,not_retrieved,not_retrieved,,True
public_0056,browsing,2,"Solids: 100% Cotton; Heathers: 60% Cotton, 40% Polyester",title,False,"[""features""]",1,not_retrieved,not_retrieved,,True
public_0056,browsing,2,"Solids: 100% Cotton; Heathers: 60% Cotton, 40% Polyester",features,True,"[""features""]",1,not_retrieved,3,,True
public_0056,browsing,2,"Solids: 100% Cotton; Heathers: 60% Cotton, 40% Polyester",details,False,"[""features""]",1,not_retrieved,not_retrieved,,True
public_0056,browsing,2,"Solids: 100% Cotton; Heathers: 60% Cotton, 40% Polyester",description,False,"[""features""]",1,not_retrieved,2226,,True
public_0056,browsing,2,"Solids: 100% Cotton; Heathers: 60% Cotton, 40% Polyester",categories,False,"[""features""]",1,295,337,-42,True
public_0056,browsing,2,"Solids: 100% Cotton; Heathers: 60% Cotton, 40% Polyester",store,False,"[""features""]",1,not_retrieved,not_retrieved,,True
public_0056,browsing,2,"Solids: 100% Cotton; Heathers: 60% Cotton, 40% Polyester",price,False,"[""features""]",1,not_retrieved,not_retrieved,,True
public_0056,browsing,3,Imported,title,False,"[""features""]",1,not_retrieved,not_retrieved,,True
public_0056,browsing,3,Imported,features,True,"[""features""]",1,not_retrieved,11667,,True
public_0056,browsing,3,Imported,details,False,"[""features""]",1,not_retrieved,not_retrieved,,True
public_0056,browsing,3,Imported,description,False,"[""features""]",1,not_retrieved,not_retrieved,,True
public_0056,browsing,3,Imported,categories,False,"[""features""]",1,295,295,0,True
public_0056,browsing,3,Imported,store,False,"[""features""]",1,not_retrieved,not_retrieved,,True
public_0056,browsing,3,Imported,price,False,"[""features""]",1,not_retrieved,not_retrieved,,True
public_0056,browsing,4,No Closure closure,title,False,"[""features""]",1,not_retrieved,not_retrieved,,True
public_0056,browsing,4,No Closure closure,features,True,"[""features""]",1,not_retrieved,1056,,True
public_0056,browsing,4,No Closure closure,details,False,"[""features""]",1,not_retrieved,not_retrieved,,True
public_0056,browsing,4,No Closure closure,description,False,"[""features""]",1,not_retrieved,not_retrieved,,True
public_0056,browsing,4,No Closure closure,categories,False,"[""features""]",1,295,340,-45,True
public_0056,browsing,4,No Closure closure,store,False,"[""features""]",1,not_retrieved,not_retrieved,,True
public_0056,browsing,4,No Closure closure,price,False,"[""features""]",1,not_retrieved,not_retrieved,,True
public_0057,browsing,1,100% Croslite,title,False,"[""features""]",1,not_retrieved,not_retrieved,,True
public_0057,browsing,1,100% Croslite,features,True,"[""features""]",1,32,4,28,True
public_0057,browsing,1,100% Croslite,details,False,"[""features""]",1,not_retrieved,not_retrieved,,True
public_0057,browsing,1,100% Croslite,description,False,"[""features""]",1,not_retrieved,92,,True
public_0057,browsing,1,100% Croslite,categories,False,"[""features""]",1,252,252,0,True
public_0057,browsing,1,100% Croslite,store,False,"[""features""]",1,not_retrieved,not_retrieved,,True
public_0057,browsing,1,100% Croslite,price,False,"[""features""]",1,not_retrieved,not_retrieved,,True
public_0057,browsing,2,Imported,title,False,"[""features""]",1,not_retrieved,not_retrieved,,True
public_0057,browsing,2,Imported,features,True,"[""features""]",1,32,27,5,True
public_0057,browsing,2,Imported,details,False,"[""features""]",1,not_retrieved,not_retrieved,,True
public_0057,browsing,2,Imported,description,False,"[""features""]",1,not_retrieved,not_retrieved,,True
public_0057,browsing,2,Imported,categories,False,"[""features""]",1,252,252,0,True
public_0057,browsing,2,Imported,store,False,"[""features""]",1,not_retrieved,not_retrieved,,True
public_0057,browsing,2,Imported,price,False,"[""features""]",1,not_retrieved,not_retrieved,,True
public_0057,browsing,3,Ethylene Vinyl Acetate sole,title,False,"[""features""]",1,not_retrieved,not_retrieved,,True
public_0057,browsing,3,Ethylene Vinyl Acetate sole,features,True,"[""features""]",1,32,129,-97,True
public_0057,browsing,3,Ethylene Vinyl Acetate sole,details,False,"[""features""]",1,not_retrieved,not_retrieved,,True
public_0057,browsing,3,Ethylene Vinyl Acetate sole,description,False,"[""features""]",1,not_retrieved,not_retrieved,,True
public_0057,browsing,3,Ethylene Vinyl Acetate sole,categories,False,"[""features""]",1,252,252,0,True
public_0057,browsing,3,Ethylene Vinyl Acetate sole,store,False,"[""features""]",1,not_retrieved,not_retrieved,,True
public_0057,browsing,3,Ethylene Vinyl Acetate sole,price,False,"[""features""]",1,not_retrieved,not_retrieved,,True
public_0057,browsing,4,Shaft measures approximately 0#inches from arch,title,False,"[""features""]",1,not_retrieved,not_retrieved,,True
public_0057,browsing,4,Shaft measures approximately 0#inches from arch,features,True,"[""features""]",1,32,151,-119,True
public_0057,browsing,4,Shaft measures approximately 0#inches from arch,details,False,"[""features""]",1,not_retrieved,not_retrieved,,True
public_0057,browsing,4,Shaft measures approximately 0#inches from arch,description,False,"[""features""]",1,not_retrieved,not_retrieved,,True
public_0057,browsing,4,Shaft measures approximately 0#inches from arch,categories,False,"[""features""]",1,252,252,0,True
public_0057,browsing,4,Shaft measures approximately 0#inches from arch,store,False,"[""features""]",1,not_retrieved,not_retrieved,,True
public_0057,browsing,4,Shaft measures approximately 0#inches from arch,price,False,"[""features""]",1,not_retrieved,not_retrieved,,True
public_0058,buying,1,polyester,title,False,"[""features""]",1,220,270,-50,True
public_0058,buying,1,polyester,features,True,"[""features""]",1,44,33,11,True
public_0058,buying,1,polyester,details,False,"[""features""]",1,not_retrieved,not_retrieved,,True
public_0058,buying,1,polyester,description,False,"[""features""]",1,not_retrieved,not_retrieved,,True
public_0058,buying,1,polyester,categories,False,"[""features""]",1,46,46,0,True
public_0058,buying,1,polyester,store,False,"[""features""]",1,not_retrieved,not_retrieved,,True
public_0058,buying,1,polyester,price,False,"[""features""]",1,not_retrieved,not_retrieved,,True
public_0058,buying,2,100% Polyester,title,False,"[""features""]",1,220,395,-175,True
public_0058,buying,2,100% Polyester,features,True,"[""features""]",1,44,28,16,True
public_0058,buying,2,100% Polyester,details,False,"[""features""]",1,not_retrieved,not_retrieved,,True
public_0058,buying,2,100% Polyester,description,False,"[""features""]",1,not_retrieved,not_retrieved,,True
public_0058,buying,2,100% Polyester,categories,False,"[""features""]",1,46,46,0,True
public_0058,buying,2,100% Polyester,store,False,"[""features""]",1,not_retrieved,not_retrieved,,True
public_0058,buying,2,100% Polyester,price,False,"[""features""]",1,not_retrieved,not_retrieved,,True
public_0058,buying,3,Imported,title,False,"[""features""]",1,220,223,-3,True
public_0058,buying,3,Imported,features,True,"[""features""]",1,44,32,12,True
public_0058,buying,3,Imported,details,False,"[""features""]",1,not_retrieved,not_retrieved,,True
public_0058,buying,3,Imported,description,False,"[""features""]",1,not_retrieved,not_retrieved,,True
public_0058,buying,3,Imported,categories,False,"[""features""]",1,46,46,0,True
public_0058,buying,3,Imported,store,False,"[""features""]",1,not_retrieved,not_retrieved,,True
public_0058,buying,3,Imported,price,False,"[""features""]",1,not_retrieved,not_retrieved,,True
public_0058,buying,4,Zipper closure,title,False,"[""features""]",1,220,330,-110,True
public_0058,buying,4,Zipper closure,features,True,"[""features""]",1,44,35,9,True
public_0058,buying,4,Zipper closure,details,False,"[""features""]",1,not_retrieved,not_retrieved,,True
public_0058,buying,4,Zipper closure,description,False,"[""features""]",1,not_retrieved,not_retrieved,,True
public_0058,buying,4,Zipper closure,categories,False,"[""features""]",1,46,46,0,True
public_0058,buying,4,Zipper closure,store,False,"[""features""]",1,not_retrieved,not_retrieved,,True
public_0058,buying,4,Zipper closure,price,False,"[""features""]",1,not_retrieved,not_retrieved,,True
public_0059,browsing,1,nylon,title,False,"[""features""]",1,27,29,-2,True
public_0059,browsing,1,nylon,features,True,"[""features""]",1,2,3,-1,True
public_0059,browsing,1,nylon,details,False,"[""features""]",1,not_retrieved,not_retrieved,,True
public_0059,browsing,1,nylon,description,False,"[""features""]",1,not_retrieved,not_retrieved,,True
public_0059,browsing,1,nylon,categories,False,"[""features""]",1,5,5,0,True
public_0059,browsing,1,nylon,store,False,"[""features""]",1,not_retrieved,not_retrieved,,True
public_0059,browsing,1,nylon,price,False,"[""features""]",1,not_retrieved,not_retrieved,,True
public_0059,browsing,2,62.4% Nylon 37.6% Spandex,title,False,"[""features""]",1,27,62,-35,True
public_0059,browsing,2,62.4% Nylon 37.6% Spandex,features,True,"[""features""]",1,2,5,-3,True
public_0059,browsing,2,62.4% Nylon 37.6% Spandex,details,False,"[""features""]",1,not_retrieved,not_retrieved,,True
public_0059,browsing,2,62.4% Nylon 37.6% Spandex,description,False,"[""features""]",1,not_retrieved,not_retrieved,,True
public_0059,browsing,2,62.4% Nylon 37.6% Spandex,categories,False,"[""features""]",1,5,5,0,True
public_0059,browsing,2,62.4% Nylon 37.6% Spandex,store,False,"[""features""]",1,not_retrieved,not_retrieved,,True
public_0059,browsing,2,62.4% Nylon 37.6% Spandex,price,False,"[""features""]",1,not_retrieved,not_retrieved,,True
public_0059,browsing,3,Imported,title,False,"[""features""]",1,27,30,-3,True
public_0059,browsing,3,Imported,features,True,"[""features""]",1,2,3,-1,True
public_0059,browsing,3,Imported,details,False,"[""features""]",1,not_retrieved,not_retrieved,,True
public_0059,browsing,3,Imported,description,False,"[""features""]",1,not_retrieved,not_retrieved,,True
public_0059,browsing,3,Imported,categories,False,"[""features""]",1,5,5,0,True
public_0059,browsing,3,Imported,store,False,"[""features""]",1,not_retrieved,not_retrieved,,True
public_0059,browsing,3,Imported,price,False,"[""features""]",1,not_retrieved,not_retrieved,,True
public_0059,browsing,4,Pull On closure,title,False,"[""features""]",1,27,128,-101,True
public_0059,browsing,4,Pull On closure,features,True,"[""features""]",1,2,5,-3,True
public_0059,browsing,4,Pull On closure,details,False,"[""features""]",1,not_retrieved,not_retrieved,,True
public_0059,browsing,4,Pull On closure,description,False,"[""features""]",1,not_retrieved,not_retrieved,,True
public_0059,browsing,4,Pull On closure,categories,False,"[""features""]",1,5,5,0,True
public_0059,browsing,4,Pull On closure,store,False,"[""features""]",1,not_retrieved,not_retrieved,,True
public_0059,browsing,4,Pull On closure,price,False,"[""features""]",1,not_retrieved,not_retrieved,,True
public_0060,browsing,1,cotton,title,False,"[""features""]",1,102,159,-57,True
public_0060,browsing,1,cotton,features,True,"[""features""]",1,not_retrieved,5986,,True
public_0060,browsing,1,cotton,details,False,"[""features""]",1,not_retrieved,not_retrieved,,True
public_0060,browsing,1,cotton,description,False,"[""features""]",1,80,106,-26,True
public_0060,browsing,1,cotton,categories,False,"[""features""]",1,137,137,0,True
public_0060,browsing,1,cotton,store,False,"[""features""]",1,not_retrieved,not_retrieved,,True
public_0060,browsing,1,cotton,price,False,"[""features""]",1,not_retrieved,not_retrieved,,True
public_0060,browsing,2,"55% Cotton, 45% Polyester",title,False,"[""features""]",1,102,217,-115,True
public_0060,browsing,2,"55% Cotton, 45% Polyester",features,True,"[""features""]",1,not_retrieved,64,,True
public_0060,browsing,2,"55% Cotton, 45% Polyester",details,False,"[""features""]",1,not_retrieved,not_retrieved,,True
public_0060,browsing,2,"55% Cotton, 45% Polyester",description,False,"[""features""]",1,80,277,-197,True
public_0060,browsing,2,"55% Cotton, 45% Polyester",categories,False,"[""features""]",1,137,137,0,True
public_0060,browsing,2,"55% Cotton, 45% Polyester",store,False,"[""features""]",1,not_retrieved,not_retrieved,,True
public_0060,browsing,2,"55% Cotton, 45% Polyester",price,False,"[""features""]",1,not_retrieved,not_retrieved,,True
public_0060,browsing,3,Imported,title,False,"[""features""]",1,102,105,-3,True
public_0060,browsing,3,Imported,features,True,"[""features""]",1,not_retrieved,8720,,True
public_0060,browsing,3,Imported,details,False,"[""features""]",1,not_retrieved,not_retrieved,,True
public_0060,browsing,3,Imported,description,False,"[""features""]",1,80,86,-6,True
public_0060,browsing,3,Imported,categories,False,"[""features""]",1,137,137,0,True
public_0060,browsing,3,Imported,store,False,"[""features""]",1,not_retrieved,not_retrieved,,True
public_0060,browsing,3,Imported,price,False,"[""features""]",1,not_retrieved,not_retrieved,,True
public_0060,browsing,4,Drawstring Waist closure,title,False,"[""features""]",1,102,280,-178,True
public_0060,browsing,4,Drawstring Waist closure,features,True,"[""features""]",1,not_retrieved,206,,True
public_0060,browsing,4,Drawstring Waist closure,details,False,"[""features""]",1,not_retrieved,not_retrieved,,True
public_0060,browsing,4,Drawstring Waist closure,description,False,"[""features""]",1,80,218,-138,True
public_0060,browsing,4,Drawstring Waist closure,categories,False,"[""features""]",1,137,137,0,True
public_0060,browsing,4,Drawstring Waist closure,store,False,"[""features""]",1,not_retrieved,not_retrieved,,True
public_0060,browsing,4,Drawstring Waist closure,price,False,"[""features""]",1,not_retrieved,not_retrieved,,True
public_0061,buying,1,Snap closure,title,False,"[""features""]",1,1132,1301,-169,True
public_0061,buying,1,Snap closure,features,True,"[""features""]",1,416,339,77,True
public_0061,buying,1,Snap closure,details,False,"[""features""]",1,not_retrieved,not_retrieved,,True
public_0061,buying,1,Snap closure,description,False,"[""features""]",1,not_retrieved,not_retrieved,,True
public_0061,buying,1,Snap closure,categories,False,"[""features""]",1,67,67,0,True
public_0061,buying,1,Snap closure,store,False,"[""features""]",1,not_retrieved,not_retrieved,,True
public_0061,buying,1,Snap closure,price,False,"[""features""]",1,not_retrieved,not_retrieved,,True
public_0061,buying,2,color: black,title,False,[],0,1132,800,332,True
public_0061,buying,2,color: black,features,False,[],0,416,276,140,True
public_0061,buying,2,color: black,details,False,[],0,not_retrieved,not_retrieved,,True
public_0061,buying,2,color: black,description,False,[],0,not_retrieved,not_retrieved,,True
public_0061,buying,2,color: black,categories,False,[],0,67,72,-5,True
public_0061,buying,2,color: black,store,False,[],0,not_retrieved,not_retrieved,,True
public_0061,buying,2,color: black,price,False,[],0,not_retrieved,not_retrieved,,True
public_0061,buying,3,"Sold by piece! 14g nose hoop ring size: 14 gauge (ring thickness: 1.6mm), inner diameter 6mm (15/64"" ).Gauge means the thickness of the hoop.Please decide the gauge firstly (measur",title,False,"[""features""]",1,1132,127,1005,True
public_0061,buying,3,"Sold by piece! 14g nose hoop ring size: 14 gauge (ring thickness: 1.6mm), inner diameter 6mm (15/64"" ).Gauge means the thickness of the hoop.Please decide the gauge firstly (measur",features,True,"[""features""]",1,416,1,415,True
public_0061,buying,3,"Sold by piece! 14g nose hoop ring size: 14 gauge (ring thickness: 1.6mm), inner diameter 6mm (15/64"" ).Gauge means the thickness of the hoop.Please decide the gauge firstly (measur",details,False,"[""features""]",1,not_retrieved,not_retrieved,,True
public_0061,buying,3,"Sold by piece! 14g nose hoop ring size: 14 gauge (ring thickness: 1.6mm), inner diameter 6mm (15/64"" ).Gauge means the thickness of the hoop.Please decide the gauge firstly (measur",description,False,"[""features""]",1,not_retrieved,not_retrieved,,True
public_0061,buying,3,"Sold by piece! 14g nose hoop ring size: 14 gauge (ring thickness: 1.6mm), inner diameter 6mm (15/64"" ).Gauge means the thickness of the hoop.Please decide the gauge firstly (measur",categories,False,"[""features""]",1,67,77,-10,True
public_0061,buying,3,"Sold by piece! 14g nose hoop ring size: 14 gauge (ring thickness: 1.6mm), inner diameter 6mm (15/64"" ).Gauge means the thickness of the hoop.Please decide the gauge firstly (measur",store,False,"[""features""]",1,not_retrieved,not_retrieved,,True
public_0061,buying,3,"Sold by piece! 14g nose hoop ring size: 14 gauge (ring thickness: 1.6mm), inner diameter 6mm (15/64"" ).Gauge means the thickness of the hoop.Please decide the gauge firstly (measur",price,False,"[""features""]",1,not_retrieved,not_retrieved,,True
public_0061,buying,4,"This hinged nose ring hoop is very easy to put in and close and you can't see the seams, comfortable to wear without sharp edge. It spins completely, makes for easy cleaning. You c",title,False,"[""features""]",1,1132,678,454,True
public_0061,buying,4,"This hinged nose ring hoop is very easy to put in and close and you can't see the seams, comfortable to wear without sharp edge. It spins completely, makes for easy cleaning. You c",features,True,"[""features""]",1,416,1,415,True
public_0061,buying,4,"This hinged nose ring hoop is very easy to put in and close and you can't see the seams, comfortable to wear without sharp edge. It spins completely, makes for easy cleaning. You c",details,False,"[""features""]",1,not_retrieved,not_retrieved,,True
public_0061,buying,4,"This hinged nose ring hoop is very easy to put in and close and you can't see the seams, comfortable to wear without sharp edge. It spins completely, makes for easy cleaning. You c",description,False,"[""features""]",1,not_retrieved,not_retrieved,,True
public_0061,buying,4,"This hinged nose ring hoop is very easy to put in and close and you can't see the seams, comfortable to wear without sharp edge. It spins completely, makes for easy cleaning. You c",categories,False,"[""features""]",1,67,122,-55,True
public_0061,buying,4,"This hinged nose ring hoop is very easy to put in and close and you can't see the seams, comfortable to wear without sharp edge. It spins completely, makes for easy cleaning. You c",store,False,"[""features""]",1,not_retrieved,not_retrieved,,True
public_0061,buying,4,"This hinged nose ring hoop is very easy to put in and close and you can't see the seams, comfortable to wear without sharp edge. It spins completely, makes for easy cleaning. You c",price,False,"[""features""]",1,not_retrieved,not_retrieved,,True
public_0062,browsing,1,fabric,title,False,"[""features""]",1,385,506,-121,True
public_0062,browsing,1,fabric,features,True,"[""features""]",1,not_retrieved,9368,,True
public_0062,browsing,1,fabric,details,False,"[""features""]",1,not_retrieved,not_retrieved,,True
public_0062,browsing,1,fabric,description,False,"[""features""]",1,not_retrieved,not_retrieved,,True
public_0062,browsing,1,fabric,categories,False,"[""features""]",1,15,15,0,True
public_0062,browsing,1,fabric,store,False,"[""features""]",1,not_retrieved,not_retrieved,,True
public_0062,browsing,1,fabric,price,False,"[""features""]",1,not_retrieved,not_retrieved,,True
public_0062,browsing,2,color: black,title,False,"[""features""]",1,385,2351,-1966,True
public_0062,browsing,2,color: black,features,True,"[""features""]",1,not_retrieved,2680,,True
public_0062,browsing,2,color: black,details,False,"[""features""]",1,not_retrieved,not_retrieved,,True
public_0062,browsing,2,color: black,description,False,"[""features""]",1,not_retrieved,not_retrieved,,True
public_0062,browsing,2,color: black,categories,False,"[""features""]",1,15,20,-5,True
public_0062,browsing,2,color: black,store,False,"[""features""]",1,not_retrieved,not_retrieved,,True
public_0062,browsing,2,color: black,price,False,"[""features""]",1,not_retrieved,not_retrieved,,True
public_0062,browsing,3,"Fabric: 70%Cotton, 28.5%Polyester, 1.5%Spandex",title,False,"[""features""]",1,385,2103,-1718,True
public_0062,browsing,3,"Fabric: 70%Cotton, 28.5%Polyester, 1.5%Spandex",features,True,"[""features""]",1,not_retrieved,141,,True
public_0062,browsing,3,"Fabric: 70%Cotton, 28.5%Polyester, 1.5%Spandex",details,False,"[""features""]",1,not_retrieved,not_retrieved,,True
public_0062,browsing,3,"Fabric: 70%Cotton, 28.5%Polyester, 1.5%Spandex",description,False,"[""features""]",1,not_retrieved,not_retrieved,,True
public_0062,browsing,3,"Fabric: 70%Cotton, 28.5%Polyester, 1.5%Spandex",categories,False,"[""features""]",1,15,16,-1,True
public_0062,browsing,3,"Fabric: 70%Cotton, 28.5%Polyester, 1.5%Spandex",store,False,"[""features""]",1,not_retrieved,not_retrieved,,True
public_0062,browsing,3,"Fabric: 70%Cotton, 28.5%Polyester, 1.5%Spandex",price,False,"[""features""]",1,not_retrieved,18,,True
public_0062,browsing,4,Imported,title,False,"[""features""]",1,385,388,-3,True
public_0062,browsing,4,Imported,features,True,"[""features""]",1,not_retrieved,17978,,True
public_0062,browsing,4,Imported,details,False,"[""features""]",1,not_retrieved,not_retrieved,,True
public_0062,browsing,4,Imported,description,False,"[""features""]",1,not_retrieved,not_retrieved,,True
public_0062,browsing,4,Imported,categories,False,"[""features""]",1,15,15,0,True
public_0062,browsing,4,Imported,store,False,"[""features""]",1,not_retrieved,not_retrieved,,True
public_0062,browsing,4,Imported,price,False,"[""features""]",1,not_retrieved,not_retrieved,,True
public_0063,browsing,1,polyester,title,False,"[""features""]",1,701,750,-49,True
public_0063,browsing,1,polyester,features,True,"[""features""]",1,2187,722,1465,True
public_0063,browsing,1,polyester,details,False,"[""features""]",1,not_retrieved,not_retrieved,,True
public_0063,browsing,1,polyester,description,False,"[""features""]",1,not_retrieved,not_retrieved,,True
public_0063,browsing,1,polyester,categories,False,"[""features""]",1,343,343,0,True
public_0063,browsing,1,polyester,store,False,"[""features""]",1,not_retrieved,not_retrieved,,True
public_0063,browsing,1,polyester,price,False,"[""features""]",1,not_retrieved,not_retrieved,,True
public_0063,browsing,2,"Body: 95% Polyester, 5% Spandex; Waist: 90% Polyester, 10% Spandex; Liner: 90% Polyester, 10% Spandex",title,False,"[""features""]",1,701,39,662,True
public_0063,browsing,2,"Body: 95% Polyester, 5% Spandex; Waist: 90% Polyester, 10% Spandex; Liner: 90% Polyester, 10% Spandex",features,True,"[""features""]",1,2187,1,2186,True
public_0063,browsing,2,"Body: 95% Polyester, 5% Spandex; Waist: 90% Polyester, 10% Spandex; Liner: 90% Polyester, 10% Spandex",details,False,"[""features""]",1,not_retrieved,not_retrieved,,True
public_0063,browsing,2,"Body: 95% Polyester, 5% Spandex; Waist: 90% Polyester, 10% Spandex; Liner: 90% Polyester, 10% Spandex",description,False,"[""features""]",1,not_retrieved,not_retrieved,,True
public_0063,browsing,2,"Body: 95% Polyester, 5% Spandex; Waist: 90% Polyester, 10% Spandex; Liner: 90% Polyester, 10% Spandex",categories,False,"[""features""]",1,343,794,-451,True
public_0063,browsing,2,"Body: 95% Polyester, 5% Spandex; Waist: 90% Polyester, 10% Spandex; Liner: 90% Polyester, 10% Spandex",store,False,"[""features""]",1,not_retrieved,not_retrieved,,True
public_0063,browsing,2,"Body: 95% Polyester, 5% Spandex; Waist: 90% Polyester, 10% Spandex; Liner: 90% Polyester, 10% Spandex",price,False,"[""features""]",1,not_retrieved,not_retrieved,,True
public_0063,browsing,3,elastic closure,title,False,"[""features""]",1,701,1158,-457,True
public_0063,browsing,3,elastic closure,features,True,"[""features""]",1,2187,317,1870,True
public_0063,browsing,3,elastic closure,details,False,"[""features""]",1,not_retrieved,not_retrieved,,True
public_0063,browsing,3,elastic closure,description,False,"[""features""]",1,not_retrieved,not_retrieved,,True
public_0063,browsing,3,elastic closure,categories,False,"[""features""]",1,343,343,0,True
public_0063,browsing,3,elastic closure,store,False,"[""features""]",1,not_retrieved,not_retrieved,,True
public_0063,browsing,3,elastic closure,price,False,"[""features""]",1,not_retrieved,not_retrieved,,True
public_0063,browsing,4,"3"" Width Waistband: The elastic flat waist provides tummy control and features 4-way stretch performance",title,False,"[""features""]",1,701,4285,-3584,True
public_0063,browsing,4,"3"" Width Waistband: The elastic flat waist provides tummy control and features 4-way stretch performance",features,True,"[""features""]",1,2187,1,2186,True
public_0063,browsing,4,"3"" Width Waistband: The elastic flat waist provides tummy control and features 4-way stretch performance",details,False,"[""features""]",1,not_retrieved,not_retrieved,,True
public_0063,browsing,4,"3"" Width Waistband: The elastic flat waist provides tummy control and features 4-way stretch performance",description,False,"[""features""]",1,not_retrieved,not_retrieved,,True
public_0063,browsing,4,"3"" Width Waistband: The elastic flat waist provides tummy control and features 4-way stretch performance",categories,False,"[""features""]",1,343,714,-371,True
public_0063,browsing,4,"3"" Width Waistband: The elastic flat waist provides tummy control and features 4-way stretch performance",store,False,"[""features""]",1,not_retrieved,not_retrieved,,True
public_0063,browsing,4,"3"" Width Waistband: The elastic flat waist provides tummy control and features 4-way stretch performance",price,False,"[""features""]",1,not_retrieved,not_retrieved,,True
public_0064,intent_override,1,cotton,title,False,"[""features""]",1,304,331,-27,True
public_0064,intent_override,1,cotton,features,True,"[""features""]",1,689,421,268,True
public_0064,intent_override,1,cotton,details,False,"[""features""]",1,not_retrieved,not_retrieved,,True
public_0064,intent_override,1,cotton,description,False,"[""features""]",1,not_retrieved,not_retrieved,,True
public_0064,intent_override,1,cotton,categories,False,"[""features""]",1,24,24,0,True
public_0064,intent_override,1,cotton,store,False,"[""features""]",1,not_retrieved,not_retrieved,,True
public_0064,intent_override,1,cotton,price,False,"[""features""]",1,not_retrieved,not_retrieved,,True
public_0064,intent_override,2,cotton blend,title,False,"[""features""]",1,304,447,-143,True
public_0064,intent_override,2,cotton blend,features,True,"[""features""]",1,689,95,594,True
public_0064,intent_override,2,cotton blend,details,False,"[""features""]",1,not_retrieved,not_retrieved,,True
public_0064,intent_override,2,cotton blend,description,False,"[""features""]",1,not_retrieved,not_retrieved,,True
public_0064,intent_override,2,cotton blend,categories,False,"[""features""]",1,24,24,0,True
public_0064,intent_override,2,cotton blend,store,False,"[""features""]",1,not_retrieved,not_retrieved,,True
public_0064,intent_override,2,cotton blend,price,False,"[""features""]",1,not_retrieved,not_retrieved,,True
public_0064,intent_override,3,Pull On closure,title,False,"[""features""]",1,304,527,-223,True
public_0064,intent_override,3,Pull On closure,features,True,"[""features""]",1,689,590,99,True
public_0064,intent_override,3,Pull On closure,details,False,"[""features""]",1,not_retrieved,not_retrieved,,True
public_0064,intent_override,3,Pull On closure,description,False,"[""features""]",1,not_retrieved,not_retrieved,,True
public_0064,intent_override,3,Pull On closure,categories,False,"[""features""]",1,24,24,0,True
public_0064,intent_override,3,Pull On closure,store,False,"[""features""]",1,not_retrieved,not_retrieved,,True
public_0064,intent_override,3,Pull On closure,price,False,"[""features""]",1,not_retrieved,not_retrieved,,True
public_0064,intent_override,4,Hand Wash Only,title,False,"[""features""]",1,304,482,-178,True
public_0064,intent_override,4,Hand Wash Only,features,True,"[""features""]",1,689,367,322,True
public_0064,intent_override,4,Hand Wash Only,details,False,"[""features""]",1,not_retrieved,not_retrieved,,True
public_0064,intent_override,4,Hand Wash Only,description,False,"[""features""]",1,not_retrieved,not_retrieved,,True
public_0064,intent_override,4,Hand Wash Only,categories,False,"[""features""]",1,24,24,0,True
public_0064,intent_override,4,Hand Wash Only,store,False,"[""features""]",1,not_retrieved,not_retrieved,,True
public_0064,intent_override,4,Hand Wash Only,price,False,"[""features""]",1,not_retrieved,not_retrieved,,True
public_0065,buying,1,polyester,title,False,"[""features"", ""description""]",2,not_retrieved,not_retrieved,,True
public_0065,buying,1,polyester,features,True,"[""features"", ""description""]",2,not_retrieved,8972,,True
public_0065,buying,1,polyester,details,False,"[""features"", ""description""]",2,not_retrieved,not_retrieved,,True
public_0065,buying,1,polyester,description,True,"[""features"", ""description""]",2,406,293,113,True
public_0065,buying,1,polyester,categories,False,"[""features"", ""description""]",2,6,6,0,True
public_0065,buying,1,polyester,store,False,"[""features"", ""description""]",2,not_retrieved,not_retrieved,,True
public_0065,buying,1,polyester,price,False,"[""features"", ""description""]",2,not_retrieved,not_retrieved,,True
public_0065,buying,2,100% Polyester,title,False,"[""features"", ""description""]",2,not_retrieved,not_retrieved,,True
public_0065,buying,2,100% Polyester,features,True,"[""features"", ""description""]",2,not_retrieved,5635,,True
public_0065,buying,2,100% Polyester,details,False,"[""features"", ""description""]",2,not_retrieved,not_retrieved,,True
public_0065,buying,2,100% Polyester,description,True,"[""features"", ""description""]",2,406,301,105,True
public_0065,buying,2,100% Polyester,categories,False,"[""features"", ""description""]",2,6,6,0,True
public_0065,buying,2,100% Polyester,store,False,"[""features"", ""description""]",2,not_retrieved,not_retrieved,,True
public_0065,buying,2,100% Polyester,price,False,"[""features"", ""description""]",2,not_retrieved,not_retrieved,,True
public_0065,buying,3,Imported,title,False,"[""features""]",1,not_retrieved,not_retrieved,,True
public_0065,buying,3,Imported,features,True,"[""features""]",1,not_retrieved,13351,,True
public_0065,buying,3,Imported,details,False,"[""features""]",1,not_retrieved,not_retrieved,,True
public_0065,buying,3,Imported,description,False,"[""features""]",1,406,688,-282,True
public_0065,buying,3,Imported,categories,False,"[""features""]",1,6,6,0,True
public_0065,buying,3,Imported,store,False,"[""features""]",1,not_retrieved,not_retrieved,,True
public_0065,buying,3,Imported,price,False,"[""features""]",1,not_retrieved,not_retrieved,,True
public_0065,buying,4,Zipper closure,title,False,"[""features""]",1,not_retrieved,not_retrieved,,True
public_0065,buying,4,Zipper closure,features,True,"[""features""]",1,not_retrieved,1847,,True
public_0065,buying,4,Zipper closure,details,False,"[""features""]",1,not_retrieved,not_retrieved,,True
public_0065,buying,4,Zipper closure,description,False,"[""features""]",1,406,1304,-898,True
public_0065,buying,4,Zipper closure,categories,False,"[""features""]",1,6,6,0,True
public_0065,buying,4,Zipper closure,store,False,"[""features""]",1,not_retrieved,not_retrieved,,True
public_0065,buying,4,Zipper closure,price,False,"[""features""]",1,not_retrieved,not_retrieved,,True
public_0066,buying,1,polyester,title,False,"[""features""]",1,not_retrieved,not_retrieved,,True
public_0066,buying,1,polyester,features,True,"[""features""]",1,978,706,272,True
public_0066,buying,1,polyester,details,False,"[""features""]",1,not_retrieved,not_retrieved,,True
public_0066,buying,1,polyester,description,False,"[""features""]",1,not_retrieved,not_retrieved,,True
public_0066,buying,1,polyester,categories,False,"[""features""]",1,126,126,0,True
public_0066,buying,1,polyester,store,False,"[""features""]",1,not_retrieved,not_retrieved,,True
public_0066,buying,1,polyester,price,False,"[""features""]",1,not_retrieved,not_retrieved,,True
public_0066,buying,2,"96% Polyester, 4% Spandex",title,False,"[""features""]",1,not_retrieved,not_retrieved,,True
public_0066,buying,2,"96% Polyester, 4% Spandex",features,True,"[""features""]",1,978,133,845,True
public_0066,buying,2,"96% Polyester, 4% Spandex",details,False,"[""features""]",1,not_retrieved,not_retrieved,,True
public_0066,buying,2,"96% Polyester, 4% Spandex",description,False,"[""features""]",1,not_retrieved,not_retrieved,,True
public_0066,buying,2,"96% Polyester, 4% Spandex",categories,False,"[""features""]",1,126,126,0,True
public_0066,buying,2,"96% Polyester, 4% Spandex",store,False,"[""features""]",1,not_retrieved,not_retrieved,,True
public_0066,buying,2,"96% Polyester, 4% Spandex",price,False,"[""features""]",1,not_retrieved,not_retrieved,,True
public_0066,buying,3,Imported,title,False,"[""features""]",1,not_retrieved,not_retrieved,,True
public_0066,buying,3,Imported,features,True,"[""features""]",1,978,688,290,True
public_0066,buying,3,Imported,details,False,"[""features""]",1,not_retrieved,not_retrieved,,True
public_0066,buying,3,Imported,description,False,"[""features""]",1,not_retrieved,not_retrieved,,True
public_0066,buying,3,Imported,categories,False,"[""features""]",1,126,126,0,True
public_0066,buying,3,Imported,store,False,"[""features""]",1,not_retrieved,not_retrieved,,True
public_0066,buying,3,Imported,price,False,"[""features""]",1,not_retrieved,not_retrieved,,True
public_0066,buying,4,Zipper closure,title,False,"[""features""]",1,not_retrieved,not_retrieved,,True
public_0066,buying,4,Zipper closure,features,True,"[""features""]",1,978,908,70,True
public_0066,buying,4,Zipper closure,details,False,"[""features""]",1,not_retrieved,not_retrieved,,True
public_0066,buying,4,Zipper closure,description,False,"[""features""]",1,not_retrieved,not_retrieved,,True
public_0066,buying,4,Zipper closure,categories,False,"[""features""]",1,126,126,0,True
public_0066,buying,4,Zipper closure,store,False,"[""features""]",1,not_retrieved,not_retrieved,,True
public_0066,buying,4,Zipper closure,price,False,"[""features""]",1,not_retrieved,not_retrieved,,True
public_0067,buying,1,polyester,title,False,"[""features""]",1,405,455,-50,True
public_0067,buying,1,polyester,features,True,"[""features""]",1,1,1,0,True
public_0067,buying,1,polyester,details,False,"[""features""]",1,not_retrieved,not_retrieved,,True
public_0067,buying,1,polyester,description,False,"[""features""]",1,not_retrieved,not_retrieved,,True
public_0067,buying,1,polyester,categories,False,"[""features""]",1,29,29,0,True
public_0067,buying,1,polyester,store,False,"[""features""]",1,not_retrieved,not_retrieved,,True
public_0067,buying,1,polyester,price,False,"[""features""]",1,not_retrieved,not_retrieved,,True
public_0067,buying,2,Polyester,title,False,"[""features""]",1,405,455,-50,True
public_0067,buying,2,Polyester,features,True,"[""features""]",1,1,1,0,True
public_0067,buying,2,Polyester,details,False,"[""features""]",1,not_retrieved,not_retrieved,,True
public_0067,buying,2,Polyester,description,False,"[""features""]",1,not_retrieved,not_retrieved,,True
public_0067,buying,2,Polyester,categories,False,"[""features""]",1,29,29,0,True
public_0067,buying,2,Polyester,store,False,"[""features""]",1,not_retrieved,not_retrieved,,True
public_0067,buying,2,Polyester,price,False,"[""features""]",1,not_retrieved,not_retrieved,,True
public_0067,buying,3,Imported,title,False,"[""features""]",1,405,408,-3,True
public_0067,buying,3,Imported,features,True,"[""features""]",1,1,1,0,True
public_0067,buying,3,Imported,details,False,"[""features""]",1,not_retrieved,not_retrieved,,True
public_0067,buying,3,Imported,description,False,"[""features""]",1,not_retrieved,not_retrieved,,True
public_0067,buying,3,Imported,categories,False,"[""features""]",1,29,29,0,True
public_0067,buying,3,Imported,store,False,"[""features""]",1,not_retrieved,not_retrieved,,True
public_0067,buying,3,Imported,price,False,"[""features""]",1,not_retrieved,not_retrieved,,True
public_0067,buying,4,Zipper closure,title,False,"[""features""]",1,405,867,-462,True
public_0067,buying,4,Zipper closure,features,True,"[""features""]",1,1,1,0,True
public_0067,buying,4,Zipper closure,details,False,"[""features""]",1,not_retrieved,not_retrieved,,True
public_0067,buying,4,Zipper closure,description,False,"[""features""]",1,not_retrieved,not_retrieved,,True
public_0067,buying,4,Zipper closure,categories,False,"[""features""]",1,29,29,0,True
public_0067,buying,4,Zipper closure,store,False,"[""features""]",1,not_retrieved,not_retrieved,,True
public_0067,buying,4,Zipper closure,price,False,"[""features""]",1,not_retrieved,not_retrieved,,True
public_0068,intent_override,1,Imported,title,False,"[""features""]",1,not_retrieved,not_retrieved,,True
public_0068,intent_override,1,Imported,features,True,"[""features""]",1,230,112,118,True
public_0068,intent_override,1,Imported,details,False,"[""features""]",1,not_retrieved,not_retrieved,,True
public_0068,intent_override,1,Imported,description,False,"[""features""]",1,2,2,0,True
public_0068,intent_override,1,Imported,categories,False,"[""features""]",1,280,280,0,True
public_0068,intent_override,1,Imported,store,False,"[""features""]",1,not_retrieved,not_retrieved,,True
public_0068,intent_override,1,Imported,price,False,"[""features""]",1,not_retrieved,not_retrieved,,True
public_0068,intent_override,2,Rubber sole,title,False,"[""features""]",1,not_retrieved,not_retrieved,,True
public_0068,intent_override,2,Rubber sole,features,True,"[""features""]",1,230,105,125,True
public_0068,intent_override,2,Rubber sole,details,False,"[""features""]",1,not_retrieved,not_retrieved,,True
public_0068,intent_override,2,Rubber sole,description,False,"[""features""]",1,2,5,-3,True
public_0068,intent_override,2,Rubber sole,categories,False,"[""features""]",1,280,280,0,True
public_0068,intent_override,2,Rubber sole,store,False,"[""features""]",1,not_retrieved,not_retrieved,,True
public_0068,intent_override,2,Rubber sole,price,False,"[""features""]",1,not_retrieved,not_retrieved,,True
public_0068,intent_override,3,Dual-density outsole with Hyper Pillar comfort technology,title,False,"[""features""]",1,not_retrieved,not_retrieved,,True
public_0068,intent_override,3,Dual-density outsole with Hyper Pillar comfort technology,features,True,"[""features""]",1,230,1,229,True
public_0068,intent_override,3,Dual-density outsole with Hyper Pillar comfort technology,details,False,"[""features""]",1,not_retrieved,not_retrieved,,True
public_0068,intent_override,3,Dual-density outsole with Hyper Pillar comfort technology,description,False,"[""features""]",1,2,38,-36,True
public_0068,intent_override,3,Dual-density outsole with Hyper Pillar comfort technology,categories,False,"[""features""]",1,280,286,-6,True
public_0068,intent_override,3,Dual-density outsole with Hyper Pillar comfort technology,store,False,"[""features""]",1,not_retrieved,not_retrieved,,True
public_0068,intent_override,3,Dual-density outsole with Hyper Pillar comfort technology,price,False,"[""features""]",1,not_retrieved,not_retrieved,,True
public_0068,intent_override,4,Lightweight and responsive Ultra Go midsole cushioning,title,False,"[""features""]",1,not_retrieved,348,,True
public_0068,intent_override,4,Lightweight and responsive Ultra Go midsole cushioning,features,True,"[""features""]",1,230,1,229,True
public_0068,intent_override,4,Lightweight and responsive Ultra Go midsole cushioning,details,False,"[""features""]",1,not_retrieved,not_retrieved,,True
public_0068,intent_override,4,Lightweight and responsive Ultra Go midsole cushioning,description,False,"[""features""]",1,2,79,-77,True
public_0068,intent_override,4,Lightweight and responsive Ultra Go midsole cushioning,categories,False,"[""features""]",1,280,281,-1,True
public_0068,intent_override,4,Lightweight and responsive Ultra Go midsole cushioning,store,False,"[""features""]",1,not_retrieved,not_retrieved,,True
public_0068,intent_override,4,Lightweight and responsive Ultra Go midsole cushioning,price,False,"[""features""]",1,not_retrieved,not_retrieved,,True
public_0069,browsing,1,【FASHION DESIGN 】—Acrylic mottled hoop earrings. Square and oval silhouette. Marbled Floral and Leopard design. Post back. Light-weight earrings. these acrylic earrings are the per,title,False,"[""features""]",1,29,1,28,True
public_0069,browsing,1,【FASHION DESIGN 】—Acrylic mottled hoop earrings. Square and oval silhouette. Marbled Floral and Leopard design. Post back. Light-weight earrings. these acrylic earrings are the per,features,True,"[""features""]",1,38,1,37,True
public_0069,browsing,1,【FASHION DESIGN 】—Acrylic mottled hoop earrings. Square and oval silhouette. Marbled Floral and Leopard design. Post back. Light-weight earrings. these acrylic earrings are the per,details,False,"[""features""]",1,not_retrieved,20,,True
public_0069,browsing,1,【FASHION DESIGN 】—Acrylic mottled hoop earrings. Square and oval silhouette. Marbled Floral and Leopard design. Post back. Light-weight earrings. these acrylic earrings are the per,description,False,"[""features""]",1,548,1,547,True
public_0069,browsing,1,【FASHION DESIGN 】—Acrylic mottled hoop earrings. Square and oval silhouette. Marbled Floral and Leopard design. Post back. Light-weight earrings. these acrylic earrings are the per,categories,False,"[""features""]",1,339,341,-2,True
public_0069,browsing,1,【FASHION DESIGN 】—Acrylic mottled hoop earrings. Square and oval silhouette. Marbled Floral and Leopard design. Post back. Light-weight earrings. these acrylic earrings are the per,store,False,"[""features""]",1,not_retrieved,not_retrieved,,True
public_0069,browsing,1,【FASHION DESIGN 】—Acrylic mottled hoop earrings. Square and oval silhouette. Marbled Floral and Leopard design. Post back. Light-weight earrings. these acrylic earrings are the per,price,False,"[""features""]",1,not_retrieved,not_retrieved,,True
public_0069,browsing,2,"【COMFORTABLE TO WEAR】—Acrylic Leopard dangle earring give a summer-ready feel to any look. Post back closures for pieced ears. Size: 2.5''in length weight 0.2oz a pair,Lightweight,",title,False,"[""features""]",1,29,14,15,True
public_0069,browsing,2,"【COMFORTABLE TO WEAR】—Acrylic Leopard dangle earring give a summer-ready feel to any look. Post back closures for pieced ears. Size: 2.5''in length weight 0.2oz a pair,Lightweight,",features,True,"[""features""]",1,38,1,37,True
public_0069,browsing,2,"【COMFORTABLE TO WEAR】—Acrylic Leopard dangle earring give a summer-ready feel to any look. Post back closures for pieced ears. Size: 2.5''in length weight 0.2oz a pair,Lightweight,",details,False,"[""features""]",1,not_retrieved,433,,True
public_0069,browsing,2,"【COMFORTABLE TO WEAR】—Acrylic Leopard dangle earring give a summer-ready feel to any look. Post back closures for pieced ears. Size: 2.5''in length weight 0.2oz a pair,Lightweight,",description,False,"[""features""]",1,548,41,507,True
public_0069,browsing,2,"【COMFORTABLE TO WEAR】—Acrylic Leopard dangle earring give a summer-ready feel to any look. Post back closures for pieced ears. Size: 2.5''in length weight 0.2oz a pair,Lightweight,",categories,False,"[""features""]",1,339,377,-38,True
public_0069,browsing,2,"【COMFORTABLE TO WEAR】—Acrylic Leopard dangle earring give a summer-ready feel to any look. Post back closures for pieced ears. Size: 2.5''in length weight 0.2oz a pair,Lightweight,",store,False,"[""features""]",1,not_retrieved,not_retrieved,,True
public_0069,browsing,2,"【COMFORTABLE TO WEAR】—Acrylic Leopard dangle earring give a summer-ready feel to any look. Post back closures for pieced ears. Size: 2.5''in length weight 0.2oz a pair,Lightweight,",price,False,"[""features""]",1,not_retrieved,not_retrieved,,True
public_0069,browsing,3,"【PERFECT GIFT】—Geometric drop dangle earring with Excellent Luster and Unimpeachable Rust very popular with women and girls packaged in a velvet bag, a wonderful gift giving mom, w",title,False,"[""features""]",1,29,5,24,True
public_0069,browsing,3,"【PERFECT GIFT】—Geometric drop dangle earring with Excellent Luster and Unimpeachable Rust very popular with women and girls packaged in a velvet bag, a wonderful gift giving mom, w",features,True,"[""features""]",1,38,1,37,True
public_0069,browsing,3,"【PERFECT GIFT】—Geometric drop dangle earring with Excellent Luster and Unimpeachable Rust very popular with women and girls packaged in a velvet bag, a wonderful gift giving mom, w",details,False,"[""features""]",1,not_retrieved,not_retrieved,,True
public_0069,browsing,3,"【PERFECT GIFT】—Geometric drop dangle earring with Excellent Luster and Unimpeachable Rust very popular with women and girls packaged in a velvet bag, a wonderful gift giving mom, w",description,False,"[""features""]",1,548,1348,-800,True
public_0069,browsing,3,"【PERFECT GIFT】—Geometric drop dangle earring with Excellent Luster and Unimpeachable Rust very popular with women and girls packaged in a velvet bag, a wonderful gift giving mom, w",categories,False,"[""features""]",1,339,347,-8,True
public_0069,browsing,3,"【PERFECT GIFT】—Geometric drop dangle earring with Excellent Luster and Unimpeachable Rust very popular with women and girls packaged in a velvet bag, a wonderful gift giving mom, w",store,False,"[""features""]",1,not_retrieved,not_retrieved,,True
public_0069,browsing,3,"【PERFECT GIFT】—Geometric drop dangle earring with Excellent Luster and Unimpeachable Rust very popular with women and girls packaged in a velvet bag, a wonderful gift giving mom, w",price,False,"[""features""]",1,not_retrieved,not_retrieved,,True
public_0069,browsing,4,"【MATCH TO MOST OCCASIONS】—Minimalist Acrylic Hoop Earrings works well with your daily outfit,Can wear it with many things go to many occasions.Such as Valentine’s Day, Christmas’ D",title,False,"[""features""]",1,29,2,27,True
public_0069,browsing,4,"【MATCH TO MOST OCCASIONS】—Minimalist Acrylic Hoop Earrings works well with your daily outfit,Can wear it with many things go to many occasions.Such as Valentine’s Day, Christmas’ D",features,True,"[""features""]",1,38,1,37,True
public_0069,browsing,4,"【MATCH TO MOST OCCASIONS】—Minimalist Acrylic Hoop Earrings works well with your daily outfit,Can wear it with many things go to many occasions.Such as Valentine’s Day, Christmas’ D",details,False,"[""features""]",1,not_retrieved,not_retrieved,,True
public_0069,browsing,4,"【MATCH TO MOST OCCASIONS】—Minimalist Acrylic Hoop Earrings works well with your daily outfit,Can wear it with many things go to many occasions.Such as Valentine’s Day, Christmas’ D",description,False,"[""features""]",1,548,1,547,True
public_0069,browsing,4,"【MATCH TO MOST OCCASIONS】—Minimalist Acrylic Hoop Earrings works well with your daily outfit,Can wear it with many things go to many occasions.Such as Valentine’s Day, Christmas’ D",categories,False,"[""features""]",1,339,371,-32,True
public_0069,browsing,4,"【MATCH TO MOST OCCASIONS】—Minimalist Acrylic Hoop Earrings works well with your daily outfit,Can wear it with many things go to many occasions.Such as Valentine’s Day, Christmas’ D",store,False,"[""features""]",1,not_retrieved,not_retrieved,,True
public_0069,browsing,4,"【MATCH TO MOST OCCASIONS】—Minimalist Acrylic Hoop Earrings works well with your daily outfit,Can wear it with many things go to many occasions.Such as Valentine’s Day, Christmas’ D",price,False,"[""features""]",1,not_retrieved,not_retrieved,,True
public_0070,browsing,1,nylon,title,False,"[""features"", ""details""]",2,729,853,-124,True
public_0070,browsing,1,nylon,features,True,"[""features"", ""details""]",2,7,1,6,True
public_0070,browsing,1,nylon,details,True,"[""features"", ""details""]",2,not_retrieved,291,,True
public_0070,browsing,1,nylon,description,False,"[""features"", ""details""]",2,not_retrieved,not_retrieved,,True
public_0070,browsing,1,nylon,categories,False,"[""features"", ""details""]",2,6,6,0,True
public_0070,browsing,1,nylon,store,False,"[""features"", ""details""]",2,not_retrieved,not_retrieved,,True
public_0070,browsing,1,nylon,price,False,"[""features"", ""details""]",2,not_retrieved,not_retrieved,,True
public_0070,browsing,2,"✅ PERFECT FOR TRAVEL - COMFORTABLE, LIGHTWEIGHT, AND WATER RESISTANT PASSPORT AND VACCINE CARD HOLDER designed to offer you a safe and secure location to store valuables , passport",title,False,"[""features""]",1,729,3,726,True
public_0070,browsing,2,"✅ PERFECT FOR TRAVEL - COMFORTABLE, LIGHTWEIGHT, AND WATER RESISTANT PASSPORT AND VACCINE CARD HOLDER designed to offer you a safe and secure location to store valuables , passport",features,True,"[""features""]",1,7,1,6,True
public_0070,browsing,2,"✅ PERFECT FOR TRAVEL - COMFORTABLE, LIGHTWEIGHT, AND WATER RESISTANT PASSPORT AND VACCINE CARD HOLDER designed to offer you a safe and secure location to store valuables , passport",details,False,"[""features""]",1,not_retrieved,not_retrieved,,True
public_0070,browsing,2,"✅ PERFECT FOR TRAVEL - COMFORTABLE, LIGHTWEIGHT, AND WATER RESISTANT PASSPORT AND VACCINE CARD HOLDER designed to offer you a safe and secure location to store valuables , passport",description,False,"[""features""]",1,not_retrieved,not_retrieved,,True
public_0070,browsing,2,"✅ PERFECT FOR TRAVEL - COMFORTABLE, LIGHTWEIGHT, AND WATER RESISTANT PASSPORT AND VACCINE CARD HOLDER designed to offer you a safe and secure location to store valuables , passport",categories,False,"[""features""]",1,6,30,-24,True
public_0070,browsing,2,"✅ PERFECT FOR TRAVEL - COMFORTABLE, LIGHTWEIGHT, AND WATER RESISTANT PASSPORT AND VACCINE CARD HOLDER designed to offer you a safe and secure location to store valuables , passport",store,False,"[""features""]",1,not_retrieved,not_retrieved,,True
public_0070,browsing,2,"✅ PERFECT FOR TRAVEL - COMFORTABLE, LIGHTWEIGHT, AND WATER RESISTANT PASSPORT AND VACCINE CARD HOLDER designed to offer you a safe and secure location to store valuables , passport",price,False,"[""features""]",1,not_retrieved,not_retrieved,,True
public_0070,browsing,3,"✅ RFID BLOCKING – RFID WALLET LINED WITH RADIO FREQUENCY SHIELDING MATERIAL WHICH BLOCKS UNWANTED SCANS , ensuring that your cards and personal information remain private and confi",title,False,"[""features""]",1,729,7,722,True
public_0070,browsing,3,"✅ RFID BLOCKING – RFID WALLET LINED WITH RADIO FREQUENCY SHIELDING MATERIAL WHICH BLOCKS UNWANTED SCANS , ensuring that your cards and personal information remain private and confi",features,True,"[""features""]",1,7,1,6,True
public_0070,browsing,3,"✅ RFID BLOCKING – RFID WALLET LINED WITH RADIO FREQUENCY SHIELDING MATERIAL WHICH BLOCKS UNWANTED SCANS , ensuring that your cards and personal information remain private and confi",details,False,"[""features""]",1,not_retrieved,290,,True
public_0070,browsing,3,"✅ RFID BLOCKING – RFID WALLET LINED WITH RADIO FREQUENCY SHIELDING MATERIAL WHICH BLOCKS UNWANTED SCANS , ensuring that your cards and personal information remain private and confi",description,False,"[""features""]",1,not_retrieved,not_retrieved,,True
public_0070,browsing,3,"✅ RFID BLOCKING – RFID WALLET LINED WITH RADIO FREQUENCY SHIELDING MATERIAL WHICH BLOCKS UNWANTED SCANS , ensuring that your cards and personal information remain private and confi",categories,False,"[""features""]",1,6,7,-1,True
public_0070,browsing,3,"✅ RFID BLOCKING – RFID WALLET LINED WITH RADIO FREQUENCY SHIELDING MATERIAL WHICH BLOCKS UNWANTED SCANS , ensuring that your cards and personal information remain private and confi",store,False,"[""features""]",1,not_retrieved,not_retrieved,,True
public_0070,browsing,3,"✅ RFID BLOCKING – RFID WALLET LINED WITH RADIO FREQUENCY SHIELDING MATERIAL WHICH BLOCKS UNWANTED SCANS , ensuring that your cards and personal information remain private and confi",price,False,"[""features""]",1,not_retrieved,not_retrieved,,True
public_0070,browsing,4,Nylon lining,title,False,"[""features""]",1,729,1013,-284,True
public_0070,browsing,4,Nylon lining,features,True,"[""features""]",1,7,2,5,True
public_0070,browsing,4,Nylon lining,details,False,"[""features""]",1,not_retrieved,330,,True
public_0070,browsing,4,Nylon lining,description,False,"[""features""]",1,not_retrieved,not_retrieved,,True
public_0070,browsing,4,Nylon lining,categories,False,"[""features""]",1,6,6,0,True
public_0070,browsing,4,Nylon lining,store,False,"[""features""]",1,not_retrieved,not_retrieved,,True
public_0070,browsing,4,Nylon lining,price,False,"[""features""]",1,not_retrieved,not_retrieved,,True
public_0071,intent_override,1,cotton,title,False,"[""features""]",1,8906,10297,-1391,True
public_0071,intent_override,1,cotton,features,True,"[""features""]",1,not_retrieved,12570,,True
public_0071,intent_override,1,cotton,details,False,"[""features""]",1,not_retrieved,not_retrieved,,True
public_0071,intent_override,1,cotton,description,False,"[""features""]",1,not_retrieved,not_retrieved,,True
public_0071,intent_override,1,cotton,categories,False,"[""features""]",1,34,34,0,True
public_0071,intent_override,1,cotton,store,False,"[""features""]",1,not_retrieved,not_retrieved,,True
public_0071,intent_override,1,cotton,price,False,"[""features""]",1,not_retrieved,not_retrieved,,True
public_0071,intent_override,2,"90% Cotton, 10% Others",title,False,"[""features""]",1,8906,11096,-2190,True
public_0071,intent_override,2,"90% Cotton, 10% Others",features,True,"[""features""]",1,not_retrieved,78,,True
public_0071,intent_override,2,"90% Cotton, 10% Others",details,False,"[""features""]",1,not_retrieved,not_retrieved,,True
public_0071,intent_override,2,"90% Cotton, 10% Others",description,False,"[""features""]",1,not_retrieved,not_retrieved,,True
public_0071,intent_override,2,"90% Cotton, 10% Others",categories,False,"[""features""]",1,34,34,0,True
public_0071,intent_override,2,"90% Cotton, 10% Others",store,False,"[""features""]",1,not_retrieved,not_retrieved,,True
public_0071,intent_override,2,"90% Cotton, 10% Others",price,False,"[""features""]",1,not_retrieved,not_retrieved,,True
public_0071,intent_override,3,Imported,title,False,"[""features""]",1,8906,8908,-2,True
public_0071,intent_override,3,Imported,features,True,"[""features""]",1,not_retrieved,18201,,True
public_0071,intent_override,3,Imported,details,False,"[""features""]",1,not_retrieved,not_retrieved,,True
public_0071,intent_override,3,Imported,description,False,"[""features""]",1,not_retrieved,not_retrieved,,True
public_0071,intent_override,3,Imported,categories,False,"[""features""]",1,34,34,0,True
public_0071,intent_override,3,Imported,store,False,"[""features""]",1,not_retrieved,not_retrieved,,True
public_0071,intent_override,3,Imported,price,False,"[""features""]",1,not_retrieved,not_retrieved,,True
public_0071,intent_override,4,Pull On closure,title,False,"[""features""]",1,8906,10335,-1429,True
public_0071,intent_override,4,Pull On closure,features,True,"[""features""]",1,not_retrieved,7730,,True
public_0071,intent_override,4,Pull On closure,details,False,"[""features""]",1,not_retrieved,not_retrieved,,True
public_0071,intent_override,4,Pull On closure,description,False,"[""features""]",1,not_retrieved,not_retrieved,,True
public_0071,intent_override,4,Pull On closure,categories,False,"[""features""]",1,34,34,0,True
public_0071,intent_override,4,Pull On closure,store,False,"[""features""]",1,not_retrieved,not_retrieved,,True
public_0071,intent_override,4,Pull On closure,price,False,"[""features""]",1,not_retrieved,not_retrieved,,True
public_0072,intent_override,1,Faux Fur,title,True,"[""title"", ""features""]",2,not_retrieved,91,,True
public_0072,intent_override,1,Faux Fur,features,True,"[""title"", ""features""]",2,not_retrieved,39,,True
public_0072,intent_override,1,Faux Fur,details,False,"[""title"", ""features""]",2,not_retrieved,not_retrieved,,True
public_0072,intent_override,1,Faux Fur,description,False,"[""title"", ""features""]",2,not_retrieved,not_retrieved,,True
public_0072,intent_override,1,Faux Fur,categories,False,"[""title"", ""features""]",2,9,51,-42,True
public_0072,intent_override,1,Faux Fur,store,False,"[""title"", ""features""]",2,not_retrieved,not_retrieved,,True
public_0072,intent_override,1,Faux Fur,price,False,"[""title"", ""features""]",2,not_retrieved,not_retrieved,,True
public_0072,intent_override,2,Drawstring closure,title,False,"[""features""]",1,not_retrieved,not_retrieved,,True
public_0072,intent_override,2,Drawstring closure,features,True,"[""features""]",1,not_retrieved,388,,True
public_0072,intent_override,2,Drawstring closure,details,False,"[""features""]",1,not_retrieved,not_retrieved,,True
public_0072,intent_override,2,Drawstring closure,description,False,"[""features""]",1,not_retrieved,not_retrieved,,True
public_0072,intent_override,2,Drawstring closure,categories,False,"[""features""]",1,9,9,0,True
public_0072,intent_override,2,Drawstring closure,store,False,"[""features""]",1,not_retrieved,not_retrieved,,True
public_0072,intent_override,2,Drawstring closure,price,False,"[""features""]",1,not_retrieved,not_retrieved,,True
public_0072,intent_override,3,Hand Wash Only,title,False,"[""features""]",1,not_retrieved,not_retrieved,,True
public_0072,intent_override,3,Hand Wash Only,features,True,"[""features""]",1,not_retrieved,1026,,True
public_0072,intent_override,3,Hand Wash Only,details,False,"[""features""]",1,not_retrieved,not_retrieved,,True
public_0072,intent_override,3,Hand Wash Only,description,False,"[""features""]",1,not_retrieved,not_retrieved,,True
public_0072,intent_override,3,Hand Wash Only,categories,False,"[""features""]",1,9,9,0,True
public_0072,intent_override,3,Hand Wash Only,store,False,"[""features""]",1,not_retrieved,not_retrieved,,True
public_0072,intent_override,3,Hand Wash Only,price,False,"[""features""]",1,not_retrieved,not_retrieved,,True
public_0072,intent_override,4,Department: womens,title,False,"[""details""]",1,not_retrieved,2637,,True
public_0072,intent_override,4,Department: womens,features,False,"[""details""]",1,not_retrieved,not_retrieved,,True
public_0072,intent_override,4,Department: womens,details,True,"[""details""]",1,not_retrieved,1225,,True
public_0072,intent_override,4,Department: womens,description,False,"[""details""]",1,not_retrieved,not_retrieved,,True
public_0072,intent_override,4,Department: womens,categories,False,"[""details""]",1,9,9,0,True
public_0072,intent_override,4,Department: womens,store,False,"[""details""]",1,not_retrieved,not_retrieved,,True
public_0072,intent_override,4,Department: womens,price,False,"[""details""]",1,not_retrieved,not_retrieved,,True
public_0073,browsing,1,polyester,title,False,"[""features""]",1,56,79,-23,True
public_0073,browsing,1,polyester,features,True,"[""features""]",1,5535,9401,-3866,True
public_0073,browsing,1,polyester,details,False,"[""features""]",1,not_retrieved,not_retrieved,,True
public_0073,browsing,1,polyester,description,False,"[""features""]",1,not_retrieved,not_retrieved,,True
public_0073,browsing,1,polyester,categories,False,"[""features""]",1,502,502,0,True
public_0073,browsing,1,polyester,store,False,"[""features""]",1,not_retrieved,not_retrieved,,True
public_0073,browsing,1,polyester,price,False,"[""features""]",1,not_retrieved,not_retrieved,,True
public_0073,browsing,2,"♥【Try RISK FREE】: Wear COMFORTABLE or Your MONEY BACK! 30-day wear test! FREE shipping and returns.If for any reason you’re unhappy with your purchase,feel free to contact us",title,False,"[""features""]",1,56,378,-322,True
public_0073,browsing,2,"♥【Try RISK FREE】: Wear COMFORTABLE or Your MONEY BACK! 30-day wear test! FREE shipping and returns.If for any reason you’re unhappy with your purchase,feel free to contact us",features,True,"[""features""]",1,5535,5,5530,True
public_0073,browsing,2,"♥【Try RISK FREE】: Wear COMFORTABLE or Your MONEY BACK! 30-day wear test! FREE shipping and returns.If for any reason you’re unhappy with your purchase,feel free to contact us",details,False,"[""features""]",1,not_retrieved,not_retrieved,,True
public_0073,browsing,2,"♥【Try RISK FREE】: Wear COMFORTABLE or Your MONEY BACK! 30-day wear test! FREE shipping and returns.If for any reason you’re unhappy with your purchase,feel free to contact us",description,False,"[""features""]",1,not_retrieved,not_retrieved,,True
public_0073,browsing,2,"♥【Try RISK FREE】: Wear COMFORTABLE or Your MONEY BACK! 30-day wear test! FREE shipping and returns.If for any reason you’re unhappy with your purchase,feel free to contact us",categories,False,"[""features""]",1,502,636,-134,True
public_0073,browsing,2,"♥【Try RISK FREE】: Wear COMFORTABLE or Your MONEY BACK! 30-day wear test! FREE shipping and returns.If for any reason you’re unhappy with your purchase,feel free to contact us",store,False,"[""features""]",1,not_retrieved,not_retrieved,,True
public_0073,browsing,2,"♥【Try RISK FREE】: Wear COMFORTABLE or Your MONEY BACK! 30-day wear test! FREE shipping and returns.If for any reason you’re unhappy with your purchase,feel free to contact us",price,False,"[""features""]",1,not_retrieved,not_retrieved,,True
public_0073,browsing,3,Imported,title,False,"[""features""]",1,56,59,-3,True
public_0073,browsing,3,Imported,features,True,"[""features""]",1,5535,9920,-4385,True
public_0073,browsing,3,Imported,details,False,"[""features""]",1,not_retrieved,not_retrieved,,True
public_0073,browsing,3,Imported,description,False,"[""features""]",1,not_retrieved,not_retrieved,,True
public_0073,browsing,3,Imported,categories,False,"[""features""]",1,502,502,0,True
public_0073,browsing,3,Imported,store,False,"[""features""]",1,not_retrieved,not_retrieved,,True
public_0073,browsing,3,Imported,price,False,"[""features""]",1,not_retrieved,not_retrieved,,True
public_0073,browsing,4,Elastic closure,title,False,"[""features""]",1,56,99,-43,True
public_0073,browsing,4,Elastic closure,features,True,"[""features""]",1,5535,4712,823,True
public_0073,browsing,4,Elastic closure,details,False,"[""features""]",1,not_retrieved,not_retrieved,,True
public_0073,browsing,4,Elastic closure,description,False,"[""features""]",1,not_retrieved,not_retrieved,,True
public_0073,browsing,4,Elastic closure,categories,False,"[""features""]",1,502,502,0,True
public_0073,browsing,4,Elastic closure,store,False,"[""features""]",1,not_retrieved,not_retrieved,,True
public_0073,browsing,4,Elastic closure,price,False,"[""features""]",1,not_retrieved,not_retrieved,,True
public_0074,browsing,1,mesh,title,False,"[""features"", ""description""]",2,not_retrieved,not_retrieved,,True
public_0074,browsing,1,mesh,features,True,"[""features"", ""description""]",2,not_retrieved,567,,True
public_0074,browsing,1,mesh,details,False,"[""features"", ""description""]",2,not_retrieved,not_retrieved,,True
public_0074,browsing,1,mesh,description,True,"[""features"", ""description""]",2,61,6,55,True
public_0074,browsing,1,mesh,categories,False,"[""features"", ""description""]",2,167,167,0,True
public_0074,browsing,1,mesh,store,False,"[""features"", ""description""]",2,not_retrieved,not_retrieved,,True
public_0074,browsing,1,mesh,price,False,"[""features"", ""description""]",2,not_retrieved,not_retrieved,,True
public_0074,browsing,2,Imported,title,False,"[""features""]",1,not_retrieved,not_retrieved,,True
public_0074,browsing,2,Imported,features,True,"[""features""]",1,not_retrieved,9074,,True
public_0074,browsing,2,Imported,details,False,"[""features""]",1,not_retrieved,not_retrieved,,True
public_0074,browsing,2,Imported,description,False,"[""features""]",1,61,68,-7,True
public_0074,browsing,2,Imported,categories,False,"[""features""]",1,167,167,0,True
public_0074,browsing,2,Imported,store,False,"[""features""]",1,not_retrieved,not_retrieved,,True
public_0074,browsing,2,Imported,price,False,"[""features""]",1,not_retrieved,not_retrieved,,True
public_0074,browsing,3,Synthetic sole,title,False,"[""features""]",1,not_retrieved,not_retrieved,,True
public_0074,browsing,3,Synthetic sole,features,True,"[""features""]",1,not_retrieved,2808,,True
public_0074,browsing,3,Synthetic sole,details,False,"[""features""]",1,not_retrieved,not_retrieved,,True
public_0074,browsing,3,Synthetic sole,description,False,"[""features""]",1,61,204,-143,True
public_0074,browsing,3,Synthetic sole,categories,False,"[""features""]",1,167,167,0,True
public_0074,browsing,3,Synthetic sole,store,False,"[""features""]",1,not_retrieved,not_retrieved,,True
public_0074,browsing,3,Synthetic sole,price,False,"[""features""]",1,not_retrieved,not_retrieved,,True
public_0074,browsing,4,Shaft measures approximately not_applicable from arch,title,False,"[""features""]",1,not_retrieved,not_retrieved,,True
public_0074,browsing,4,Shaft measures approximately not_applicable from arch,features,True,"[""features""]",1,not_retrieved,1364,,True
public_0074,browsing,4,Shaft measures approximately not_applicable from arch,details,False,"[""features""]",1,not_retrieved,not_retrieved,,True
public_0074,browsing,4,Shaft measures approximately not_applicable from arch,description,False,"[""features""]",1,61,355,-294,True
public_0074,browsing,4,Shaft measures approximately not_applicable from arch,categories,False,"[""features""]",1,167,169,-2,True
public_0074,browsing,4,Shaft measures approximately not_applicable from arch,store,False,"[""features""]",1,not_retrieved,not_retrieved,,True
public_0074,browsing,4,Shaft measures approximately not_applicable from arch,price,False,"[""features""]",1,not_retrieved,not_retrieved,,True
public_0075,browsing,1,leather,title,False,"[""features""]",1,not_retrieved,not_retrieved,,True
public_0075,browsing,1,leather,features,True,"[""features""]",1,not_retrieved,5527,,True
public_0075,browsing,1,leather,details,False,"[""features""]",1,not_retrieved,not_retrieved,,True
public_0075,browsing,1,leather,description,False,"[""features""]",1,not_retrieved,not_retrieved,,True
public_0075,browsing,1,leather,categories,False,"[""features""]",1,121,121,0,True
public_0075,browsing,1,leather,store,False,"[""features""]",1,not_retrieved,not_retrieved,,True
public_0075,browsing,1,leather,price,False,"[""features""]",1,not_retrieved,not_retrieved,,True
public_0075,browsing,2,100% Leather,title,False,"[""features""]",1,not_retrieved,not_retrieved,,True
public_0075,browsing,2,100% Leather,features,True,"[""features""]",1,not_retrieved,4271,,True
public_0075,browsing,2,100% Leather,details,False,"[""features""]",1,not_retrieved,not_retrieved,,True
public_0075,browsing,2,100% Leather,description,False,"[""features""]",1,not_retrieved,not_retrieved,,True
public_0075,browsing,2,100% Leather,categories,False,"[""features""]",1,121,129,-8,True
public_0075,browsing,2,100% Leather,store,False,"[""features""]",1,not_retrieved,not_retrieved,,True
public_0075,browsing,2,100% Leather,price,False,"[""features""]",1,not_retrieved,not_retrieved,,True
public_0075,browsing,3,"Genuine Leather,New Design for Exact Fit,Width 1 3/8""",title,False,"[""features""]",1,not_retrieved,1367,,True
public_0075,browsing,3,"Genuine Leather,New Design for Exact Fit,Width 1 3/8""",features,True,"[""features""]",1,not_retrieved,7,,True
public_0075,browsing,3,"Genuine Leather,New Design for Exact Fit,Width 1 3/8""",details,False,"[""features""]",1,not_retrieved,not_retrieved,,True
public_0075,browsing,3,"Genuine Leather,New Design for Exact Fit,Width 1 3/8""",description,False,"[""features""]",1,not_retrieved,not_retrieved,,True
public_0075,browsing,3,"Genuine Leather,New Design for Exact Fit,Width 1 3/8""",categories,False,"[""features""]",1,121,126,-5,True
public_0075,browsing,3,"Genuine Leather,New Design for Exact Fit,Width 1 3/8""",store,False,"[""features""]",1,not_retrieved,not_retrieved,,True
public_0075,browsing,3,"Genuine Leather,New Design for Exact Fit,Width 1 3/8""",price,False,"[""features""]",1,not_retrieved,not_retrieved,,True
public_0075,browsing,4,Ratchet closure,title,False,"[""features""]",1,not_retrieved,40,,True
public_0075,browsing,4,Ratchet closure,features,True,"[""features""]",1,not_retrieved,54,,True
public_0075,browsing,4,Ratchet closure,details,False,"[""features""]",1,not_retrieved,not_retrieved,,True
public_0075,browsing,4,Ratchet closure,description,False,"[""features""]",1,not_retrieved,not_retrieved,,True
public_0075,browsing,4,Ratchet closure,categories,False,"[""features""]",1,121,121,0,True
public_0075,browsing,4,Ratchet closure,store,False,"[""features""]",1,not_retrieved,not_retrieved,,True
public_0075,browsing,4,Ratchet closure,price,False,"[""features""]",1,not_retrieved,not_retrieved,,True
public_0076,browsing,1,cotton,title,False,"[""features""]",1,not_retrieved,not_retrieved,,True
public_0076,browsing,1,cotton,features,True,"[""features""]",1,not_retrieved,6423,,True
public_0076,browsing,1,cotton,details,False,"[""features""]",1,not_retrieved,not_retrieved,,True
public_0076,browsing,1,cotton,description,False,"[""features""]",1,not_retrieved,not_retrieved,,True
public_0076,browsing,1,cotton,categories,False,"[""features""]",1,405,433,-28,True
public_0076,browsing,1,cotton,store,False,"[""features""]",1,not_retrieved,not_retrieved,,True
public_0076,browsing,1,cotton,price,False,"[""features""]",1,not_retrieved,not_retrieved,,True
public_0076,browsing,2,color: grey,title,False,[],0,not_retrieved,not_retrieved,,True
public_0076,browsing,2,color: grey,features,False,[],0,not_retrieved,2924,,True
public_0076,browsing,2,color: grey,details,False,[],0,not_retrieved,not_retrieved,,True
public_0076,browsing,2,color: grey,description,False,[],0,not_retrieved,not_retrieved,,True
public_0076,browsing,2,color: grey,categories,False,[],0,405,410,-5,True
public_0076,browsing,2,color: grey,store,False,[],0,not_retrieved,not_retrieved,,True
public_0076,browsing,2,color: grey,price,False,[],0,not_retrieved,not_retrieved,,True
public_0076,browsing,3,"Solid colors: 80% Cotton, 20% Polyester; Heather Grey: 78% Cotton, 22% Poly; Dark Heather: 50% Cotton, 50% Polyester",title,False,"[""features""]",1,not_retrieved,not_retrieved,,True
public_0076,browsing,3,"Solid colors: 80% Cotton, 20% Polyester; Heather Grey: 78% Cotton, 22% Poly; Dark Heather: 50% Cotton, 50% Polyester",features,True,"[""features""]",1,not_retrieved,17,,True
public_0076,browsing,3,"Solid colors: 80% Cotton, 20% Polyester; Heather Grey: 78% Cotton, 22% Poly; Dark Heather: 50% Cotton, 50% Polyester",details,False,"[""features""]",1,not_retrieved,not_retrieved,,True
public_0076,browsing,3,"Solid colors: 80% Cotton, 20% Polyester; Heather Grey: 78% Cotton, 22% Poly; Dark Heather: 50% Cotton, 50% Polyester",description,False,"[""features""]",1,not_retrieved,not_retrieved,,True
public_0076,browsing,3,"Solid colors: 80% Cotton, 20% Polyester; Heather Grey: 78% Cotton, 22% Poly; Dark Heather: 50% Cotton, 50% Polyester",categories,False,"[""features""]",1,405,500,-95,True
public_0076,browsing,3,"Solid colors: 80% Cotton, 20% Polyester; Heather Grey: 78% Cotton, 22% Poly; Dark Heather: 50% Cotton, 50% Polyester",store,False,"[""features""]",1,not_retrieved,not_retrieved,,True
public_0076,browsing,3,"Solid colors: 80% Cotton, 20% Polyester; Heather Grey: 78% Cotton, 22% Poly; Dark Heather: 50% Cotton, 50% Polyester",price,False,"[""features""]",1,not_retrieved,not_retrieved,,True
public_0076,browsing,4,Imported,title,False,"[""features""]",1,not_retrieved,not_retrieved,,True
public_0076,browsing,4,Imported,features,True,"[""features""]",1,not_retrieved,17641,,True
public_0076,browsing,4,Imported,details,False,"[""features""]",1,not_retrieved,not_retrieved,,True
public_0076,browsing,4,Imported,description,False,"[""features""]",1,not_retrieved,not_retrieved,,True
public_0076,browsing,4,Imported,categories,False,"[""features""]",1,405,405,0,True
public_0076,browsing,4,Imported,store,False,"[""features""]",1,not_retrieved,not_retrieved,,True
public_0076,browsing,4,Imported,price,False,"[""features""]",1,not_retrieved,not_retrieved,,True
public_0077,browsing,1,cotton,title,False,"[""features""]",1,59,129,-70,True
public_0077,browsing,1,cotton,features,True,"[""features""]",1,262,129,133,True
public_0077,browsing,1,cotton,details,False,"[""features""]",1,not_retrieved,not_retrieved,,True
public_0077,browsing,1,cotton,description,False,"[""features""]",1,not_retrieved,not_retrieved,,True
public_0077,browsing,1,cotton,categories,False,"[""features""]",1,21,21,0,True
public_0077,browsing,1,cotton,store,False,"[""features""]",1,not_retrieved,not_retrieved,,True
public_0077,browsing,1,cotton,price,False,"[""features""]",1,not_retrieved,not_retrieved,,True
public_0077,browsing,2,55% Cotton /45% Polyester Flannel,title,False,"[""features""]",1,59,10,49,True
public_0077,browsing,2,55% Cotton /45% Polyester Flannel,features,True,"[""features""]",1,262,5,257,True
public_0077,browsing,2,55% Cotton /45% Polyester Flannel,details,False,"[""features""]",1,not_retrieved,not_retrieved,,True
public_0077,browsing,2,55% Cotton /45% Polyester Flannel,description,False,"[""features""]",1,not_retrieved,not_retrieved,,True
public_0077,browsing,2,55% Cotton /45% Polyester Flannel,categories,False,"[""features""]",1,21,21,0,True
public_0077,browsing,2,55% Cotton /45% Polyester Flannel,store,False,"[""features""]",1,not_retrieved,not_retrieved,,True
public_0077,browsing,2,55% Cotton /45% Polyester Flannel,price,False,"[""features""]",1,not_retrieved,not_retrieved,,True
public_0077,browsing,3,Button closure,title,False,"[""features""]",1,59,153,-94,True
public_0077,browsing,3,Button closure,features,True,"[""features""]",1,262,84,178,True
public_0077,browsing,3,Button closure,details,False,"[""features""]",1,not_retrieved,not_retrieved,,True
public_0077,browsing,3,Button closure,description,False,"[""features""]",1,not_retrieved,not_retrieved,,True
public_0077,browsing,3,Button closure,categories,False,"[""features""]",1,21,21,0,True
public_0077,browsing,3,Button closure,store,False,"[""features""]",1,not_retrieved,not_retrieved,,True
public_0077,browsing,3,Button closure,price,False,"[""features""]",1,not_retrieved,not_retrieved,,True
public_0077,browsing,4,Machine Wash,title,False,"[""features""]",1,59,97,-38,True
public_0077,browsing,4,Machine Wash,features,True,"[""features""]",1,262,152,110,True
public_0077,browsing,4,Machine Wash,details,False,"[""features""]",1,not_retrieved,not_retrieved,,True
public_0077,browsing,4,Machine Wash,description,False,"[""features""]",1,not_retrieved,not_retrieved,,True
public_0077,browsing,4,Machine Wash,categories,False,"[""features""]",1,21,21,0,True
public_0077,browsing,4,Machine Wash,store,False,"[""features""]",1,not_retrieved,not_retrieved,,True
public_0077,browsing,4,Machine Wash,price,False,"[""features""]",1,not_retrieved,not_retrieved,,True
public_0078,intent_override,1,cotton,title,False,"[""features""]",1,1000,1282,-282,True
public_0078,intent_override,1,cotton,features,True,"[""features""]",1,715,716,-1,True
public_0078,intent_override,1,cotton,details,False,"[""features""]",1,31,53,-22,True
public_0078,intent_override,1,cotton,description,False,"[""features""]",1,317,415,-98,True
public_0078,intent_override,1,cotton,categories,False,"[""features""]",1,32,32,0,True
public_0078,intent_override,1,cotton,store,False,"[""features""]",1,not_retrieved,not_retrieved,,True
public_0078,intent_override,1,cotton,price,False,"[""features""]",1,not_retrieved,not_retrieved,,True
public_0078,intent_override,2,"78% Cotton, 21% Polyester, 1% Spandex",title,False,"[""features""]",1,1000,1447,-447,True
public_0078,intent_override,2,"78% Cotton, 21% Polyester, 1% Spandex",features,True,"[""features""]",1,715,30,685,True
public_0078,intent_override,2,"78% Cotton, 21% Polyester, 1% Spandex",details,False,"[""features""]",1,31,178,-147,True
public_0078,intent_override,2,"78% Cotton, 21% Polyester, 1% Spandex",description,False,"[""features""]",1,317,275,42,True
public_0078,intent_override,2,"78% Cotton, 21% Polyester, 1% Spandex",categories,False,"[""features""]",1,32,32,0,True
public_0078,intent_override,2,"78% Cotton, 21% Polyester, 1% Spandex",store,False,"[""features""]",1,not_retrieved,not_retrieved,,True
public_0078,intent_override,2,"78% Cotton, 21% Polyester, 1% Spandex",price,False,"[""features""]",1,not_retrieved,not_retrieved,,True
public_0078,intent_override,3,Made in the USA or Imported,title,False,"[""features""]",1,1000,456,544,True
public_0078,intent_override,3,Made in the USA or Imported,features,True,"[""features""]",1,715,233,482,True
public_0078,intent_override,3,Made in the USA or Imported,details,False,"[""features""]",1,31,110,-79,True
public_0078,intent_override,3,Made in the USA or Imported,description,False,"[""features""]",1,317,1464,-1147,True
public_0078,intent_override,3,Made in the USA or Imported,categories,False,"[""features""]",1,32,33,-1,True
public_0078,intent_override,3,Made in the USA or Imported,store,False,"[""features""]",1,not_retrieved,not_retrieved,,True
public_0078,intent_override,3,Made in the USA or Imported,price,False,"[""features""]",1,not_retrieved,not_retrieved,,True
public_0078,intent_override,4,Pull On closure,title,False,"[""features""]",1,1000,1614,-614,True
public_0078,intent_override,4,Pull On closure,features,True,"[""features""]",1,715,356,359,True
public_0078,intent_override,4,Pull On closure,details,False,"[""features""]",1,31,182,-151,True
public_0078,intent_override,4,Pull On closure,description,False,"[""features""]",1,317,691,-374,True
public_0078,intent_override,4,Pull On closure,categories,False,"[""features""]",1,32,32,0,True
public_0078,intent_override,4,Pull On closure,store,False,"[""features""]",1,not_retrieved,not_retrieved,,True
public_0078,intent_override,4,Pull On closure,price,False,"[""features""]",1,not_retrieved,not_retrieved,,True
public_0079,browsing,1,polyester,title,False,"[""features""]",1,43,46,-3,True
public_0079,browsing,1,polyester,features,True,"[""features""]",1,1,1,0,True
public_0079,browsing,1,polyester,details,False,"[""features""]",1,not_retrieved,not_retrieved,,True
public_0079,browsing,1,polyester,description,False,"[""features""]",1,10,17,-7,True
public_0079,browsing,1,polyester,categories,False,"[""features""]",1,42,42,0,True
public_0079,browsing,1,polyester,store,False,"[""features""]",1,not_retrieved,not_retrieved,,True
public_0079,browsing,1,polyester,price,False,"[""features""]",1,not_retrieved,not_retrieved,,True
public_0079,browsing,2,Rubber sole,title,False,"[""features""]",1,43,84,-41,True
public_0079,browsing,2,Rubber sole,features,True,"[""features""]",1,1,1,0,True
public_0079,browsing,2,Rubber sole,details,False,"[""features""]",1,not_retrieved,not_retrieved,,True
public_0079,browsing,2,Rubber sole,description,False,"[""features""]",1,10,36,-26,True
public_0079,browsing,2,Rubber sole,categories,False,"[""features""]",1,42,42,0,True
public_0079,browsing,2,Rubber sole,store,False,"[""features""]",1,not_retrieved,not_retrieved,,True
public_0079,browsing,2,Rubber sole,price,False,"[""features""]",1,not_retrieved,not_retrieved,,True
public_0079,browsing,3,"Best Gifts Ideas: These cute fluffy slipper socks are featuring lovely animals pattern-owl, dog, cat, fox, penguin and reindeer. They are very good gifts for women. Gifts for mom.",title,False,"[""features""]",1,43,14,29,True
public_0079,browsing,3,"Best Gifts Ideas: These cute fluffy slipper socks are featuring lovely animals pattern-owl, dog, cat, fox, penguin and reindeer. They are very good gifts for women. Gifts for mom.",features,True,"[""features""]",1,1,1,0,True
public_0079,browsing,3,"Best Gifts Ideas: These cute fluffy slipper socks are featuring lovely animals pattern-owl, dog, cat, fox, penguin and reindeer. They are very good gifts for women. Gifts for mom.",details,False,"[""features""]",1,not_retrieved,not_retrieved,,True
public_0079,browsing,3,"Best Gifts Ideas: These cute fluffy slipper socks are featuring lovely animals pattern-owl, dog, cat, fox, penguin and reindeer. They are very good gifts for women. Gifts for mom.",description,False,"[""features""]",1,10,1,9,True
public_0079,browsing,3,"Best Gifts Ideas: These cute fluffy slipper socks are featuring lovely animals pattern-owl, dog, cat, fox, penguin and reindeer. They are very good gifts for women. Gifts for mom.",categories,False,"[""features""]",1,42,38,4,True
public_0079,browsing,3,"Best Gifts Ideas: These cute fluffy slipper socks are featuring lovely animals pattern-owl, dog, cat, fox, penguin and reindeer. They are very good gifts for women. Gifts for mom.",store,False,"[""features""]",1,not_retrieved,not_retrieved,,True
public_0079,browsing,3,"Best Gifts Ideas: These cute fluffy slipper socks are featuring lovely animals pattern-owl, dog, cat, fox, penguin and reindeer. They are very good gifts for women. Gifts for mom.",price,False,"[""features""]",1,not_retrieved,not_retrieved,,True
public_0079,browsing,4,"Super Soft and Cozy: These fuzzy slipper socks are made of Polyester 95%, Spandex 5%. The material is extraordinary soft and comfy",title,False,"[""features""]",1,43,14,29,True
public_0079,browsing,4,"Super Soft and Cozy: These fuzzy slipper socks are made of Polyester 95%, Spandex 5%. The material is extraordinary soft and comfy",features,True,"[""features""]",1,1,1,0,True
public_0079,browsing,4,"Super Soft and Cozy: These fuzzy slipper socks are made of Polyester 95%, Spandex 5%. The material is extraordinary soft and comfy",details,False,"[""features""]",1,not_retrieved,not_retrieved,,True
public_0079,browsing,4,"Super Soft and Cozy: These fuzzy slipper socks are made of Polyester 95%, Spandex 5%. The material is extraordinary soft and comfy",description,False,"[""features""]",1,10,40,-30,True
public_0079,browsing,4,"Super Soft and Cozy: These fuzzy slipper socks are made of Polyester 95%, Spandex 5%. The material is extraordinary soft and comfy",categories,False,"[""features""]",1,42,44,-2,True
public_0079,browsing,4,"Super Soft and Cozy: These fuzzy slipper socks are made of Polyester 95%, Spandex 5%. The material is extraordinary soft and comfy",store,False,"[""features""]",1,not_retrieved,not_retrieved,,True
public_0079,browsing,4,"Super Soft and Cozy: These fuzzy slipper socks are made of Polyester 95%, Spandex 5%. The material is extraordinary soft and comfy",price,False,"[""features""]",1,not_retrieved,not_retrieved,,True
public_0080,intent_override,1,cotton,title,False,"[""features""]",1,not_retrieved,not_retrieved,,True
public_0080,intent_override,1,cotton,features,True,"[""features""]",1,not_retrieved,5776,,True
public_0080,intent_override,1,cotton,details,False,"[""features""]",1,not_retrieved,not_retrieved,,True
public_0080,intent_override,1,cotton,description,False,"[""features""]",1,not_retrieved,not_retrieved,,True
public_0080,intent_override,1,cotton,categories,False,"[""features""]",1,129,129,0,True
public_0080,intent_override,1,cotton,store,False,"[""features""]",1,not_retrieved,not_retrieved,,True
public_0080,intent_override,1,cotton,price,False,"[""features""]",1,not_retrieved,not_retrieved,,True
public_0080,intent_override,2,"60% Cotton, 40% Polyester",title,False,"[""features""]",1,not_retrieved,not_retrieved,,True
public_0080,intent_override,2,"60% Cotton, 40% Polyester",features,True,"[""features""]",1,not_retrieved,352,,True
public_0080,intent_override,2,"60% Cotton, 40% Polyester",details,False,"[""features""]",1,not_retrieved,not_retrieved,,True
public_0080,intent_override,2,"60% Cotton, 40% Polyester",description,False,"[""features""]",1,not_retrieved,not_retrieved,,True
public_0080,intent_override,2,"60% Cotton, 40% Polyester",categories,False,"[""features""]",1,129,134,-5,True
public_0080,intent_override,2,"60% Cotton, 40% Polyester",store,False,"[""features""]",1,not_retrieved,not_retrieved,,True
public_0080,intent_override,2,"60% Cotton, 40% Polyester",price,False,"[""features""]",1,not_retrieved,not_retrieved,,True
public_0080,intent_override,3,Imported,title,False,"[""features""]",1,not_retrieved,not_retrieved,,True
public_0080,intent_override,3,Imported,features,True,"[""features""]",1,not_retrieved,12730,,True
public_0080,intent_override,3,Imported,details,False,"[""features""]",1,not_retrieved,not_retrieved,,True
public_0080,intent_override,3,Imported,description,False,"[""features""]",1,not_retrieved,not_retrieved,,True
public_0080,intent_override,3,Imported,categories,False,"[""features""]",1,129,129,0,True
public_0080,intent_override,3,Imported,store,False,"[""features""]",1,not_retrieved,not_retrieved,,True
public_0080,intent_override,3,Imported,price,False,"[""features""]",1,not_retrieved,not_retrieved,,True
public_0080,intent_override,4,Button closure,title,False,"[""features""]",1,not_retrieved,not_retrieved,,True
public_0080,intent_override,4,Button closure,features,True,"[""features""]",1,not_retrieved,3016,,True
public_0080,intent_override,4,Button closure,details,False,"[""features""]",1,not_retrieved,not_retrieved,,True
public_0080,intent_override,4,Button closure,description,False,"[""features""]",1,not_retrieved,not_retrieved,,True
public_0080,intent_override,4,Button closure,categories,False,"[""features""]",1,129,129,0,True
public_0080,intent_override,4,Button closure,store,False,"[""features""]",1,not_retrieved,not_retrieved,,True
public_0080,intent_override,4,Button closure,price,False,"[""features""]",1,not_retrieved,not_retrieved,,True
public_0081,browsing,1,cotton,title,True,"[""title"", ""features""]",2,not_retrieved,823,,True
public_0081,browsing,1,cotton,features,True,"[""title"", ""features""]",2,not_retrieved,420,,True
public_0081,browsing,1,cotton,details,False,"[""title"", ""features""]",2,not_retrieved,not_retrieved,,True
public_0081,browsing,1,cotton,description,False,"[""title"", ""features""]",2,not_retrieved,not_retrieved,,True
public_0081,browsing,1,cotton,categories,False,"[""title"", ""features""]",2,43,43,0,True
public_0081,browsing,1,cotton,store,False,"[""title"", ""features""]",2,not_retrieved,not_retrieved,,True
public_0081,browsing,1,cotton,price,False,"[""title"", ""features""]",2,not_retrieved,not_retrieved,,True
public_0081,browsing,2,100% Cotton,title,False,"[""features""]",1,not_retrieved,1080,,True
public_0081,browsing,2,100% Cotton,features,True,"[""features""]",1,not_retrieved,502,,True
public_0081,browsing,2,100% Cotton,details,False,"[""features""]",1,not_retrieved,not_retrieved,,True
public_0081,browsing,2,100% Cotton,description,False,"[""features""]",1,not_retrieved,not_retrieved,,True
public_0081,browsing,2,100% Cotton,categories,False,"[""features""]",1,43,43,0,True
public_0081,browsing,2,100% Cotton,store,False,"[""features""]",1,not_retrieved,not_retrieved,,True
public_0081,browsing,2,100% Cotton,price,False,"[""features""]",1,not_retrieved,not_retrieved,,True
public_0081,browsing,3,Pull On closure,title,False,"[""features""]",1,not_retrieved,not_retrieved,,True
public_0081,browsing,3,Pull On closure,features,True,"[""features""]",1,not_retrieved,1970,,True
public_0081,browsing,3,Pull On closure,details,False,"[""features""]",1,not_retrieved,not_retrieved,,True
public_0081,browsing,3,Pull On closure,description,False,"[""features""]",1,not_retrieved,not_retrieved,,True
public_0081,browsing,3,Pull On closure,categories,False,"[""features""]",1,43,43,0,True
public_0081,browsing,3,Pull On closure,store,False,"[""features""]",1,not_retrieved,not_retrieved,,True
public_0081,browsing,3,Pull On closure,price,False,"[""features""]",1,not_retrieved,not_retrieved,,True
public_0081,browsing,4,Machine Wash,title,False,"[""features""]",1,not_retrieved,not_retrieved,,True
public_0081,browsing,4,Machine Wash,features,True,"[""features""]",1,not_retrieved,2164,,True
public_0081,browsing,4,Machine Wash,details,False,"[""features""]",1,not_retrieved,not_retrieved,,True
public_0081,browsing,4,Machine Wash,description,False,"[""features""]",1,not_retrieved,not_retrieved,,True
public_0081,browsing,4,Machine Wash,categories,False,"[""features""]",1,43,43,0,True
public_0081,browsing,4,Machine Wash,store,False,"[""features""]",1,not_retrieved,not_retrieved,,True
public_0081,browsing,4,Machine Wash,price,False,"[""features""]",1,not_retrieved,not_retrieved,,True
public_0082,buying,1,"21 Styles: the package contains 21 pieces beach bracelet anklets in different styles as shown in the picture, coming with various elements, enough quantity to use and share with fa",title,False,"[""features""]",1,248,1,247,True
public_0082,buying,1,"21 Styles: the package contains 21 pieces beach bracelet anklets in different styles as shown in the picture, coming with various elements, enough quantity to use and share with fa",features,True,"[""features""]",1,6,1,5,True
public_0082,buying,1,"21 Styles: the package contains 21 pieces beach bracelet anklets in different styles as shown in the picture, coming with various elements, enough quantity to use and share with fa",details,False,"[""features""]",1,not_retrieved,28205,,True
public_0082,buying,1,"21 Styles: the package contains 21 pieces beach bracelet anklets in different styles as shown in the picture, coming with various elements, enough quantity to use and share with fa",description,False,"[""features""]",1,not_retrieved,not_retrieved,,True
public_0082,buying,1,"21 Styles: the package contains 21 pieces beach bracelet anklets in different styles as shown in the picture, coming with various elements, enough quantity to use and share with fa",categories,False,"[""features""]",1,39,46,-7,True
public_0082,buying,1,"21 Styles: the package contains 21 pieces beach bracelet anklets in different styles as shown in the picture, coming with various elements, enough quantity to use and share with fa",store,False,"[""features""]",1,not_retrieved,not_retrieved,,True
public_0082,buying,1,"21 Styles: the package contains 21 pieces beach bracelet anklets in different styles as shown in the picture, coming with various elements, enough quantity to use and share with fa",price,False,"[""features""]",1,not_retrieved,not_retrieved,,True
public_0082,buying,2,color: blue,title,False,"[""details""]",1,248,758,-510,True
public_0082,buying,2,color: blue,features,False,"[""details""]",1,6,4,2,True
public_0082,buying,2,color: blue,details,True,"[""details""]",1,not_retrieved,70,,True
public_0082,buying,2,color: blue,description,False,"[""details""]",1,not_retrieved,not_retrieved,,True
public_0082,buying,2,color: blue,categories,False,"[""details""]",1,39,39,0,True
public_0082,buying,2,color: blue,store,False,"[""details""]",1,not_retrieved,not_retrieved,,True
public_0082,buying,2,color: blue,price,False,"[""details""]",1,not_retrieved,not_retrieved,,True
public_0082,buying,3,"Waterproof and fadeless: these boho style pull cord anklets are made of a combination of wax and cords, featuring good resistance of water, not easy to fade even if you go surfing",title,False,"[""features""]",1,248,65,183,True
public_0082,buying,3,"Waterproof and fadeless: these boho style pull cord anklets are made of a combination of wax and cords, featuring good resistance of water, not easy to fade even if you go surfing",features,True,"[""features""]",1,6,1,5,True
public_0082,buying,3,"Waterproof and fadeless: these boho style pull cord anklets are made of a combination of wax and cords, featuring good resistance of water, not easy to fade even if you go surfing",details,False,"[""features""]",1,not_retrieved,1175,,True
public_0082,buying,3,"Waterproof and fadeless: these boho style pull cord anklets are made of a combination of wax and cords, featuring good resistance of water, not easy to fade even if you go surfing",description,False,"[""features""]",1,not_retrieved,not_retrieved,,True
public_0082,buying,3,"Waterproof and fadeless: these boho style pull cord anklets are made of a combination of wax and cords, featuring good resistance of water, not easy to fade even if you go surfing",categories,False,"[""features""]",1,39,53,-14,True
public_0082,buying,3,"Waterproof and fadeless: these boho style pull cord anklets are made of a combination of wax and cords, featuring good resistance of water, not easy to fade even if you go surfing",store,False,"[""features""]",1,not_retrieved,not_retrieved,,True
public_0082,buying,3,"Waterproof and fadeless: these boho style pull cord anklets are made of a combination of wax and cords, featuring good resistance of water, not easy to fade even if you go surfing",price,False,"[""features""]",1,not_retrieved,not_retrieved,,True
public_0082,buying,4,"Summer vibe accessories: blue and orange colors of the wave strand bracelet set can easily make you look vibrant, going well with different clothes; Nice accessories to wear in sum",title,False,"[""features""]",1,248,8,240,True
public_0082,buying,4,"Summer vibe accessories: blue and orange colors of the wave strand bracelet set can easily make you look vibrant, going well with different clothes; Nice accessories to wear in sum",features,True,"[""features""]",1,6,1,5,True
public_0082,buying,4,"Summer vibe accessories: blue and orange colors of the wave strand bracelet set can easily make you look vibrant, going well with different clothes; Nice accessories to wear in sum",details,False,"[""features""]",1,not_retrieved,81,,True
public_0082,buying,4,"Summer vibe accessories: blue and orange colors of the wave strand bracelet set can easily make you look vibrant, going well with different clothes; Nice accessories to wear in sum",description,False,"[""features""]",1,not_retrieved,not_retrieved,,True
public_0082,buying,4,"Summer vibe accessories: blue and orange colors of the wave strand bracelet set can easily make you look vibrant, going well with different clothes; Nice accessories to wear in sum",categories,False,"[""features""]",1,39,85,-46,True
public_0082,buying,4,"Summer vibe accessories: blue and orange colors of the wave strand bracelet set can easily make you look vibrant, going well with different clothes; Nice accessories to wear in sum",store,False,"[""features""]",1,not_retrieved,not_retrieved,,True
public_0082,buying,4,"Summer vibe accessories: blue and orange colors of the wave strand bracelet set can easily make you look vibrant, going well with different clothes; Nice accessories to wear in sum",price,False,"[""features""]",1,not_retrieved,not_retrieved,,True
public_0083,buying,1,polyester,title,False,"[""features""]",1,616,633,-17,True
public_0083,buying,1,polyester,features,True,"[""features""]",1,522,484,38,True
public_0083,buying,1,polyester,details,False,"[""features""]",1,not_retrieved,not_retrieved,,True
public_0083,buying,1,polyester,description,False,"[""features""]",1,not_retrieved,not_retrieved,,True
public_0083,buying,1,polyester,categories,False,"[""features""]",1,671,671,0,True
public_0083,buying,1,polyester,store,False,"[""features""]",1,not_retrieved,not_retrieved,,True
public_0083,buying,1,polyester,price,False,"[""features""]",1,not_retrieved,not_retrieved,,True
public_0083,buying,2,100% Polyester,title,False,"[""features""]",1,616,650,-34,True
public_0083,buying,2,100% Polyester,features,True,"[""features""]",1,522,468,54,True
public_0083,buying,2,100% Polyester,details,False,"[""features""]",1,not_retrieved,not_retrieved,,True
public_0083,buying,2,100% Polyester,description,False,"[""features""]",1,not_retrieved,not_retrieved,,True
public_0083,buying,2,100% Polyester,categories,False,"[""features""]",1,671,671,0,True
public_0083,buying,2,100% Polyester,store,False,"[""features""]",1,not_retrieved,not_retrieved,,True
public_0083,buying,2,100% Polyester,price,False,"[""features""]",1,not_retrieved,not_retrieved,,True
public_0083,buying,3,Imported,title,False,"[""features""]",1,616,619,-3,True
public_0083,buying,3,Imported,features,True,"[""features""]",1,522,473,49,True
public_0083,buying,3,Imported,details,False,"[""features""]",1,not_retrieved,not_retrieved,,True
public_0083,buying,3,Imported,description,False,"[""features""]",1,not_retrieved,not_retrieved,,True
public_0083,buying,3,Imported,categories,False,"[""features""]",1,671,671,0,True
public_0083,buying,3,Imported,store,False,"[""features""]",1,not_retrieved,not_retrieved,,True
public_0083,buying,3,Imported,price,False,"[""features""]",1,not_retrieved,not_retrieved,,True
public_0083,buying,4,Button closure,title,False,"[""features""]",1,616,627,-11,True
public_0083,buying,4,Button closure,features,True,"[""features""]",1,522,541,-19,True
public_0083,buying,4,Button closure,details,False,"[""features""]",1,not_retrieved,not_retrieved,,True
public_0083,buying,4,Button closure,description,False,"[""features""]",1,not_retrieved,not_retrieved,,True
public_0083,buying,4,Button closure,categories,False,"[""features""]",1,671,671,0,True
public_0083,buying,4,Button closure,store,False,"[""features""]",1,not_retrieved,not_retrieved,,True
public_0083,buying,4,Button closure,price,False,"[""features""]",1,not_retrieved,not_retrieved,,True
public_0084,intent_override,1,nylon,title,False,"[""features""]",1,not_retrieved,not_retrieved,,True
public_0084,intent_override,1,nylon,features,True,"[""features""]",1,200,51,149,True
public_0084,intent_override,1,nylon,details,False,"[""features""]",1,not_retrieved,not_retrieved,,True
public_0084,intent_override,1,nylon,description,False,"[""features""]",1,not_retrieved,not_retrieved,,True
public_0084,intent_override,1,nylon,categories,False,"[""features""]",1,127,127,0,True
public_0084,intent_override,1,nylon,store,False,"[""features""]",1,not_retrieved,not_retrieved,,True
public_0084,intent_override,1,nylon,price,False,"[""features""]",1,not_retrieved,not_retrieved,,True
public_0084,intent_override,2,"33% Elastic, 34% Nylon, 33% Polyester",title,False,"[""features""]",1,not_retrieved,856,,True
public_0084,intent_override,2,"33% Elastic, 34% Nylon, 33% Polyester",features,True,"[""features""]",1,200,4,196,True
public_0084,intent_override,2,"33% Elastic, 34% Nylon, 33% Polyester",details,False,"[""features""]",1,not_retrieved,not_retrieved,,True
public_0084,intent_override,2,"33% Elastic, 34% Nylon, 33% Polyester",description,False,"[""features""]",1,not_retrieved,not_retrieved,,True
public_0084,intent_override,2,"33% Elastic, 34% Nylon, 33% Polyester",categories,False,"[""features""]",1,127,127,0,True
public_0084,intent_override,2,"33% Elastic, 34% Nylon, 33% Polyester",store,False,"[""features""]",1,not_retrieved,not_retrieved,,True
public_0084,intent_override,2,"33% Elastic, 34% Nylon, 33% Polyester",price,False,"[""features""]",1,not_retrieved,not_retrieved,,True
public_0084,intent_override,3,Hook and Loop closure,title,False,"[""features""]",1,not_retrieved,2601,,True
public_0084,intent_override,3,Hook and Loop closure,features,True,"[""features""]",1,200,379,-179,True
public_0084,intent_override,3,Hook and Loop closure,details,False,"[""features""]",1,not_retrieved,not_retrieved,,True
public_0084,intent_override,3,Hook and Loop closure,description,False,"[""features""]",1,not_retrieved,not_retrieved,,True
public_0084,intent_override,3,Hook and Loop closure,categories,False,"[""features""]",1,127,129,-2,True
public_0084,intent_override,3,Hook and Loop closure,store,False,"[""features""]",1,not_retrieved,not_retrieved,,True
public_0084,intent_override,3,Hook and Loop closure,price,False,"[""features""]",1,not_retrieved,not_retrieved,,True
public_0084,intent_override,4,Hand Wash Only,title,False,"[""features""]",1,not_retrieved,not_retrieved,,True
public_0084,intent_override,4,Hand Wash Only,features,True,"[""features""]",1,200,1923,-1723,True
public_0084,intent_override,4,Hand Wash Only,details,False,"[""features""]",1,not_retrieved,not_retrieved,,True
public_0084,intent_override,4,Hand Wash Only,description,False,"[""features""]",1,not_retrieved,not_retrieved,,True
public_0084,intent_override,4,Hand Wash Only,categories,False,"[""features""]",1,127,128,-1,True
public_0084,intent_override,4,Hand Wash Only,store,False,"[""features""]",1,not_retrieved,not_retrieved,,True
public_0084,intent_override,4,Hand Wash Only,price,False,"[""features""]",1,not_retrieved,not_retrieved,,True
public_0085,browsing,1,Ethylene Vinyl Acetate sole,title,False,"[""features""]",1,15,1,14,True
public_0085,browsing,1,Ethylene Vinyl Acetate sole,features,True,"[""features""]",1,64,167,-103,True
public_0085,browsing,1,Ethylene Vinyl Acetate sole,details,False,"[""features""]",1,not_retrieved,not_retrieved,,True
public_0085,browsing,1,Ethylene Vinyl Acetate sole,description,False,"[""features""]",1,not_retrieved,not_retrieved,,True
public_0085,browsing,1,Ethylene Vinyl Acetate sole,categories,False,"[""features""]",1,188,188,0,True
public_0085,browsing,1,Ethylene Vinyl Acetate sole,store,False,"[""features""]",1,not_retrieved,not_retrieved,,True
public_0085,browsing,1,Ethylene Vinyl Acetate sole,price,False,"[""features""]",1,not_retrieved,not_retrieved,,True
public_0085,browsing,2,"Heel measures approximately 1.57""",title,False,"[""features""]",1,15,22,-7,True
public_0085,browsing,2,"Heel measures approximately 1.57""",features,True,"[""features""]",1,64,9,55,True
public_0085,browsing,2,"Heel measures approximately 1.57""",details,False,"[""features""]",1,not_retrieved,not_retrieved,,True
public_0085,browsing,2,"Heel measures approximately 1.57""",description,False,"[""features""]",1,not_retrieved,not_retrieved,,True
public_0085,browsing,2,"Heel measures approximately 1.57""",categories,False,"[""features""]",1,188,188,0,True
public_0085,browsing,2,"Heel measures approximately 1.57""",store,False,"[""features""]",1,not_retrieved,not_retrieved,,True
public_0085,browsing,2,"Heel measures approximately 1.57""",price,False,"[""features""]",1,not_retrieved,not_retrieved,,True
public_0085,browsing,3,"【High-Quality】:Slides for women and men are made of high-quality EVA, environmentally friendly, no special smell, no noise, no water absorption, and easy to clean",title,False,"[""features""]",1,15,18,-3,True
public_0085,browsing,3,"【High-Quality】:Slides for women and men are made of high-quality EVA, environmentally friendly, no special smell, no noise, no water absorption, and easy to clean",features,True,"[""features""]",1,64,1,63,True
public_0085,browsing,3,"【High-Quality】:Slides for women and men are made of high-quality EVA, environmentally friendly, no special smell, no noise, no water absorption, and easy to clean",details,False,"[""features""]",1,not_retrieved,not_retrieved,,True
public_0085,browsing,3,"【High-Quality】:Slides for women and men are made of high-quality EVA, environmentally friendly, no special smell, no noise, no water absorption, and easy to clean",description,False,"[""features""]",1,not_retrieved,not_retrieved,,True
public_0085,browsing,3,"【High-Quality】:Slides for women and men are made of high-quality EVA, environmentally friendly, no special smell, no noise, no water absorption, and easy to clean",categories,False,"[""features""]",1,188,202,-14,True
public_0085,browsing,3,"【High-Quality】:Slides for women and men are made of high-quality EVA, environmentally friendly, no special smell, no noise, no water absorption, and easy to clean",store,False,"[""features""]",1,not_retrieved,not_retrieved,,True
public_0085,browsing,3,"【High-Quality】:Slides for women and men are made of high-quality EVA, environmentally friendly, no special smell, no noise, no water absorption, and easy to clean",price,False,"[""features""]",1,not_retrieved,not_retrieved,,True
public_0085,browsing,4,"【Ergonomic Design】:About 30° forward tilt head protection design,so that the sole of the foot does not rush out. The sunken footbed fits the curve of the foot pelvic floor and make",title,False,"[""features""]",1,15,8,7,True
public_0085,browsing,4,"【Ergonomic Design】:About 30° forward tilt head protection design,so that the sole of the foot does not rush out. The sunken footbed fits the curve of the foot pelvic floor and make",features,True,"[""features""]",1,64,1,63,True
public_0085,browsing,4,"【Ergonomic Design】:About 30° forward tilt head protection design,so that the sole of the foot does not rush out. The sunken footbed fits the curve of the foot pelvic floor and make",details,False,"[""features""]",1,not_retrieved,457,,True
public_0085,browsing,4,"【Ergonomic Design】:About 30° forward tilt head protection design,so that the sole of the foot does not rush out. The sunken footbed fits the curve of the foot pelvic floor and make",description,False,"[""features""]",1,not_retrieved,not_retrieved,,True
public_0085,browsing,4,"【Ergonomic Design】:About 30° forward tilt head protection design,so that the sole of the foot does not rush out. The sunken footbed fits the curve of the foot pelvic floor and make",categories,False,"[""features""]",1,188,209,-21,True
public_0085,browsing,4,"【Ergonomic Design】:About 30° forward tilt head protection design,so that the sole of the foot does not rush out. The sunken footbed fits the curve of the foot pelvic floor and make",store,False,"[""features""]",1,not_retrieved,not_retrieved,,True
public_0085,browsing,4,"【Ergonomic Design】:About 30° forward tilt head protection design,so that the sole of the foot does not rush out. The sunken footbed fits the curve of the foot pelvic floor and make",price,False,"[""features""]",1,not_retrieved,not_retrieved,,True
public_0086,browsing,1,Rubber sole,title,False,"[""features""]",1,97,248,-151,True
public_0086,browsing,1,Rubber sole,features,True,"[""features""]",1,298,374,-76,True
public_0086,browsing,1,Rubber sole,details,False,"[""features""]",1,not_retrieved,not_retrieved,,True
public_0086,browsing,1,Rubber sole,description,False,"[""features""]",1,not_retrieved,not_retrieved,,True
public_0086,browsing,1,Rubber sole,categories,False,"[""features""]",1,286,286,0,True
public_0086,browsing,1,Rubber sole,store,False,"[""features""]",1,not_retrieved,not_retrieved,,True
public_0086,browsing,1,Rubber sole,price,False,"[""features""]",1,not_retrieved,not_retrieved,,True
public_0086,browsing,2,PRETTY ANKLE BOOTS - Cozy up the cold season with these attractive warm house slippers while luxe chenille knit styling adds a chic and cute touch to your comfort. Subtle scrunchin,title,False,"[""features""]",1,97,2,95,True
public_0086,browsing,2,PRETTY ANKLE BOOTS - Cozy up the cold season with these attractive warm house slippers while luxe chenille knit styling adds a chic and cute touch to your comfort. Subtle scrunchin,features,True,"[""features""]",1,298,1,297,True
public_0086,browsing,2,PRETTY ANKLE BOOTS - Cozy up the cold season with these attractive warm house slippers while luxe chenille knit styling adds a chic and cute touch to your comfort. Subtle scrunchin,details,False,"[""features""]",1,not_retrieved,not_retrieved,,True
public_0086,browsing,2,PRETTY ANKLE BOOTS - Cozy up the cold season with these attractive warm house slippers while luxe chenille knit styling adds a chic and cute touch to your comfort. Subtle scrunchin,description,False,"[""features""]",1,not_retrieved,not_retrieved,,True
public_0086,browsing,2,PRETTY ANKLE BOOTS - Cozy up the cold season with these attractive warm house slippers while luxe chenille knit styling adds a chic and cute touch to your comfort. Subtle scrunchin,categories,False,"[""features""]",1,286,779,-493,True
public_0086,browsing,2,PRETTY ANKLE BOOTS - Cozy up the cold season with these attractive warm house slippers while luxe chenille knit styling adds a chic and cute touch to your comfort. Subtle scrunchin,store,False,"[""features""]",1,not_retrieved,not_retrieved,,True
public_0086,browsing,2,PRETTY ANKLE BOOTS - Cozy up the cold season with these attractive warm house slippers while luxe chenille knit styling adds a chic and cute touch to your comfort. Subtle scrunchin,price,False,"[""features""]",1,not_retrieved,not_retrieved,,True
public_0086,browsing,3,"COMFY & SOFT - Nice chenille velvet upper and fuzzy plush fleece lining hug your feet and provide toasty warmth plus ultra softness, which make you feel like walking on a cloud. Wh",title,False,"[""features""]",1,97,8,89,True
public_0086,browsing,3,"COMFY & SOFT - Nice chenille velvet upper and fuzzy plush fleece lining hug your feet and provide toasty warmth plus ultra softness, which make you feel like walking on a cloud. Wh",features,True,"[""features""]",1,298,2,296,True
public_0086,browsing,3,"COMFY & SOFT - Nice chenille velvet upper and fuzzy plush fleece lining hug your feet and provide toasty warmth plus ultra softness, which make you feel like walking on a cloud. Wh",details,False,"[""features""]",1,not_retrieved,not_retrieved,,True
public_0086,browsing,3,"COMFY & SOFT - Nice chenille velvet upper and fuzzy plush fleece lining hug your feet and provide toasty warmth plus ultra softness, which make you feel like walking on a cloud. Wh",description,False,"[""features""]",1,not_retrieved,not_retrieved,,True
public_0086,browsing,3,"COMFY & SOFT - Nice chenille velvet upper and fuzzy plush fleece lining hug your feet and provide toasty warmth plus ultra softness, which make you feel like walking on a cloud. Wh",categories,False,"[""features""]",1,286,843,-557,True
public_0086,browsing,3,"COMFY & SOFT - Nice chenille velvet upper and fuzzy plush fleece lining hug your feet and provide toasty warmth plus ultra softness, which make you feel like walking on a cloud. Wh",store,False,"[""features""]",1,not_retrieved,not_retrieved,,True
public_0086,browsing,3,"COMFY & SOFT - Nice chenille velvet upper and fuzzy plush fleece lining hug your feet and provide toasty warmth plus ultra softness, which make you feel like walking on a cloud. Wh",price,False,"[""features""]",1,not_retrieved,not_retrieved,,True
public_0086,browsing,4,"CUSHION & SUPPORT - Long lasting 80D memory foam insole provides superior cushioning and padding, feels like ergonomic pillows under your feet. Supportive insole relaxes your arch",title,False,"[""features""]",1,97,53,44,True
public_0086,browsing,4,"CUSHION & SUPPORT - Long lasting 80D memory foam insole provides superior cushioning and padding, feels like ergonomic pillows under your feet. Supportive insole relaxes your arch",features,True,"[""features""]",1,298,2,296,True
public_0086,browsing,4,"CUSHION & SUPPORT - Long lasting 80D memory foam insole provides superior cushioning and padding, feels like ergonomic pillows under your feet. Supportive insole relaxes your arch",details,False,"[""features""]",1,not_retrieved,not_retrieved,,True
public_0086,browsing,4,"CUSHION & SUPPORT - Long lasting 80D memory foam insole provides superior cushioning and padding, feels like ergonomic pillows under your feet. Supportive insole relaxes your arch",description,False,"[""features""]",1,not_retrieved,not_retrieved,,True
public_0086,browsing,4,"CUSHION & SUPPORT - Long lasting 80D memory foam insole provides superior cushioning and padding, feels like ergonomic pillows under your feet. Supportive insole relaxes your arch",categories,False,"[""features""]",1,286,392,-106,True
public_0086,browsing,4,"CUSHION & SUPPORT - Long lasting 80D memory foam insole provides superior cushioning and padding, feels like ergonomic pillows under your feet. Supportive insole relaxes your arch",store,False,"[""features""]",1,not_retrieved,not_retrieved,,True
public_0086,browsing,4,"CUSHION & SUPPORT - Long lasting 80D memory foam insole provides superior cushioning and padding, feels like ergonomic pillows under your feet. Supportive insole relaxes your arch",price,False,"[""features""]",1,not_retrieved,not_retrieved,,True
public_0087,browsing,1,cotton,title,False,"[""features""]",1,not_retrieved,not_retrieved,,True
public_0087,browsing,1,cotton,features,True,"[""features""]",1,3565,1926,1639,True
public_0087,browsing,1,cotton,details,False,"[""features""]",1,not_retrieved,not_retrieved,,True
public_0087,browsing,1,cotton,description,False,"[""features""]",1,not_retrieved,not_retrieved,,True
public_0087,browsing,1,cotton,categories,False,"[""features""]",1,287,287,0,True
public_0087,browsing,1,cotton,store,False,"[""features""]",1,not_retrieved,not_retrieved,,True
public_0087,browsing,1,cotton,price,False,"[""features""]",1,not_retrieved,not_retrieved,,True
public_0087,browsing,2,100% Cotton,title,False,"[""features""]",1,not_retrieved,not_retrieved,,True
public_0087,browsing,2,100% Cotton,features,True,"[""features""]",1,3565,1333,2232,True
public_0087,browsing,2,100% Cotton,details,False,"[""features""]",1,not_retrieved,not_retrieved,,True
public_0087,browsing,2,100% Cotton,description,False,"[""features""]",1,not_retrieved,not_retrieved,,True
public_0087,browsing,2,100% Cotton,categories,False,"[""features""]",1,287,287,0,True
public_0087,browsing,2,100% Cotton,store,False,"[""features""]",1,not_retrieved,not_retrieved,,True
public_0087,browsing,2,100% Cotton,price,False,"[""features""]",1,not_retrieved,not_retrieved,,True
public_0087,browsing,3,Imported,title,False,"[""features""]",1,not_retrieved,not_retrieved,,True
public_0087,browsing,3,Imported,features,True,"[""features""]",1,3565,2011,1554,True
public_0087,browsing,3,Imported,details,False,"[""features""]",1,not_retrieved,not_retrieved,,True
public_0087,browsing,3,Imported,description,False,"[""features""]",1,not_retrieved,not_retrieved,,True
public_0087,browsing,3,Imported,categories,False,"[""features""]",1,287,287,0,True
public_0087,browsing,3,Imported,store,False,"[""features""]",1,not_retrieved,not_retrieved,,True
public_0087,browsing,3,Imported,price,False,"[""features""]",1,not_retrieved,not_retrieved,,True
public_0087,browsing,4,Button closure,title,False,"[""features""]",1,not_retrieved,not_retrieved,,True
public_0087,browsing,4,Button closure,features,True,"[""features""]",1,3565,2939,626,True
public_0087,browsing,4,Button closure,details,False,"[""features""]",1,not_retrieved,not_retrieved,,True
public_0087,browsing,4,Button closure,description,False,"[""features""]",1,not_retrieved,not_retrieved,,True
public_0087,browsing,4,Button closure,categories,False,"[""features""]",1,287,287,0,True
public_0087,browsing,4,Button closure,store,False,"[""features""]",1,not_retrieved,not_retrieved,,True
public_0087,browsing,4,Button closure,price,False,"[""features""]",1,not_retrieved,not_retrieved,,True
public_0088,buying,1,cotton,title,True,"[""title"", ""features""]",2,not_retrieved,731,,True
public_0088,buying,1,cotton,features,True,"[""title"", ""features""]",2,10,5,5,True
public_0088,buying,1,cotton,details,False,"[""title"", ""features""]",2,not_retrieved,not_retrieved,,True
public_0088,buying,1,cotton,description,False,"[""title"", ""features""]",2,37,50,-13,True
public_0088,buying,1,cotton,categories,False,"[""title"", ""features""]",2,17,17,0,True
public_0088,buying,1,cotton,store,False,"[""title"", ""features""]",2,not_retrieved,not_retrieved,,True
public_0088,buying,1,cotton,price,False,"[""title"", ""features""]",2,not_retrieved,not_retrieved,,True
public_0088,buying,2,"95% Cotton, 5% Spandex",title,False,"[""features""]",1,not_retrieved,790,,True
public_0088,buying,2,"95% Cotton, 5% Spandex",features,True,"[""features""]",1,10,3,7,True
public_0088,buying,2,"95% Cotton, 5% Spandex",details,False,"[""features""]",1,not_retrieved,not_retrieved,,True
public_0088,buying,2,"95% Cotton, 5% Spandex",description,False,"[""features""]",1,37,300,-263,True
public_0088,buying,2,"95% Cotton, 5% Spandex",categories,False,"[""features""]",1,17,17,0,True
public_0088,buying,2,"95% Cotton, 5% Spandex",store,False,"[""features""]",1,not_retrieved,not_retrieved,,True
public_0088,buying,2,"95% Cotton, 5% Spandex",price,False,"[""features""]",1,not_retrieved,not_retrieved,,True
public_0088,buying,3,Imported,title,False,"[""features""]",1,not_retrieved,not_retrieved,,True
public_0088,buying,3,Imported,features,True,"[""features""]",1,10,4,6,True
public_0088,buying,3,Imported,details,False,"[""features""]",1,not_retrieved,not_retrieved,,True
public_0088,buying,3,Imported,description,False,"[""features""]",1,37,98,-61,True
public_0088,buying,3,Imported,categories,False,"[""features""]",1,17,17,0,True
public_0088,buying,3,Imported,store,False,"[""features""]",1,not_retrieved,not_retrieved,,True
public_0088,buying,3,Imported,price,False,"[""features""]",1,not_retrieved,not_retrieved,,True
public_0088,buying,4,Machine Wash,title,False,"[""features""]",1,not_retrieved,not_retrieved,,True
public_0088,buying,4,Machine Wash,features,True,"[""features""]",1,10,2,8,True
public_0088,buying,4,Machine Wash,details,False,"[""features""]",1,not_retrieved,not_retrieved,,True
public_0088,buying,4,Machine Wash,description,False,"[""features""]",1,37,365,-328,True
public_0088,buying,4,Machine Wash,categories,False,"[""features""]",1,17,17,0,True
public_0088,buying,4,Machine Wash,store,False,"[""features""]",1,not_retrieved,not_retrieved,,True
public_0088,buying,4,Machine Wash,price,False,"[""features""]",1,not_retrieved,not_retrieved,,True
public_0089,intent_override,1,nylon,title,False,"[""features""]",1,80,102,-22,True
public_0089,intent_override,1,nylon,features,True,"[""features""]",1,not_retrieved,1349,,True
public_0089,intent_override,1,nylon,details,False,"[""features""]",1,not_retrieved,not_retrieved,,True
public_0089,intent_override,1,nylon,description,False,"[""features""]",1,not_retrieved,not_retrieved,,True
public_0089,intent_override,1,nylon,categories,False,"[""features""]",1,44,44,0,True
public_0089,intent_override,1,nylon,store,False,"[""features""]",1,not_retrieved,not_retrieved,,True
public_0089,intent_override,1,nylon,price,False,"[""features""]",1,not_retrieved,not_retrieved,,True
public_0089,intent_override,2,100% Nylon,title,False,"[""features""]",1,80,111,-31,True
public_0089,intent_override,2,100% Nylon,features,True,"[""features""]",1,not_retrieved,457,,True
public_0089,intent_override,2,100% Nylon,details,False,"[""features""]",1,not_retrieved,not_retrieved,,True
public_0089,intent_override,2,100% Nylon,description,False,"[""features""]",1,not_retrieved,not_retrieved,,True
public_0089,intent_override,2,100% Nylon,categories,False,"[""features""]",1,44,44,0,True
public_0089,intent_override,2,100% Nylon,store,False,"[""features""]",1,not_retrieved,not_retrieved,,True
public_0089,intent_override,2,100% Nylon,price,False,"[""features""]",1,not_retrieved,not_retrieved,,True
public_0089,intent_override,3,Imported,title,False,"[""features""]",1,80,83,-3,True
public_0089,intent_override,3,Imported,features,True,"[""features""]",1,not_retrieved,9109,,True
public_0089,intent_override,3,Imported,details,False,"[""features""]",1,not_retrieved,not_retrieved,,True
public_0089,intent_override,3,Imported,description,False,"[""features""]",1,not_retrieved,not_retrieved,,True
public_0089,intent_override,3,Imported,categories,False,"[""features""]",1,44,44,0,True
public_0089,intent_override,3,Imported,store,False,"[""features""]",1,not_retrieved,not_retrieved,,True
public_0089,intent_override,3,Imported,price,False,"[""features""]",1,not_retrieved,not_retrieved,,True
public_0089,intent_override,4,Elastic closure,title,False,"[""features""]",1,80,95,-15,True
public_0089,intent_override,4,Elastic closure,features,True,"[""features""]",1,not_retrieved,410,,True
public_0089,intent_override,4,Elastic closure,details,False,"[""features""]",1,not_retrieved,not_retrieved,,True
public_0089,intent_override,4,Elastic closure,description,False,"[""features""]",1,not_retrieved,not_retrieved,,True
public_0089,intent_override,4,Elastic closure,categories,False,"[""features""]",1,44,44,0,True
public_0089,intent_override,4,Elastic closure,store,False,"[""features""]",1,not_retrieved,not_retrieved,,True
public_0089,intent_override,4,Elastic closure,price,False,"[""features""]",1,not_retrieved,not_retrieved,,True
public_0090,buying,1,"Decorative lightweight scarf: 2 wearing ways of this mardi gras scarf, wrap the scarf around your neck, or wearing it as a shawl, just change the orientation of the scarf, you can",title,False,"[""features""]",1,not_retrieved,3,,True
public_0090,buying,1,"Decorative lightweight scarf: 2 wearing ways of this mardi gras scarf, wrap the scarf around your neck, or wearing it as a shawl, just change the orientation of the scarf, you can",features,True,"[""features""]",1,not_retrieved,1,,True
public_0090,buying,1,"Decorative lightweight scarf: 2 wearing ways of this mardi gras scarf, wrap the scarf around your neck, or wearing it as a shawl, just change the orientation of the scarf, you can",details,False,"[""features""]",1,not_retrieved,not_retrieved,,True
public_0090,buying,1,"Decorative lightweight scarf: 2 wearing ways of this mardi gras scarf, wrap the scarf around your neck, or wearing it as a shawl, just change the orientation of the scarf, you can",description,False,"[""features""]",1,not_retrieved,not_retrieved,,True
public_0090,buying,1,"Decorative lightweight scarf: 2 wearing ways of this mardi gras scarf, wrap the scarf around your neck, or wearing it as a shawl, just change the orientation of the scarf, you can",categories,False,"[""features""]",1,15,226,-211,True
public_0090,buying,1,"Decorative lightweight scarf: 2 wearing ways of this mardi gras scarf, wrap the scarf around your neck, or wearing it as a shawl, just change the orientation of the scarf, you can",store,False,"[""features""]",1,not_retrieved,not_retrieved,,True
public_0090,buying,1,"Decorative lightweight scarf: 2 wearing ways of this mardi gras scarf, wrap the scarf around your neck, or wearing it as a shawl, just change the orientation of the scarf, you can",price,False,"[""features""]",1,not_retrieved,5865,,True
public_0090,buying,2,color: purple,title,False,[],0,not_retrieved,1240,,True
public_0090,buying,2,color: purple,features,False,[],0,not_retrieved,63,,True
public_0090,buying,2,color: purple,details,False,[],0,not_retrieved,not_retrieved,,True
public_0090,buying,2,color: purple,description,False,[],0,not_retrieved,not_retrieved,,True
public_0090,buying,2,color: purple,categories,False,[],0,15,20,-5,True
public_0090,buying,2,color: purple,store,False,[],0,not_retrieved,not_retrieved,,True
public_0090,buying,2,color: purple,price,False,[],0,not_retrieved,not_retrieved,,True
public_0090,buying,3,"Classic mardi gras scarf: designed with gold, purple, green color, the scarf measure: 55 x 134 cm, tassel: 15 cm/ 5.9 inch",title,False,"[""features""]",1,not_retrieved,1,,True
public_0090,buying,3,"Classic mardi gras scarf: designed with gold, purple, green color, the scarf measure: 55 x 134 cm, tassel: 15 cm/ 5.9 inch",features,True,"[""features""]",1,not_retrieved,1,,True
public_0090,buying,3,"Classic mardi gras scarf: designed with gold, purple, green color, the scarf measure: 55 x 134 cm, tassel: 15 cm/ 5.9 inch",details,False,"[""features""]",1,not_retrieved,not_retrieved,,True
public_0090,buying,3,"Classic mardi gras scarf: designed with gold, purple, green color, the scarf measure: 55 x 134 cm, tassel: 15 cm/ 5.9 inch",description,False,"[""features""]",1,not_retrieved,not_retrieved,,True
public_0090,buying,3,"Classic mardi gras scarf: designed with gold, purple, green color, the scarf measure: 55 x 134 cm, tassel: 15 cm/ 5.9 inch",categories,False,"[""features""]",1,15,60,-45,True
public_0090,buying,3,"Classic mardi gras scarf: designed with gold, purple, green color, the scarf measure: 55 x 134 cm, tassel: 15 cm/ 5.9 inch",store,False,"[""features""]",1,not_retrieved,not_retrieved,,True
public_0090,buying,3,"Classic mardi gras scarf: designed with gold, purple, green color, the scarf measure: 55 x 134 cm, tassel: 15 cm/ 5.9 inch",price,False,"[""features""]",1,not_retrieved,not_retrieved,,True
public_0090,buying,4,"Pattern: the end of the mardi gras shawl is tassel, stripe pattern is shimmering, gold speckled with green and purple",title,False,"[""features""]",1,not_retrieved,1,,True
public_0090,buying,4,"Pattern: the end of the mardi gras shawl is tassel, stripe pattern is shimmering, gold speckled with green and purple",features,True,"[""features""]",1,not_retrieved,1,,True
public_0090,buying,4,"Pattern: the end of the mardi gras shawl is tassel, stripe pattern is shimmering, gold speckled with green and purple",details,False,"[""features""]",1,not_retrieved,15312,,True
public_0090,buying,4,"Pattern: the end of the mardi gras shawl is tassel, stripe pattern is shimmering, gold speckled with green and purple",description,False,"[""features""]",1,not_retrieved,not_retrieved,,True
public_0090,buying,4,"Pattern: the end of the mardi gras shawl is tassel, stripe pattern is shimmering, gold speckled with green and purple",categories,False,"[""features""]",1,15,75,-60,True
public_0090,buying,4,"Pattern: the end of the mardi gras shawl is tassel, stripe pattern is shimmering, gold speckled with green and purple",store,False,"[""features""]",1,not_retrieved,not_retrieved,,True
public_0090,buying,4,"Pattern: the end of the mardi gras shawl is tassel, stripe pattern is shimmering, gold speckled with green and purple",price,False,"[""features""]",1,not_retrieved,not_retrieved,,True
public_0091,browsing,1,"【HIGH QUALITY】This Sterling Silver Huggie Hoop Earring is made of 925 Sterling Silver post,Hypoallergenic.Best Choice for Sensitive Ears. Earrings Surface Mounted with Sparkling AA",title,False,"[""features""]",1,417,40,377,True
public_0091,browsing,1,"【HIGH QUALITY】This Sterling Silver Huggie Hoop Earring is made of 925 Sterling Silver post,Hypoallergenic.Best Choice for Sensitive Ears. Earrings Surface Mounted with Sparkling AA",features,True,"[""features""]",1,156,1,155,True
public_0091,browsing,1,"【HIGH QUALITY】This Sterling Silver Huggie Hoop Earring is made of 925 Sterling Silver post,Hypoallergenic.Best Choice for Sensitive Ears. Earrings Surface Mounted with Sparkling AA",details,False,"[""features""]",1,not_retrieved,not_retrieved,,True
public_0091,browsing,1,"【HIGH QUALITY】This Sterling Silver Huggie Hoop Earring is made of 925 Sterling Silver post,Hypoallergenic.Best Choice for Sensitive Ears. Earrings Surface Mounted with Sparkling AA",description,False,"[""features""]",1,not_retrieved,not_retrieved,,True
public_0091,browsing,1,"【HIGH QUALITY】This Sterling Silver Huggie Hoop Earring is made of 925 Sterling Silver post,Hypoallergenic.Best Choice for Sensitive Ears. Earrings Surface Mounted with Sparkling AA",categories,False,"[""features""]",1,113,462,-349,True
public_0091,browsing,1,"【HIGH QUALITY】This Sterling Silver Huggie Hoop Earring is made of 925 Sterling Silver post,Hypoallergenic.Best Choice for Sensitive Ears. Earrings Surface Mounted with Sparkling AA",store,False,"[""features""]",1,not_retrieved,not_retrieved,,True
public_0091,browsing,1,"【HIGH QUALITY】This Sterling Silver Huggie Hoop Earring is made of 925 Sterling Silver post,Hypoallergenic.Best Choice for Sensitive Ears. Earrings Surface Mounted with Sparkling AA",price,False,"[""features""]",1,not_retrieved,not_retrieved,,True
public_0091,browsing,2,color: white,title,False,[],0,417,194,223,True
public_0091,browsing,2,color: white,features,False,[],0,156,311,-155,True
public_0091,browsing,2,color: white,details,False,[],0,not_retrieved,not_retrieved,,True
public_0091,browsing,2,color: white,description,False,[],0,not_retrieved,not_retrieved,,True
public_0091,browsing,2,color: white,categories,False,[],0,113,118,-5,True
public_0091,browsing,2,color: white,store,False,[],0,not_retrieved,not_retrieved,,True
public_0091,browsing,2,color: white,price,False,[],0,not_retrieved,not_retrieved,,True
public_0091,browsing,3,"【CLASSICAL&TIMELESS】Simple and Classical Hoop design,Classical and Timeless.You will be more Beautiful and Elegant when You Wearing this CZ Hoop Earrings.This Small Rose Gold Hoop",title,False,"[""features""]",1,417,41,376,True
public_0091,browsing,3,"【CLASSICAL&TIMELESS】Simple and Classical Hoop design,Classical and Timeless.You will be more Beautiful and Elegant when You Wearing this CZ Hoop Earrings.This Small Rose Gold Hoop",features,True,"[""features""]",1,156,1,155,True
public_0091,browsing,3,"【CLASSICAL&TIMELESS】Simple and Classical Hoop design,Classical and Timeless.You will be more Beautiful and Elegant when You Wearing this CZ Hoop Earrings.This Small Rose Gold Hoop",details,False,"[""features""]",1,not_retrieved,not_retrieved,,True
public_0091,browsing,3,"【CLASSICAL&TIMELESS】Simple and Classical Hoop design,Classical and Timeless.You will be more Beautiful and Elegant when You Wearing this CZ Hoop Earrings.This Small Rose Gold Hoop",description,False,"[""features""]",1,not_retrieved,not_retrieved,,True
public_0091,browsing,3,"【CLASSICAL&TIMELESS】Simple and Classical Hoop design,Classical and Timeless.You will be more Beautiful and Elegant when You Wearing this CZ Hoop Earrings.This Small Rose Gold Hoop",categories,False,"[""features""]",1,113,338,-225,True
public_0091,browsing,3,"【CLASSICAL&TIMELESS】Simple and Classical Hoop design,Classical and Timeless.You will be more Beautiful and Elegant when You Wearing this CZ Hoop Earrings.This Small Rose Gold Hoop",store,False,"[""features""]",1,not_retrieved,not_retrieved,,True
public_0091,browsing,3,"【CLASSICAL&TIMELESS】Simple and Classical Hoop design,Classical and Timeless.You will be more Beautiful and Elegant when You Wearing this CZ Hoop Earrings.This Small Rose Gold Hoop",price,False,"[""features""]",1,not_retrieved,not_retrieved,,True
public_0091,browsing,4,"【PACKAGE INCLUDES】Order includes 3 Pairs 8/10/12mm(0.31/0.4/0.48in) Small Cubic Zirconia Hoop Earrings.The Small Hoop Earring is Cuff Design,Easy to Open and Close.Note:The 925 Ste",title,False,"[""features""]",1,417,3,414,True
public_0091,browsing,4,"【PACKAGE INCLUDES】Order includes 3 Pairs 8/10/12mm(0.31/0.4/0.48in) Small Cubic Zirconia Hoop Earrings.The Small Hoop Earring is Cuff Design,Easy to Open and Close.Note:The 925 Ste",features,True,"[""features""]",1,156,1,155,True
public_0091,browsing,4,"【PACKAGE INCLUDES】Order includes 3 Pairs 8/10/12mm(0.31/0.4/0.48in) Small Cubic Zirconia Hoop Earrings.The Small Hoop Earring is Cuff Design,Easy to Open and Close.Note:The 925 Ste",details,False,"[""features""]",1,not_retrieved,not_retrieved,,True
public_0091,browsing,4,"【PACKAGE INCLUDES】Order includes 3 Pairs 8/10/12mm(0.31/0.4/0.48in) Small Cubic Zirconia Hoop Earrings.The Small Hoop Earring is Cuff Design,Easy to Open and Close.Note:The 925 Ste",description,False,"[""features""]",1,not_retrieved,not_retrieved,,True
public_0091,browsing,4,"【PACKAGE INCLUDES】Order includes 3 Pairs 8/10/12mm(0.31/0.4/0.48in) Small Cubic Zirconia Hoop Earrings.The Small Hoop Earring is Cuff Design,Easy to Open and Close.Note:The 925 Ste",categories,False,"[""features""]",1,113,538,-425,True
public_0091,browsing,4,"【PACKAGE INCLUDES】Order includes 3 Pairs 8/10/12mm(0.31/0.4/0.48in) Small Cubic Zirconia Hoop Earrings.The Small Hoop Earring is Cuff Design,Easy to Open and Close.Note:The 925 Ste",store,False,"[""features""]",1,not_retrieved,not_retrieved,,True
public_0091,browsing,4,"【PACKAGE INCLUDES】Order includes 3 Pairs 8/10/12mm(0.31/0.4/0.48in) Small Cubic Zirconia Hoop Earrings.The Small Hoop Earring is Cuff Design,Easy to Open and Close.Note:The 925 Ste",price,False,"[""features""]",1,not_retrieved,not_retrieved,,True
public_0092,browsing,1,polyester,title,False,"[""features""]",1,not_retrieved,not_retrieved,,True
public_0092,browsing,1,polyester,features,True,"[""features""]",1,852,743,109,True
public_0092,browsing,1,polyester,details,False,"[""features""]",1,not_retrieved,not_retrieved,,True
public_0092,browsing,1,polyester,description,False,"[""features""]",1,not_retrieved,not_retrieved,,True
public_0092,browsing,1,polyester,categories,False,"[""features""]",1,58,58,0,True
public_0092,browsing,1,polyester,store,False,"[""features""]",1,not_retrieved,not_retrieved,,True
public_0092,browsing,1,polyester,price,False,"[""features""]",1,not_retrieved,not_retrieved,,True
public_0092,browsing,2,"95% Polyester, 5% Spandex",title,False,"[""features""]",1,not_retrieved,not_retrieved,,True
public_0092,browsing,2,"95% Polyester, 5% Spandex",features,True,"[""features""]",1,852,1117,-265,True
public_0092,browsing,2,"95% Polyester, 5% Spandex",details,False,"[""features""]",1,not_retrieved,not_retrieved,,True
public_0092,browsing,2,"95% Polyester, 5% Spandex",description,False,"[""features""]",1,not_retrieved,not_retrieved,,True
public_0092,browsing,2,"95% Polyester, 5% Spandex",categories,False,"[""features""]",1,58,58,0,True
public_0092,browsing,2,"95% Polyester, 5% Spandex",store,False,"[""features""]",1,not_retrieved,not_retrieved,,True
public_0092,browsing,2,"95% Polyester, 5% Spandex",price,False,"[""features""]",1,not_retrieved,not_retrieved,,True
public_0092,browsing,3,Imported,title,False,"[""features""]",1,not_retrieved,not_retrieved,,True
public_0092,browsing,3,Imported,features,True,"[""features""]",1,852,736,116,True
public_0092,browsing,3,Imported,details,False,"[""features""]",1,not_retrieved,not_retrieved,,True
public_0092,browsing,3,Imported,description,False,"[""features""]",1,not_retrieved,not_retrieved,,True
public_0092,browsing,3,Imported,categories,False,"[""features""]",1,58,58,0,True
public_0092,browsing,3,Imported,store,False,"[""features""]",1,not_retrieved,not_retrieved,,True
public_0092,browsing,3,Imported,price,False,"[""features""]",1,not_retrieved,not_retrieved,,True
public_0092,browsing,4,Button closure,title,False,"[""features""]",1,not_retrieved,not_retrieved,,True
public_0092,browsing,4,Button closure,features,True,"[""features""]",1,852,2016,-1164,True
public_0092,browsing,4,Button closure,details,False,"[""features""]",1,not_retrieved,not_retrieved,,True
public_0092,browsing,4,Button closure,description,False,"[""features""]",1,not_retrieved,not_retrieved,,True
public_0092,browsing,4,Button closure,categories,False,"[""features""]",1,58,58,0,True
public_0092,browsing,4,Button closure,store,False,"[""features""]",1,not_retrieved,not_retrieved,,True
public_0092,browsing,4,Button closure,price,False,"[""features""]",1,not_retrieved,not_retrieved,,True
public_0093,buying,1,cotton,title,True,"[""title"", ""features"", ""description""]",3,not_retrieved,427,,True
public_0093,buying,1,cotton,features,True,"[""title"", ""features"", ""description""]",3,189,134,55,True
public_0093,buying,1,cotton,details,False,"[""title"", ""features"", ""description""]",3,not_retrieved,not_retrieved,,True
public_0093,buying,1,cotton,description,True,"[""title"", ""features"", ""description""]",3,55,13,42,True
public_0093,buying,1,cotton,categories,False,"[""title"", ""features"", ""description""]",3,15,15,0,True
public_0093,buying,1,cotton,store,False,"[""title"", ""features"", ""description""]",3,not_retrieved,not_retrieved,,True
public_0093,buying,1,cotton,price,False,"[""title"", ""features"", ""description""]",3,not_retrieved,not_retrieved,,True
public_0093,buying,2,"Solid: 100% Cotton; Heathers: 75% Cotton, 25% Polyester",title,False,"[""features""]",1,not_retrieved,1212,,True
public_0093,buying,2,"Solid: 100% Cotton; Heathers: 75% Cotton, 25% Polyester",features,True,"[""features""]",1,189,3,186,True
public_0093,buying,2,"Solid: 100% Cotton; Heathers: 75% Cotton, 25% Polyester",details,False,"[""features""]",1,not_retrieved,not_retrieved,,True
public_0093,buying,2,"Solid: 100% Cotton; Heathers: 75% Cotton, 25% Polyester",description,False,"[""features""]",1,55,99,-44,True
public_0093,buying,2,"Solid: 100% Cotton; Heathers: 75% Cotton, 25% Polyester",categories,False,"[""features""]",1,15,18,-3,True
public_0093,buying,2,"Solid: 100% Cotton; Heathers: 75% Cotton, 25% Polyester",store,False,"[""features""]",1,not_retrieved,not_retrieved,,True
public_0093,buying,2,"Solid: 100% Cotton; Heathers: 75% Cotton, 25% Polyester",price,False,"[""features""]",1,not_retrieved,not_retrieved,,True
public_0093,buying,3,Imported,title,False,"[""features""]",1,not_retrieved,not_retrieved,,True
public_0093,buying,3,Imported,features,True,"[""features""]",1,189,170,19,True
public_0093,buying,3,Imported,details,False,"[""features""]",1,not_retrieved,not_retrieved,,True
public_0093,buying,3,Imported,description,False,"[""features""]",1,55,63,-8,True
public_0093,buying,3,Imported,categories,False,"[""features""]",1,15,15,0,True
public_0093,buying,3,Imported,store,False,"[""features""]",1,not_retrieved,not_retrieved,,True
public_0093,buying,3,Imported,price,False,"[""features""]",1,not_retrieved,not_retrieved,,True
public_0093,buying,4,Pull On closure,title,False,"[""features""]",1,not_retrieved,not_retrieved,,True
public_0093,buying,4,Pull On closure,features,True,"[""features""]",1,189,1735,-1546,True
public_0093,buying,4,Pull On closure,details,False,"[""features""]",1,not_retrieved,not_retrieved,,True
public_0093,buying,4,Pull On closure,description,False,"[""features""]",1,55,191,-136,True
public_0093,buying,4,Pull On closure,categories,False,"[""features""]",1,15,15,0,True
public_0093,buying,4,Pull On closure,store,False,"[""features""]",1,not_retrieved,not_retrieved,,True
public_0093,buying,4,Pull On closure,price,False,"[""features""]",1,not_retrieved,not_retrieved,,True
public_0094,buying,1,leather,title,True,"[""title""]",1,628,151,477,True
public_0094,buying,1,leather,features,False,"[""title""]",1,381,507,-126,True
public_0094,buying,1,leather,details,False,"[""title""]",1,not_retrieved,not_retrieved,,True
public_0094,buying,1,leather,description,False,"[""title""]",1,533,963,-430,True
public_0094,buying,1,leather,categories,False,"[""title""]",1,92,92,0,True
public_0094,buying,1,leather,store,False,"[""title""]",1,not_retrieved,not_retrieved,,True
public_0094,buying,1,leather,price,False,"[""title""]",1,not_retrieved,not_retrieved,,True
public_0094,buying,2,Synthetic sole,title,False,"[""features""]",1,628,806,-178,True
public_0094,buying,2,Synthetic sole,features,True,"[""features""]",1,381,298,83,True
public_0094,buying,2,Synthetic sole,details,False,"[""features""]",1,not_retrieved,not_retrieved,,True
public_0094,buying,2,Synthetic sole,description,False,"[""features""]",1,533,241,292,True
public_0094,buying,2,Synthetic sole,categories,False,"[""features""]",1,92,92,0,True
public_0094,buying,2,Synthetic sole,store,False,"[""features""]",1,not_retrieved,not_retrieved,,True
public_0094,buying,2,Synthetic sole,price,False,"[""features""]",1,not_retrieved,not_retrieved,,True
public_0094,buying,3,"Shaft measures approximately 8"" from arch",title,False,"[""features""]",1,628,843,-215,True
public_0094,buying,3,"Shaft measures approximately 8"" from arch",features,True,"[""features""]",1,381,1749,-1368,True
public_0094,buying,3,"Shaft measures approximately 8"" from arch",details,False,"[""features""]",1,not_retrieved,not_retrieved,,True
public_0094,buying,3,"Shaft measures approximately 8"" from arch",description,False,"[""features""]",1,533,680,-147,True
public_0094,buying,3,"Shaft measures approximately 8"" from arch",categories,False,"[""features""]",1,92,92,0,True
public_0094,buying,3,"Shaft measures approximately 8"" from arch",store,False,"[""features""]",1,not_retrieved,not_retrieved,,True
public_0094,buying,3,"Shaft measures approximately 8"" from arch",price,False,"[""features""]",1,not_retrieved,not_retrieved,,True
public_0094,buying,4,"SUPPORTIVE AND CUSHIONED: Featuring the 4LR technology for support and cushioning, these western boots make sure you have the most comfortable boot possible, whether you’re in the",title,False,"[""features""]",1,628,21,607,True
public_0094,buying,4,"SUPPORTIVE AND CUSHIONED: Featuring the 4LR technology for support and cushioning, these western boots make sure you have the most comfortable boot possible, whether you’re in the",features,True,"[""features""]",1,381,1,380,True
public_0094,buying,4,"SUPPORTIVE AND CUSHIONED: Featuring the 4LR technology for support and cushioning, these western boots make sure you have the most comfortable boot possible, whether you’re in the",details,False,"[""features""]",1,not_retrieved,not_retrieved,,True
public_0094,buying,4,"SUPPORTIVE AND CUSHIONED: Featuring the 4LR technology for support and cushioning, these western boots make sure you have the most comfortable boot possible, whether you’re in the",description,False,"[""features""]",1,533,32,501,True
public_0094,buying,4,"SUPPORTIVE AND CUSHIONED: Featuring the 4LR technology for support and cushioning, these western boots make sure you have the most comfortable boot possible, whether you’re in the",categories,False,"[""features""]",1,92,98,-6,True
public_0094,buying,4,"SUPPORTIVE AND CUSHIONED: Featuring the 4LR technology for support and cushioning, these western boots make sure you have the most comfortable boot possible, whether you’re in the",store,False,"[""features""]",1,not_retrieved,not_retrieved,,True
public_0094,buying,4,"SUPPORTIVE AND CUSHIONED: Featuring the 4LR technology for support and cushioning, these western boots make sure you have the most comfortable boot possible, whether you’re in the",price,False,"[""features""]",1,not_retrieved,not_retrieved,,True
public_0095,buying,1,polyester,title,False,"[""features""]",1,258,309,-51,True
public_0095,buying,1,polyester,features,True,"[""features""]",1,1655,1676,-21,True
public_0095,buying,1,polyester,details,False,"[""features""]",1,not_retrieved,not_retrieved,,True
public_0095,buying,1,polyester,description,False,"[""features""]",1,not_retrieved,not_retrieved,,True
public_0095,buying,1,polyester,categories,False,"[""features""]",1,366,366,0,True
public_0095,buying,1,polyester,store,False,"[""features""]",1,not_retrieved,not_retrieved,,True
public_0095,buying,1,polyester,price,False,"[""features""]",1,not_retrieved,not_retrieved,,True
public_0095,buying,2,"75% Polyester, 25% Spandex",title,False,"[""features""]",1,258,476,-218,True
public_0095,buying,2,"75% Polyester, 25% Spandex",features,True,"[""features""]",1,1655,366,1289,True
public_0095,buying,2,"75% Polyester, 25% Spandex",details,False,"[""features""]",1,not_retrieved,not_retrieved,,True
public_0095,buying,2,"75% Polyester, 25% Spandex",description,False,"[""features""]",1,not_retrieved,not_retrieved,,True
public_0095,buying,2,"75% Polyester, 25% Spandex",categories,False,"[""features""]",1,366,382,-16,True
public_0095,buying,2,"75% Polyester, 25% Spandex",store,False,"[""features""]",1,not_retrieved,not_retrieved,,True
public_0095,buying,2,"75% Polyester, 25% Spandex",price,False,"[""features""]",1,not_retrieved,not_retrieved,,True
public_0095,buying,3,Imported,title,False,"[""features""]",1,258,261,-3,True
public_0095,buying,3,Imported,features,True,"[""features""]",1,1655,1379,276,True
public_0095,buying,3,Imported,details,False,"[""features""]",1,not_retrieved,not_retrieved,,True
public_0095,buying,3,Imported,description,False,"[""features""]",1,not_retrieved,not_retrieved,,True
public_0095,buying,3,Imported,categories,False,"[""features""]",1,366,366,0,True
public_0095,buying,3,Imported,store,False,"[""features""]",1,not_retrieved,not_retrieved,,True
public_0095,buying,3,Imported,price,False,"[""features""]",1,not_retrieved,not_retrieved,,True
public_0095,buying,4,Pull On closure,title,False,"[""features""]",1,258,608,-350,True
public_0095,buying,4,Pull On closure,features,True,"[""features""]",1,1655,4174,-2519,True
public_0095,buying,4,Pull On closure,details,False,"[""features""]",1,not_retrieved,not_retrieved,,True
public_0095,buying,4,Pull On closure,description,False,"[""features""]",1,not_retrieved,not_retrieved,,True
public_0095,buying,4,Pull On closure,categories,False,"[""features""]",1,366,376,-10,True
public_0095,buying,4,Pull On closure,store,False,"[""features""]",1,not_retrieved,not_retrieved,,True
public_0095,buying,4,Pull On closure,price,False,"[""features""]",1,not_retrieved,not_retrieved,,True
public_0096,intent_override,1,polyester,title,False,"[""features""]",1,not_retrieved,not_retrieved,,True
public_0096,intent_override,1,polyester,features,True,"[""features""]",1,not_retrieved,7464,,True
public_0096,intent_override,1,polyester,details,False,"[""features""]",1,not_retrieved,not_retrieved,,True
public_0096,intent_override,1,polyester,description,False,"[""features""]",1,not_retrieved,not_retrieved,,True
public_0096,intent_override,1,polyester,categories,False,"[""features""]",1,835,835,0,True
public_0096,intent_override,1,polyester,store,False,"[""features""]",1,not_retrieved,not_retrieved,,True
public_0096,intent_override,1,polyester,price,False,"[""features""]",1,not_retrieved,not_retrieved,,True
public_0096,intent_override,2,"95% Polyester, 5% Spandex",title,False,"[""features""]",1,not_retrieved,not_retrieved,,True
public_0096,intent_override,2,"95% Polyester, 5% Spandex",features,True,"[""features""]",1,not_retrieved,755,,True
public_0096,intent_override,2,"95% Polyester, 5% Spandex",details,False,"[""features""]",1,not_retrieved,not_retrieved,,True
public_0096,intent_override,2,"95% Polyester, 5% Spandex",description,False,"[""features""]",1,not_retrieved,not_retrieved,,True
public_0096,intent_override,2,"95% Polyester, 5% Spandex",categories,False,"[""features""]",1,835,835,0,True
public_0096,intent_override,2,"95% Polyester, 5% Spandex",store,False,"[""features""]",1,not_retrieved,not_retrieved,,True
public_0096,intent_override,2,"95% Polyester, 5% Spandex",price,False,"[""features""]",1,not_retrieved,not_retrieved,,True
public_0096,intent_override,3,Imported,title,False,"[""features""]",1,not_retrieved,not_retrieved,,True
public_0096,intent_override,3,Imported,features,True,"[""features""]",1,not_retrieved,14465,,True
public_0096,intent_override,3,Imported,details,False,"[""features""]",1,not_retrieved,not_retrieved,,True
public_0096,intent_override,3,Imported,description,False,"[""features""]",1,not_retrieved,not_retrieved,,True
public_0096,intent_override,3,Imported,categories,False,"[""features""]",1,835,835,0,True
public_0096,intent_override,3,Imported,store,False,"[""features""]",1,not_retrieved,not_retrieved,,True
public_0096,intent_override,3,Imported,price,False,"[""features""]",1,not_retrieved,not_retrieved,,True
public_0096,intent_override,4,Pull On closure,title,False,"[""features""]",1,not_retrieved,not_retrieved,,True
public_0096,intent_override,4,Pull On closure,features,True,"[""features""]",1,not_retrieved,6927,,True
public_0096,intent_override,4,Pull On closure,details,False,"[""features""]",1,not_retrieved,not_retrieved,,True
public_0096,intent_override,4,Pull On closure,description,False,"[""features""]",1,not_retrieved,not_retrieved,,True
public_0096,intent_override,4,Pull On closure,categories,False,"[""features""]",1,835,843,-8,True
public_0096,intent_override,4,Pull On closure,store,False,"[""features""]",1,not_retrieved,not_retrieved,,True
public_0096,intent_override,4,Pull On closure,price,False,"[""features""]",1,not_retrieved,not_retrieved,,True
public_0097,buying,1,polyester,title,False,"[""features""]",1,138,188,-50,True
public_0097,buying,1,polyester,features,True,"[""features""]",1,not_retrieved,9159,,True
public_0097,buying,1,polyester,details,False,"[""features""]",1,not_retrieved,not_retrieved,,True
public_0097,buying,1,polyester,description,False,"[""features""]",1,123,202,-79,True
public_0097,buying,1,polyester,categories,False,"[""features""]",1,82,82,0,True
public_0097,buying,1,polyester,store,False,"[""features""]",1,20,20,0,True
public_0097,buying,1,polyester,price,False,"[""features""]",1,not_retrieved,not_retrieved,,True
public_0097,buying,2,92% Polyester,title,False,"[""features""]",1,138,189,-51,True
public_0097,buying,2,92% Polyester,features,True,"[""features""]",1,not_retrieved,198,,True
public_0097,buying,2,92% Polyester,details,False,"[""features""]",1,not_retrieved,not_retrieved,,True
public_0097,buying,2,92% Polyester,description,False,"[""features""]",1,123,258,-135,True
public_0097,buying,2,92% Polyester,categories,False,"[""features""]",1,82,82,0,True
public_0097,buying,2,92% Polyester,store,False,"[""features""]",1,20,20,0,True
public_0097,buying,2,92% Polyester,price,False,"[""features""]",1,not_retrieved,not_retrieved,,True
public_0097,buying,3,Elastic closure,title,False,"[""features""]",1,138,266,-128,True
public_0097,buying,3,Elastic closure,features,True,"[""features""]",1,not_retrieved,1800,,True
public_0097,buying,3,Elastic closure,details,False,"[""features""]",1,not_retrieved,not_retrieved,,True
public_0097,buying,3,Elastic closure,description,False,"[""features""]",1,123,308,-185,True
public_0097,buying,3,Elastic closure,categories,False,"[""features""]",1,82,82,0,True
public_0097,buying,3,Elastic closure,store,False,"[""features""]",1,20,20,0,True
public_0097,buying,3,Elastic closure,price,False,"[""features""]",1,not_retrieved,not_retrieved,,True
public_0097,buying,4,Machine Wash,title,False,"[""features""]",1,138,187,-49,True
public_0097,buying,4,Machine Wash,features,True,"[""features""]",1,not_retrieved,4923,,True
public_0097,buying,4,Machine Wash,details,False,"[""features""]",1,not_retrieved,not_retrieved,,True
public_0097,buying,4,Machine Wash,description,False,"[""features""]",1,123,533,-410,True
public_0097,buying,4,Machine Wash,categories,False,"[""features""]",1,82,82,0,True
public_0097,buying,4,Machine Wash,store,False,"[""features""]",1,20,23,-3,True
public_0097,buying,4,Machine Wash,price,False,"[""features""]",1,not_retrieved,not_retrieved,,True
public_0098,browsing,1,polyester,title,False,"[""features""]",1,374,425,-51,True
public_0098,browsing,1,polyester,features,True,"[""features""]",1,not_retrieved,8082,,True
public_0098,browsing,1,polyester,details,False,"[""features""]",1,not_retrieved,not_retrieved,,True
public_0098,browsing,1,polyester,description,False,"[""features""]",1,135,196,-61,True
public_0098,browsing,1,polyester,categories,False,"[""features""]",1,478,478,0,True
public_0098,browsing,1,polyester,store,False,"[""features""]",1,not_retrieved,not_retrieved,,True
public_0098,browsing,1,polyester,price,False,"[""features""]",1,not_retrieved,not_retrieved,,True
public_0098,browsing,2,100% Rubber,title,False,"[""features""]",1,374,806,-432,True
public_0098,browsing,2,100% Rubber,features,True,"[""features""]",1,not_retrieved,2972,,True
public_0098,browsing,2,100% Rubber,details,False,"[""features""]",1,not_retrieved,not_retrieved,,True
public_0098,browsing,2,100% Rubber,description,False,"[""features""]",1,135,277,-142,True
public_0098,browsing,2,100% Rubber,categories,False,"[""features""]",1,478,478,0,True
public_0098,browsing,2,100% Rubber,store,False,"[""features""]",1,not_retrieved,not_retrieved,,True
public_0098,browsing,2,100% Rubber,price,False,"[""features""]",1,not_retrieved,not_retrieved,,True
public_0098,browsing,3,Imported,title,False,"[""features""]",1,374,377,-3,True
public_0098,browsing,3,Imported,features,True,"[""features""]",1,not_retrieved,12260,,True
public_0098,browsing,3,Imported,details,False,"[""features""]",1,not_retrieved,not_retrieved,,True
public_0098,browsing,3,Imported,description,False,"[""features""]",1,135,226,-91,True
public_0098,browsing,3,Imported,categories,False,"[""features""]",1,478,478,0,True
public_0098,browsing,3,Imported,store,False,"[""features""]",1,not_retrieved,not_retrieved,,True
public_0098,browsing,3,Imported,price,False,"[""features""]",1,not_retrieved,not_retrieved,,True
public_0098,browsing,4,Rubber sole,title,False,"[""features""]",1,374,699,-325,True
public_0098,browsing,4,Rubber sole,features,True,"[""features""]",1,not_retrieved,5017,,True
public_0098,browsing,4,Rubber sole,details,False,"[""features""]",1,not_retrieved,not_retrieved,,True
public_0098,browsing,4,Rubber sole,description,False,"[""features""]",1,135,583,-448,True
public_0098,browsing,4,Rubber sole,categories,False,"[""features""]",1,478,478,0,True
public_0098,browsing,4,Rubber sole,store,False,"[""features""]",1,not_retrieved,not_retrieved,,True
public_0098,browsing,4,Rubber sole,price,False,"[""features""]",1,not_retrieved,not_retrieved,,True
public_0099,browsing,1,cotton,title,False,"[""features""]",1,not_retrieved,not_retrieved,,True
public_0099,browsing,1,cotton,features,True,"[""features""]",1,not_retrieved,7435,,True
public_0099,browsing,1,cotton,details,False,"[""features""]",1,not_retrieved,not_retrieved,,True
public_0099,browsing,1,cotton,description,False,"[""features""]",1,not_retrieved,not_retrieved,,True
public_0099,browsing,1,cotton,categories,False,"[""features""]",1,98,98,0,True
public_0099,browsing,1,cotton,store,False,"[""features""]",1,not_retrieved,not_retrieved,,True
public_0099,browsing,1,cotton,price,False,"[""features""]",1,not_retrieved,not_retrieved,,True
public_0099,browsing,2,"60% Cotton, 40% Polyester",title,False,"[""features""]",1,not_retrieved,not_retrieved,,True
public_0099,browsing,2,"60% Cotton, 40% Polyester",features,True,"[""features""]",1,not_retrieved,309,,True
public_0099,browsing,2,"60% Cotton, 40% Polyester",details,False,"[""features""]",1,not_retrieved,not_retrieved,,True
public_0099,browsing,2,"60% Cotton, 40% Polyester",description,False,"[""features""]",1,not_retrieved,not_retrieved,,True
public_0099,browsing,2,"60% Cotton, 40% Polyester",categories,False,"[""features""]",1,98,98,0,True
public_0099,browsing,2,"60% Cotton, 40% Polyester",store,False,"[""features""]",1,not_retrieved,not_retrieved,,True
public_0099,browsing,2,"60% Cotton, 40% Polyester",price,False,"[""features""]",1,not_retrieved,not_retrieved,,True
public_0099,browsing,3,Imported,title,False,"[""features""]",1,not_retrieved,not_retrieved,,True
public_0099,browsing,3,Imported,features,True,"[""features""]",1,not_retrieved,10758,,True
public_0099,browsing,3,Imported,details,False,"[""features""]",1,not_retrieved,not_retrieved,,True
public_0099,browsing,3,Imported,description,False,"[""features""]",1,not_retrieved,not_retrieved,,True
public_0099,browsing,3,Imported,categories,False,"[""features""]",1,98,98,0,True
public_0099,browsing,3,Imported,store,False,"[""features""]",1,not_retrieved,not_retrieved,,True
public_0099,browsing,3,Imported,price,False,"[""features""]",1,not_retrieved,not_retrieved,,True
public_0099,browsing,4,Drawstring closure,title,False,"[""features""]",1,not_retrieved,not_retrieved,,True
public_0099,browsing,4,Drawstring closure,features,True,"[""features""]",1,not_retrieved,1332,,True
public_0099,browsing,4,Drawstring closure,details,False,"[""features""]",1,not_retrieved,not_retrieved,,True
public_0099,browsing,4,Drawstring closure,description,False,"[""features""]",1,not_retrieved,not_retrieved,,True
public_0099,browsing,4,Drawstring closure,categories,False,"[""features""]",1,98,98,0,True
public_0099,browsing,4,Drawstring closure,store,False,"[""features""]",1,not_retrieved,not_retrieved,,True
public_0099,browsing,4,Drawstring closure,price,False,"[""features""]",1,not_retrieved,not_retrieved,,True
public_0100,browsing,1,leather,title,True,"[""title"", ""features""]",2,953,455,498,True
public_0100,browsing,1,leather,features,True,"[""title"", ""features""]",2,2385,1049,1336,True
public_0100,browsing,1,leather,details,False,"[""title"", ""features""]",2,not_retrieved,not_retrieved,,True
public_0100,browsing,1,leather,description,False,"[""title"", ""features""]",2,not_retrieved,not_retrieved,,True
public_0100,browsing,1,leather,categories,False,"[""title"", ""features""]",2,39,39,0,True
public_0100,browsing,1,leather,store,False,"[""title"", ""features""]",2,not_retrieved,not_retrieved,,True
public_0100,browsing,1,leather,price,False,"[""title"", ""features""]",2,not_retrieved,not_retrieved,,True
public_0100,browsing,2,100% Leather,title,False,"[""features""]",1,953,478,475,True
public_0100,browsing,2,100% Leather,features,True,"[""features""]",1,2385,833,1552,True
public_0100,browsing,2,100% Leather,details,False,"[""features""]",1,not_retrieved,not_retrieved,,True
public_0100,browsing,2,100% Leather,description,False,"[""features""]",1,not_retrieved,not_retrieved,,True
public_0100,browsing,2,100% Leather,categories,False,"[""features""]",1,39,39,0,True
public_0100,browsing,2,100% Leather,store,False,"[""features""]",1,not_retrieved,not_retrieved,,True
public_0100,browsing,2,100% Leather,price,False,"[""features""]",1,not_retrieved,not_retrieved,,True
public_0100,browsing,3,Manmade sole,title,False,"[""features""]",1,953,1118,-165,True
public_0100,browsing,3,Manmade sole,features,True,"[""features""]",1,2385,956,1429,True
public_0100,browsing,3,Manmade sole,details,False,"[""features""]",1,not_retrieved,not_retrieved,,True
public_0100,browsing,3,Manmade sole,description,False,"[""features""]",1,not_retrieved,not_retrieved,,True
public_0100,browsing,3,Manmade sole,categories,False,"[""features""]",1,39,39,0,True
public_0100,browsing,3,Manmade sole,store,False,"[""features""]",1,not_retrieved,not_retrieved,,True
public_0100,browsing,3,Manmade sole,price,False,"[""features""]",1,not_retrieved,not_retrieved,,True
public_0100,browsing,4,"Platform measures approximately 0.5""",title,False,"[""features""]",1,953,1312,-359,True
public_0100,browsing,4,"Platform measures approximately 0.5""",features,True,"[""features""]",1,2385,1313,1072,True
public_0100,browsing,4,"Platform measures approximately 0.5""",details,False,"[""features""]",1,not_retrieved,not_retrieved,,True
public_0100,browsing,4,"Platform measures approximately 0.5""",description,False,"[""features""]",1,not_retrieved,not_retrieved,,True
public_0100,browsing,4,"Platform measures approximately 0.5""",categories,False,"[""features""]",1,39,39,0,True
public_0100,browsing,4,"Platform measures approximately 0.5""",store,False,"[""features""]",1,not_retrieved,not_retrieved,,True
public_0100,browsing,4,"Platform measures approximately 0.5""",price,False,"[""features""]",1,not_retrieved,not_retrieved,,True
public_0101,buying,1,polyester,title,False,"[""features""]",1,96,124,-28,True
public_0101,buying,1,polyester,features,True,"[""features""]",1,9,10,-1,True
public_0101,buying,1,polyester,details,False,"[""features""]",1,not_retrieved,not_retrieved,,True
public_0101,buying,1,polyester,description,False,"[""features""]",1,not_retrieved,not_retrieved,,True
public_0101,buying,1,polyester,categories,False,"[""features""]",1,28,28,0,True
public_0101,buying,1,polyester,store,False,"[""features""]",1,not_retrieved,not_retrieved,,True
public_0101,buying,1,polyester,price,False,"[""features""]",1,not_retrieved,not_retrieved,,True
public_0101,buying,2,color: white,title,False,[],0,96,119,-23,True
public_0101,buying,2,color: white,features,False,[],0,9,4,5,True
public_0101,buying,2,color: white,details,False,[],0,not_retrieved,not_retrieved,,True
public_0101,buying,2,color: white,description,False,[],0,not_retrieved,not_retrieved,,True
public_0101,buying,2,color: white,categories,False,[],0,28,28,0,True
public_0101,buying,2,color: white,store,False,[],0,not_retrieved,not_retrieved,,True
public_0101,buying,2,color: white,price,False,[],0,not_retrieved,not_retrieved,,True
public_0101,buying,3,"65% Polyester, 35% Cotton",title,False,"[""features""]",1,96,168,-72,True
public_0101,buying,3,"65% Polyester, 35% Cotton",features,True,"[""features""]",1,9,24,-15,True
public_0101,buying,3,"65% Polyester, 35% Cotton",details,False,"[""features""]",1,not_retrieved,not_retrieved,,True
public_0101,buying,3,"65% Polyester, 35% Cotton",description,False,"[""features""]",1,not_retrieved,not_retrieved,,True
public_0101,buying,3,"65% Polyester, 35% Cotton",categories,False,"[""features""]",1,28,28,0,True
public_0101,buying,3,"65% Polyester, 35% Cotton",store,False,"[""features""]",1,not_retrieved,not_retrieved,,True
public_0101,buying,3,"65% Polyester, 35% Cotton",price,False,"[""features""]",1,not_retrieved,not_retrieved,,True
public_0101,buying,4,Imported,title,False,"[""features""]",1,96,99,-3,True
public_0101,buying,4,Imported,features,True,"[""features""]",1,9,9,0,True
public_0101,buying,4,Imported,details,False,"[""features""]",1,not_retrieved,not_retrieved,,True
public_0101,buying,4,Imported,description,False,"[""features""]",1,not_retrieved,not_retrieved,,True
public_0101,buying,4,Imported,categories,False,"[""features""]",1,28,28,0,True
public_0101,buying,4,Imported,store,False,"[""features""]",1,not_retrieved,not_retrieved,,True
public_0101,buying,4,Imported,price,False,"[""features""]",1,not_retrieved,not_retrieved,,True
public_0102,browsing,1,Hand Wash Only,title,False,"[""features""]",1,63,156,-93,True
public_0102,browsing,1,Hand Wash Only,features,True,"[""features""]",1,44,9,35,True
public_0102,browsing,1,Hand Wash Only,details,False,"[""features""]",1,not_retrieved,not_retrieved,,True
public_0102,browsing,1,Hand Wash Only,description,False,"[""features""]",1,not_retrieved,not_retrieved,,True
public_0102,browsing,1,Hand Wash Only,categories,False,"[""features""]",1,145,145,0,True
public_0102,browsing,1,Hand Wash Only,store,False,"[""features""]",1,not_retrieved,not_retrieved,,True
public_0102,browsing,1,Hand Wash Only,price,False,"[""features""]",1,not_retrieved,not_retrieved,,True
public_0102,browsing,2,"Push Up Bra, A/B/C cup 3 centimeters Thickness Pad inside. But noted that D cup is thin cup,lightly padded",title,False,"[""features""]",1,63,8,55,True
public_0102,browsing,2,"Push Up Bra, A/B/C cup 3 centimeters Thickness Pad inside. But noted that D cup is thin cup,lightly padded",features,True,"[""features""]",1,44,1,43,True
public_0102,browsing,2,"Push Up Bra, A/B/C cup 3 centimeters Thickness Pad inside. But noted that D cup is thin cup,lightly padded",details,False,"[""features""]",1,not_retrieved,not_retrieved,,True
public_0102,browsing,2,"Push Up Bra, A/B/C cup 3 centimeters Thickness Pad inside. But noted that D cup is thin cup,lightly padded",description,False,"[""features""]",1,not_retrieved,not_retrieved,,True
public_0102,browsing,2,"Push Up Bra, A/B/C cup 3 centimeters Thickness Pad inside. But noted that D cup is thin cup,lightly padded",categories,False,"[""features""]",1,145,145,0,True
public_0102,browsing,2,"Push Up Bra, A/B/C cup 3 centimeters Thickness Pad inside. But noted that D cup is thin cup,lightly padded",store,False,"[""features""]",1,not_retrieved,not_retrieved,,True
public_0102,browsing,2,"Push Up Bra, A/B/C cup 3 centimeters Thickness Pad inside. But noted that D cup is thin cup,lightly padded",price,False,"[""features""]",1,not_retrieved,not_retrieved,,True
public_0102,browsing,3,Underwire,title,True,"[""title"", ""features""]",2,63,8,55,True
public_0102,browsing,3,Underwire,features,True,"[""title"", ""features""]",2,44,17,27,True
public_0102,browsing,3,Underwire,details,False,"[""title"", ""features""]",2,not_retrieved,not_retrieved,,True
public_0102,browsing,3,Underwire,description,False,"[""title"", ""features""]",2,not_retrieved,not_retrieved,,True
public_0102,browsing,3,Underwire,categories,False,"[""title"", ""features""]",2,145,145,0,True
public_0102,browsing,3,Underwire,store,False,"[""title"", ""features""]",2,not_retrieved,not_retrieved,,True
public_0102,browsing,3,Underwire,price,False,"[""title"", ""features""]",2,not_retrieved,not_retrieved,,True
public_0102,browsing,4,Lace Design,title,False,"[""features""]",1,63,11,52,True
public_0102,browsing,4,Lace Design,features,True,"[""features""]",1,44,6,38,True
public_0102,browsing,4,Lace Design,details,False,"[""features""]",1,not_retrieved,not_retrieved,,True
public_0102,browsing,4,Lace Design,description,False,"[""features""]",1,not_retrieved,not_retrieved,,True
public_0102,browsing,4,Lace Design,categories,False,"[""features""]",1,145,145,0,True
public_0102,browsing,4,Lace Design,store,False,"[""features""]",1,not_retrieved,not_retrieved,,True
public_0102,browsing,4,Lace Design,price,False,"[""features""]",1,not_retrieved,not_retrieved,,True
public_0103,intent_override,1,cotton,title,True,"[""title"", ""features""]",2,not_retrieved,824,,True
public_0103,intent_override,1,cotton,features,True,"[""title"", ""features""]",2,20,23,-3,True
public_0103,intent_override,1,cotton,details,False,"[""title"", ""features""]",2,not_retrieved,not_retrieved,,True
public_0103,intent_override,1,cotton,description,False,"[""title"", ""features""]",2,not_retrieved,not_retrieved,,True
public_0103,intent_override,1,cotton,categories,False,"[""title"", ""features""]",2,44,44,0,True
public_0103,intent_override,1,cotton,store,False,"[""title"", ""features""]",2,not_retrieved,not_retrieved,,True
public_0103,intent_override,1,cotton,price,False,"[""title"", ""features""]",2,not_retrieved,not_retrieved,,True
public_0103,intent_override,2,color: white,title,False,[],0,not_retrieved,not_retrieved,,True
public_0103,intent_override,2,color: white,features,False,[],0,20,3,17,True
public_0103,intent_override,2,color: white,details,False,[],0,not_retrieved,not_retrieved,,True
public_0103,intent_override,2,color: white,description,False,[],0,not_retrieved,not_retrieved,,True
public_0103,intent_override,2,color: white,categories,False,[],0,44,44,0,True
public_0103,intent_override,2,color: white,store,False,[],0,not_retrieved,not_retrieved,,True
public_0103,intent_override,2,color: white,price,False,[],0,not_retrieved,not_retrieved,,True
public_0103,intent_override,3,100% Cotton,title,False,"[""features""]",1,not_retrieved,1081,,True
public_0103,intent_override,3,100% Cotton,features,True,"[""features""]",1,20,18,2,True
public_0103,intent_override,3,100% Cotton,details,False,"[""features""]",1,not_retrieved,not_retrieved,,True
public_0103,intent_override,3,100% Cotton,description,False,"[""features""]",1,not_retrieved,not_retrieved,,True
public_0103,intent_override,3,100% Cotton,categories,False,"[""features""]",1,44,44,0,True
public_0103,intent_override,3,100% Cotton,store,False,"[""features""]",1,not_retrieved,not_retrieved,,True
public_0103,intent_override,3,100% Cotton,price,False,"[""features""]",1,not_retrieved,not_retrieved,,True
public_0103,intent_override,4,Imported,title,False,"[""features""]",1,not_retrieved,not_retrieved,,True
public_0103,intent_override,4,Imported,features,True,"[""features""]",1,20,8,12,True
public_0103,intent_override,4,Imported,details,False,"[""features""]",1,not_retrieved,not_retrieved,,True
public_0103,intent_override,4,Imported,description,False,"[""features""]",1,not_retrieved,not_retrieved,,True
public_0103,intent_override,4,Imported,categories,False,"[""features""]",1,44,44,0,True
public_0103,intent_override,4,Imported,store,False,"[""features""]",1,not_retrieved,not_retrieved,,True
public_0103,intent_override,4,Imported,price,False,"[""features""]",1,not_retrieved,not_retrieved,,True
public_0104,boundary,1,leather,title,True,"[""title"", ""features"", ""details""]",3,not_retrieved,1334,,True
public_0104,boundary,1,leather,features,True,"[""title"", ""features"", ""details""]",3,not_retrieved,2903,,True
public_0104,boundary,1,leather,details,True,"[""title"", ""features"", ""details""]",3,not_retrieved,50,,True
public_0104,boundary,1,leather,description,False,"[""title"", ""features"", ""details""]",3,not_retrieved,not_retrieved,,True
public_0104,boundary,1,leather,categories,False,"[""title"", ""features"", ""details""]",3,7,7,0,True
public_0104,boundary,1,leather,store,False,"[""title"", ""features"", ""details""]",3,not_retrieved,not_retrieved,,True
public_0104,boundary,1,leather,price,False,"[""title"", ""features"", ""details""]",3,not_retrieved,not_retrieved,,True
public_0104,boundary,2,color: black,title,False,"[""details""]",1,not_retrieved,3934,,True
public_0104,boundary,2,color: black,features,False,"[""details""]",1,not_retrieved,not_retrieved,,True
public_0104,boundary,2,color: black,details,True,"[""details""]",1,not_retrieved,116,,True
public_0104,boundary,2,color: black,description,False,"[""details""]",1,not_retrieved,not_retrieved,,True
public_0104,boundary,2,color: black,categories,False,"[""details""]",1,7,7,0,True
public_0104,boundary,2,color: black,store,False,"[""details""]",1,not_retrieved,not_retrieved,,True
public_0104,boundary,2,color: black,price,False,"[""details""]",1,not_retrieved,not_retrieved,,True
public_0104,boundary,3,Classy Leather-like Fabric,title,False,"[""features""]",1,not_retrieved,40,,True
public_0104,boundary,3,Classy Leather-like Fabric,features,True,"[""features""]",1,not_retrieved,3,,True
public_0104,boundary,3,Classy Leather-like Fabric,details,False,"[""features""]",1,not_retrieved,14,,True
public_0104,boundary,3,Classy Leather-like Fabric,description,False,"[""features""]",1,not_retrieved,not_retrieved,,True
public_0104,boundary,3,Classy Leather-like Fabric,categories,False,"[""features""]",1,7,7,0,True
public_0104,boundary,3,Classy Leather-like Fabric,store,False,"[""features""]",1,not_retrieved,not_retrieved,,True
public_0104,boundary,3,Classy Leather-like Fabric,price,False,"[""features""]",1,not_retrieved,not_retrieved,,True
public_0104,boundary,4,Durable Headband,title,False,"[""features""]",1,not_retrieved,272,,True
public_0104,boundary,4,Durable Headband,features,True,"[""features""]",1,not_retrieved,31,,True
public_0104,boundary,4,Durable Headband,details,False,"[""features""]",1,not_retrieved,not_retrieved,,True
public_0104,boundary,4,Durable Headband,description,False,"[""features""]",1,not_retrieved,not_retrieved,,True
public_0104,boundary,4,Durable Headband,categories,False,"[""features""]",1,7,7,0,True
public_0104,boundary,4,Durable Headband,store,False,"[""features""]",1,not_retrieved,not_retrieved,,True
public_0104,boundary,4,Durable Headband,price,False,"[""features""]",1,not_retrieved,not_retrieved,,True
public_0105,browsing,1,polyester,title,False,"[""features""]",1,40,75,-35,True
public_0105,browsing,1,polyester,features,True,"[""features""]",1,407,510,-103,True
public_0105,browsing,1,polyester,details,False,"[""features""]",1,6,14,-8,True
public_0105,browsing,1,polyester,description,False,"[""features""]",1,not_retrieved,not_retrieved,,True
public_0105,browsing,1,polyester,categories,False,"[""features""]",1,310,310,0,True
public_0105,browsing,1,polyester,store,False,"[""features""]",1,not_retrieved,not_retrieved,,True
public_0105,browsing,1,polyester,price,False,"[""features""]",1,not_retrieved,not_retrieved,,True
public_0105,browsing,2,"77% Polyester, 23% Spandex",title,False,"[""features""]",1,40,138,-98,True
public_0105,browsing,2,"77% Polyester, 23% Spandex",features,True,"[""features""]",1,407,60,347,True
public_0105,browsing,2,"77% Polyester, 23% Spandex",details,False,"[""features""]",1,6,10,-4,True
public_0105,browsing,2,"77% Polyester, 23% Spandex",description,False,"[""features""]",1,not_retrieved,not_retrieved,,True
public_0105,browsing,2,"77% Polyester, 23% Spandex",categories,False,"[""features""]",1,310,310,0,True
public_0105,browsing,2,"77% Polyester, 23% Spandex",store,False,"[""features""]",1,not_retrieved,not_retrieved,,True
public_0105,browsing,2,"77% Polyester, 23% Spandex",price,False,"[""features""]",1,not_retrieved,135,,True
public_0105,browsing,3,Imported,title,False,"[""features""]",1,40,43,-3,True
public_0105,browsing,3,Imported,features,True,"[""features""]",1,407,351,56,True
public_0105,browsing,3,Imported,details,False,"[""features""]",1,6,13,-7,True
public_0105,browsing,3,Imported,description,False,"[""features""]",1,not_retrieved,not_retrieved,,True
public_0105,browsing,3,Imported,categories,False,"[""features""]",1,310,310,0,True
public_0105,browsing,3,Imported,store,False,"[""features""]",1,not_retrieved,not_retrieved,,True
public_0105,browsing,3,Imported,price,False,"[""features""]",1,not_retrieved,not_retrieved,,True
public_0105,browsing,4,"IUGA is a lifestyle brand that combines Style, Comfort and Performance. The High Quality Activewear is perfect for Fitness Enthusiasts and Everyday Athleisure as it is Affordable a",title,False,"[""features""]",1,40,3,37,True
public_0105,browsing,4,"IUGA is a lifestyle brand that combines Style, Comfort and Performance. The High Quality Activewear is perfect for Fitness Enthusiasts and Everyday Athleisure as it is Affordable a",features,True,"[""features""]",1,407,1,406,True
public_0105,browsing,4,"IUGA is a lifestyle brand that combines Style, Comfort and Performance. The High Quality Activewear is perfect for Fitness Enthusiasts and Everyday Athleisure as it is Affordable a",details,False,"[""features""]",1,6,1,5,True
public_0105,browsing,4,"IUGA is a lifestyle brand that combines Style, Comfort and Performance. The High Quality Activewear is perfect for Fitness Enthusiasts and Everyday Athleisure as it is Affordable a",description,False,"[""features""]",1,not_retrieved,not_retrieved,,True
public_0105,browsing,4,"IUGA is a lifestyle brand that combines Style, Comfort and Performance. The High Quality Activewear is perfect for Fitness Enthusiasts and Everyday Athleisure as it is Affordable a",categories,False,"[""features""]",1,310,796,-486,True
public_0105,browsing,4,"IUGA is a lifestyle brand that combines Style, Comfort and Performance. The High Quality Activewear is perfect for Fitness Enthusiasts and Everyday Athleisure as it is Affordable a",store,False,"[""features""]",1,not_retrieved,6,,True
public_0105,browsing,4,"IUGA is a lifestyle brand that combines Style, Comfort and Performance. The High Quality Activewear is perfect for Fitness Enthusiasts and Everyday Athleisure as it is Affordable a",price,False,"[""features""]",1,not_retrieved,not_retrieved,,True
public_0106,buying,1,cotton,title,True,"[""title"", ""features"", ""description""]",3,38,8,30,True
public_0106,buying,1,cotton,features,True,"[""title"", ""features"", ""description""]",3,68,42,26,True
public_0106,buying,1,cotton,details,False,"[""title"", ""features"", ""description""]",3,not_retrieved,not_retrieved,,True
public_0106,buying,1,cotton,description,True,"[""title"", ""features"", ""description""]",3,38,48,-10,True
public_0106,buying,1,cotton,categories,False,"[""title"", ""features"", ""description""]",3,23,23,0,True
public_0106,buying,1,cotton,store,False,"[""title"", ""features"", ""description""]",3,not_retrieved,not_retrieved,,True
public_0106,buying,1,cotton,price,False,"[""title"", ""features"", ""description""]",3,not_retrieved,not_retrieved,,True
public_0106,buying,2,"Polyester,Cotton,Spandex",title,False,"[""features""]",1,38,14,24,True
public_0106,buying,2,"Polyester,Cotton,Spandex",features,True,"[""features""]",1,68,53,15,True
public_0106,buying,2,"Polyester,Cotton,Spandex",details,False,"[""features""]",1,not_retrieved,not_retrieved,,True
public_0106,buying,2,"Polyester,Cotton,Spandex",description,False,"[""features""]",1,38,55,-17,True
public_0106,buying,2,"Polyester,Cotton,Spandex",categories,False,"[""features""]",1,23,23,0,True
public_0106,buying,2,"Polyester,Cotton,Spandex",store,False,"[""features""]",1,not_retrieved,not_retrieved,,True
public_0106,buying,2,"Polyester,Cotton,Spandex",price,False,"[""features""]",1,not_retrieved,not_retrieved,,True
public_0106,buying,3,Machine Wash,title,False,"[""features""]",1,38,77,-39,True
public_0106,buying,3,Machine Wash,features,True,"[""features""]",1,68,155,-87,True
public_0106,buying,3,Machine Wash,details,False,"[""features""]",1,not_retrieved,not_retrieved,,True
public_0106,buying,3,Machine Wash,description,False,"[""features""]",1,38,166,-128,True
public_0106,buying,3,Machine Wash,categories,False,"[""features""]",1,23,23,0,True
public_0106,buying,3,Machine Wash,store,False,"[""features""]",1,not_retrieved,not_retrieved,,True
public_0106,buying,3,Machine Wash,price,False,"[""features""]",1,not_retrieved,not_retrieved,,True
public_0106,buying,4,"❤ 【Material】：Our mens dress socks are are expertly fabricated with the perfect formulation, made with 76% cotton,2% spandex and 22% polyester to keep your feet a elasticity and sof",title,False,"[""features""]",1,38,12,26,True
public_0106,buying,4,"❤ 【Material】：Our mens dress socks are are expertly fabricated with the perfect formulation, made with 76% cotton,2% spandex and 22% polyester to keep your feet a elasticity and sof",features,True,"[""features""]",1,68,1,67,True
public_0106,buying,4,"❤ 【Material】：Our mens dress socks are are expertly fabricated with the perfect formulation, made with 76% cotton,2% spandex and 22% polyester to keep your feet a elasticity and sof",details,False,"[""features""]",1,not_retrieved,10584,,True
public_0106,buying,4,"❤ 【Material】：Our mens dress socks are are expertly fabricated with the perfect formulation, made with 76% cotton,2% spandex and 22% polyester to keep your feet a elasticity and sof",description,False,"[""features""]",1,38,1,37,True
public_0106,buying,4,"❤ 【Material】：Our mens dress socks are are expertly fabricated with the perfect formulation, made with 76% cotton,2% spandex and 22% polyester to keep your feet a elasticity and sof",categories,False,"[""features""]",1,23,31,-8,True
public_0106,buying,4,"❤ 【Material】：Our mens dress socks are are expertly fabricated with the perfect formulation, made with 76% cotton,2% spandex and 22% polyester to keep your feet a elasticity and sof",store,False,"[""features""]",1,not_retrieved,not_retrieved,,True
public_0106,buying,4,"❤ 【Material】：Our mens dress socks are are expertly fabricated with the perfect formulation, made with 76% cotton,2% spandex and 22% polyester to keep your feet a elasticity and sof",price,False,"[""features""]",1,not_retrieved,not_retrieved,,True
public_0107,buying,1,cotton,title,False,"[""features""]",1,not_retrieved,not_retrieved,,True
public_0107,buying,1,cotton,features,True,"[""features""]",1,not_retrieved,8292,,True
public_0107,buying,1,cotton,details,False,"[""features""]",1,not_retrieved,not_retrieved,,True
public_0107,buying,1,cotton,description,False,"[""features""]",1,not_retrieved,not_retrieved,,True
public_0107,buying,1,cotton,categories,False,"[""features""]",1,4,4,0,True
public_0107,buying,1,cotton,store,False,"[""features""]",1,not_retrieved,not_retrieved,,True
public_0107,buying,1,cotton,price,False,"[""features""]",1,not_retrieved,not_retrieved,,True
public_0107,buying,2,Shell 100% Cotton Lining 100% Polyester,title,False,"[""features""]",1,not_retrieved,not_retrieved,,True
public_0107,buying,2,Shell 100% Cotton Lining 100% Polyester,features,True,"[""features""]",1,not_retrieved,204,,True
public_0107,buying,2,Shell 100% Cotton Lining 100% Polyester,details,False,"[""features""]",1,not_retrieved,not_retrieved,,True
public_0107,buying,2,Shell 100% Cotton Lining 100% Polyester,description,False,"[""features""]",1,not_retrieved,not_retrieved,,True
public_0107,buying,2,Shell 100% Cotton Lining 100% Polyester,categories,False,"[""features""]",1,4,4,0,True
public_0107,buying,2,Shell 100% Cotton Lining 100% Polyester,store,False,"[""features""]",1,not_retrieved,not_retrieved,,True
public_0107,buying,2,Shell 100% Cotton Lining 100% Polyester,price,False,"[""features""]",1,not_retrieved,not_retrieved,,True
public_0107,buying,3,Zipper closure,title,False,"[""features""]",1,not_retrieved,not_retrieved,,True
public_0107,buying,3,Zipper closure,features,True,"[""features""]",1,not_retrieved,1881,,True
public_0107,buying,3,Zipper closure,details,False,"[""features""]",1,not_retrieved,not_retrieved,,True
public_0107,buying,3,Zipper closure,description,False,"[""features""]",1,not_retrieved,not_retrieved,,True
public_0107,buying,3,Zipper closure,categories,False,"[""features""]",1,4,4,0,True
public_0107,buying,3,Zipper closure,store,False,"[""features""]",1,not_retrieved,not_retrieved,,True
public_0107,buying,3,Zipper closure,price,False,"[""features""]",1,not_retrieved,not_retrieved,,True
public_0107,buying,4,Machine Wash,title,False,"[""features""]",1,not_retrieved,not_retrieved,,True
public_0107,buying,4,Machine Wash,features,True,"[""features""]",1,not_retrieved,5570,,True
public_0107,buying,4,Machine Wash,details,False,"[""features""]",1,not_retrieved,not_retrieved,,True
public_0107,buying,4,Machine Wash,description,False,"[""features""]",1,not_retrieved,not_retrieved,,True
public_0107,buying,4,Machine Wash,categories,False,"[""features""]",1,4,4,0,True
public_0107,buying,4,Machine Wash,store,False,"[""features""]",1,not_retrieved,not_retrieved,,True
public_0107,buying,4,Machine Wash,price,False,"[""features""]",1,not_retrieved,not_retrieved,,True
public_0108,buying,1,cotton,title,True,"[""title"", ""features"", ""description""]",3,108,15,93,True
public_0108,buying,1,cotton,features,True,"[""title"", ""features"", ""description""]",3,225,44,181,True
public_0108,buying,1,cotton,details,False,"[""title"", ""features"", ""description""]",3,not_retrieved,not_retrieved,,True
public_0108,buying,1,cotton,description,True,"[""title"", ""features"", ""description""]",3,61,11,50,True
public_0108,buying,1,cotton,categories,False,"[""title"", ""features"", ""description""]",3,10,10,0,True
public_0108,buying,1,cotton,store,False,"[""title"", ""features"", ""description""]",3,not_retrieved,not_retrieved,,True
public_0108,buying,1,cotton,price,False,"[""title"", ""features"", ""description""]",3,not_retrieved,not_retrieved,,True
public_0108,buying,2,"54% Cotton, 36% Polyester, 10% Spandex",title,False,"[""features""]",1,108,58,50,True
public_0108,buying,2,"54% Cotton, 36% Polyester, 10% Spandex",features,True,"[""features""]",1,225,1,224,True
public_0108,buying,2,"54% Cotton, 36% Polyester, 10% Spandex",details,False,"[""features""]",1,not_retrieved,6795,,True
public_0108,buying,2,"54% Cotton, 36% Polyester, 10% Spandex",description,False,"[""features""]",1,61,32,29,True
public_0108,buying,2,"54% Cotton, 36% Polyester, 10% Spandex",categories,False,"[""features""]",1,10,11,-1,True
public_0108,buying,2,"54% Cotton, 36% Polyester, 10% Spandex",store,False,"[""features""]",1,not_retrieved,not_retrieved,,True
public_0108,buying,2,"54% Cotton, 36% Polyester, 10% Spandex",price,False,"[""features""]",1,not_retrieved,not_retrieved,,True
public_0108,buying,3,Imported,title,False,"[""features""]",1,108,111,-3,True
public_0108,buying,3,Imported,features,True,"[""features""]",1,225,194,31,True
public_0108,buying,3,Imported,details,False,"[""features""]",1,not_retrieved,not_retrieved,,True
public_0108,buying,3,Imported,description,False,"[""features""]",1,61,79,-18,True
public_0108,buying,3,Imported,categories,False,"[""features""]",1,10,10,0,True
public_0108,buying,3,Imported,store,False,"[""features""]",1,not_retrieved,not_retrieved,,True
public_0108,buying,3,Imported,price,False,"[""features""]",1,not_retrieved,not_retrieved,,True
public_0108,buying,4,Elastic closure,title,False,"[""features""]",1,108,320,-212,True
public_0108,buying,4,Elastic closure,features,True,"[""features""]",1,225,62,163,True
public_0108,buying,4,Elastic closure,details,False,"[""features""]",1,not_retrieved,not_retrieved,,True
public_0108,buying,4,Elastic closure,description,False,"[""features""]",1,61,35,26,True
public_0108,buying,4,Elastic closure,categories,False,"[""features""]",1,10,10,0,True
public_0108,buying,4,Elastic closure,store,False,"[""features""]",1,not_retrieved,not_retrieved,,True
public_0108,buying,4,Elastic closure,price,False,"[""features""]",1,not_retrieved,not_retrieved,,True
public_0109,buying,1,fabric,title,False,"[""features""]",1,not_retrieved,not_retrieved,,True
public_0109,buying,1,fabric,features,True,"[""features""]",1,not_retrieved,2484,,True
public_0109,buying,1,fabric,details,False,"[""features""]",1,not_retrieved,not_retrieved,,True
public_0109,buying,1,fabric,description,False,"[""features""]",1,not_retrieved,not_retrieved,,True
public_0109,buying,1,fabric,categories,False,"[""features""]",1,86,86,0,True
public_0109,buying,1,fabric,store,False,"[""features""]",1,not_retrieved,not_retrieved,,True
public_0109,buying,1,fabric,price,False,"[""features""]",1,not_retrieved,not_retrieved,,True
public_0109,buying,2,100% Other Fibers,title,False,"[""features""]",1,not_retrieved,not_retrieved,,True
public_0109,buying,2,100% Other Fibers,features,True,"[""features""]",1,not_retrieved,244,,True
public_0109,buying,2,100% Other Fibers,details,False,"[""features""]",1,not_retrieved,not_retrieved,,True
public_0109,buying,2,100% Other Fibers,description,False,"[""features""]",1,not_retrieved,not_retrieved,,True
public_0109,buying,2,100% Other Fibers,categories,False,"[""features""]",1,86,94,-8,True
public_0109,buying,2,100% Other Fibers,store,False,"[""features""]",1,not_retrieved,not_retrieved,,True
public_0109,buying,2,100% Other Fibers,price,False,"[""features""]",1,not_retrieved,not_retrieved,,True
public_0109,buying,3,Imported,title,False,"[""features""]",1,not_retrieved,not_retrieved,,True
public_0109,buying,3,Imported,features,True,"[""features""]",1,not_retrieved,12787,,True
public_0109,buying,3,Imported,details,False,"[""features""]",1,not_retrieved,not_retrieved,,True
public_0109,buying,3,Imported,description,False,"[""features""]",1,not_retrieved,not_retrieved,,True
public_0109,buying,3,Imported,categories,False,"[""features""]",1,86,86,0,True
public_0109,buying,3,Imported,store,False,"[""features""]",1,not_retrieved,not_retrieved,,True
public_0109,buying,3,Imported,price,False,"[""features""]",1,not_retrieved,not_retrieved,,True
public_0109,buying,4,No Closure closure,title,False,"[""features""]",1,not_retrieved,not_retrieved,,True
public_0109,buying,4,No Closure closure,features,True,"[""features""]",1,not_retrieved,1492,,True
public_0109,buying,4,No Closure closure,details,False,"[""features""]",1,not_retrieved,not_retrieved,,True
public_0109,buying,4,No Closure closure,description,False,"[""features""]",1,not_retrieved,not_retrieved,,True
public_0109,buying,4,No Closure closure,categories,False,"[""features""]",1,86,131,-45,True
public_0109,buying,4,No Closure closure,store,False,"[""features""]",1,not_retrieved,not_retrieved,,True
public_0109,buying,4,No Closure closure,price,False,"[""features""]",1,not_retrieved,not_retrieved,,True
public_0110,browsing,1,wool,title,True,"[""title"", ""features"", ""description""]",3,401,20,381,True
public_0110,browsing,1,wool,features,True,"[""title"", ""features"", ""description""]",3,28,3,25,True
public_0110,browsing,1,wool,details,False,"[""title"", ""features"", ""description""]",3,not_retrieved,not_retrieved,,True
public_0110,browsing,1,wool,description,True,"[""title"", ""features"", ""description""]",3,368,12,356,True
public_0110,browsing,1,wool,categories,False,"[""title"", ""features"", ""description""]",3,273,273,0,True
public_0110,browsing,1,wool,store,False,"[""title"", ""features"", ""description""]",3,not_retrieved,not_retrieved,,True
public_0110,browsing,1,wool,price,False,"[""title"", ""features"", ""description""]",3,not_retrieved,not_retrieved,,True
public_0110,browsing,2,"35% wool, 29% cotton, 36% polyester",title,False,"[""features""]",1,401,61,340,True
public_0110,browsing,2,"35% wool, 29% cotton, 36% polyester",features,True,"[""features""]",1,28,2,26,True
public_0110,browsing,2,"35% wool, 29% cotton, 36% polyester",details,False,"[""features""]",1,not_retrieved,not_retrieved,,True
public_0110,browsing,2,"35% wool, 29% cotton, 36% polyester",description,False,"[""features""]",1,368,1,367,True
public_0110,browsing,2,"35% wool, 29% cotton, 36% polyester",categories,False,"[""features""]",1,273,274,-1,True
public_0110,browsing,2,"35% wool, 29% cotton, 36% polyester",store,False,"[""features""]",1,not_retrieved,not_retrieved,,True
public_0110,browsing,2,"35% wool, 29% cotton, 36% polyester",price,False,"[""features""]",1,not_retrieved,not_retrieved,,True
public_0110,browsing,3,"Machine Wash,Hand Wash",title,False,"[""features""]",1,401,537,-136,True
public_0110,browsing,3,"Machine Wash,Hand Wash",features,True,"[""features""]",1,28,27,1,True
public_0110,browsing,3,"Machine Wash,Hand Wash",details,False,"[""features""]",1,not_retrieved,not_retrieved,,True
public_0110,browsing,3,"Machine Wash,Hand Wash",description,False,"[""features""]",1,368,25,343,True
public_0110,browsing,3,"Machine Wash,Hand Wash",categories,False,"[""features""]",1,273,273,0,True
public_0110,browsing,3,"Machine Wash,Hand Wash",store,False,"[""features""]",1,not_retrieved,not_retrieved,,True
public_0110,browsing,3,"Machine Wash,Hand Wash",price,False,"[""features""]",1,not_retrieved,not_retrieved,,True
public_0110,browsing,4,"Material: Womens winter warm socks made of 35% wool, 29% cotton, 36% polyester. These cabin socks are super soft, breathable and wearable. Elegant, classic wool socks hosiery, colo",title,False,"[""features""]",1,401,22,379,True
public_0110,browsing,4,"Material: Womens winter warm socks made of 35% wool, 29% cotton, 36% polyester. These cabin socks are super soft, breathable and wearable. Elegant, classic wool socks hosiery, colo",features,True,"[""features""]",1,28,1,27,True
public_0110,browsing,4,"Material: Womens winter warm socks made of 35% wool, 29% cotton, 36% polyester. These cabin socks are super soft, breathable and wearable. Elegant, classic wool socks hosiery, colo",details,False,"[""features""]",1,not_retrieved,not_retrieved,,True
public_0110,browsing,4,"Material: Womens winter warm socks made of 35% wool, 29% cotton, 36% polyester. These cabin socks are super soft, breathable and wearable. Elegant, classic wool socks hosiery, colo",description,False,"[""features""]",1,368,3,365,True
public_0110,browsing,4,"Material: Womens winter warm socks made of 35% wool, 29% cotton, 36% polyester. These cabin socks are super soft, breathable and wearable. Elegant, classic wool socks hosiery, colo",categories,False,"[""features""]",1,273,510,-237,True
public_0110,browsing,4,"Material: Womens winter warm socks made of 35% wool, 29% cotton, 36% polyester. These cabin socks are super soft, breathable and wearable. Elegant, classic wool socks hosiery, colo",store,False,"[""features""]",1,not_retrieved,not_retrieved,,True
public_0110,browsing,4,"Material: Womens winter warm socks made of 35% wool, 29% cotton, 36% polyester. These cabin socks are super soft, breathable and wearable. Elegant, classic wool socks hosiery, colo",price,False,"[""features""]",1,not_retrieved,not_retrieved,,True
public_0111,buying,1,polyester,title,False,"[""features""]",1,not_retrieved,not_retrieved,,True
public_0111,buying,1,polyester,features,True,"[""features""]",1,188,157,31,True
public_0111,buying,1,polyester,details,False,"[""features""]",1,not_retrieved,not_retrieved,,True
public_0111,buying,1,polyester,description,False,"[""features""]",1,not_retrieved,not_retrieved,,True
public_0111,buying,1,polyester,categories,False,"[""features""]",1,131,131,0,True
public_0111,buying,1,polyester,store,False,"[""features""]",1,not_retrieved,not_retrieved,,True
public_0111,buying,1,polyester,price,False,"[""features""]",1,not_retrieved,not_retrieved,,True
public_0111,buying,2,"60% Polyester, 35% Cotton, 5% Spandex",title,False,"[""features""]",1,not_retrieved,not_retrieved,,True
public_0111,buying,2,"60% Polyester, 35% Cotton, 5% Spandex",features,True,"[""features""]",1,188,225,-37,True
public_0111,buying,2,"60% Polyester, 35% Cotton, 5% Spandex",details,False,"[""features""]",1,not_retrieved,not_retrieved,,True
public_0111,buying,2,"60% Polyester, 35% Cotton, 5% Spandex",description,False,"[""features""]",1,not_retrieved,not_retrieved,,True
public_0111,buying,2,"60% Polyester, 35% Cotton, 5% Spandex",categories,False,"[""features""]",1,131,132,-1,True
public_0111,buying,2,"60% Polyester, 35% Cotton, 5% Spandex",store,False,"[""features""]",1,not_retrieved,not_retrieved,,True
public_0111,buying,2,"60% Polyester, 35% Cotton, 5% Spandex",price,False,"[""features""]",1,not_retrieved,not_retrieved,,True
public_0111,buying,3,Imported,title,False,"[""features""]",1,not_retrieved,not_retrieved,,True
public_0111,buying,3,Imported,features,True,"[""features""]",1,188,171,17,True
public_0111,buying,3,Imported,details,False,"[""features""]",1,not_retrieved,not_retrieved,,True
public_0111,buying,3,Imported,description,False,"[""features""]",1,not_retrieved,not_retrieved,,True
public_0111,buying,3,Imported,categories,False,"[""features""]",1,131,131,0,True
public_0111,buying,3,Imported,store,False,"[""features""]",1,not_retrieved,not_retrieved,,True
public_0111,buying,3,Imported,price,False,"[""features""]",1,not_retrieved,not_retrieved,,True
public_0111,buying,4,Pull On closure,title,False,"[""features""]",1,not_retrieved,not_retrieved,,True
public_0111,buying,4,Pull On closure,features,True,"[""features""]",1,188,2223,-2035,True
public_0111,buying,4,Pull On closure,details,False,"[""features""]",1,not_retrieved,not_retrieved,,True
public_0111,buying,4,Pull On closure,description,False,"[""features""]",1,not_retrieved,not_retrieved,,True
public_0111,buying,4,Pull On closure,categories,False,"[""features""]",1,131,131,0,True
public_0111,buying,4,Pull On closure,store,False,"[""features""]",1,not_retrieved,not_retrieved,,True
public_0111,buying,4,Pull On closure,price,False,"[""features""]",1,not_retrieved,not_retrieved,,True
public_0112,boundary,1,leather,title,False,"[""features""]",1,444,542,-98,True
public_0112,boundary,1,leather,features,True,"[""features""]",1,349,89,260,True
public_0112,boundary,1,leather,details,False,"[""features""]",1,not_retrieved,not_retrieved,,True
public_0112,boundary,1,leather,description,False,"[""features""]",1,not_retrieved,not_retrieved,,True
public_0112,boundary,1,leather,categories,False,"[""features""]",1,217,217,0,True
public_0112,boundary,1,leather,store,False,"[""features""]",1,not_retrieved,not_retrieved,,True
public_0112,boundary,1,leather,price,False,"[""features""]",1,not_retrieved,not_retrieved,,True
public_0112,boundary,2,Leather sole,title,False,"[""features""]",1,444,688,-244,True
public_0112,boundary,2,Leather sole,features,True,"[""features""]",1,349,87,262,True
public_0112,boundary,2,Leather sole,details,False,"[""features""]",1,not_retrieved,not_retrieved,,True
public_0112,boundary,2,Leather sole,description,False,"[""features""]",1,not_retrieved,not_retrieved,,True
public_0112,boundary,2,Leather sole,categories,False,"[""features""]",1,217,217,0,True
public_0112,boundary,2,Leather sole,store,False,"[""features""]",1,not_retrieved,not_retrieved,,True
public_0112,boundary,2,Leather sole,price,False,"[""features""]",1,not_retrieved,not_retrieved,,True
public_0112,boundary,3,"A Lightweight Sneaker, Which Is Suitable For Running, Sports, Hiking, Walking, Tourism And Climbing",title,False,"[""features""]",1,444,663,-219,True
public_0112,boundary,3,"A Lightweight Sneaker, Which Is Suitable For Running, Sports, Hiking, Walking, Tourism And Climbing",features,True,"[""features""]",1,349,1,348,True
public_0112,boundary,3,"A Lightweight Sneaker, Which Is Suitable For Running, Sports, Hiking, Walking, Tourism And Climbing",details,False,"[""features""]",1,not_retrieved,not_retrieved,,True
public_0112,boundary,3,"A Lightweight Sneaker, Which Is Suitable For Running, Sports, Hiking, Walking, Tourism And Climbing",description,False,"[""features""]",1,not_retrieved,not_retrieved,,True
public_0112,boundary,3,"A Lightweight Sneaker, Which Is Suitable For Running, Sports, Hiking, Walking, Tourism And Climbing",categories,False,"[""features""]",1,217,237,-20,True
public_0112,boundary,3,"A Lightweight Sneaker, Which Is Suitable For Running, Sports, Hiking, Walking, Tourism And Climbing",store,False,"[""features""]",1,not_retrieved,not_retrieved,,True
public_0112,boundary,3,"A Lightweight Sneaker, Which Is Suitable For Running, Sports, Hiking, Walking, Tourism And Climbing",price,False,"[""features""]",1,not_retrieved,not_retrieved,,True
public_0112,boundary,4,Slip-on For Easy On And Off,title,False,"[""features""]",1,444,94,350,True
public_0112,boundary,4,Slip-on For Easy On And Off,features,True,"[""features""]",1,349,6,343,True
public_0112,boundary,4,Slip-on For Easy On And Off,details,False,"[""features""]",1,not_retrieved,not_retrieved,,True
public_0112,boundary,4,Slip-on For Easy On And Off,description,False,"[""features""]",1,not_retrieved,not_retrieved,,True
public_0112,boundary,4,Slip-on For Easy On And Off,categories,False,"[""features""]",1,217,241,-24,True
public_0112,boundary,4,Slip-on For Easy On And Off,store,False,"[""features""]",1,not_retrieved,not_retrieved,,True
public_0112,boundary,4,Slip-on For Easy On And Off,price,False,"[""features""]",1,not_retrieved,not_retrieved,,True
public_0113,browsing,1,Sherpa Fleece,title,False,"[""features""]",1,not_retrieved,not_retrieved,,True
public_0113,browsing,1,Sherpa Fleece,features,True,"[""features""]",1,875,37,838,True
public_0113,browsing,1,Sherpa Fleece,details,False,"[""features""]",1,not_retrieved,not_retrieved,,True
public_0113,browsing,1,Sherpa Fleece,description,False,"[""features""]",1,not_retrieved,not_retrieved,,True
public_0113,browsing,1,Sherpa Fleece,categories,False,"[""features""]",1,357,468,-111,True
public_0113,browsing,1,Sherpa Fleece,store,False,"[""features""]",1,not_retrieved,not_retrieved,,True
public_0113,browsing,1,Sherpa Fleece,price,False,"[""features""]",1,not_retrieved,not_retrieved,,True
public_0113,browsing,2,Rubber sole,title,False,"[""features""]",1,not_retrieved,not_retrieved,,True
public_0113,browsing,2,Rubber sole,features,True,"[""features""]",1,875,706,169,True
public_0113,browsing,2,Rubber sole,details,False,"[""features""]",1,not_retrieved,not_retrieved,,True
public_0113,browsing,2,Rubber sole,description,False,"[""features""]",1,not_retrieved,not_retrieved,,True
public_0113,browsing,2,Rubber sole,categories,False,"[""features""]",1,357,357,0,True
public_0113,browsing,2,Rubber sole,store,False,"[""features""]",1,not_retrieved,not_retrieved,,True
public_0113,browsing,2,Rubber sole,price,False,"[""features""]",1,not_retrieved,not_retrieved,,True
public_0113,browsing,3,"CLOSED HEEL - These slippers hug your feet entirely so they won't fly off when walking, especially on stairs. Made of soft uppers, you can also step over the back and wear them as",title,False,"[""features""]",1,not_retrieved,not_retrieved,,True
public_0113,browsing,3,"CLOSED HEEL - These slippers hug your feet entirely so they won't fly off when walking, especially on stairs. Made of soft uppers, you can also step over the back and wear them as",features,True,"[""features""]",1,875,1,874,True
public_0113,browsing,3,"CLOSED HEEL - These slippers hug your feet entirely so they won't fly off when walking, especially on stairs. Made of soft uppers, you can also step over the back and wear them as",details,False,"[""features""]",1,not_retrieved,not_retrieved,,True
public_0113,browsing,3,"CLOSED HEEL - These slippers hug your feet entirely so they won't fly off when walking, especially on stairs. Made of soft uppers, you can also step over the back and wear them as",description,False,"[""features""]",1,not_retrieved,not_retrieved,,True
public_0113,browsing,3,"CLOSED HEEL - These slippers hug your feet entirely so they won't fly off when walking, especially on stairs. Made of soft uppers, you can also step over the back and wear them as",categories,False,"[""features""]",1,357,829,-472,True
public_0113,browsing,3,"CLOSED HEEL - These slippers hug your feet entirely so they won't fly off when walking, especially on stairs. Made of soft uppers, you can also step over the back and wear them as",store,False,"[""features""]",1,not_retrieved,not_retrieved,,True
public_0113,browsing,3,"CLOSED HEEL - These slippers hug your feet entirely so they won't fly off when walking, especially on stairs. Made of soft uppers, you can also step over the back and wear them as",price,False,"[""features""]",1,not_retrieved,not_retrieved,,True
public_0113,browsing,4,"TOASTY WARM - Covered in plush sherpa fleece from inside to outside, this slipper will wrap your feet in a cocoon of warmth so they'll never feel cold",title,False,"[""features""]",1,not_retrieved,1312,,True
public_0113,browsing,4,"TOASTY WARM - Covered in plush sherpa fleece from inside to outside, this slipper will wrap your feet in a cocoon of warmth so they'll never feel cold",features,True,"[""features""]",1,875,1,874,True
public_0113,browsing,4,"TOASTY WARM - Covered in plush sherpa fleece from inside to outside, this slipper will wrap your feet in a cocoon of warmth so they'll never feel cold",details,False,"[""features""]",1,not_retrieved,not_retrieved,,True
public_0113,browsing,4,"TOASTY WARM - Covered in plush sherpa fleece from inside to outside, this slipper will wrap your feet in a cocoon of warmth so they'll never feel cold",description,False,"[""features""]",1,not_retrieved,not_retrieved,,True
public_0113,browsing,4,"TOASTY WARM - Covered in plush sherpa fleece from inside to outside, this slipper will wrap your feet in a cocoon of warmth so they'll never feel cold",categories,False,"[""features""]",1,357,611,-254,True
public_0113,browsing,4,"TOASTY WARM - Covered in plush sherpa fleece from inside to outside, this slipper will wrap your feet in a cocoon of warmth so they'll never feel cold",store,False,"[""features""]",1,not_retrieved,not_retrieved,,True
public_0113,browsing,4,"TOASTY WARM - Covered in plush sherpa fleece from inside to outside, this slipper will wrap your feet in a cocoon of warmth so they'll never feel cold",price,False,"[""features""]",1,not_retrieved,not_retrieved,,True
public_0114,buying,1,Rubber sole,title,False,"[""features""]",1,701,938,-237,True
public_0114,buying,1,Rubber sole,features,True,"[""features""]",1,141,84,57,True
public_0114,buying,1,Rubber sole,details,False,"[""features""]",1,not_retrieved,not_retrieved,,True
public_0114,buying,1,Rubber sole,description,False,"[""features""]",1,not_retrieved,not_retrieved,,True
public_0114,buying,1,Rubber sole,categories,False,"[""features""]",1,711,711,0,True
public_0114,buying,1,Rubber sole,store,False,"[""features""]",1,not_retrieved,not_retrieved,,True
public_0114,buying,1,Rubber sole,price,False,"[""features""]",1,not_retrieved,not_retrieved,,True
public_0114,buying,2,Great go-to shoes with multicolor choice and steady design suitable for all age,title,False,"[""features""]",1,701,1978,-1277,True
public_0114,buying,2,Great go-to shoes with multicolor choice and steady design suitable for all age,features,True,"[""features""]",1,141,1,140,True
public_0114,buying,2,Great go-to shoes with multicolor choice and steady design suitable for all age,details,False,"[""features""]",1,not_retrieved,not_retrieved,,True
public_0114,buying,2,Great go-to shoes with multicolor choice and steady design suitable for all age,description,False,"[""features""]",1,not_retrieved,not_retrieved,,True
public_0114,buying,2,Great go-to shoes with multicolor choice and steady design suitable for all age,categories,False,"[""features""]",1,711,752,-41,True
public_0114,buying,2,Great go-to shoes with multicolor choice and steady design suitable for all age,store,False,"[""features""]",1,not_retrieved,not_retrieved,,True
public_0114,buying,2,Great go-to shoes with multicolor choice and steady design suitable for all age,price,False,"[""features""]",1,not_retrieved,not_retrieved,,True
public_0114,buying,3,"Take a natural step forward with a clean look, for sure go with your daily t-shirt and jeans, jackets,casual midi dress,any outfit you have",title,False,"[""features""]",1,701,3972,-3271,True
public_0114,buying,3,"Take a natural step forward with a clean look, for sure go with your daily t-shirt and jeans, jackets,casual midi dress,any outfit you have",features,True,"[""features""]",1,141,1,140,True
public_0114,buying,3,"Take a natural step forward with a clean look, for sure go with your daily t-shirt and jeans, jackets,casual midi dress,any outfit you have",details,False,"[""features""]",1,not_retrieved,not_retrieved,,True
public_0114,buying,3,"Take a natural step forward with a clean look, for sure go with your daily t-shirt and jeans, jackets,casual midi dress,any outfit you have",description,False,"[""features""]",1,not_retrieved,not_retrieved,,True
public_0114,buying,3,"Take a natural step forward with a clean look, for sure go with your daily t-shirt and jeans, jackets,casual midi dress,any outfit you have",categories,False,"[""features""]",1,711,873,-162,True
public_0114,buying,3,"Take a natural step forward with a clean look, for sure go with your daily t-shirt and jeans, jackets,casual midi dress,any outfit you have",store,False,"[""features""]",1,not_retrieved,not_retrieved,,True
public_0114,buying,3,"Take a natural step forward with a clean look, for sure go with your daily t-shirt and jeans, jackets,casual midi dress,any outfit you have",price,False,"[""features""]",1,not_retrieved,not_retrieved,,True
public_0114,buying,4,"Anti slip and durable rubber sole and cushioned insole keeps your balance at all time so you can enjoy any type of activity,walking,playing",title,False,"[""features""]",1,701,2500,-1799,True
public_0114,buying,4,"Anti slip and durable rubber sole and cushioned insole keeps your balance at all time so you can enjoy any type of activity,walking,playing",features,True,"[""features""]",1,141,1,140,True
public_0114,buying,4,"Anti slip and durable rubber sole and cushioned insole keeps your balance at all time so you can enjoy any type of activity,walking,playing",details,False,"[""features""]",1,not_retrieved,not_retrieved,,True
public_0114,buying,4,"Anti slip and durable rubber sole and cushioned insole keeps your balance at all time so you can enjoy any type of activity,walking,playing",description,False,"[""features""]",1,not_retrieved,not_retrieved,,True
public_0114,buying,4,"Anti slip and durable rubber sole and cushioned insole keeps your balance at all time so you can enjoy any type of activity,walking,playing",categories,False,"[""features""]",1,711,776,-65,True
public_0114,buying,4,"Anti slip and durable rubber sole and cushioned insole keeps your balance at all time so you can enjoy any type of activity,walking,playing",store,False,"[""features""]",1,not_retrieved,not_retrieved,,True
public_0114,buying,4,"Anti slip and durable rubber sole and cushioned insole keeps your balance at all time so you can enjoy any type of activity,walking,playing",price,False,"[""features""]",1,not_retrieved,not_retrieved,,True
public_0115,browsing,1,rayon,title,False,"[""features""]",1,not_retrieved,not_retrieved,,True
public_0115,browsing,1,rayon,features,True,"[""features""]",1,570,300,270,True
public_0115,browsing,1,rayon,details,False,"[""features""]",1,not_retrieved,not_retrieved,,True
public_0115,browsing,1,rayon,description,False,"[""features""]",1,not_retrieved,not_retrieved,,True
public_0115,browsing,1,rayon,categories,False,"[""features""]",1,143,143,0,True
public_0115,browsing,1,rayon,store,False,"[""features""]",1,not_retrieved,not_retrieved,,True
public_0115,browsing,1,rayon,price,False,"[""features""]",1,not_retrieved,not_retrieved,,True
public_0115,browsing,2,"95% Rayon, 5% Spandex",title,False,"[""features""]",1,not_retrieved,not_retrieved,,True
public_0115,browsing,2,"95% Rayon, 5% Spandex",features,True,"[""features""]",1,570,174,396,True
public_0115,browsing,2,"95% Rayon, 5% Spandex",details,False,"[""features""]",1,not_retrieved,not_retrieved,,True
public_0115,browsing,2,"95% Rayon, 5% Spandex",description,False,"[""features""]",1,not_retrieved,not_retrieved,,True
public_0115,browsing,2,"95% Rayon, 5% Spandex",categories,False,"[""features""]",1,143,143,0,True
public_0115,browsing,2,"95% Rayon, 5% Spandex",store,False,"[""features""]",1,not_retrieved,not_retrieved,,True
public_0115,browsing,2,"95% Rayon, 5% Spandex",price,False,"[""features""]",1,not_retrieved,not_retrieved,,True
public_0115,browsing,3,Imported,title,False,"[""features""]",1,not_retrieved,not_retrieved,,True
public_0115,browsing,3,Imported,features,True,"[""features""]",1,570,495,75,True
public_0115,browsing,3,Imported,details,False,"[""features""]",1,not_retrieved,not_retrieved,,True
public_0115,browsing,3,Imported,description,False,"[""features""]",1,not_retrieved,not_retrieved,,True
public_0115,browsing,3,Imported,categories,False,"[""features""]",1,143,143,0,True
public_0115,browsing,3,Imported,store,False,"[""features""]",1,not_retrieved,not_retrieved,,True
public_0115,browsing,3,Imported,price,False,"[""features""]",1,not_retrieved,not_retrieved,,True
public_0115,browsing,4,Machine Wash,title,False,"[""features""]",1,not_retrieved,not_retrieved,,True
public_0115,browsing,4,Machine Wash,features,True,"[""features""]",1,570,2411,-1841,True
public_0115,browsing,4,Machine Wash,details,False,"[""features""]",1,not_retrieved,not_retrieved,,True
public_0115,browsing,4,Machine Wash,description,False,"[""features""]",1,not_retrieved,not_retrieved,,True
public_0115,browsing,4,Machine Wash,categories,False,"[""features""]",1,143,143,0,True
public_0115,browsing,4,Machine Wash,store,False,"[""features""]",1,not_retrieved,not_retrieved,,True
public_0115,browsing,4,Machine Wash,price,False,"[""features""]",1,not_retrieved,not_retrieved,,True
public_0116,buying,1,100% Canvas,title,False,"[""features""]",1,not_retrieved,not_retrieved,,True
public_0116,buying,1,100% Canvas,features,True,"[""features""]",1,not_retrieved,213,,True
public_0116,buying,1,100% Canvas,details,False,"[""features""]",1,not_retrieved,not_retrieved,,True
public_0116,buying,1,100% Canvas,description,False,"[""features""]",1,333,44,289,True
public_0116,buying,1,100% Canvas,categories,False,"[""features""]",1,789,797,-8,True
public_0116,buying,1,100% Canvas,store,False,"[""features""]",1,not_retrieved,not_retrieved,,True
public_0116,buying,1,100% Canvas,price,False,"[""features""]",1,not_retrieved,not_retrieved,,True
public_0116,buying,2,Rubber sole,title,False,"[""features""]",1,not_retrieved,not_retrieved,,True
public_0116,buying,2,Rubber sole,features,True,"[""features""]",1,not_retrieved,4131,,True
public_0116,buying,2,Rubber sole,details,False,"[""features""]",1,not_retrieved,not_retrieved,,True
public_0116,buying,2,Rubber sole,description,False,"[""features""]",1,333,104,229,True
public_0116,buying,2,Rubber sole,categories,False,"[""features""]",1,789,789,0,True
public_0116,buying,2,Rubber sole,store,False,"[""features""]",1,not_retrieved,not_retrieved,,True
public_0116,buying,2,Rubber sole,price,False,"[""features""]",1,not_retrieved,not_retrieved,,True
public_0116,buying,3,Cushioned Insole for added comfort,title,False,"[""features""]",1,not_retrieved,not_retrieved,,True
public_0116,buying,3,Cushioned Insole for added comfort,features,True,"[""features""]",1,not_retrieved,6,,True
public_0116,buying,3,Cushioned Insole for added comfort,details,False,"[""features""]",1,not_retrieved,not_retrieved,,True
public_0116,buying,3,Cushioned Insole for added comfort,description,False,"[""features""]",1,333,284,49,True
public_0116,buying,3,Cushioned Insole for added comfort,categories,False,"[""features""]",1,789,811,-22,True
public_0116,buying,3,Cushioned Insole for added comfort,store,False,"[""features""]",1,not_retrieved,not_retrieved,,True
public_0116,buying,3,Cushioned Insole for added comfort,price,False,"[""features""]",1,not_retrieved,not_retrieved,,True
public_0116,buying,4,Canvas Upper,title,False,"[""features"", ""description""]",2,not_retrieved,not_retrieved,,True
public_0116,buying,4,Canvas Upper,features,True,"[""features"", ""description""]",2,not_retrieved,142,,True
public_0116,buying,4,Canvas Upper,details,False,"[""features"", ""description""]",2,not_retrieved,not_retrieved,,True
public_0116,buying,4,Canvas Upper,description,True,"[""features"", ""description""]",2,333,10,323,True
public_0116,buying,4,Canvas Upper,categories,False,"[""features"", ""description""]",2,789,789,0,True
public_0116,buying,4,Canvas Upper,store,False,"[""features"", ""description""]",2,not_retrieved,not_retrieved,,True
public_0116,buying,4,Canvas Upper,price,False,"[""features"", ""description""]",2,not_retrieved,not_retrieved,,True
public_0117,buying,1,Synthetic Rubber sole,title,False,"[""features""]",1,340,626,-286,True
public_0117,buying,1,Synthetic Rubber sole,features,True,"[""features""]",1,not_retrieved,3114,,True
public_0117,buying,1,Synthetic Rubber sole,details,False,"[""features""]",1,not_retrieved,not_retrieved,,True
public_0117,buying,1,Synthetic Rubber sole,description,False,"[""features""]",1,869,2297,-1428,True
public_0117,buying,1,Synthetic Rubber sole,categories,False,"[""features""]",1,224,224,0,True
public_0117,buying,1,Synthetic Rubber sole,store,False,"[""features""]",1,not_retrieved,not_retrieved,,True
public_0117,buying,1,Synthetic Rubber sole,price,False,"[""features""]",1,not_retrieved,not_retrieved,,True
public_0117,buying,2,"Mule-style slipper, adjustable strap with hook-and-loop closure, silvertone button detail",title,False,"[""features""]",1,340,17,323,True
public_0117,buying,2,"Mule-style slipper, adjustable strap with hook-and-loop closure, silvertone button detail",features,True,"[""features""]",1,not_retrieved,1,,True
public_0117,buying,2,"Mule-style slipper, adjustable strap with hook-and-loop closure, silvertone button detail",details,False,"[""features""]",1,not_retrieved,not_retrieved,,True
public_0117,buying,2,"Mule-style slipper, adjustable strap with hook-and-loop closure, silvertone button detail",description,False,"[""features""]",1,869,90,779,True
public_0117,buying,2,"Mule-style slipper, adjustable strap with hook-and-loop closure, silvertone button detail",categories,False,"[""features""]",1,224,298,-74,True
public_0117,buying,2,"Mule-style slipper, adjustable strap with hook-and-loop closure, silvertone button detail",store,False,"[""features""]",1,not_retrieved,not_retrieved,,True
public_0117,buying,2,"Mule-style slipper, adjustable strap with hook-and-loop closure, silvertone button detail",price,False,"[""features""]",1,not_retrieved,not_retrieved,,True
public_0117,buying,3,"Terrycloth-covered EVA midsole absorbs shock, helping reduce stress on feet, ankles, and knees",title,False,"[""features""]",1,340,959,-619,True
public_0117,buying,3,"Terrycloth-covered EVA midsole absorbs shock, helping reduce stress on feet, ankles, and knees",features,True,"[""features""]",1,not_retrieved,1,,True
public_0117,buying,3,"Terrycloth-covered EVA midsole absorbs shock, helping reduce stress on feet, ankles, and knees",details,False,"[""features""]",1,not_retrieved,not_retrieved,,True
public_0117,buying,3,"Terrycloth-covered EVA midsole absorbs shock, helping reduce stress on feet, ankles, and knees",description,False,"[""features""]",1,869,162,707,True
public_0117,buying,3,"Terrycloth-covered EVA midsole absorbs shock, helping reduce stress on feet, ankles, and knees",categories,False,"[""features""]",1,224,255,-31,True
public_0117,buying,3,"Terrycloth-covered EVA midsole absorbs shock, helping reduce stress on feet, ankles, and knees",store,False,"[""features""]",1,not_retrieved,not_retrieved,,True
public_0117,buying,3,"Terrycloth-covered EVA midsole absorbs shock, helping reduce stress on feet, ankles, and knees",price,False,"[""features""]",1,not_retrieved,not_retrieved,,True
public_0117,buying,4,"Podiatrist-designed, biomechanical orthotic footbed with Orthaheel technology and a deep heel cup helps stabilize, support, and realign feet back to their natural position while we",title,False,"[""features""]",1,340,29,311,True
public_0117,buying,4,"Podiatrist-designed, biomechanical orthotic footbed with Orthaheel technology and a deep heel cup helps stabilize, support, and realign feet back to their natural position while we",features,True,"[""features""]",1,not_retrieved,1,,True
public_0117,buying,4,"Podiatrist-designed, biomechanical orthotic footbed with Orthaheel technology and a deep heel cup helps stabilize, support, and realign feet back to their natural position while we",details,False,"[""features""]",1,not_retrieved,not_retrieved,,True
public_0117,buying,4,"Podiatrist-designed, biomechanical orthotic footbed with Orthaheel technology and a deep heel cup helps stabilize, support, and realign feet back to their natural position while we",description,False,"[""features""]",1,869,9,860,True
public_0117,buying,4,"Podiatrist-designed, biomechanical orthotic footbed with Orthaheel technology and a deep heel cup helps stabilize, support, and realign feet back to their natural position while we",categories,False,"[""features""]",1,224,287,-63,True
public_0117,buying,4,"Podiatrist-designed, biomechanical orthotic footbed with Orthaheel technology and a deep heel cup helps stabilize, support, and realign feet back to their natural position while we",store,False,"[""features""]",1,not_retrieved,not_retrieved,,True
public_0117,buying,4,"Podiatrist-designed, biomechanical orthotic footbed with Orthaheel technology and a deep heel cup helps stabilize, support, and realign feet back to their natural position while we",price,False,"[""features""]",1,not_retrieved,not_retrieved,,True
public_0118,buying,1,nylon,title,False,"[""features""]",1,not_retrieved,not_retrieved,,True
public_0118,buying,1,nylon,features,True,"[""features""]",1,not_retrieved,1609,,True
public_0118,buying,1,nylon,details,False,"[""features""]",1,not_retrieved,not_retrieved,,True
public_0118,buying,1,nylon,description,False,"[""features""]",1,not_retrieved,not_retrieved,,True
public_0118,buying,1,nylon,categories,False,"[""features""]",1,175,175,0,True
public_0118,buying,1,nylon,store,False,"[""features""]",1,not_retrieved,not_retrieved,,True
public_0118,buying,1,nylon,price,False,"[""features""]",1,not_retrieved,not_retrieved,,True
public_0118,buying,2,"Nylon,Spandex",title,False,"[""features""]",1,not_retrieved,not_retrieved,,True
public_0118,buying,2,"Nylon,Spandex",features,True,"[""features""]",1,not_retrieved,692,,True
public_0118,buying,2,"Nylon,Spandex",details,False,"[""features""]",1,not_retrieved,not_retrieved,,True
public_0118,buying,2,"Nylon,Spandex",description,False,"[""features""]",1,not_retrieved,not_retrieved,,True
public_0118,buying,2,"Nylon,Spandex",categories,False,"[""features""]",1,175,175,0,True
public_0118,buying,2,"Nylon,Spandex",store,False,"[""features""]",1,not_retrieved,not_retrieved,,True
public_0118,buying,2,"Nylon,Spandex",price,False,"[""features""]",1,not_retrieved,not_retrieved,,True
public_0118,buying,3,Imported,title,False,"[""features""]",1,not_retrieved,not_retrieved,,True
public_0118,buying,3,Imported,features,True,"[""features""]",1,not_retrieved,10186,,True
public_0118,buying,3,Imported,details,False,"[""features""]",1,not_retrieved,not_retrieved,,True
public_0118,buying,3,Imported,description,False,"[""features""]",1,not_retrieved,not_retrieved,,True
public_0118,buying,3,Imported,categories,False,"[""features""]",1,175,175,0,True
public_0118,buying,3,Imported,store,False,"[""features""]",1,not_retrieved,not_retrieved,,True
public_0118,buying,3,Imported,price,False,"[""features""]",1,not_retrieved,not_retrieved,,True
public_0118,buying,4,Straps closure,title,False,"[""features""]",1,not_retrieved,not_retrieved,,True
public_0118,buying,4,Straps closure,features,True,"[""features""]",1,not_retrieved,335,,True
public_0118,buying,4,Straps closure,details,False,"[""features""]",1,not_retrieved,not_retrieved,,True
public_0118,buying,4,Straps closure,description,False,"[""features""]",1,not_retrieved,not_retrieved,,True
public_0118,buying,4,Straps closure,categories,False,"[""features""]",1,175,175,0,True
public_0118,buying,4,Straps closure,store,False,"[""features""]",1,not_retrieved,not_retrieved,,True
public_0118,buying,4,Straps closure,price,False,"[""features""]",1,not_retrieved,not_retrieved,,True
public_0119,buying,1,"Pvc,Resin",title,False,"[""features""]",1,116,127,-11,True
public_0119,buying,1,"Pvc,Resin",features,True,"[""features""]",1,421,1,420,True
public_0119,buying,1,"Pvc,Resin",details,False,"[""features""]",1,not_retrieved,not_retrieved,,True
public_0119,buying,1,"Pvc,Resin",description,False,"[""features""]",1,571,676,-105,True
public_0119,buying,1,"Pvc,Resin",categories,False,"[""features""]",1,101,101,0,True
public_0119,buying,1,"Pvc,Resin",store,False,"[""features""]",1,not_retrieved,not_retrieved,,True
public_0119,buying,1,"Pvc,Resin",price,False,"[""features""]",1,not_retrieved,not_retrieved,,True
public_0119,buying,2,Imported,title,False,"[""features""]",1,116,118,-2,True
public_0119,buying,2,Imported,features,True,"[""features""]",1,421,336,85,True
public_0119,buying,2,Imported,details,False,"[""features""]",1,not_retrieved,not_retrieved,,True
public_0119,buying,2,Imported,description,False,"[""features""]",1,571,749,-178,True
public_0119,buying,2,Imported,categories,False,"[""features""]",1,101,101,0,True
public_0119,buying,2,Imported,store,False,"[""features""]",1,not_retrieved,not_retrieved,,True
public_0119,buying,2,Imported,price,False,"[""features""]",1,not_retrieved,not_retrieved,,True
public_0119,buying,3,"Material: High Quality PVC Material. Made from Natural resin, not plastic",title,False,"[""features""]",1,116,201,-85,True
public_0119,buying,3,"Material: High Quality PVC Material. Made from Natural resin, not plastic",features,True,"[""features""]",1,421,1,420,True
public_0119,buying,3,"Material: High Quality PVC Material. Made from Natural resin, not plastic",details,False,"[""features""]",1,not_retrieved,not_retrieved,,True
public_0119,buying,3,"Material: High Quality PVC Material. Made from Natural resin, not plastic",description,False,"[""features""]",1,571,5653,-5082,True
public_0119,buying,3,"Material: High Quality PVC Material. Made from Natural resin, not plastic",categories,False,"[""features""]",1,101,101,0,True
public_0119,buying,3,"Material: High Quality PVC Material. Made from Natural resin, not plastic",store,False,"[""features""]",1,not_retrieved,not_retrieved,,True
public_0119,buying,3,"Material: High Quality PVC Material. Made from Natural resin, not plastic",price,False,"[""features""]",1,not_retrieved,not_retrieved,,True
public_0119,buying,4,"Size: <1>Big handbag:26*15*18cm/10.2""*7""*5.9""(Length*Width*Height), handle height:4.3"" <2>Mini handbag :6.7’’(L) x 3.9’’(W) x4.7” (H), handle height :3.15”",title,False,"[""features""]",1,116,54,62,True
public_0119,buying,4,"Size: <1>Big handbag:26*15*18cm/10.2""*7""*5.9""(Length*Width*Height), handle height:4.3"" <2>Mini handbag :6.7’’(L) x 3.9’’(W) x4.7” (H), handle height :3.15”",features,True,"[""features""]",1,421,1,420,True
public_0119,buying,4,"Size: <1>Big handbag:26*15*18cm/10.2""*7""*5.9""(Length*Width*Height), handle height:4.3"" <2>Mini handbag :6.7’’(L) x 3.9’’(W) x4.7” (H), handle height :3.15”",details,False,"[""features""]",1,not_retrieved,14352,,True
public_0119,buying,4,"Size: <1>Big handbag:26*15*18cm/10.2""*7""*5.9""(Length*Width*Height), handle height:4.3"" <2>Mini handbag :6.7’’(L) x 3.9’’(W) x4.7” (H), handle height :3.15”",description,False,"[""features""]",1,571,1,570,True
public_0119,buying,4,"Size: <1>Big handbag:26*15*18cm/10.2""*7""*5.9""(Length*Width*Height), handle height:4.3"" <2>Mini handbag :6.7’’(L) x 3.9’’(W) x4.7” (H), handle height :3.15”",categories,False,"[""features""]",1,101,101,0,True
public_0119,buying,4,"Size: <1>Big handbag:26*15*18cm/10.2""*7""*5.9""(Length*Width*Height), handle height:4.3"" <2>Mini handbag :6.7’’(L) x 3.9’’(W) x4.7” (H), handle height :3.15”",store,False,"[""features""]",1,not_retrieved,not_retrieved,,True
public_0119,buying,4,"Size: <1>Big handbag:26*15*18cm/10.2""*7""*5.9""(Length*Width*Height), handle height:4.3"" <2>Mini handbag :6.7’’(L) x 3.9’’(W) x4.7” (H), handle height :3.15”",price,False,"[""features""]",1,not_retrieved,not_retrieved,,True
public_0120,browsing,1,leather,title,True,"[""title"", ""features"", ""details""]",3,21,14,7,True
public_0120,browsing,1,leather,features,True,"[""title"", ""features"", ""details""]",3,102,134,-32,True
public_0120,browsing,1,leather,details,True,"[""title"", ""features"", ""details""]",3,not_retrieved,451,,True
public_0120,browsing,1,leather,description,False,"[""title"", ""features"", ""details""]",3,not_retrieved,not_retrieved,,True
public_0120,browsing,1,leather,categories,False,"[""title"", ""features"", ""details""]",3,351,351,0,True
public_0120,browsing,1,leather,store,False,"[""title"", ""features"", ""details""]",3,not_retrieved,not_retrieved,,True
public_0120,browsing,1,leather,price,False,"[""title"", ""features"", ""details""]",3,not_retrieved,not_retrieved,,True
public_0120,browsing,2,color: red,title,False,[],0,21,25,-4,True
public_0120,browsing,2,color: red,features,False,[],0,102,183,-81,True
public_0120,browsing,2,color: red,details,False,[],0,not_retrieved,96,,True
public_0120,browsing,2,color: red,description,False,[],0,not_retrieved,not_retrieved,,True
public_0120,browsing,2,color: red,categories,False,[],0,351,351,0,True
public_0120,browsing,2,color: red,store,False,[],0,not_retrieved,not_retrieved,,True
public_0120,browsing,2,color: red,price,False,[],0,not_retrieved,not_retrieved,,True
public_0120,browsing,3,Leather lining,title,False,"[""features""]",1,21,14,7,True
public_0120,browsing,3,Leather lining,features,True,"[""features""]",1,102,139,-37,True
public_0120,browsing,3,Leather lining,details,False,"[""features""]",1,not_retrieved,472,,True
public_0120,browsing,3,Leather lining,description,False,"[""features""]",1,not_retrieved,not_retrieved,,True
public_0120,browsing,3,Leather lining,categories,False,"[""features""]",1,351,351,0,True
public_0120,browsing,3,Leather lining,store,False,"[""features""]",1,not_retrieved,not_retrieved,,True
public_0120,browsing,3,Leather lining,price,False,"[""features""]",1,not_retrieved,not_retrieved,,True
public_0120,browsing,4,Snap closure,title,False,"[""features""]",1,21,27,-6,True
public_0120,browsing,4,Snap closure,features,True,"[""features""]",1,102,52,50,True
public_0120,browsing,4,Snap closure,details,False,"[""features""]",1,not_retrieved,not_retrieved,,True
public_0120,browsing,4,Snap closure,description,False,"[""features""]",1,not_retrieved,not_retrieved,,True
public_0120,browsing,4,Snap closure,categories,False,"[""features""]",1,351,351,0,True
public_0120,browsing,4,Snap closure,store,False,"[""features""]",1,not_retrieved,not_retrieved,,True
public_0120,browsing,4,Snap closure,price,False,"[""features""]",1,not_retrieved,not_retrieved,,True
public_0121,browsing,1,nylon,title,False,"[""features""]",1,not_retrieved,not_retrieved,,True
public_0121,browsing,1,nylon,features,True,"[""features""]",1,not_retrieved,3516,,True
public_0121,browsing,1,nylon,details,False,"[""features""]",1,not_retrieved,not_retrieved,,True
public_0121,browsing,1,nylon,description,False,"[""features""]",1,not_retrieved,not_retrieved,,True
public_0121,browsing,1,nylon,categories,False,"[""features""]",1,197,197,0,True
public_0121,browsing,1,nylon,store,False,"[""features""]",1,not_retrieved,not_retrieved,,True
public_0121,browsing,1,nylon,price,False,"[""features""]",1,not_retrieved,not_retrieved,,True
public_0121,browsing,2,color: black,title,False,[],0,not_retrieved,not_retrieved,,True
public_0121,browsing,2,color: black,features,False,[],0,not_retrieved,1057,,True
public_0121,browsing,2,color: black,details,False,[],0,not_retrieved,not_retrieved,,True
public_0121,browsing,2,color: black,description,False,[],0,not_retrieved,not_retrieved,,True
public_0121,browsing,2,color: black,categories,False,[],0,197,202,-5,True
public_0121,browsing,2,color: black,store,False,[],0,not_retrieved,not_retrieved,,True
public_0121,browsing,2,color: black,price,False,[],0,not_retrieved,not_retrieved,,True
public_0121,browsing,3,"91.6%Nylon, 8.4%Spandex",title,False,"[""features""]",1,not_retrieved,not_retrieved,,True
public_0121,browsing,3,"91.6%Nylon, 8.4%Spandex",features,True,"[""features""]",1,not_retrieved,485,,True
public_0121,browsing,3,"91.6%Nylon, 8.4%Spandex",details,False,"[""features""]",1,not_retrieved,not_retrieved,,True
public_0121,browsing,3,"91.6%Nylon, 8.4%Spandex",description,False,"[""features""]",1,not_retrieved,not_retrieved,,True
public_0121,browsing,3,"91.6%Nylon, 8.4%Spandex",categories,False,"[""features""]",1,197,197,0,True
public_0121,browsing,3,"91.6%Nylon, 8.4%Spandex",store,False,"[""features""]",1,not_retrieved,not_retrieved,,True
public_0121,browsing,3,"91.6%Nylon, 8.4%Spandex",price,False,"[""features""]",1,not_retrieved,not_retrieved,,True
public_0121,browsing,4,"Classic color: package include 5 pieces lace bralettes for women in 3 classic colors, black, beige and white bralettes are available, you can free to match with different color clo",title,False,"[""features""]",1,not_retrieved,16,,True
public_0121,browsing,4,"Classic color: package include 5 pieces lace bralettes for women in 3 classic colors, black, beige and white bralettes are available, you can free to match with different color clo",features,True,"[""features""]",1,not_retrieved,1,,True
public_0121,browsing,4,"Classic color: package include 5 pieces lace bralettes for women in 3 classic colors, black, beige and white bralettes are available, you can free to match with different color clo",details,False,"[""features""]",1,not_retrieved,33637,,True
public_0121,browsing,4,"Classic color: package include 5 pieces lace bralettes for women in 3 classic colors, black, beige and white bralettes are available, you can free to match with different color clo",description,False,"[""features""]",1,not_retrieved,not_retrieved,,True
public_0121,browsing,4,"Classic color: package include 5 pieces lace bralettes for women in 3 classic colors, black, beige and white bralettes are available, you can free to match with different color clo",categories,False,"[""features""]",1,197,210,-13,True
public_0121,browsing,4,"Classic color: package include 5 pieces lace bralettes for women in 3 classic colors, black, beige and white bralettes are available, you can free to match with different color clo",store,False,"[""features""]",1,not_retrieved,not_retrieved,,True
public_0121,browsing,4,"Classic color: package include 5 pieces lace bralettes for women in 3 classic colors, black, beige and white bralettes are available, you can free to match with different color clo",price,False,"[""features""]",1,not_retrieved,not_retrieved,,True
public_0122,browsing,1,cotton,title,True,"[""title"", ""features""]",2,202,11,191,True
public_0122,browsing,1,cotton,features,True,"[""title"", ""features""]",2,1533,710,823,True
public_0122,browsing,1,cotton,details,False,"[""title"", ""features""]",2,not_retrieved,not_retrieved,,True
public_0122,browsing,1,cotton,description,False,"[""title"", ""features""]",2,510,1250,-740,True
public_0122,browsing,1,cotton,categories,False,"[""title"", ""features""]",2,75,103,-28,True
public_0122,browsing,1,cotton,store,False,"[""title"", ""features""]",2,17,23,-6,True
public_0122,browsing,1,cotton,price,False,"[""title"", ""features""]",2,not_retrieved,not_retrieved,,True
public_0122,browsing,2,"75% Cotton, 17% Polyester, 8% Spandex",title,False,"[""features""]",1,202,45,157,True
public_0122,browsing,2,"75% Cotton, 17% Polyester, 8% Spandex",features,True,"[""features""]",1,1533,3,1530,True
public_0122,browsing,2,"75% Cotton, 17% Polyester, 8% Spandex",details,False,"[""features""]",1,not_retrieved,not_retrieved,,True
public_0122,browsing,2,"75% Cotton, 17% Polyester, 8% Spandex",description,False,"[""features""]",1,510,2633,-2123,True
public_0122,browsing,2,"75% Cotton, 17% Polyester, 8% Spandex",categories,False,"[""features""]",1,75,106,-31,True
public_0122,browsing,2,"75% Cotton, 17% Polyester, 8% Spandex",store,False,"[""features""]",1,17,26,-9,True
public_0122,browsing,2,"75% Cotton, 17% Polyester, 8% Spandex",price,False,"[""features""]",1,not_retrieved,177,,True
public_0122,browsing,3,Imported,title,False,"[""features""]",1,202,205,-3,True
public_0122,browsing,3,Imported,features,True,"[""features""]",1,1533,1282,251,True
public_0122,browsing,3,Imported,details,False,"[""features""]",1,not_retrieved,not_retrieved,,True
public_0122,browsing,3,Imported,description,False,"[""features""]",1,510,793,-283,True
public_0122,browsing,3,Imported,categories,False,"[""features""]",1,75,75,0,True
public_0122,browsing,3,Imported,store,False,"[""features""]",1,17,17,0,True
public_0122,browsing,3,Imported,price,False,"[""features""]",1,not_retrieved,not_retrieved,,True
public_0122,browsing,4,Pull On closure,title,False,"[""features""]",1,202,1,201,True
public_0122,browsing,4,Pull On closure,features,True,"[""features""]",1,1533,578,955,True
public_0122,browsing,4,Pull On closure,details,False,"[""features""]",1,not_retrieved,not_retrieved,,True
public_0122,browsing,4,Pull On closure,description,False,"[""features""]",1,510,1944,-1434,True
public_0122,browsing,4,Pull On closure,categories,False,"[""features""]",1,75,85,-10,True
public_0122,browsing,4,Pull On closure,store,False,"[""features""]",1,17,30,-13,True
public_0122,browsing,4,Pull On closure,price,False,"[""features""]",1,not_retrieved,not_retrieved,,True
public_0123,intent_override,1,wool,title,True,"[""title"", ""features""]",2,not_retrieved,324,,True
public_0123,intent_override,1,wool,features,True,"[""title"", ""features""]",2,not_retrieved,481,,True
public_0123,intent_override,1,wool,details,False,"[""title"", ""features""]",2,not_retrieved,not_retrieved,,True
public_0123,intent_override,1,wool,description,False,"[""title"", ""features""]",2,not_retrieved,not_retrieved,,True
public_0123,intent_override,1,wool,categories,False,"[""title"", ""features""]",2,22,22,0,True
public_0123,intent_override,1,wool,store,False,"[""title"", ""features""]",2,not_retrieved,not_retrieved,,True
public_0123,intent_override,1,wool,price,False,"[""title"", ""features""]",2,not_retrieved,not_retrieved,,True
public_0123,intent_override,2,"65% Polyester, 35% Wool",title,False,"[""features""]",1,not_retrieved,423,,True
public_0123,intent_override,2,"65% Polyester, 35% Wool",features,True,"[""features""]",1,not_retrieved,5,,True
public_0123,intent_override,2,"65% Polyester, 35% Wool",details,False,"[""features""]",1,not_retrieved,not_retrieved,,True
public_0123,intent_override,2,"65% Polyester, 35% Wool",description,False,"[""features""]",1,not_retrieved,not_retrieved,,True
public_0123,intent_override,2,"65% Polyester, 35% Wool",categories,False,"[""features""]",1,22,22,0,True
public_0123,intent_override,2,"65% Polyester, 35% Wool",store,False,"[""features""]",1,not_retrieved,not_retrieved,,True
public_0123,intent_override,2,"65% Polyester, 35% Wool",price,False,"[""features""]",1,not_retrieved,not_retrieved,,True
public_0123,intent_override,3,Imported,title,False,"[""features""]",1,not_retrieved,not_retrieved,,True
public_0123,intent_override,3,Imported,features,True,"[""features""]",1,not_retrieved,12233,,True
public_0123,intent_override,3,Imported,details,False,"[""features""]",1,not_retrieved,not_retrieved,,True
public_0123,intent_override,3,Imported,description,False,"[""features""]",1,not_retrieved,not_retrieved,,True
public_0123,intent_override,3,Imported,categories,False,"[""features""]",1,22,22,0,True
public_0123,intent_override,3,Imported,store,False,"[""features""]",1,not_retrieved,not_retrieved,,True
public_0123,intent_override,3,Imported,price,False,"[""features""]",1,not_retrieved,not_retrieved,,True
public_0123,intent_override,4,Buckle closure,title,False,"[""features""]",1,not_retrieved,435,,True
public_0123,intent_override,4,Buckle closure,features,True,"[""features""]",1,not_retrieved,558,,True
public_0123,intent_override,4,Buckle closure,details,False,"[""features""]",1,not_retrieved,not_retrieved,,True
public_0123,intent_override,4,Buckle closure,description,False,"[""features""]",1,not_retrieved,not_retrieved,,True
public_0123,intent_override,4,Buckle closure,categories,False,"[""features""]",1,22,22,0,True
public_0123,intent_override,4,Buckle closure,store,False,"[""features""]",1,not_retrieved,not_retrieved,,True
public_0123,intent_override,4,Buckle closure,price,False,"[""features""]",1,not_retrieved,not_retrieved,,True
public_0124,buying,1,polyester,title,False,"[""features""]",1,not_retrieved,not_retrieved,,True
public_0124,buying,1,polyester,features,True,"[""features""]",1,not_retrieved,9750,,True
public_0124,buying,1,polyester,details,False,"[""features""]",1,not_retrieved,not_retrieved,,True
public_0124,buying,1,polyester,description,False,"[""features""]",1,257,612,-355,True
public_0124,buying,1,polyester,categories,False,"[""features""]",1,204,204,0,True
public_0124,buying,1,polyester,store,False,"[""features""]",1,not_retrieved,not_retrieved,,True
public_0124,buying,1,polyester,price,False,"[""features""]",1,not_retrieved,not_retrieved,,True
public_0124,buying,2,"52% Polyester, 32% Nylon, 10% EVA, 2% POM, 2% Cotton, 2% Metal",title,False,"[""features""]",1,not_retrieved,not_retrieved,,True
public_0124,buying,2,"52% Polyester, 32% Nylon, 10% EVA, 2% POM, 2% Cotton, 2% Metal",features,True,"[""features""]",1,not_retrieved,7,,True
public_0124,buying,2,"52% Polyester, 32% Nylon, 10% EVA, 2% POM, 2% Cotton, 2% Metal",details,False,"[""features""]",1,not_retrieved,not_retrieved,,True
public_0124,buying,2,"52% Polyester, 32% Nylon, 10% EVA, 2% POM, 2% Cotton, 2% Metal",description,False,"[""features""]",1,257,3012,-2755,True
public_0124,buying,2,"52% Polyester, 32% Nylon, 10% EVA, 2% POM, 2% Cotton, 2% Metal",categories,False,"[""features""]",1,204,204,0,True
public_0124,buying,2,"52% Polyester, 32% Nylon, 10% EVA, 2% POM, 2% Cotton, 2% Metal",store,False,"[""features""]",1,not_retrieved,not_retrieved,,True
public_0124,buying,2,"52% Polyester, 32% Nylon, 10% EVA, 2% POM, 2% Cotton, 2% Metal",price,False,"[""features""]",1,not_retrieved,not_retrieved,,True
public_0124,buying,3,Made in the USA,title,False,"[""features""]",1,not_retrieved,not_retrieved,,True
public_0124,buying,3,Made in the USA,features,True,"[""features""]",1,not_retrieved,2063,,True
public_0124,buying,3,Made in the USA,details,False,"[""features""]",1,not_retrieved,not_retrieved,,True
public_0124,buying,3,Made in the USA,description,False,"[""features""]",1,257,555,-298,True
public_0124,buying,3,Made in the USA,categories,False,"[""features""]",1,204,208,-4,True
public_0124,buying,3,Made in the USA,store,False,"[""features""]",1,not_retrieved,not_retrieved,,True
public_0124,buying,3,Made in the USA,price,False,"[""features""]",1,not_retrieved,not_retrieved,,True
public_0124,buying,4,Buckle closure,title,False,"[""features""]",1,not_retrieved,not_retrieved,,True
public_0124,buying,4,Buckle closure,features,True,"[""features""]",1,not_retrieved,1320,,True
public_0124,buying,4,Buckle closure,details,False,"[""features""]",1,not_retrieved,not_retrieved,,True
public_0124,buying,4,Buckle closure,description,False,"[""features""]",1,257,948,-691,True
public_0124,buying,4,Buckle closure,categories,False,"[""features""]",1,204,204,0,True
public_0124,buying,4,Buckle closure,store,False,"[""features""]",1,not_retrieved,not_retrieved,,True
public_0124,buying,4,Buckle closure,price,False,"[""features""]",1,not_retrieved,not_retrieved,,True
public_0125,intent_override,1,100% Acrylic,title,False,"[""features""]",1,41,46,-5,True
public_0125,intent_override,1,100% Acrylic,features,True,"[""features""]",1,72,34,38,True
public_0125,intent_override,1,100% Acrylic,details,False,"[""features""]",1,not_retrieved,not_retrieved,,True
public_0125,intent_override,1,100% Acrylic,description,False,"[""features""]",1,not_retrieved,not_retrieved,,True
public_0125,intent_override,1,100% Acrylic,categories,False,"[""features""]",1,361,361,0,True
public_0125,intent_override,1,100% Acrylic,store,False,"[""features""]",1,not_retrieved,not_retrieved,,True
public_0125,intent_override,1,100% Acrylic,price,False,"[""features""]",1,not_retrieved,not_retrieved,,True
public_0125,intent_override,2,Hook and Loop closure,title,False,"[""features""]",1,41,9,32,True
public_0125,intent_override,2,Hook and Loop closure,features,True,"[""features""]",1,72,18,54,True
public_0125,intent_override,2,Hook and Loop closure,details,False,"[""features""]",1,not_retrieved,not_retrieved,,True
public_0125,intent_override,2,Hook and Loop closure,description,False,"[""features""]",1,not_retrieved,not_retrieved,,True
public_0125,intent_override,2,Hook and Loop closure,categories,False,"[""features""]",1,361,361,0,True
public_0125,intent_override,2,Hook and Loop closure,store,False,"[""features""]",1,not_retrieved,not_retrieved,,True
public_0125,intent_override,2,Hook and Loop closure,price,False,"[""features""]",1,not_retrieved,not_retrieved,,True
public_0125,intent_override,3,PREMIUM QUALITY: Take your outfit to the next level with our 100% acrylic 6 panels mid-profile structured baseball hat that provides maximum comfort. Fits men and women!,title,False,"[""features""]",1,41,137,-96,True
public_0125,intent_override,3,PREMIUM QUALITY: Take your outfit to the next level with our 100% acrylic 6 panels mid-profile structured baseball hat that provides maximum comfort. Fits men and women!,features,True,"[""features""]",1,72,4,68,True
public_0125,intent_override,3,PREMIUM QUALITY: Take your outfit to the next level with our 100% acrylic 6 panels mid-profile structured baseball hat that provides maximum comfort. Fits men and women!,details,False,"[""features""]",1,not_retrieved,not_retrieved,,True
public_0125,intent_override,3,PREMIUM QUALITY: Take your outfit to the next level with our 100% acrylic 6 panels mid-profile structured baseball hat that provides maximum comfort. Fits men and women!,description,False,"[""features""]",1,not_retrieved,not_retrieved,,True
public_0125,intent_override,3,PREMIUM QUALITY: Take your outfit to the next level with our 100% acrylic 6 panels mid-profile structured baseball hat that provides maximum comfort. Fits men and women!,categories,False,"[""features""]",1,361,376,-15,True
public_0125,intent_override,3,PREMIUM QUALITY: Take your outfit to the next level with our 100% acrylic 6 panels mid-profile structured baseball hat that provides maximum comfort. Fits men and women!,store,False,"[""features""]",1,not_retrieved,not_retrieved,,True
public_0125,intent_override,3,PREMIUM QUALITY: Take your outfit to the next level with our 100% acrylic 6 panels mid-profile structured baseball hat that provides maximum comfort. Fits men and women!,price,False,"[""features""]",1,not_retrieved,not_retrieved,,True
public_0125,intent_override,4,HOOK & LOOP CLOSURE: Our hats for women and men feature a strap closure in the back letting you easily adjust the size for a perfect fit,title,False,"[""features""]",1,41,2,39,True
public_0125,intent_override,4,HOOK & LOOP CLOSURE: Our hats for women and men feature a strap closure in the back letting you easily adjust the size for a perfect fit,features,True,"[""features""]",1,72,5,67,True
public_0125,intent_override,4,HOOK & LOOP CLOSURE: Our hats for women and men feature a strap closure in the back letting you easily adjust the size for a perfect fit,details,False,"[""features""]",1,not_retrieved,not_retrieved,,True
public_0125,intent_override,4,HOOK & LOOP CLOSURE: Our hats for women and men feature a strap closure in the back letting you easily adjust the size for a perfect fit,description,False,"[""features""]",1,not_retrieved,not_retrieved,,True
public_0125,intent_override,4,HOOK & LOOP CLOSURE: Our hats for women and men feature a strap closure in the back letting you easily adjust the size for a perfect fit,categories,False,"[""features""]",1,361,378,-17,True
public_0125,intent_override,4,HOOK & LOOP CLOSURE: Our hats for women and men feature a strap closure in the back letting you easily adjust the size for a perfect fit,store,False,"[""features""]",1,not_retrieved,not_retrieved,,True
public_0125,intent_override,4,HOOK & LOOP CLOSURE: Our hats for women and men feature a strap closure in the back letting you easily adjust the size for a perfect fit,price,False,"[""features""]",1,not_retrieved,not_retrieved,,True
public_0126,browsing,1,polyester,title,False,"[""features""]",1,683,703,-20,True
public_0126,browsing,1,polyester,features,True,"[""features""]",1,260,238,22,True
public_0126,browsing,1,polyester,details,False,"[""features""]",1,not_retrieved,not_retrieved,,True
public_0126,browsing,1,polyester,description,False,"[""features""]",1,not_retrieved,not_retrieved,,True
public_0126,browsing,1,polyester,categories,False,"[""features""]",1,598,598,0,True
public_0126,browsing,1,polyester,store,False,"[""features""]",1,not_retrieved,not_retrieved,,True
public_0126,browsing,1,polyester,price,False,"[""features""]",1,not_retrieved,not_retrieved,,True
public_0126,browsing,2,"95% Polyester, 5% Spandex",title,False,"[""features""]",1,683,725,-42,True
public_0126,browsing,2,"95% Polyester, 5% Spandex",features,True,"[""features""]",1,260,130,130,True
public_0126,browsing,2,"95% Polyester, 5% Spandex",details,False,"[""features""]",1,not_retrieved,not_retrieved,,True
public_0126,browsing,2,"95% Polyester, 5% Spandex",description,False,"[""features""]",1,not_retrieved,not_retrieved,,True
public_0126,browsing,2,"95% Polyester, 5% Spandex",categories,False,"[""features""]",1,598,598,0,True
public_0126,browsing,2,"95% Polyester, 5% Spandex",store,False,"[""features""]",1,not_retrieved,not_retrieved,,True
public_0126,browsing,2,"95% Polyester, 5% Spandex",price,False,"[""features""]",1,not_retrieved,not_retrieved,,True
public_0126,browsing,3,Imported,title,False,"[""features""]",1,683,686,-3,True
public_0126,browsing,3,Imported,features,True,"[""features""]",1,260,242,18,True
public_0126,browsing,3,Imported,details,False,"[""features""]",1,not_retrieved,not_retrieved,,True
public_0126,browsing,3,Imported,description,False,"[""features""]",1,not_retrieved,not_retrieved,,True
public_0126,browsing,3,Imported,categories,False,"[""features""]",1,598,598,0,True
public_0126,browsing,3,Imported,store,False,"[""features""]",1,not_retrieved,not_retrieved,,True
public_0126,browsing,3,Imported,price,False,"[""features""]",1,not_retrieved,not_retrieved,,True
public_0126,browsing,4,Pull On closure,title,False,"[""features""]",1,683,804,-121,True
public_0126,browsing,4,Pull On closure,features,True,"[""features""]",1,260,221,39,True
public_0126,browsing,4,Pull On closure,details,False,"[""features""]",1,not_retrieved,not_retrieved,,True
public_0126,browsing,4,Pull On closure,description,False,"[""features""]",1,not_retrieved,not_retrieved,,True
public_0126,browsing,4,Pull On closure,categories,False,"[""features""]",1,598,598,0,True
public_0126,browsing,4,Pull On closure,store,False,"[""features""]",1,not_retrieved,not_retrieved,,True
public_0126,browsing,4,Pull On closure,price,False,"[""features""]",1,not_retrieved,not_retrieved,,True
public_0127,browsing,1,polyester,title,False,"[""features"", ""description""]",2,168,189,-21,True
public_0127,browsing,1,polyester,features,True,"[""features"", ""description""]",2,298,211,87,True
public_0127,browsing,1,polyester,details,False,"[""features"", ""description""]",2,10,12,-2,True
public_0127,browsing,1,polyester,description,True,"[""features"", ""description""]",2,338,145,193,True
public_0127,browsing,1,polyester,categories,False,"[""features"", ""description""]",2,106,106,0,True
public_0127,browsing,1,polyester,store,False,"[""features"", ""description""]",2,not_retrieved,not_retrieved,,True
public_0127,browsing,1,polyester,price,False,"[""features"", ""description""]",2,not_retrieved,not_retrieved,,True
public_0127,browsing,2,color: black,title,False,"[""details""]",1,168,207,-39,True
public_0127,browsing,2,color: black,features,False,"[""details""]",1,298,656,-358,True
public_0127,browsing,2,color: black,details,True,"[""details""]",1,10,8,2,True
public_0127,browsing,2,color: black,description,False,"[""details""]",1,338,656,-318,True
public_0127,browsing,2,color: black,categories,False,"[""details""]",1,106,106,0,True
public_0127,browsing,2,color: black,store,False,"[""details""]",1,not_retrieved,not_retrieved,,True
public_0127,browsing,2,color: black,price,False,"[""details""]",1,not_retrieved,not_retrieved,,True
public_0127,browsing,3,100% Polyester,title,False,"[""features"", ""description""]",2,168,193,-25,True
public_0127,browsing,3,100% Polyester,features,True,"[""features"", ""description""]",2,298,157,141,True
public_0127,browsing,3,100% Polyester,details,False,"[""features"", ""description""]",2,10,13,-3,True
public_0127,browsing,3,100% Polyester,description,True,"[""features"", ""description""]",2,338,55,283,True
public_0127,browsing,3,100% Polyester,categories,False,"[""features"", ""description""]",2,106,106,0,True
public_0127,browsing,3,100% Polyester,store,False,"[""features"", ""description""]",2,not_retrieved,not_retrieved,,True
public_0127,browsing,3,100% Polyester,price,False,"[""features"", ""description""]",2,not_retrieved,not_retrieved,,True
public_0127,browsing,4,Imported,title,False,"[""features""]",1,168,171,-3,True
public_0127,browsing,4,Imported,features,True,"[""features""]",1,298,218,80,True
public_0127,browsing,4,Imported,details,False,"[""features""]",1,10,10,0,True
public_0127,browsing,4,Imported,description,False,"[""features""]",1,338,457,-119,True
public_0127,browsing,4,Imported,categories,False,"[""features""]",1,106,106,0,True
public_0127,browsing,4,Imported,store,False,"[""features""]",1,not_retrieved,not_retrieved,,True
public_0127,browsing,4,Imported,price,False,"[""features""]",1,not_retrieved,not_retrieved,,True
public_0128,browsing,1,"✦18K GOLD VERMEIL✦ A premium offering of our best selling styles, our vermeil jewelry is made with a solid s925 sterling silver base and plated in 18K gold that is 10x thicker than",title,False,"[""features""]",1,171,158,13,True
public_0128,browsing,1,"✦18K GOLD VERMEIL✦ A premium offering of our best selling styles, our vermeil jewelry is made with a solid s925 sterling silver base and plated in 18K gold that is 10x thicker than",features,True,"[""features""]",1,951,1,950,True
public_0128,browsing,1,"✦18K GOLD VERMEIL✦ A premium offering of our best selling styles, our vermeil jewelry is made with a solid s925 sterling silver base and plated in 18K gold that is 10x thicker than",details,False,"[""features""]",1,not_retrieved,not_retrieved,,True
public_0128,browsing,1,"✦18K GOLD VERMEIL✦ A premium offering of our best selling styles, our vermeil jewelry is made with a solid s925 sterling silver base and plated in 18K gold that is 10x thicker than",description,False,"[""features""]",1,not_retrieved,not_retrieved,,True
public_0128,browsing,1,"✦18K GOLD VERMEIL✦ A premium offering of our best selling styles, our vermeil jewelry is made with a solid s925 sterling silver base and plated in 18K gold that is 10x thicker than",categories,False,"[""features""]",1,190,199,-9,True
public_0128,browsing,1,"✦18K GOLD VERMEIL✦ A premium offering of our best selling styles, our vermeil jewelry is made with a solid s925 sterling silver base and plated in 18K gold that is 10x thicker than",store,False,"[""features""]",1,not_retrieved,not_retrieved,,True
public_0128,browsing,1,"✦18K GOLD VERMEIL✦ A premium offering of our best selling styles, our vermeil jewelry is made with a solid s925 sterling silver base and plated in 18K gold that is 10x thicker than",price,False,"[""features""]",1,not_retrieved,not_retrieved,,True
public_0128,browsing,2,color: yellow,title,False,[],0,171,196,-25,True
public_0128,browsing,2,color: yellow,features,False,[],0,951,815,136,True
public_0128,browsing,2,color: yellow,details,False,[],0,not_retrieved,not_retrieved,,True
public_0128,browsing,2,color: yellow,description,False,[],0,not_retrieved,not_retrieved,,True
public_0128,browsing,2,color: yellow,categories,False,[],0,190,195,-5,True
public_0128,browsing,2,color: yellow,store,False,[],0,not_retrieved,not_retrieved,,True
public_0128,browsing,2,color: yellow,price,False,[],0,not_retrieved,not_retrieved,,True
public_0128,browsing,3,PAVOI 4.5mm Thick 40mm Diameter Yellow Gold Earrings for Women,title,False,"[""features""]",1,171,2,169,True
public_0128,browsing,3,PAVOI 4.5mm Thick 40mm Diameter Yellow Gold Earrings for Women,features,True,"[""features""]",1,951,1,950,True
public_0128,browsing,3,PAVOI 4.5mm Thick 40mm Diameter Yellow Gold Earrings for Women,details,False,"[""features""]",1,not_retrieved,7,,True
public_0128,browsing,3,PAVOI 4.5mm Thick 40mm Diameter Yellow Gold Earrings for Women,description,False,"[""features""]",1,not_retrieved,not_retrieved,,True
public_0128,browsing,3,PAVOI 4.5mm Thick 40mm Diameter Yellow Gold Earrings for Women,categories,False,"[""features""]",1,190,178,12,True
public_0128,browsing,3,PAVOI 4.5mm Thick 40mm Diameter Yellow Gold Earrings for Women,store,False,"[""features""]",1,not_retrieved,2,,True
public_0128,browsing,3,PAVOI 4.5mm Thick 40mm Diameter Yellow Gold Earrings for Women,price,False,"[""features""]",1,not_retrieved,not_retrieved,,True
public_0128,browsing,4,"✦ 60-DAY GUARANTEE ✦ Your happiness is our number one priority. To ensure your complete satisfaction, we offer a hassle-free 60-Day money-back guarantee. To get in touch, email or",title,False,"[""features""]",1,171,457,-286,True
public_0128,browsing,4,"✦ 60-DAY GUARANTEE ✦ Your happiness is our number one priority. To ensure your complete satisfaction, we offer a hassle-free 60-Day money-back guarantee. To get in touch, email or",features,True,"[""features""]",1,951,2,949,True
public_0128,browsing,4,"✦ 60-DAY GUARANTEE ✦ Your happiness is our number one priority. To ensure your complete satisfaction, we offer a hassle-free 60-Day money-back guarantee. To get in touch, email or",details,False,"[""features""]",1,not_retrieved,not_retrieved,,True
public_0128,browsing,4,"✦ 60-DAY GUARANTEE ✦ Your happiness is our number one priority. To ensure your complete satisfaction, we offer a hassle-free 60-Day money-back guarantee. To get in touch, email or",description,False,"[""features""]",1,not_retrieved,not_retrieved,,True
public_0128,browsing,4,"✦ 60-DAY GUARANTEE ✦ Your happiness is our number one priority. To ensure your complete satisfaction, we offer a hassle-free 60-Day money-back guarantee. To get in touch, email or",categories,False,"[""features""]",1,190,202,-12,True
public_0128,browsing,4,"✦ 60-DAY GUARANTEE ✦ Your happiness is our number one priority. To ensure your complete satisfaction, we offer a hassle-free 60-Day money-back guarantee. To get in touch, email or",store,False,"[""features""]",1,not_retrieved,not_retrieved,,True
public_0128,browsing,4,"✦ 60-DAY GUARANTEE ✦ Your happiness is our number one priority. To ensure your complete satisfaction, we offer a hassle-free 60-Day money-back guarantee. To get in touch, email or",price,False,"[""features""]",1,not_retrieved,not_retrieved,,True
public_0129,buying,1,fabric,title,False,"[""features""]",1,10053,10148,-95,True
public_0129,buying,1,fabric,features,True,"[""features""]",1,2,1,1,True
public_0129,buying,1,fabric,details,False,"[""features""]",1,not_retrieved,not_retrieved,,True
public_0129,buying,1,fabric,description,False,"[""features""]",1,not_retrieved,not_retrieved,,True
public_0129,buying,1,fabric,categories,False,"[""features""]",1,19,19,0,True
public_0129,buying,1,fabric,store,False,"[""features""]",1,not_retrieved,not_retrieved,,True
public_0129,buying,1,fabric,price,False,"[""features""]",1,not_retrieved,not_retrieved,,True
public_0129,buying,2,"Stretchy fabric: 95% gossypium, 5% spandex",title,False,"[""features""]",1,10053,10345,-292,True
public_0129,buying,2,"Stretchy fabric: 95% gossypium, 5% spandex",features,True,"[""features""]",1,2,1,1,True
public_0129,buying,2,"Stretchy fabric: 95% gossypium, 5% spandex",details,False,"[""features""]",1,not_retrieved,not_retrieved,,True
public_0129,buying,2,"Stretchy fabric: 95% gossypium, 5% spandex",description,False,"[""features""]",1,not_retrieved,not_retrieved,,True
public_0129,buying,2,"Stretchy fabric: 95% gossypium, 5% spandex",categories,False,"[""features""]",1,19,19,0,True
public_0129,buying,2,"Stretchy fabric: 95% gossypium, 5% spandex",store,False,"[""features""]",1,not_retrieved,not_retrieved,,True
public_0129,buying,2,"Stretchy fabric: 95% gossypium, 5% spandex",price,False,"[""features""]",1,not_retrieved,not_retrieved,,True
public_0129,buying,3,Imported,title,False,"[""features""]",1,10053,10056,-3,True
public_0129,buying,3,Imported,features,True,"[""features""]",1,2,2,0,True
public_0129,buying,3,Imported,details,False,"[""features""]",1,not_retrieved,not_retrieved,,True
public_0129,buying,3,Imported,description,False,"[""features""]",1,not_retrieved,not_retrieved,,True
public_0129,buying,3,Imported,categories,False,"[""features""]",1,19,19,0,True
public_0129,buying,3,Imported,store,False,"[""features""]",1,not_retrieved,not_retrieved,,True
public_0129,buying,3,Imported,price,False,"[""features""]",1,not_retrieved,not_retrieved,,True
public_0129,buying,4,Snap closure,title,False,"[""features""]",1,10053,10210,-157,True
public_0129,buying,4,Snap closure,features,True,"[""features""]",1,2,2,0,True
public_0129,buying,4,Snap closure,details,False,"[""features""]",1,not_retrieved,not_retrieved,,True
public_0129,buying,4,Snap closure,description,False,"[""features""]",1,not_retrieved,not_retrieved,,True
public_0129,buying,4,Snap closure,categories,False,"[""features""]",1,19,19,0,True
public_0129,buying,4,Snap closure,store,False,"[""features""]",1,not_retrieved,not_retrieved,,True
public_0129,buying,4,Snap closure,price,False,"[""features""]",1,not_retrieved,not_retrieved,,True
public_0130,intent_override,1,cotton,title,True,"[""title"", ""features""]",2,34,22,12,True
public_0130,intent_override,1,cotton,features,True,"[""title"", ""features""]",2,3,2,1,True
public_0130,intent_override,1,cotton,details,False,"[""title"", ""features""]",2,not_retrieved,not_retrieved,,True
public_0130,intent_override,1,cotton,description,False,"[""title"", ""features""]",2,not_retrieved,not_retrieved,,True
public_0130,intent_override,1,cotton,categories,False,"[""title"", ""features""]",2,23,23,0,True
public_0130,intent_override,1,cotton,store,False,"[""title"", ""features""]",2,not_retrieved,not_retrieved,,True
public_0130,intent_override,1,cotton,price,False,"[""title"", ""features""]",2,not_retrieved,not_retrieved,,True
public_0130,intent_override,2,"95% Cotton, 5% Spandex",title,False,"[""features""]",1,34,22,12,True
public_0130,intent_override,2,"95% Cotton, 5% Spandex",features,True,"[""features""]",1,3,14,-11,True
public_0130,intent_override,2,"95% Cotton, 5% Spandex",details,False,"[""features""]",1,not_retrieved,not_retrieved,,True
public_0130,intent_override,2,"95% Cotton, 5% Spandex",description,False,"[""features""]",1,not_retrieved,not_retrieved,,True
public_0130,intent_override,2,"95% Cotton, 5% Spandex",categories,False,"[""features""]",1,23,23,0,True
public_0130,intent_override,2,"95% Cotton, 5% Spandex",store,False,"[""features""]",1,not_retrieved,not_retrieved,,True
public_0130,intent_override,2,"95% Cotton, 5% Spandex",price,False,"[""features""]",1,not_retrieved,not_retrieved,,True
public_0130,intent_override,3,Imported,title,False,"[""features""]",1,34,34,0,True
public_0130,intent_override,3,Imported,features,True,"[""features""]",1,3,3,0,True
public_0130,intent_override,3,Imported,details,False,"[""features""]",1,not_retrieved,not_retrieved,,True
public_0130,intent_override,3,Imported,description,False,"[""features""]",1,not_retrieved,not_retrieved,,True
public_0130,intent_override,3,Imported,categories,False,"[""features""]",1,23,23,0,True
public_0130,intent_override,3,Imported,store,False,"[""features""]",1,not_retrieved,not_retrieved,,True
public_0130,intent_override,3,Imported,price,False,"[""features""]",1,not_retrieved,not_retrieved,,True
public_0130,intent_override,4,Hand Wash or Machine Wash with laundry bag (30°C Max),title,False,"[""features""]",1,34,54,-20,True
public_0130,intent_override,4,Hand Wash or Machine Wash with laundry bag (30°C Max),features,True,"[""features""]",1,3,1,2,True
public_0130,intent_override,4,Hand Wash or Machine Wash with laundry bag (30°C Max),details,False,"[""features""]",1,not_retrieved,not_retrieved,,True
public_0130,intent_override,4,Hand Wash or Machine Wash with laundry bag (30°C Max),description,False,"[""features""]",1,not_retrieved,not_retrieved,,True
public_0130,intent_override,4,Hand Wash or Machine Wash with laundry bag (30°C Max),categories,False,"[""features""]",1,23,24,-1,True
public_0130,intent_override,4,Hand Wash or Machine Wash with laundry bag (30°C Max),store,False,"[""features""]",1,not_retrieved,not_retrieved,,True
public_0130,intent_override,4,Hand Wash or Machine Wash with laundry bag (30°C Max),price,False,"[""features""]",1,not_retrieved,not_retrieved,,True
public_0131,boundary,1,cotton,title,True,"[""title"", ""features""]",2,11,4,7,True
public_0131,boundary,1,cotton,features,True,"[""title"", ""features""]",2,159,93,66,True
public_0131,boundary,1,cotton,details,False,"[""title"", ""features""]",2,not_retrieved,not_retrieved,,True
public_0131,boundary,1,cotton,description,False,"[""title"", ""features""]",2,not_retrieved,not_retrieved,,True
public_0131,boundary,1,cotton,categories,False,"[""title"", ""features""]",2,15,15,0,True
public_0131,boundary,1,cotton,store,False,"[""title"", ""features""]",2,not_retrieved,not_retrieved,,True
public_0131,boundary,1,cotton,price,False,"[""title"", ""features""]",2,not_retrieved,not_retrieved,,True
public_0131,boundary,2,"Thigh high socks: 20% Stretchy Yarn, 80% cotton",title,False,"[""features""]",1,11,2,9,True
public_0131,boundary,2,"Thigh high socks: 20% Stretchy Yarn, 80% cotton",features,True,"[""features""]",1,159,1,158,True
public_0131,boundary,2,"Thigh high socks: 20% Stretchy Yarn, 80% cotton",details,False,"[""features""]",1,not_retrieved,not_retrieved,,True
public_0131,boundary,2,"Thigh high socks: 20% Stretchy Yarn, 80% cotton",description,False,"[""features""]",1,not_retrieved,not_retrieved,,True
public_0131,boundary,2,"Thigh high socks: 20% Stretchy Yarn, 80% cotton",categories,False,"[""features""]",1,15,15,0,True
public_0131,boundary,2,"Thigh high socks: 20% Stretchy Yarn, 80% cotton",store,False,"[""features""]",1,not_retrieved,not_retrieved,,True
public_0131,boundary,2,"Thigh high socks: 20% Stretchy Yarn, 80% cotton",price,False,"[""features""]",1,not_retrieved,not_retrieved,,True
public_0131,boundary,3,Hand Wash Only,title,False,"[""features""]",1,11,11,0,True
public_0131,boundary,3,Hand Wash Only,features,True,"[""features""]",1,159,104,55,True
public_0131,boundary,3,Hand Wash Only,details,False,"[""features""]",1,not_retrieved,not_retrieved,,True
public_0131,boundary,3,Hand Wash Only,description,False,"[""features""]",1,not_retrieved,not_retrieved,,True
public_0131,boundary,3,Hand Wash Only,categories,False,"[""features""]",1,15,15,0,True
public_0131,boundary,3,Hand Wash Only,store,False,"[""features""]",1,not_retrieved,not_retrieved,,True
public_0131,boundary,3,Hand Wash Only,price,False,"[""features""]",1,not_retrieved,not_retrieved,,True
public_0131,boundary,4,"◆ Soft & Breathable: Being knitted by cotton and stretchy yarn, the mid thigh high socks for women are comfortable, soft, lightweight and breathable. ( 80% Cotton, 20% Stretchy Yar",title,False,"[""features""]",1,11,3,8,True
public_0131,boundary,4,"◆ Soft & Breathable: Being knitted by cotton and stretchy yarn, the mid thigh high socks for women are comfortable, soft, lightweight and breathable. ( 80% Cotton, 20% Stretchy Yar",features,True,"[""features""]",1,159,1,158,True
public_0131,boundary,4,"◆ Soft & Breathable: Being knitted by cotton and stretchy yarn, the mid thigh high socks for women are comfortable, soft, lightweight and breathable. ( 80% Cotton, 20% Stretchy Yar",details,False,"[""features""]",1,not_retrieved,9085,,True
public_0131,boundary,4,"◆ Soft & Breathable: Being knitted by cotton and stretchy yarn, the mid thigh high socks for women are comfortable, soft, lightweight and breathable. ( 80% Cotton, 20% Stretchy Yar",description,False,"[""features""]",1,not_retrieved,not_retrieved,,True
public_0131,boundary,4,"◆ Soft & Breathable: Being knitted by cotton and stretchy yarn, the mid thigh high socks for women are comfortable, soft, lightweight and breathable. ( 80% Cotton, 20% Stretchy Yar",categories,False,"[""features""]",1,15,15,0,True
public_0131,boundary,4,"◆ Soft & Breathable: Being knitted by cotton and stretchy yarn, the mid thigh high socks for women are comfortable, soft, lightweight and breathable. ( 80% Cotton, 20% Stretchy Yar",store,False,"[""features""]",1,not_retrieved,not_retrieved,,True
public_0131,boundary,4,"◆ Soft & Breathable: Being knitted by cotton and stretchy yarn, the mid thigh high socks for women are comfortable, soft, lightweight and breathable. ( 80% Cotton, 20% Stretchy Yar",price,False,"[""features""]",1,not_retrieved,not_retrieved,,True
public_0132,buying,1,cotton,title,False,"[""features""]",1,not_retrieved,not_retrieved,,True
public_0132,buying,1,cotton,features,True,"[""features""]",1,1530,1014,516,True
public_0132,buying,1,cotton,details,False,"[""features""]",1,not_retrieved,not_retrieved,,True
public_0132,buying,1,cotton,description,False,"[""features""]",1,224,340,-116,True
public_0132,buying,1,cotton,categories,False,"[""features""]",1,433,461,-28,True
public_0132,buying,1,cotton,store,False,"[""features""]",1,not_retrieved,not_retrieved,,True
public_0132,buying,1,cotton,price,False,"[""features""]",1,not_retrieved,not_retrieved,,True
public_0132,buying,2,"80% Cotton, 20% Polyester",title,False,"[""features""]",1,not_retrieved,not_retrieved,,True
public_0132,buying,2,"80% Cotton, 20% Polyester",features,True,"[""features""]",1,1530,360,1170,True
public_0132,buying,2,"80% Cotton, 20% Polyester",details,False,"[""features""]",1,not_retrieved,not_retrieved,,True
public_0132,buying,2,"80% Cotton, 20% Polyester",description,False,"[""features""]",1,224,1078,-854,True
public_0132,buying,2,"80% Cotton, 20% Polyester",categories,False,"[""features""]",1,433,472,-39,True
public_0132,buying,2,"80% Cotton, 20% Polyester",store,False,"[""features""]",1,not_retrieved,not_retrieved,,True
public_0132,buying,2,"80% Cotton, 20% Polyester",price,False,"[""features""]",1,not_retrieved,not_retrieved,,True
public_0132,buying,3,Imported,title,False,"[""features""]",1,not_retrieved,not_retrieved,,True
public_0132,buying,3,Imported,features,True,"[""features""]",1,1530,1361,169,True
public_0132,buying,3,Imported,details,False,"[""features""]",1,not_retrieved,not_retrieved,,True
public_0132,buying,3,Imported,description,False,"[""features""]",1,224,364,-140,True
public_0132,buying,3,Imported,categories,False,"[""features""]",1,433,433,0,True
public_0132,buying,3,Imported,store,False,"[""features""]",1,not_retrieved,not_retrieved,,True
public_0132,buying,3,Imported,price,False,"[""features""]",1,not_retrieved,not_retrieved,,True
public_0132,buying,4,Rubber sole,title,False,"[""features""]",1,not_retrieved,not_retrieved,,True
public_0132,buying,4,Rubber sole,features,True,"[""features""]",1,1530,2086,-556,True
public_0132,buying,4,Rubber sole,details,False,"[""features""]",1,not_retrieved,not_retrieved,,True
public_0132,buying,4,Rubber sole,description,False,"[""features""]",1,224,208,16,True
public_0132,buying,4,Rubber sole,categories,False,"[""features""]",1,433,433,0,True
public_0132,buying,4,Rubber sole,store,False,"[""features""]",1,not_retrieved,not_retrieved,,True
public_0132,buying,4,Rubber sole,price,False,"[""features""]",1,not_retrieved,not_retrieved,,True
public_0133,buying,1,Imported,title,False,"[""features""]",1,480,483,-3,True
public_0133,buying,1,Imported,features,True,"[""features""]",1,172,144,28,True
public_0133,buying,1,Imported,details,False,"[""features""]",1,not_retrieved,not_retrieved,,True
public_0133,buying,1,Imported,description,False,"[""features""]",1,1322,1748,-426,True
public_0133,buying,1,Imported,categories,False,"[""features""]",1,243,243,0,True
public_0133,buying,1,Imported,store,False,"[""features""]",1,not_retrieved,not_retrieved,,True
public_0133,buying,1,Imported,price,False,"[""features""]",1,not_retrieved,not_retrieved,,True
public_0133,buying,2,color: gray,title,False,[],0,480,703,-223,True
public_0133,buying,2,color: gray,features,False,[],0,172,13,159,True
public_0133,buying,2,color: gray,details,False,[],0,not_retrieved,not_retrieved,,True
public_0133,buying,2,color: gray,description,False,[],0,1322,3230,-1908,True
public_0133,buying,2,color: gray,categories,False,[],0,243,243,0,True
public_0133,buying,2,color: gray,store,False,[],0,not_retrieved,not_retrieved,,True
public_0133,buying,2,color: gray,price,False,[],0,not_retrieved,not_retrieved,,True
public_0133,buying,3,Polycarbonate frame,title,False,"[""features""]",1,480,569,-89,True
public_0133,buying,3,Polycarbonate frame,features,True,"[""features""]",1,172,59,113,True
public_0133,buying,3,Polycarbonate frame,details,False,"[""features""]",1,not_retrieved,not_retrieved,,True
public_0133,buying,3,Polycarbonate frame,description,False,"[""features""]",1,1322,1458,-136,True
public_0133,buying,3,Polycarbonate frame,categories,False,"[""features""]",1,243,243,0,True
public_0133,buying,3,Polycarbonate frame,store,False,"[""features""]",1,not_retrieved,not_retrieved,,True
public_0133,buying,3,Polycarbonate frame,price,False,"[""features""]",1,not_retrieved,not_retrieved,,True
public_0133,buying,4,Polycarbonate lens,title,False,"[""features""]",1,480,565,-85,True
public_0133,buying,4,Polycarbonate lens,features,True,"[""features""]",1,172,25,147,True
public_0133,buying,4,Polycarbonate lens,details,False,"[""features""]",1,not_retrieved,not_retrieved,,True
public_0133,buying,4,Polycarbonate lens,description,False,"[""features""]",1,1322,296,1026,True
public_0133,buying,4,Polycarbonate lens,categories,False,"[""features""]",1,243,243,0,True
public_0133,buying,4,Polycarbonate lens,store,False,"[""features""]",1,not_retrieved,not_retrieved,,True
public_0133,buying,4,Polycarbonate lens,price,False,"[""features""]",1,not_retrieved,not_retrieved,,True
public_0134,browsing,1,"Gauge in Choice: 8g(3mm), 6g(4mm), 4g(5mm), 2g(6mm), 0g(8mm), 00g(10mm), 1/2""(12mm), 9/16""(14mm)",title,False,"[""features""]",1,9,120,-111,True
public_0134,browsing,1,"Gauge in Choice: 8g(3mm), 6g(4mm), 4g(5mm), 2g(6mm), 0g(8mm), 00g(10mm), 1/2""(12mm), 9/16""(14mm)",features,True,"[""features""]",1,1,5,-4,True
public_0134,browsing,1,"Gauge in Choice: 8g(3mm), 6g(4mm), 4g(5mm), 2g(6mm), 0g(8mm), 00g(10mm), 1/2""(12mm), 9/16""(14mm)",details,False,"[""features""]",1,not_retrieved,not_retrieved,,True
public_0134,browsing,1,"Gauge in Choice: 8g(3mm), 6g(4mm), 4g(5mm), 2g(6mm), 0g(8mm), 00g(10mm), 1/2""(12mm), 9/16""(14mm)",description,False,"[""features""]",1,not_retrieved,not_retrieved,,True
public_0134,browsing,1,"Gauge in Choice: 8g(3mm), 6g(4mm), 4g(5mm), 2g(6mm), 0g(8mm), 00g(10mm), 1/2""(12mm), 9/16""(14mm)",categories,False,"[""features""]",1,28,30,-2,True
public_0134,browsing,1,"Gauge in Choice: 8g(3mm), 6g(4mm), 4g(5mm), 2g(6mm), 0g(8mm), 00g(10mm), 1/2""(12mm), 9/16""(14mm)",store,False,"[""features""]",1,not_retrieved,not_retrieved,,True
public_0134,browsing,1,"Gauge in Choice: 8g(3mm), 6g(4mm), 4g(5mm), 2g(6mm), 0g(8mm), 00g(10mm), 1/2""(12mm), 9/16""(14mm)",price,False,"[""features""]",1,not_retrieved,not_retrieved,,True
public_0134,browsing,2,"You will get 3 pairs fashion gem double flare screw-fit tunnels in same size, in same color",title,False,"[""features""]",1,9,1,8,True
public_0134,browsing,2,"You will get 3 pairs fashion gem double flare screw-fit tunnels in same size, in same color",features,True,"[""features""]",1,1,1,0,True
public_0134,browsing,2,"You will get 3 pairs fashion gem double flare screw-fit tunnels in same size, in same color",details,False,"[""features""]",1,not_retrieved,not_retrieved,,True
public_0134,browsing,2,"You will get 3 pairs fashion gem double flare screw-fit tunnels in same size, in same color",description,False,"[""features""]",1,not_retrieved,not_retrieved,,True
public_0134,browsing,2,"You will get 3 pairs fashion gem double flare screw-fit tunnels in same size, in same color",categories,False,"[""features""]",1,28,30,-2,True
public_0134,browsing,2,"You will get 3 pairs fashion gem double flare screw-fit tunnels in same size, in same color",store,False,"[""features""]",1,not_retrieved,not_retrieved,,True
public_0134,browsing,2,"You will get 3 pairs fashion gem double flare screw-fit tunnels in same size, in same color",price,False,"[""features""]",1,not_retrieved,not_retrieved,,True
public_0134,browsing,3,"Material: Stainless Steel With Rhinestones, Look Nice, Light Weight, Smooth Polish Surface and Long Lasting Color",title,False,"[""features""]",1,9,2,7,True
public_0134,browsing,3,"Material: Stainless Steel With Rhinestones, Look Nice, Light Weight, Smooth Polish Surface and Long Lasting Color",features,True,"[""features""]",1,1,1,0,True
public_0134,browsing,3,"Material: Stainless Steel With Rhinestones, Look Nice, Light Weight, Smooth Polish Surface and Long Lasting Color",details,False,"[""features""]",1,not_retrieved,not_retrieved,,True
public_0134,browsing,3,"Material: Stainless Steel With Rhinestones, Look Nice, Light Weight, Smooth Polish Surface and Long Lasting Color",description,False,"[""features""]",1,not_retrieved,not_retrieved,,True
public_0134,browsing,3,"Material: Stainless Steel With Rhinestones, Look Nice, Light Weight, Smooth Polish Surface and Long Lasting Color",categories,False,"[""features""]",1,28,29,-1,True
public_0134,browsing,3,"Material: Stainless Steel With Rhinestones, Look Nice, Light Weight, Smooth Polish Surface and Long Lasting Color",store,False,"[""features""]",1,not_retrieved,not_retrieved,,True
public_0134,browsing,3,"Material: Stainless Steel With Rhinestones, Look Nice, Light Weight, Smooth Polish Surface and Long Lasting Color",price,False,"[""features""]",1,not_retrieved,not_retrieved,,True
public_0134,browsing,4,"The screw-on method tunnels are pretty, you can twist on from one head, very easy to wear and take off. Fashion party and wedding body piercing jewelry",title,False,"[""features""]",1,9,180,-171,True
public_0134,browsing,4,"The screw-on method tunnels are pretty, you can twist on from one head, very easy to wear and take off. Fashion party and wedding body piercing jewelry",features,True,"[""features""]",1,1,1,0,True
public_0134,browsing,4,"The screw-on method tunnels are pretty, you can twist on from one head, very easy to wear and take off. Fashion party and wedding body piercing jewelry",details,False,"[""features""]",1,not_retrieved,not_retrieved,,True
public_0134,browsing,4,"The screw-on method tunnels are pretty, you can twist on from one head, very easy to wear and take off. Fashion party and wedding body piercing jewelry",description,False,"[""features""]",1,not_retrieved,not_retrieved,,True
public_0134,browsing,4,"The screw-on method tunnels are pretty, you can twist on from one head, very easy to wear and take off. Fashion party and wedding body piercing jewelry",categories,False,"[""features""]",1,28,34,-6,True
public_0134,browsing,4,"The screw-on method tunnels are pretty, you can twist on from one head, very easy to wear and take off. Fashion party and wedding body piercing jewelry",store,False,"[""features""]",1,not_retrieved,not_retrieved,,True
public_0134,browsing,4,"The screw-on method tunnels are pretty, you can twist on from one head, very easy to wear and take off. Fashion party and wedding body piercing jewelry",price,False,"[""features""]",1,not_retrieved,not_retrieved,,True
public_0135,buying,1,polyester,title,False,"[""features""]",1,not_retrieved,not_retrieved,,True
public_0135,buying,1,polyester,features,True,"[""features""]",1,190,141,49,True
public_0135,buying,1,polyester,details,False,"[""features""]",1,not_retrieved,not_retrieved,,True
public_0135,buying,1,polyester,description,False,"[""features""]",1,not_retrieved,not_retrieved,,True
public_0135,buying,1,polyester,categories,False,"[""features""]",1,522,522,0,True
public_0135,buying,1,polyester,store,False,"[""features""]",1,not_retrieved,not_retrieved,,True
public_0135,buying,1,polyester,price,False,"[""features""]",1,not_retrieved,not_retrieved,,True
public_0135,buying,2,100% Polyester,title,False,"[""features""]",1,not_retrieved,not_retrieved,,True
public_0135,buying,2,100% Polyester,features,True,"[""features""]",1,190,103,87,True
public_0135,buying,2,100% Polyester,details,False,"[""features""]",1,not_retrieved,not_retrieved,,True
public_0135,buying,2,100% Polyester,description,False,"[""features""]",1,not_retrieved,not_retrieved,,True
public_0135,buying,2,100% Polyester,categories,False,"[""features""]",1,522,530,-8,True
public_0135,buying,2,100% Polyester,store,False,"[""features""]",1,not_retrieved,not_retrieved,,True
public_0135,buying,2,100% Polyester,price,False,"[""features""]",1,not_retrieved,not_retrieved,,True
public_0135,buying,3,Imported,title,False,"[""features""]",1,not_retrieved,not_retrieved,,True
public_0135,buying,3,Imported,features,True,"[""features""]",1,190,165,25,True
public_0135,buying,3,Imported,details,False,"[""features""]",1,not_retrieved,not_retrieved,,True
public_0135,buying,3,Imported,description,False,"[""features""]",1,not_retrieved,not_retrieved,,True
public_0135,buying,3,Imported,categories,False,"[""features""]",1,522,522,0,True
public_0135,buying,3,Imported,store,False,"[""features""]",1,not_retrieved,not_retrieved,,True
public_0135,buying,3,Imported,price,False,"[""features""]",1,not_retrieved,not_retrieved,,True
public_0135,buying,4,Thermoplastic Elastomers sole,title,False,"[""features""]",1,not_retrieved,not_retrieved,,True
public_0135,buying,4,Thermoplastic Elastomers sole,features,True,"[""features""]",1,190,31,159,True
public_0135,buying,4,Thermoplastic Elastomers sole,details,False,"[""features""]",1,not_retrieved,not_retrieved,,True
public_0135,buying,4,Thermoplastic Elastomers sole,description,False,"[""features""]",1,not_retrieved,not_retrieved,,True
public_0135,buying,4,Thermoplastic Elastomers sole,categories,False,"[""features""]",1,522,522,0,True
public_0135,buying,4,Thermoplastic Elastomers sole,store,False,"[""features""]",1,not_retrieved,not_retrieved,,True
public_0135,buying,4,Thermoplastic Elastomers sole,price,False,"[""features""]",1,not_retrieved,not_retrieved,,True
public_0136,buying,1,spandex,title,True,"[""title"", ""features""]",2,146,8,138,True
public_0136,buying,1,spandex,features,True,"[""title"", ""features""]",2,129,69,60,True
public_0136,buying,1,spandex,details,False,"[""title"", ""features""]",2,not_retrieved,not_retrieved,,True
public_0136,buying,1,spandex,description,False,"[""title"", ""features""]",2,not_retrieved,not_retrieved,,True
public_0136,buying,1,spandex,categories,False,"[""title"", ""features""]",2,244,244,0,True
public_0136,buying,1,spandex,store,False,"[""title"", ""features""]",2,not_retrieved,not_retrieved,,True
public_0136,buying,1,spandex,price,False,"[""title"", ""features""]",2,not_retrieved,not_retrieved,,True
public_0136,buying,2,"92% Polyester, 8% Spandex",title,False,"[""features""]",1,146,11,135,True
public_0136,buying,2,"92% Polyester, 8% Spandex",features,True,"[""features""]",1,129,50,79,True
public_0136,buying,2,"92% Polyester, 8% Spandex",details,False,"[""features""]",1,not_retrieved,not_retrieved,,True
public_0136,buying,2,"92% Polyester, 8% Spandex",description,False,"[""features""]",1,not_retrieved,not_retrieved,,True
public_0136,buying,2,"92% Polyester, 8% Spandex",categories,False,"[""features""]",1,244,244,0,True
public_0136,buying,2,"92% Polyester, 8% Spandex",store,False,"[""features""]",1,not_retrieved,not_retrieved,,True
public_0136,buying,2,"92% Polyester, 8% Spandex",price,False,"[""features""]",1,not_retrieved,not_retrieved,,True
public_0136,buying,3,Imported,title,False,"[""features""]",1,146,149,-3,True
public_0136,buying,3,Imported,features,True,"[""features""]",1,129,132,-3,True
public_0136,buying,3,Imported,details,False,"[""features""]",1,not_retrieved,not_retrieved,,True
public_0136,buying,3,Imported,description,False,"[""features""]",1,not_retrieved,not_retrieved,,True
public_0136,buying,3,Imported,categories,False,"[""features""]",1,244,244,0,True
public_0136,buying,3,Imported,store,False,"[""features""]",1,not_retrieved,not_retrieved,,True
public_0136,buying,3,Imported,price,False,"[""features""]",1,not_retrieved,not_retrieved,,True
public_0136,buying,4,Elastic closure,title,False,"[""features""]",1,146,287,-141,True
public_0136,buying,4,Elastic closure,features,True,"[""features""]",1,129,130,-1,True
public_0136,buying,4,Elastic closure,details,False,"[""features""]",1,not_retrieved,not_retrieved,,True
public_0136,buying,4,Elastic closure,description,False,"[""features""]",1,not_retrieved,not_retrieved,,True
public_0136,buying,4,Elastic closure,categories,False,"[""features""]",1,244,244,0,True
public_0136,buying,4,Elastic closure,store,False,"[""features""]",1,not_retrieved,not_retrieved,,True
public_0136,buying,4,Elastic closure,price,False,"[""features""]",1,not_retrieved,not_retrieved,,True
public_0137,browsing,1,cotton,title,False,"[""features""]",1,14917,16110,-1193,True
public_0137,browsing,1,cotton,features,True,"[""features""]",1,7890,8085,-195,True
public_0137,browsing,1,cotton,details,False,"[""features""]",1,not_retrieved,not_retrieved,,True
public_0137,browsing,1,cotton,description,False,"[""features""]",1,not_retrieved,not_retrieved,,True
public_0137,browsing,1,cotton,categories,False,"[""features""]",1,29,29,0,True
public_0137,browsing,1,cotton,store,False,"[""features""]",1,not_retrieved,not_retrieved,,True
public_0137,browsing,1,cotton,price,False,"[""features""]",1,not_retrieved,not_retrieved,,True
public_0137,browsing,2,"60% Cotton, 40% Polyester",title,False,"[""features""]",1,14917,16277,-1360,True
public_0137,browsing,2,"60% Cotton, 40% Polyester",features,True,"[""features""]",1,7890,1223,6667,True
public_0137,browsing,2,"60% Cotton, 40% Polyester",details,False,"[""features""]",1,not_retrieved,not_retrieved,,True
public_0137,browsing,2,"60% Cotton, 40% Polyester",description,False,"[""features""]",1,not_retrieved,not_retrieved,,True
public_0137,browsing,2,"60% Cotton, 40% Polyester",categories,False,"[""features""]",1,29,29,0,True
public_0137,browsing,2,"60% Cotton, 40% Polyester",store,False,"[""features""]",1,not_retrieved,not_retrieved,,True
public_0137,browsing,2,"60% Cotton, 40% Polyester",price,False,"[""features""]",1,not_retrieved,not_retrieved,,True
public_0137,browsing,3,Zipper closure,title,False,"[""features""]",1,14917,15354,-437,True
public_0137,browsing,3,Zipper closure,features,True,"[""features""]",1,7890,6687,1203,True
public_0137,browsing,3,Zipper closure,details,False,"[""features""]",1,not_retrieved,not_retrieved,,True
public_0137,browsing,3,Zipper closure,description,False,"[""features""]",1,not_retrieved,not_retrieved,,True
public_0137,browsing,3,Zipper closure,categories,False,"[""features""]",1,29,29,0,True
public_0137,browsing,3,Zipper closure,store,False,"[""features""]",1,not_retrieved,not_retrieved,,True
public_0137,browsing,3,Zipper closure,price,False,"[""features""]",1,not_retrieved,not_retrieved,,True
public_0137,browsing,4,Machine Wash,title,False,"[""features""]",1,14917,14956,-39,True
public_0137,browsing,4,Machine Wash,features,True,"[""features""]",1,7890,12450,-4560,True
public_0137,browsing,4,Machine Wash,details,False,"[""features""]",1,not_retrieved,not_retrieved,,True
public_0137,browsing,4,Machine Wash,description,False,"[""features""]",1,not_retrieved,not_retrieved,,True
public_0137,browsing,4,Machine Wash,categories,False,"[""features""]",1,29,29,0,True
public_0137,browsing,4,Machine Wash,store,False,"[""features""]",1,not_retrieved,not_retrieved,,True
public_0137,browsing,4,Machine Wash,price,False,"[""features""]",1,not_retrieved,not_retrieved,,True
public_0138,browsing,1,rayon,title,False,"[""features""]",1,not_retrieved,not_retrieved,,True
public_0138,browsing,1,rayon,features,True,"[""features""]",1,not_retrieved,923,,True
public_0138,browsing,1,rayon,details,False,"[""features""]",1,not_retrieved,not_retrieved,,True
public_0138,browsing,1,rayon,description,False,"[""features""]",1,not_retrieved,not_retrieved,,True
public_0138,browsing,1,rayon,categories,False,"[""features""]",1,491,491,0,True
public_0138,browsing,1,rayon,store,False,"[""features""]",1,not_retrieved,not_retrieved,,True
public_0138,browsing,1,rayon,price,False,"[""features""]",1,not_retrieved,not_retrieved,,True
public_0138,browsing,2,"95% Rayon, 5% Spandex",title,False,"[""features""]",1,not_retrieved,not_retrieved,,True
public_0138,browsing,2,"95% Rayon, 5% Spandex",features,True,"[""features""]",1,not_retrieved,168,,True
public_0138,browsing,2,"95% Rayon, 5% Spandex",details,False,"[""features""]",1,not_retrieved,not_retrieved,,True
public_0138,browsing,2,"95% Rayon, 5% Spandex",description,False,"[""features""]",1,not_retrieved,not_retrieved,,True
public_0138,browsing,2,"95% Rayon, 5% Spandex",categories,False,"[""features""]",1,491,491,0,True
public_0138,browsing,2,"95% Rayon, 5% Spandex",store,False,"[""features""]",1,not_retrieved,not_retrieved,,True
public_0138,browsing,2,"95% Rayon, 5% Spandex",price,False,"[""features""]",1,not_retrieved,not_retrieved,,True
public_0138,browsing,3,Machine Wash,title,False,"[""features""]",1,not_retrieved,not_retrieved,,True
public_0138,browsing,3,Machine Wash,features,True,"[""features""]",1,not_retrieved,9184,,True
public_0138,browsing,3,Machine Wash,details,False,"[""features""]",1,not_retrieved,not_retrieved,,True
public_0138,browsing,3,Machine Wash,description,False,"[""features""]",1,not_retrieved,not_retrieved,,True
public_0138,browsing,3,Machine Wash,categories,False,"[""features""]",1,491,491,0,True
public_0138,browsing,3,Machine Wash,store,False,"[""features""]",1,not_retrieved,not_retrieved,,True
public_0138,browsing,3,Machine Wash,price,False,"[""features""]",1,not_retrieved,not_retrieved,,True
public_0138,browsing,4,"Standard US Size: S(US 4-6), M(US 8-10), L(US 12-14), XL(US 16-18), XXL(US 20-22), 3XL(US 24-26). This women's casual loose dress is available in a variety of solid colors and prin",title,False,"[""features""]",1,not_retrieved,13725,,True
public_0138,browsing,4,"Standard US Size: S(US 4-6), M(US 8-10), L(US 12-14), XL(US 16-18), XXL(US 20-22), 3XL(US 24-26). This women's casual loose dress is available in a variety of solid colors and prin",features,True,"[""features""]",1,not_retrieved,1,,True
public_0138,browsing,4,"Standard US Size: S(US 4-6), M(US 8-10), L(US 12-14), XL(US 16-18), XXL(US 20-22), 3XL(US 24-26). This women's casual loose dress is available in a variety of solid colors and prin",details,False,"[""features""]",1,not_retrieved,14356,,True
public_0138,browsing,4,"Standard US Size: S(US 4-6), M(US 8-10), L(US 12-14), XL(US 16-18), XXL(US 20-22), 3XL(US 24-26). This women's casual loose dress is available in a variety of solid colors and prin",description,False,"[""features""]",1,not_retrieved,1323,,True
public_0138,browsing,4,"Standard US Size: S(US 4-6), M(US 8-10), L(US 12-14), XL(US 16-18), XXL(US 20-22), 3XL(US 24-26). This women's casual loose dress is available in a variety of solid colors and prin",categories,False,"[""features""]",1,491,496,-5,True
public_0138,browsing,4,"Standard US Size: S(US 4-6), M(US 8-10), L(US 12-14), XL(US 16-18), XXL(US 20-22), 3XL(US 24-26). This women's casual loose dress is available in a variety of solid colors and prin",store,False,"[""features""]",1,not_retrieved,not_retrieved,,True
public_0138,browsing,4,"Standard US Size: S(US 4-6), M(US 8-10), L(US 12-14), XL(US 16-18), XXL(US 20-22), 3XL(US 24-26). This women's casual loose dress is available in a variety of solid colors and prin",price,False,"[""features""]",1,not_retrieved,not_retrieved,,True
public_0139,browsing,1,fabric,title,False,"[""features""]",1,917,1038,-121,True
public_0139,browsing,1,fabric,features,True,"[""features""]",1,1761,1493,268,True
public_0139,browsing,1,fabric,details,False,"[""features""]",1,not_retrieved,not_retrieved,,True
public_0139,browsing,1,fabric,description,False,"[""features""]",1,not_retrieved,not_retrieved,,True
public_0139,browsing,1,fabric,categories,False,"[""features""]",1,1301,1301,0,True
public_0139,browsing,1,fabric,store,False,"[""features""]",1,not_retrieved,not_retrieved,,True
public_0139,browsing,1,fabric,price,False,"[""features""]",1,not_retrieved,not_retrieved,,True
public_0139,browsing,2,"Fabric: 35%Rayon,60% Polyester and 5% Spandex,very soft and comfortable for spring and summer",title,False,"[""features""]",1,917,4071,-3154,True
public_0139,browsing,2,"Fabric: 35%Rayon,60% Polyester and 5% Spandex,very soft and comfortable for spring and summer",features,True,"[""features""]",1,1761,18,1743,True
public_0139,browsing,2,"Fabric: 35%Rayon,60% Polyester and 5% Spandex,very soft and comfortable for spring and summer",details,False,"[""features""]",1,not_retrieved,not_retrieved,,True
public_0139,browsing,2,"Fabric: 35%Rayon,60% Polyester and 5% Spandex,very soft and comfortable for spring and summer",description,False,"[""features""]",1,not_retrieved,not_retrieved,,True
public_0139,browsing,2,"Fabric: 35%Rayon,60% Polyester and 5% Spandex,very soft and comfortable for spring and summer",categories,False,"[""features""]",1,1301,1329,-28,True
public_0139,browsing,2,"Fabric: 35%Rayon,60% Polyester and 5% Spandex,very soft and comfortable for spring and summer",store,False,"[""features""]",1,not_retrieved,not_retrieved,,True
public_0139,browsing,2,"Fabric: 35%Rayon,60% Polyester and 5% Spandex,very soft and comfortable for spring and summer",price,False,"[""features""]",1,not_retrieved,not_retrieved,,True
public_0139,browsing,3,"Cute ruffle sleeve tops for spring summer and fall, pull on and down closure",title,False,"[""features""]",1,917,247,670,True
public_0139,browsing,3,"Cute ruffle sleeve tops for spring summer and fall, pull on and down closure",features,True,"[""features""]",1,1761,46,1715,True
public_0139,browsing,3,"Cute ruffle sleeve tops for spring summer and fall, pull on and down closure",details,False,"[""features""]",1,not_retrieved,not_retrieved,,True
public_0139,browsing,3,"Cute ruffle sleeve tops for spring summer and fall, pull on and down closure",description,False,"[""features""]",1,not_retrieved,not_retrieved,,True
public_0139,browsing,3,"Cute ruffle sleeve tops for spring summer and fall, pull on and down closure",categories,False,"[""features""]",1,1301,1338,-37,True
public_0139,browsing,3,"Cute ruffle sleeve tops for spring summer and fall, pull on and down closure",store,False,"[""features""]",1,not_retrieved,not_retrieved,,True
public_0139,browsing,3,"Cute ruffle sleeve tops for spring summer and fall, pull on and down closure",price,False,"[""features""]",1,not_retrieved,not_retrieved,,True
public_0139,browsing,4,"Care: Machine or hand wash in cold water, no bleach, no dry clean, hang or line dry, low iron if need",title,False,"[""features""]",1,917,4035,-3118,True
public_0139,browsing,4,"Care: Machine or hand wash in cold water, no bleach, no dry clean, hang or line dry, low iron if need",features,True,"[""features""]",1,1761,8,1753,True
public_0139,browsing,4,"Care: Machine or hand wash in cold water, no bleach, no dry clean, hang or line dry, low iron if need",details,False,"[""features""]",1,not_retrieved,not_retrieved,,True
public_0139,browsing,4,"Care: Machine or hand wash in cold water, no bleach, no dry clean, hang or line dry, low iron if need",description,False,"[""features""]",1,not_retrieved,not_retrieved,,True
public_0139,browsing,4,"Care: Machine or hand wash in cold water, no bleach, no dry clean, hang or line dry, low iron if need",categories,False,"[""features""]",1,1301,1313,-12,True
public_0139,browsing,4,"Care: Machine or hand wash in cold water, no bleach, no dry clean, hang or line dry, low iron if need",store,False,"[""features""]",1,not_retrieved,not_retrieved,,True
public_0139,browsing,4,"Care: Machine or hand wash in cold water, no bleach, no dry clean, hang or line dry, low iron if need",price,False,"[""features""]",1,not_retrieved,not_retrieved,,True
public_0140,browsing,1,polyester,title,False,"[""features""]",1,10,29,-19,True
public_0140,browsing,1,polyester,features,True,"[""features""]",1,26,10,16,True
public_0140,browsing,1,polyester,details,False,"[""features""]",1,not_retrieved,not_retrieved,,True
public_0140,browsing,1,polyester,description,False,"[""features""]",1,not_retrieved,not_retrieved,,True
public_0140,browsing,1,polyester,categories,False,"[""features""]",1,64,64,0,True
public_0140,browsing,1,polyester,store,False,"[""features""]",1,not_retrieved,not_retrieved,,True
public_0140,browsing,1,polyester,price,False,"[""features""]",1,not_retrieved,not_retrieved,,True
public_0140,browsing,2,"Polyester,Spandex",title,False,"[""features""]",1,10,49,-39,True
public_0140,browsing,2,"Polyester,Spandex",features,True,"[""features""]",1,26,5,21,True
public_0140,browsing,2,"Polyester,Spandex",details,False,"[""features""]",1,not_retrieved,not_retrieved,,True
public_0140,browsing,2,"Polyester,Spandex",description,False,"[""features""]",1,not_retrieved,not_retrieved,,True
public_0140,browsing,2,"Polyester,Spandex",categories,False,"[""features""]",1,64,64,0,True
public_0140,browsing,2,"Polyester,Spandex",store,False,"[""features""]",1,not_retrieved,not_retrieved,,True
public_0140,browsing,2,"Polyester,Spandex",price,False,"[""features""]",1,not_retrieved,not_retrieved,,True
public_0140,browsing,3,Polyester lining,title,False,"[""features""]",1,10,30,-20,True
public_0140,browsing,3,Polyester lining,features,True,"[""features""]",1,26,3,23,True
public_0140,browsing,3,Polyester lining,details,False,"[""features""]",1,not_retrieved,not_retrieved,,True
public_0140,browsing,3,Polyester lining,description,False,"[""features""]",1,not_retrieved,not_retrieved,,True
public_0140,browsing,3,Polyester lining,categories,False,"[""features""]",1,64,64,0,True
public_0140,browsing,3,Polyester lining,store,False,"[""features""]",1,not_retrieved,not_retrieved,,True
public_0140,browsing,3,Polyester lining,price,False,"[""features""]",1,not_retrieved,not_retrieved,,True
public_0140,browsing,4,Button closure,title,False,"[""features""]",1,10,26,-16,True
public_0140,browsing,4,Button closure,features,True,"[""features""]",1,26,9,17,True
public_0140,browsing,4,Button closure,details,False,"[""features""]",1,not_retrieved,not_retrieved,,True
public_0140,browsing,4,Button closure,description,False,"[""features""]",1,not_retrieved,not_retrieved,,True
public_0140,browsing,4,Button closure,categories,False,"[""features""]",1,64,64,0,True
public_0140,browsing,4,Button closure,store,False,"[""features""]",1,not_retrieved,not_retrieved,,True
public_0140,browsing,4,Button closure,price,False,"[""features""]",1,not_retrieved,not_retrieved,,True
public_0141,browsing,1,"You will receive 6 Pcs silver nose studs, coming with one free gift velvet bag. Can be used as nose rings, nose piercings, nose rings studs, nose piercing jewelry, nostril piercing",title,False,"[""features""]",1,45,3,42,True
public_0141,browsing,1,"You will receive 6 Pcs silver nose studs, coming with one free gift velvet bag. Can be used as nose rings, nose piercings, nose rings studs, nose piercing jewelry, nostril piercing",features,True,"[""features""]",1,22,1,21,True
public_0141,browsing,1,"You will receive 6 Pcs silver nose studs, coming with one free gift velvet bag. Can be used as nose rings, nose piercings, nose rings studs, nose piercing jewelry, nostril piercing",details,False,"[""features""]",1,not_retrieved,not_retrieved,,True
public_0141,browsing,1,"You will receive 6 Pcs silver nose studs, coming with one free gift velvet bag. Can be used as nose rings, nose piercings, nose rings studs, nose piercing jewelry, nostril piercing",description,False,"[""features""]",1,25,1,24,True
public_0141,browsing,1,"You will receive 6 Pcs silver nose studs, coming with one free gift velvet bag. Can be used as nose rings, nose piercings, nose rings studs, nose piercing jewelry, nostril piercing",categories,False,"[""features""]",1,13,14,-1,True
public_0141,browsing,1,"You will receive 6 Pcs silver nose studs, coming with one free gift velvet bag. Can be used as nose rings, nose piercings, nose rings studs, nose piercing jewelry, nostril piercing",store,False,"[""features""]",1,not_retrieved,not_retrieved,,True
public_0141,browsing,1,"You will receive 6 Pcs silver nose studs, coming with one free gift velvet bag. Can be used as nose rings, nose piercings, nose rings studs, nose piercing jewelry, nostril piercing",price,False,"[""features""]",1,not_retrieved,not_retrieved,,True
public_0141,browsing,2,color: red,title,False,[],0,45,67,-22,True
public_0141,browsing,2,color: red,features,False,[],0,22,29,-7,True
public_0141,browsing,2,color: red,details,False,[],0,not_retrieved,not_retrieved,,True
public_0141,browsing,2,color: red,description,False,[],0,25,16,9,True
public_0141,browsing,2,color: red,categories,False,[],0,13,13,0,True
public_0141,browsing,2,color: red,store,False,[],0,not_retrieved,not_retrieved,,True
public_0141,browsing,2,color: red,price,False,[],0,not_retrieved,not_retrieved,,True
public_0141,browsing,3,"Nose Rings Studs Size: 20 gauge (0.8mm), Pin Length: 7mm (9/32""), Round Cubic Zirconia Size: 2mm. Easy to Put In and Take Off, absolutely make you feel beautiful, comfortable, happ",title,False,"[""features""]",1,45,1,44,True
public_0141,browsing,3,"Nose Rings Studs Size: 20 gauge (0.8mm), Pin Length: 7mm (9/32""), Round Cubic Zirconia Size: 2mm. Easy to Put In and Take Off, absolutely make you feel beautiful, comfortable, happ",features,True,"[""features""]",1,22,1,21,True
public_0141,browsing,3,"Nose Rings Studs Size: 20 gauge (0.8mm), Pin Length: 7mm (9/32""), Round Cubic Zirconia Size: 2mm. Easy to Put In and Take Off, absolutely make you feel beautiful, comfortable, happ",details,False,"[""features""]",1,not_retrieved,not_retrieved,,True
public_0141,browsing,3,"Nose Rings Studs Size: 20 gauge (0.8mm), Pin Length: 7mm (9/32""), Round Cubic Zirconia Size: 2mm. Easy to Put In and Take Off, absolutely make you feel beautiful, comfortable, happ",description,False,"[""features""]",1,25,1,24,True
public_0141,browsing,3,"Nose Rings Studs Size: 20 gauge (0.8mm), Pin Length: 7mm (9/32""), Round Cubic Zirconia Size: 2mm. Easy to Put In and Take Off, absolutely make you feel beautiful, comfortable, happ",categories,False,"[""features""]",1,13,36,-23,True
public_0141,browsing,3,"Nose Rings Studs Size: 20 gauge (0.8mm), Pin Length: 7mm (9/32""), Round Cubic Zirconia Size: 2mm. Easy to Put In and Take Off, absolutely make you feel beautiful, comfortable, happ",store,False,"[""features""]",1,not_retrieved,not_retrieved,,True
public_0141,browsing,3,"Nose Rings Studs Size: 20 gauge (0.8mm), Pin Length: 7mm (9/32""), Round Cubic Zirconia Size: 2mm. Easy to Put In and Take Off, absolutely make you feel beautiful, comfortable, happ",price,False,"[""features""]",1,not_retrieved,not_retrieved,,True
public_0141,browsing,4,"High quality 316L surgical stainless steel, hypoallergenic, nickel and lead free, never rust and tarnish resistance, lightweight. High-polished finishing and electroplating, super",title,False,"[""features""]",1,45,178,-133,True
public_0141,browsing,4,"High quality 316L surgical stainless steel, hypoallergenic, nickel and lead free, never rust and tarnish resistance, lightweight. High-polished finishing and electroplating, super",features,True,"[""features""]",1,22,1,21,True
public_0141,browsing,4,"High quality 316L surgical stainless steel, hypoallergenic, nickel and lead free, never rust and tarnish resistance, lightweight. High-polished finishing and electroplating, super",details,False,"[""features""]",1,not_retrieved,not_retrieved,,True
public_0141,browsing,4,"High quality 316L surgical stainless steel, hypoallergenic, nickel and lead free, never rust and tarnish resistance, lightweight. High-polished finishing and electroplating, super",description,False,"[""features""]",1,25,1,24,True
public_0141,browsing,4,"High quality 316L surgical stainless steel, hypoallergenic, nickel and lead free, never rust and tarnish resistance, lightweight. High-polished finishing and electroplating, super",categories,False,"[""features""]",1,13,13,0,True
public_0141,browsing,4,"High quality 316L surgical stainless steel, hypoallergenic, nickel and lead free, never rust and tarnish resistance, lightweight. High-polished finishing and electroplating, super",store,False,"[""features""]",1,not_retrieved,not_retrieved,,True
public_0141,browsing,4,"High quality 316L surgical stainless steel, hypoallergenic, nickel and lead free, never rust and tarnish resistance, lightweight. High-polished finishing and electroplating, super",price,False,"[""features""]",1,not_retrieved,not_retrieved,,True
public_0142,intent_override,1,"Stainless Steel Bike Bracelet: Handcrafted with high quality material, 100% HYPOALLERGENIC, Lead & Nickel Free, Stronger and very LOW MAINTENANCE Metal, long lasting IP vacuum Plat",title,False,"[""features""]",1,145,3,142,True
public_0142,intent_override,1,"Stainless Steel Bike Bracelet: Handcrafted with high quality material, 100% HYPOALLERGENIC, Lead & Nickel Free, Stronger and very LOW MAINTENANCE Metal, long lasting IP vacuum Plat",features,True,"[""features""]",1,not_retrieved,1,,True
public_0142,intent_override,1,"Stainless Steel Bike Bracelet: Handcrafted with high quality material, 100% HYPOALLERGENIC, Lead & Nickel Free, Stronger and very LOW MAINTENANCE Metal, long lasting IP vacuum Plat",details,False,"[""features""]",1,not_retrieved,107,,True
public_0142,intent_override,1,"Stainless Steel Bike Bracelet: Handcrafted with high quality material, 100% HYPOALLERGENIC, Lead & Nickel Free, Stronger and very LOW MAINTENANCE Metal, long lasting IP vacuum Plat",description,False,"[""features""]",1,not_retrieved,not_retrieved,,True
public_0142,intent_override,1,"Stainless Steel Bike Bracelet: Handcrafted with high quality material, 100% HYPOALLERGENIC, Lead & Nickel Free, Stronger and very LOW MAINTENANCE Metal, long lasting IP vacuum Plat",categories,False,"[""features""]",1,75,75,0,True
public_0142,intent_override,1,"Stainless Steel Bike Bracelet: Handcrafted with high quality material, 100% HYPOALLERGENIC, Lead & Nickel Free, Stronger and very LOW MAINTENANCE Metal, long lasting IP vacuum Plat",store,False,"[""features""]",1,not_retrieved,not_retrieved,,True
public_0142,intent_override,1,"Stainless Steel Bike Bracelet: Handcrafted with high quality material, 100% HYPOALLERGENIC, Lead & Nickel Free, Stronger and very LOW MAINTENANCE Metal, long lasting IP vacuum Plat",price,False,"[""features""]",1,not_retrieved,not_retrieved,,True
public_0142,intent_override,2,color: black,title,False,"[""details""]",1,145,231,-86,True
public_0142,intent_override,2,color: black,features,False,"[""details""]",1,not_retrieved,not_retrieved,,True
public_0142,intent_override,2,color: black,details,True,"[""details""]",1,not_retrieved,160,,True
public_0142,intent_override,2,color: black,description,False,"[""details""]",1,not_retrieved,not_retrieved,,True
public_0142,intent_override,2,color: black,categories,False,"[""details""]",1,75,80,-5,True
public_0142,intent_override,2,color: black,store,False,"[""details""]",1,not_retrieved,not_retrieved,,True
public_0142,intent_override,2,color: black,price,False,"[""details""]",1,not_retrieved,not_retrieved,,True
public_0142,intent_override,3,"Unique Design: Inspire from Royal Knight, high polished bright chain links, with strong fold-over clasp, personalized colors match can highlights the low-key but noble quality and",title,False,"[""features""]",1,145,368,-223,True
public_0142,intent_override,3,"Unique Design: Inspire from Royal Knight, high polished bright chain links, with strong fold-over clasp, personalized colors match can highlights the low-key but noble quality and",features,True,"[""features""]",1,not_retrieved,1,,True
public_0142,intent_override,3,"Unique Design: Inspire from Royal Knight, high polished bright chain links, with strong fold-over clasp, personalized colors match can highlights the low-key but noble quality and",details,False,"[""features""]",1,not_retrieved,35,,True
public_0142,intent_override,3,"Unique Design: Inspire from Royal Knight, high polished bright chain links, with strong fold-over clasp, personalized colors match can highlights the low-key but noble quality and",description,False,"[""features""]",1,not_retrieved,not_retrieved,,True
public_0142,intent_override,3,"Unique Design: Inspire from Royal Knight, high polished bright chain links, with strong fold-over clasp, personalized colors match can highlights the low-key but noble quality and",categories,False,"[""features""]",1,75,111,-36,True
public_0142,intent_override,3,"Unique Design: Inspire from Royal Knight, high polished bright chain links, with strong fold-over clasp, personalized colors match can highlights the low-key but noble quality and",store,False,"[""features""]",1,not_retrieved,not_retrieved,,True
public_0142,intent_override,3,"Unique Design: Inspire from Royal Knight, high polished bright chain links, with strong fold-over clasp, personalized colors match can highlights the low-key but noble quality and",price,False,"[""features""]",1,not_retrieved,not_retrieved,,True
public_0142,intent_override,4,"Bracelet Size: Length-8.34 inch, width-0.4 inch, weight: 54g. smooth chain, lightweight and comfortable to wear, perfect for bike enthusiasts etc",title,False,"[""features""]",1,145,1,144,True
public_0142,intent_override,4,"Bracelet Size: Length-8.34 inch, width-0.4 inch, weight: 54g. smooth chain, lightweight and comfortable to wear, perfect for bike enthusiasts etc",features,True,"[""features""]",1,not_retrieved,1,,True
public_0142,intent_override,4,"Bracelet Size: Length-8.34 inch, width-0.4 inch, weight: 54g. smooth chain, lightweight and comfortable to wear, perfect for bike enthusiasts etc",details,False,"[""features""]",1,not_retrieved,949,,True
public_0142,intent_override,4,"Bracelet Size: Length-8.34 inch, width-0.4 inch, weight: 54g. smooth chain, lightweight and comfortable to wear, perfect for bike enthusiasts etc",description,False,"[""features""]",1,not_retrieved,not_retrieved,,True
public_0142,intent_override,4,"Bracelet Size: Length-8.34 inch, width-0.4 inch, weight: 54g. smooth chain, lightweight and comfortable to wear, perfect for bike enthusiasts etc",categories,False,"[""features""]",1,75,111,-36,True
public_0142,intent_override,4,"Bracelet Size: Length-8.34 inch, width-0.4 inch, weight: 54g. smooth chain, lightweight and comfortable to wear, perfect for bike enthusiasts etc",store,False,"[""features""]",1,not_retrieved,not_retrieved,,True
public_0142,intent_override,4,"Bracelet Size: Length-8.34 inch, width-0.4 inch, weight: 54g. smooth chain, lightweight and comfortable to wear, perfect for bike enthusiasts etc",price,False,"[""features""]",1,not_retrieved,not_retrieved,,True
public_0143,buying,1,rayon,title,False,"[""features""]",1,not_retrieved,not_retrieved,,True
public_0143,buying,1,rayon,features,True,"[""features""]",1,not_retrieved,1100,,True
public_0143,buying,1,rayon,details,False,"[""features""]",1,not_retrieved,not_retrieved,,True
public_0143,buying,1,rayon,description,False,"[""features""]",1,not_retrieved,not_retrieved,,True
public_0143,buying,1,rayon,categories,False,"[""features""]",1,47,47,0,True
public_0143,buying,1,rayon,store,False,"[""features""]",1,not_retrieved,not_retrieved,,True
public_0143,buying,1,rayon,price,False,"[""features""]",1,not_retrieved,not_retrieved,,True
public_0143,buying,2,"65% Rayon, 30% Cotton, 5% Spandex",title,False,"[""features""]",1,not_retrieved,not_retrieved,,True
public_0143,buying,2,"65% Rayon, 30% Cotton, 5% Spandex",features,True,"[""features""]",1,not_retrieved,8,,True
public_0143,buying,2,"65% Rayon, 30% Cotton, 5% Spandex",details,False,"[""features""]",1,not_retrieved,not_retrieved,,True
public_0143,buying,2,"65% Rayon, 30% Cotton, 5% Spandex",description,False,"[""features""]",1,not_retrieved,not_retrieved,,True
public_0143,buying,2,"65% Rayon, 30% Cotton, 5% Spandex",categories,False,"[""features""]",1,47,60,-13,True
public_0143,buying,2,"65% Rayon, 30% Cotton, 5% Spandex",store,False,"[""features""]",1,not_retrieved,not_retrieved,,True
public_0143,buying,2,"65% Rayon, 30% Cotton, 5% Spandex",price,False,"[""features""]",1,not_retrieved,not_retrieved,,True
public_0143,buying,3,Imported,title,False,"[""features""]",1,not_retrieved,not_retrieved,,True
public_0143,buying,3,Imported,features,True,"[""features""]",1,not_retrieved,12641,,True
public_0143,buying,3,Imported,details,False,"[""features""]",1,not_retrieved,not_retrieved,,True
public_0143,buying,3,Imported,description,False,"[""features""]",1,not_retrieved,not_retrieved,,True
public_0143,buying,3,Imported,categories,False,"[""features""]",1,47,47,0,True
public_0143,buying,3,Imported,store,False,"[""features""]",1,not_retrieved,not_retrieved,,True
public_0143,buying,3,Imported,price,False,"[""features""]",1,not_retrieved,not_retrieved,,True
public_0143,buying,4,Zipper closure,title,False,"[""features""]",1,not_retrieved,not_retrieved,,True
public_0143,buying,4,Zipper closure,features,True,"[""features""]",1,not_retrieved,2648,,True
public_0143,buying,4,Zipper closure,details,False,"[""features""]",1,not_retrieved,not_retrieved,,True
public_0143,buying,4,Zipper closure,description,False,"[""features""]",1,not_retrieved,not_retrieved,,True
public_0143,buying,4,Zipper closure,categories,False,"[""features""]",1,47,47,0,True
public_0143,buying,4,Zipper closure,store,False,"[""features""]",1,not_retrieved,not_retrieved,,True
public_0143,buying,4,Zipper closure,price,False,"[""features""]",1,not_retrieved,not_retrieved,,True
public_0144,intent_override,1,polyester,title,False,"[""features""]",1,not_retrieved,not_retrieved,,True
public_0144,intent_override,1,polyester,features,True,"[""features""]",1,not_retrieved,10012,,True
public_0144,intent_override,1,polyester,details,False,"[""features""]",1,not_retrieved,not_retrieved,,True
public_0144,intent_override,1,polyester,description,False,"[""features""]",1,1144,2606,-1462,True
public_0144,intent_override,1,polyester,categories,False,"[""features""]",1,79,79,0,True
public_0144,intent_override,1,polyester,store,False,"[""features""]",1,not_retrieved,not_retrieved,,True
public_0144,intent_override,1,polyester,price,False,"[""features""]",1,not_retrieved,not_retrieved,,True
public_0144,intent_override,2,100% Polyester,title,False,"[""features""]",1,not_retrieved,not_retrieved,,True
public_0144,intent_override,2,100% Polyester,features,True,"[""features""]",1,not_retrieved,7377,,True
public_0144,intent_override,2,100% Polyester,details,False,"[""features""]",1,not_retrieved,not_retrieved,,True
public_0144,intent_override,2,100% Polyester,description,False,"[""features""]",1,1144,4393,-3249,True
public_0144,intent_override,2,100% Polyester,categories,False,"[""features""]",1,79,79,0,True
public_0144,intent_override,2,100% Polyester,store,False,"[""features""]",1,not_retrieved,not_retrieved,,True
public_0144,intent_override,2,100% Polyester,price,False,"[""features""]",1,not_retrieved,not_retrieved,,True
public_0144,intent_override,3,Imported,title,False,"[""features""]",1,not_retrieved,not_retrieved,,True
public_0144,intent_override,3,Imported,features,True,"[""features""]",1,not_retrieved,14301,,True
public_0144,intent_override,3,Imported,details,False,"[""features""]",1,not_retrieved,not_retrieved,,True
public_0144,intent_override,3,Imported,description,False,"[""features""]",1,1144,1578,-434,True
public_0144,intent_override,3,Imported,categories,False,"[""features""]",1,79,79,0,True
public_0144,intent_override,3,Imported,store,False,"[""features""]",1,not_retrieved,not_retrieved,,True
public_0144,intent_override,3,Imported,price,False,"[""features""]",1,not_retrieved,not_retrieved,,True
public_0144,intent_override,4,Zipper closure,title,False,"[""features""]",1,not_retrieved,not_retrieved,,True
public_0144,intent_override,4,Zipper closure,features,True,"[""features""]",1,not_retrieved,2522,,True
public_0144,intent_override,4,Zipper closure,details,False,"[""features""]",1,not_retrieved,not_retrieved,,True
public_0144,intent_override,4,Zipper closure,description,False,"[""features""]",1,1144,2739,-1595,True
public_0144,intent_override,4,Zipper closure,categories,False,"[""features""]",1,79,79,0,True
public_0144,intent_override,4,Zipper closure,store,False,"[""features""]",1,not_retrieved,not_retrieved,,True
public_0144,intent_override,4,Zipper closure,price,False,"[""features""]",1,not_retrieved,not_retrieved,,True
public_0145,buying,1,cotton,title,False,"[""features""]",1,72,129,-57,True
public_0145,buying,1,cotton,features,True,"[""features""]",1,12,16,-4,True
public_0145,buying,1,cotton,details,False,"[""features""]",1,not_retrieved,not_retrieved,,True
public_0145,buying,1,cotton,description,False,"[""features""]",1,61,168,-107,True
public_0145,buying,1,cotton,categories,False,"[""features""]",1,40,40,0,True
public_0145,buying,1,cotton,store,False,"[""features""]",1,not_retrieved,not_retrieved,,True
public_0145,buying,1,cotton,price,False,"[""features""]",1,not_retrieved,not_retrieved,,True
public_0145,buying,2,color: black,title,False,[],0,72,86,-14,True
public_0145,buying,2,color: black,features,False,[],0,12,9,3,True
public_0145,buying,2,color: black,details,False,[],0,not_retrieved,not_retrieved,,True
public_0145,buying,2,color: black,description,False,[],0,61,31,30,True
public_0145,buying,2,color: black,categories,False,[],0,40,45,-5,True
public_0145,buying,2,color: black,store,False,[],0,not_retrieved,not_retrieved,,True
public_0145,buying,2,color: black,price,False,[],0,not_retrieved,not_retrieved,,True
public_0145,buying,3,Cotton,title,False,"[""features""]",1,72,129,-57,True
public_0145,buying,3,Cotton,features,True,"[""features""]",1,12,16,-4,True
public_0145,buying,3,Cotton,details,False,"[""features""]",1,not_retrieved,not_retrieved,,True
public_0145,buying,3,Cotton,description,False,"[""features""]",1,61,168,-107,True
public_0145,buying,3,Cotton,categories,False,"[""features""]",1,40,40,0,True
public_0145,buying,3,Cotton,store,False,"[""features""]",1,not_retrieved,not_retrieved,,True
public_0145,buying,3,Cotton,price,False,"[""features""]",1,not_retrieved,not_retrieved,,True
public_0145,buying,4,Imported,title,False,"[""features""]",1,72,74,-2,True
public_0145,buying,4,Imported,features,True,"[""features""]",1,12,14,-2,True
public_0145,buying,4,Imported,details,False,"[""features""]",1,not_retrieved,not_retrieved,,True
public_0145,buying,4,Imported,description,False,"[""features""]",1,61,71,-10,True
public_0145,buying,4,Imported,categories,False,"[""features""]",1,40,40,0,True
public_0145,buying,4,Imported,store,False,"[""features""]",1,not_retrieved,not_retrieved,,True
public_0145,buying,4,Imported,price,False,"[""features""]",1,not_retrieved,not_retrieved,,True
public_0146,buying,1,rayon,title,False,"[""features""]",1,689,731,-42,True
public_0146,buying,1,rayon,features,True,"[""features""]",1,314,108,206,True
public_0146,buying,1,rayon,details,False,"[""features""]",1,not_retrieved,not_retrieved,,True
public_0146,buying,1,rayon,description,False,"[""features""]",1,not_retrieved,not_retrieved,,True
public_0146,buying,1,rayon,categories,False,"[""features""]",1,504,504,0,True
public_0146,buying,1,rayon,store,False,"[""features""]",1,not_retrieved,not_retrieved,,True
public_0146,buying,1,rayon,price,False,"[""features""]",1,not_retrieved,not_retrieved,,True
public_0146,buying,2,50%Rayon+45%Polyester+5%Spandex,title,False,"[""features""]",1,689,1063,-374,True
public_0146,buying,2,50%Rayon+45%Polyester+5%Spandex,features,True,"[""features""]",1,314,2,312,True
public_0146,buying,2,50%Rayon+45%Polyester+5%Spandex,details,False,"[""features""]",1,not_retrieved,not_retrieved,,True
public_0146,buying,2,50%Rayon+45%Polyester+5%Spandex,description,False,"[""features""]",1,not_retrieved,not_retrieved,,True
public_0146,buying,2,50%Rayon+45%Polyester+5%Spandex,categories,False,"[""features""]",1,504,560,-56,True
public_0146,buying,2,50%Rayon+45%Polyester+5%Spandex,store,False,"[""features""]",1,not_retrieved,not_retrieved,,True
public_0146,buying,2,50%Rayon+45%Polyester+5%Spandex,price,False,"[""features""]",1,not_retrieved,not_retrieved,,True
public_0146,buying,3,Imported,title,False,"[""features""]",1,689,692,-3,True
public_0146,buying,3,Imported,features,True,"[""features""]",1,314,265,49,True
public_0146,buying,3,Imported,details,False,"[""features""]",1,not_retrieved,not_retrieved,,True
public_0146,buying,3,Imported,description,False,"[""features""]",1,not_retrieved,not_retrieved,,True
public_0146,buying,3,Imported,categories,False,"[""features""]",1,504,504,0,True
public_0146,buying,3,Imported,store,False,"[""features""]",1,not_retrieved,not_retrieved,,True
public_0146,buying,3,Imported,price,False,"[""features""]",1,not_retrieved,not_retrieved,,True
public_0146,buying,4,Zipper closure,title,False,"[""features""]",1,689,1254,-565,True
public_0146,buying,4,Zipper closure,features,True,"[""features""]",1,314,169,145,True
public_0146,buying,4,Zipper closure,details,False,"[""features""]",1,not_retrieved,not_retrieved,,True
public_0146,buying,4,Zipper closure,description,False,"[""features""]",1,not_retrieved,not_retrieved,,True
public_0146,buying,4,Zipper closure,categories,False,"[""features""]",1,504,504,0,True
public_0146,buying,4,Zipper closure,store,False,"[""features""]",1,not_retrieved,not_retrieved,,True
public_0146,buying,4,Zipper closure,price,False,"[""features""]",1,not_retrieved,not_retrieved,,True
public_0147,browsing,1,cotton,title,True,"[""title"", ""features""]",2,not_retrieved,1090,,True
public_0147,browsing,1,cotton,features,True,"[""title"", ""features""]",2,not_retrieved,8250,,True
public_0147,browsing,1,cotton,details,False,"[""title"", ""features""]",2,not_retrieved,not_retrieved,,True
public_0147,browsing,1,cotton,description,False,"[""title"", ""features""]",2,not_retrieved,not_retrieved,,True
public_0147,browsing,1,cotton,categories,False,"[""title"", ""features""]",2,505,505,0,True
public_0147,browsing,1,cotton,store,False,"[""title"", ""features""]",2,not_retrieved,not_retrieved,,True
public_0147,browsing,1,cotton,price,False,"[""title"", ""features""]",2,not_retrieved,not_retrieved,,True
public_0147,browsing,2,"95% Combed Cotton, 5% Spandex of Women's 4-PACK High Waisted Underwear. Machine Wash with laundry bag (30°C)",title,False,"[""features""]",1,not_retrieved,17,,True
public_0147,browsing,2,"95% Combed Cotton, 5% Spandex of Women's 4-PACK High Waisted Underwear. Machine Wash with laundry bag (30°C)",features,True,"[""features""]",1,not_retrieved,3,,True
public_0147,browsing,2,"95% Combed Cotton, 5% Spandex of Women's 4-PACK High Waisted Underwear. Machine Wash with laundry bag (30°C)",details,False,"[""features""]",1,not_retrieved,not_retrieved,,True
public_0147,browsing,2,"95% Combed Cotton, 5% Spandex of Women's 4-PACK High Waisted Underwear. Machine Wash with laundry bag (30°C)",description,False,"[""features""]",1,not_retrieved,not_retrieved,,True
public_0147,browsing,2,"95% Combed Cotton, 5% Spandex of Women's 4-PACK High Waisted Underwear. Machine Wash with laundry bag (30°C)",categories,False,"[""features""]",1,505,534,-29,True
public_0147,browsing,2,"95% Combed Cotton, 5% Spandex of Women's 4-PACK High Waisted Underwear. Machine Wash with laundry bag (30°C)",store,False,"[""features""]",1,not_retrieved,not_retrieved,,True
public_0147,browsing,2,"95% Combed Cotton, 5% Spandex of Women's 4-PACK High Waisted Underwear. Machine Wash with laundry bag (30°C)",price,False,"[""features""]",1,not_retrieved,not_retrieved,,True
public_0147,browsing,3,Hand Wash Only,title,False,"[""features""]",1,not_retrieved,not_retrieved,,True
public_0147,browsing,3,Hand Wash Only,features,True,"[""features""]",1,not_retrieved,5712,,True
public_0147,browsing,3,Hand Wash Only,details,False,"[""features""]",1,not_retrieved,not_retrieved,,True
public_0147,browsing,3,Hand Wash Only,description,False,"[""features""]",1,not_retrieved,not_retrieved,,True
public_0147,browsing,3,Hand Wash Only,categories,False,"[""features""]",1,505,505,0,True
public_0147,browsing,3,Hand Wash Only,store,False,"[""features""]",1,not_retrieved,not_retrieved,,True
public_0147,browsing,3,Hand Wash Only,price,False,"[""features""]",1,not_retrieved,not_retrieved,,True
public_0147,browsing,4,"STRETCHY COVERED WAISTBAND: Soft stretchy DOUBLE-LAYER fabric covered waistband sits right at the waist. No rolling or bunching, with no compression but perfectly snuggish. The hig",title,False,"[""features""]",1,not_retrieved,3826,,True
public_0147,browsing,4,"STRETCHY COVERED WAISTBAND: Soft stretchy DOUBLE-LAYER fabric covered waistband sits right at the waist. No rolling or bunching, with no compression but perfectly snuggish. The hig",features,True,"[""features""]",1,not_retrieved,3,,True
public_0147,browsing,4,"STRETCHY COVERED WAISTBAND: Soft stretchy DOUBLE-LAYER fabric covered waistband sits right at the waist. No rolling or bunching, with no compression but perfectly snuggish. The hig",details,False,"[""features""]",1,not_retrieved,not_retrieved,,True
public_0147,browsing,4,"STRETCHY COVERED WAISTBAND: Soft stretchy DOUBLE-LAYER fabric covered waistband sits right at the waist. No rolling or bunching, with no compression but perfectly snuggish. The hig",description,False,"[""features""]",1,not_retrieved,not_retrieved,,True
public_0147,browsing,4,"STRETCHY COVERED WAISTBAND: Soft stretchy DOUBLE-LAYER fabric covered waistband sits right at the waist. No rolling or bunching, with no compression but perfectly snuggish. The hig",categories,False,"[""features""]",1,505,522,-17,True
public_0147,browsing,4,"STRETCHY COVERED WAISTBAND: Soft stretchy DOUBLE-LAYER fabric covered waistband sits right at the waist. No rolling or bunching, with no compression but perfectly snuggish. The hig",store,False,"[""features""]",1,not_retrieved,not_retrieved,,True
public_0147,browsing,4,"STRETCHY COVERED WAISTBAND: Soft stretchy DOUBLE-LAYER fabric covered waistband sits right at the waist. No rolling or bunching, with no compression but perfectly snuggish. The hig",price,False,"[""features""]",1,not_retrieved,not_retrieved,,True
public_0148,buying,1,cotton,title,True,"[""title"", ""features"", ""description""]",3,not_retrieved,773,,True
public_0148,buying,1,cotton,features,True,"[""title"", ""features"", ""description""]",3,not_retrieved,3999,,True
public_0148,buying,1,cotton,details,False,"[""title"", ""features"", ""description""]",3,not_retrieved,not_retrieved,,True
public_0148,buying,1,cotton,description,True,"[""title"", ""features"", ""description""]",3,6,2,4,True
public_0148,buying,1,cotton,categories,False,"[""title"", ""features"", ""description""]",3,24,24,0,True
public_0148,buying,1,cotton,store,False,"[""title"", ""features"", ""description""]",3,not_retrieved,not_retrieved,,True
public_0148,buying,1,cotton,price,False,"[""title"", ""features"", ""description""]",3,not_retrieved,not_retrieved,,True
public_0148,buying,2,"50% Cotton, 50% Polyester",title,False,"[""features""]",1,not_retrieved,1034,,True
public_0148,buying,2,"50% Cotton, 50% Polyester",features,True,"[""features""]",1,not_retrieved,543,,True
public_0148,buying,2,"50% Cotton, 50% Polyester",details,False,"[""features""]",1,not_retrieved,not_retrieved,,True
public_0148,buying,2,"50% Cotton, 50% Polyester",description,False,"[""features""]",1,6,50,-44,True
public_0148,buying,2,"50% Cotton, 50% Polyester",categories,False,"[""features""]",1,24,24,0,True
public_0148,buying,2,"50% Cotton, 50% Polyester",store,False,"[""features""]",1,not_retrieved,not_retrieved,,True
public_0148,buying,2,"50% Cotton, 50% Polyester",price,False,"[""features""]",1,not_retrieved,not_retrieved,,True
public_0148,buying,3,Imported,title,False,"[""features""]",1,not_retrieved,not_retrieved,,True
public_0148,buying,3,Imported,features,True,"[""features""]",1,not_retrieved,10676,,True
public_0148,buying,3,Imported,details,False,"[""features""]",1,not_retrieved,not_retrieved,,True
public_0148,buying,3,Imported,description,False,"[""features""]",1,6,7,-1,True
public_0148,buying,3,Imported,categories,False,"[""features""]",1,24,24,0,True
public_0148,buying,3,Imported,store,False,"[""features""]",1,not_retrieved,not_retrieved,,True
public_0148,buying,3,Imported,price,False,"[""features""]",1,not_retrieved,not_retrieved,,True
public_0148,buying,4,Pull On closure,title,False,"[""features""]",1,not_retrieved,not_retrieved,,True
public_0148,buying,4,Pull On closure,features,True,"[""features""]",1,not_retrieved,4407,,True
public_0148,buying,4,Pull On closure,details,False,"[""features""]",1,not_retrieved,not_retrieved,,True
public_0148,buying,4,Pull On closure,description,False,"[""features""]",1,6,18,-12,True
public_0148,buying,4,Pull On closure,categories,False,"[""features""]",1,24,31,-7,True
public_0148,buying,4,Pull On closure,store,False,"[""features""]",1,not_retrieved,not_retrieved,,True
public_0148,buying,4,Pull On closure,price,False,"[""features""]",1,not_retrieved,not_retrieved,,True
public_0149,buying,1,leather,title,True,"[""title"", ""features""]",2,not_retrieved,2086,,True
public_0149,buying,1,leather,features,True,"[""title"", ""features""]",2,not_retrieved,6968,,True
public_0149,buying,1,leather,details,False,"[""title"", ""features""]",2,not_retrieved,not_retrieved,,True
public_0149,buying,1,leather,description,False,"[""title"", ""features""]",2,not_retrieved,not_retrieved,,True
public_0149,buying,1,leather,categories,False,"[""title"", ""features""]",2,101,101,0,True
public_0149,buying,1,leather,store,False,"[""title"", ""features""]",2,not_retrieved,not_retrieved,,True
public_0149,buying,1,leather,price,False,"[""title"", ""features""]",2,not_retrieved,not_retrieved,,True
public_0149,buying,2,color: black,title,False,[],0,not_retrieved,8305,,True
public_0149,buying,2,color: black,features,False,[],0,not_retrieved,not_retrieved,,True
public_0149,buying,2,color: black,details,False,[],0,not_retrieved,1194,,True
public_0149,buying,2,color: black,description,False,[],0,not_retrieved,not_retrieved,,True
public_0149,buying,2,color: black,categories,False,[],0,101,101,0,True
public_0149,buying,2,color: black,store,False,[],0,not_retrieved,not_retrieved,,True
public_0149,buying,2,color: black,price,False,[],0,not_retrieved,not_retrieved,,True
public_0149,buying,3,PU,title,True,"[""title"", ""features""]",2,not_retrieved,191,,True
public_0149,buying,3,PU,features,True,"[""title"", ""features""]",2,not_retrieved,502,,True
public_0149,buying,3,PU,details,False,"[""title"", ""features""]",2,not_retrieved,not_retrieved,,True
public_0149,buying,3,PU,description,False,"[""title"", ""features""]",2,not_retrieved,not_retrieved,,True
public_0149,buying,3,PU,categories,False,"[""title"", ""features""]",2,101,101,0,True
public_0149,buying,3,PU,store,False,"[""title"", ""features""]",2,not_retrieved,not_retrieved,,True
public_0149,buying,3,PU,price,False,"[""title"", ""features""]",2,not_retrieved,not_retrieved,,True
public_0149,buying,4,进口,title,False,"[""features""]",1,not_retrieved,not_retrieved,,True
public_0149,buying,4,进口,features,True,"[""features""]",1,not_retrieved,not_retrieved,,True
public_0149,buying,4,进口,details,False,"[""features""]",1,not_retrieved,not_retrieved,,True
public_0149,buying,4,进口,description,False,"[""features""]",1,not_retrieved,not_retrieved,,True
public_0149,buying,4,进口,categories,False,"[""features""]",1,101,101,0,True
public_0149,buying,4,进口,store,False,"[""features""]",1,not_retrieved,not_retrieved,,True
public_0149,buying,4,进口,price,False,"[""features""]",1,not_retrieved,not_retrieved,,True
public_0150,browsing,1,polyester,title,False,"[""features""]",1,not_retrieved,not_retrieved,,True
public_0150,browsing,1,polyester,features,True,"[""features""]",1,6,5,1,True
public_0150,browsing,1,polyester,details,False,"[""features""]",1,not_retrieved,not_retrieved,,True
public_0150,browsing,1,polyester,description,False,"[""features""]",1,11,12,-1,True
public_0150,browsing,1,polyester,categories,False,"[""features""]",1,11,11,0,True
public_0150,browsing,1,polyester,store,False,"[""features""]",1,not_retrieved,not_retrieved,,True
public_0150,browsing,1,polyester,price,False,"[""features""]",1,not_retrieved,not_retrieved,,True
public_0150,browsing,2,"65% Polyester, 35% Cotton",title,False,"[""features""]",1,not_retrieved,not_retrieved,,True
public_0150,browsing,2,"65% Polyester, 35% Cotton",features,True,"[""features""]",1,6,2,4,True
public_0150,browsing,2,"65% Polyester, 35% Cotton",details,False,"[""features""]",1,not_retrieved,not_retrieved,,True
public_0150,browsing,2,"65% Polyester, 35% Cotton",description,False,"[""features""]",1,11,97,-86,True
public_0150,browsing,2,"65% Polyester, 35% Cotton",categories,False,"[""features""]",1,11,11,0,True
public_0150,browsing,2,"65% Polyester, 35% Cotton",store,False,"[""features""]",1,not_retrieved,not_retrieved,,True
public_0150,browsing,2,"65% Polyester, 35% Cotton",price,False,"[""features""]",1,not_retrieved,not_retrieved,,True
public_0150,browsing,3,CLOSURE: Zip Front closure,title,False,"[""features""]",1,not_retrieved,not_retrieved,,True
public_0150,browsing,3,CLOSURE: Zip Front closure,features,True,"[""features""]",1,6,1,5,True
public_0150,browsing,3,CLOSURE: Zip Front closure,details,False,"[""features""]",1,not_retrieved,not_retrieved,,True
public_0150,browsing,3,CLOSURE: Zip Front closure,description,False,"[""features""]",1,11,15,-4,True
public_0150,browsing,3,CLOSURE: Zip Front closure,categories,False,"[""features""]",1,11,11,0,True
public_0150,browsing,3,CLOSURE: Zip Front closure,store,False,"[""features""]",1,not_retrieved,not_retrieved,,True
public_0150,browsing,3,CLOSURE: Zip Front closure,price,False,"[""features""]",1,not_retrieved,not_retrieved,,True
public_0150,browsing,4,Hand Wash Only,title,False,"[""features""]",1,not_retrieved,not_retrieved,,True
public_0150,browsing,4,Hand Wash Only,features,True,"[""features""]",1,6,1,5,True
public_0150,browsing,4,Hand Wash Only,details,False,"[""features""]",1,not_retrieved,not_retrieved,,True
public_0150,browsing,4,Hand Wash Only,description,False,"[""features""]",1,11,30,-19,True
public_0150,browsing,4,Hand Wash Only,categories,False,"[""features""]",1,11,11,0,True
public_0150,browsing,4,Hand Wash Only,store,False,"[""features""]",1,not_retrieved,not_retrieved,,True
public_0150,browsing,4,Hand Wash Only,price,False,"[""features""]",1,not_retrieved,not_retrieved,,True
public_0151,browsing,1,leather,title,False,"[""features"", ""description""]",2,not_retrieved,not_retrieved,,True
public_0151,browsing,1,leather,features,True,"[""features"", ""description""]",2,not_retrieved,8899,,True
public_0151,browsing,1,leather,details,False,"[""features"", ""description""]",2,not_retrieved,not_retrieved,,True
public_0151,browsing,1,leather,description,True,"[""features"", ""description""]",2,not_retrieved,3493,,True
public_0151,browsing,1,leather,categories,False,"[""features"", ""description""]",2,43,43,0,True
public_0151,browsing,1,leather,store,False,"[""features"", ""description""]",2,not_retrieved,not_retrieved,,True
public_0151,browsing,1,leather,price,False,"[""features"", ""description""]",2,not_retrieved,not_retrieved,,True
public_0151,browsing,2,Imported,title,False,"[""features""]",1,not_retrieved,not_retrieved,,True
public_0151,browsing,2,Imported,features,True,"[""features""]",1,not_retrieved,15722,,True
public_0151,browsing,2,Imported,details,False,"[""features""]",1,not_retrieved,not_retrieved,,True
public_0151,browsing,2,Imported,description,False,"[""features""]",1,not_retrieved,not_retrieved,,True
public_0151,browsing,2,Imported,categories,False,"[""features""]",1,43,43,0,True
public_0151,browsing,2,Imported,store,False,"[""features""]",1,not_retrieved,not_retrieved,,True
public_0151,browsing,2,Imported,price,False,"[""features""]",1,not_retrieved,not_retrieved,,True
public_0151,browsing,3,Rubber sole,title,False,"[""features""]",1,not_retrieved,not_retrieved,,True
public_0151,browsing,3,Rubber sole,features,True,"[""features""]",1,not_retrieved,5843,,True
public_0151,browsing,3,Rubber sole,details,False,"[""features""]",1,not_retrieved,not_retrieved,,True
public_0151,browsing,3,Rubber sole,description,False,"[""features""]",1,not_retrieved,2649,,True
public_0151,browsing,3,Rubber sole,categories,False,"[""features""]",1,43,43,0,True
public_0151,browsing,3,Rubber sole,store,False,"[""features""]",1,not_retrieved,not_retrieved,,True
public_0151,browsing,3,Rubber sole,price,False,"[""features""]",1,not_retrieved,not_retrieved,,True
public_0151,browsing,4,Shaft measures approximately Ankle from arch,title,False,"[""features""]",1,not_retrieved,not_retrieved,,True
public_0151,browsing,4,Shaft measures approximately Ankle from arch,features,True,"[""features""]",1,not_retrieved,1251,,True
public_0151,browsing,4,Shaft measures approximately Ankle from arch,details,False,"[""features""]",1,not_retrieved,not_retrieved,,True
public_0151,browsing,4,Shaft measures approximately Ankle from arch,description,False,"[""features""]",1,not_retrieved,2433,,True
public_0151,browsing,4,Shaft measures approximately Ankle from arch,categories,False,"[""features""]",1,43,43,0,True
public_0151,browsing,4,Shaft measures approximately Ankle from arch,store,False,"[""features""]",1,not_retrieved,not_retrieved,,True
public_0151,browsing,4,Shaft measures approximately Ankle from arch,price,False,"[""features""]",1,not_retrieved,not_retrieved,,True
public_0152,buying,1,leather,title,True,"[""title"", ""features"", ""description""]",3,not_retrieved,1779,,True
public_0152,buying,1,leather,features,True,"[""title"", ""features"", ""description""]",3,not_retrieved,5325,,True
public_0152,buying,1,leather,details,False,"[""title"", ""features"", ""description""]",3,not_retrieved,not_retrieved,,True
public_0152,buying,1,leather,description,True,"[""title"", ""features"", ""description""]",3,573,2326,-1753,True
public_0152,buying,1,leather,categories,False,"[""title"", ""features"", ""description""]",3,33,33,0,True
public_0152,buying,1,leather,store,False,"[""title"", ""features"", ""description""]",3,not_retrieved,not_retrieved,,True
public_0152,buying,1,leather,price,False,"[""title"", ""features"", ""description""]",3,not_retrieved,not_retrieved,,True
public_0152,buying,2,color: brown,title,False,[],0,not_retrieved,1121,,True
public_0152,buying,2,color: brown,features,False,[],0,not_retrieved,not_retrieved,,True
public_0152,buying,2,color: brown,details,False,[],0,not_retrieved,not_retrieved,,True
public_0152,buying,2,color: brown,description,False,[],0,573,2919,-2346,True
public_0152,buying,2,color: brown,categories,False,[],0,33,38,-5,True
public_0152,buying,2,color: brown,store,False,[],0,not_retrieved,not_retrieved,,True
public_0152,buying,2,color: brown,price,False,[],0,not_retrieved,not_retrieved,,True
public_0152,buying,3,Gold-tone watch in stainless steel featuring black two-step dial with date window at 3 o'clock and croco-embossed leather band. Case diameter : 36 mm,title,False,"[""features""]",1,not_retrieved,406,,True
public_0152,buying,3,Gold-tone watch in stainless steel featuring black two-step dial with date window at 3 o'clock and croco-embossed leather band. Case diameter : 36 mm,features,True,"[""features""]",1,not_retrieved,1,,True
public_0152,buying,3,Gold-tone watch in stainless steel featuring black two-step dial with date window at 3 o'clock and croco-embossed leather band. Case diameter : 36 mm,details,False,"[""features""]",1,not_retrieved,43809,,True
public_0152,buying,3,Gold-tone watch in stainless steel featuring black two-step dial with date window at 3 o'clock and croco-embossed leather band. Case diameter : 36 mm,description,False,"[""features""]",1,573,174,399,True
public_0152,buying,3,Gold-tone watch in stainless steel featuring black two-step dial with date window at 3 o'clock and croco-embossed leather band. Case diameter : 36 mm,categories,False,"[""features""]",1,33,39,-6,True
public_0152,buying,3,Gold-tone watch in stainless steel featuring black two-step dial with date window at 3 o'clock and croco-embossed leather band. Case diameter : 36 mm,store,False,"[""features""]",1,not_retrieved,not_retrieved,,True
public_0152,buying,3,Gold-tone watch in stainless steel featuring black two-step dial with date window at 3 o'clock and croco-embossed leather band. Case diameter : 36 mm,price,False,"[""features""]",1,not_retrieved,not_retrieved,,True
public_0152,buying,4,Japanese quartz movement with analog display,title,False,"[""features""]",1,not_retrieved,400,,True
public_0152,buying,4,Japanese quartz movement with analog display,features,True,"[""features""]",1,not_retrieved,18,,True
public_0152,buying,4,Japanese quartz movement with analog display,details,False,"[""features""]",1,not_retrieved,not_retrieved,,True
public_0152,buying,4,Japanese quartz movement with analog display,description,False,"[""features""]",1,573,1269,-696,True
public_0152,buying,4,Japanese quartz movement with analog display,categories,False,"[""features""]",1,33,33,0,True
public_0152,buying,4,Japanese quartz movement with analog display,store,False,"[""features""]",1,not_retrieved,not_retrieved,,True
public_0152,buying,4,Japanese quartz movement with analog display,price,False,"[""features""]",1,not_retrieved,not_retrieved,,True
public_0153,browsing,1,leather,title,False,"[""features""]",1,808,902,-94,True
public_0153,browsing,1,leather,features,True,"[""features""]",1,68,47,21,True
public_0153,browsing,1,leather,details,False,"[""features""]",1,not_retrieved,not_retrieved,,True
public_0153,browsing,1,leather,description,False,"[""features""]",1,not_retrieved,not_retrieved,,True
public_0153,browsing,1,leather,categories,False,"[""features""]",1,273,273,0,True
public_0153,browsing,1,leather,store,False,"[""features""]",1,not_retrieved,not_retrieved,,True
public_0153,browsing,1,leather,price,False,"[""features""]",1,not_retrieved,not_retrieved,,True
public_0153,browsing,2,PU Leather,title,False,"[""features""]",1,808,1106,-298,True
public_0153,browsing,2,PU Leather,features,True,"[""features""]",1,68,7,61,True
public_0153,browsing,2,PU Leather,details,False,"[""features""]",1,not_retrieved,not_retrieved,,True
public_0153,browsing,2,PU Leather,description,False,"[""features""]",1,not_retrieved,not_retrieved,,True
public_0153,browsing,2,PU Leather,categories,False,"[""features""]",1,273,273,0,True
public_0153,browsing,2,PU Leather,store,False,"[""features""]",1,not_retrieved,not_retrieved,,True
public_0153,browsing,2,PU Leather,price,False,"[""features""]",1,not_retrieved,not_retrieved,,True
public_0153,browsing,3,Rubber sole,title,False,"[""features""]",1,808,1082,-274,True
public_0153,browsing,3,Rubber sole,features,True,"[""features""]",1,68,74,-6,True
public_0153,browsing,3,Rubber sole,details,False,"[""features""]",1,not_retrieved,not_retrieved,,True
public_0153,browsing,3,Rubber sole,description,False,"[""features""]",1,not_retrieved,not_retrieved,,True
public_0153,browsing,3,Rubber sole,categories,False,"[""features""]",1,273,273,0,True
public_0153,browsing,3,Rubber sole,store,False,"[""features""]",1,not_retrieved,not_retrieved,,True
public_0153,browsing,3,Rubber sole,price,False,"[""features""]",1,not_retrieved,not_retrieved,,True
public_0153,browsing,4,Shaft measures approximately Ankle from arch,title,False,"[""features""]",1,808,1025,-217,True
public_0153,browsing,4,Shaft measures approximately Ankle from arch,features,True,"[""features""]",1,68,131,-63,True
public_0153,browsing,4,Shaft measures approximately Ankle from arch,details,False,"[""features""]",1,not_retrieved,not_retrieved,,True
public_0153,browsing,4,Shaft measures approximately Ankle from arch,description,False,"[""features""]",1,not_retrieved,not_retrieved,,True
public_0153,browsing,4,Shaft measures approximately Ankle from arch,categories,False,"[""features""]",1,273,273,0,True
public_0153,browsing,4,Shaft measures approximately Ankle from arch,store,False,"[""features""]",1,not_retrieved,not_retrieved,,True
public_0153,browsing,4,Shaft measures approximately Ankle from arch,price,False,"[""features""]",1,not_retrieved,not_retrieved,,True
public_0154,buying,1,cotton,title,False,"[""description""]",1,not_retrieved,not_retrieved,,True
public_0154,buying,1,cotton,features,False,"[""description""]",1,not_retrieved,not_retrieved,,True
public_0154,buying,1,cotton,details,False,"[""description""]",1,not_retrieved,not_retrieved,,True
public_0154,buying,1,cotton,description,True,"[""description""]",1,not_retrieved,783,,True
public_0154,buying,1,cotton,categories,False,"[""description""]",1,24,24,0,True
public_0154,buying,1,cotton,store,False,"[""description""]",1,not_retrieved,not_retrieved,,True
public_0154,buying,1,cotton,price,False,"[""description""]",1,not_retrieved,not_retrieved,,True
public_0154,buying,2,color: white,title,False,[],0,not_retrieved,not_retrieved,,True
public_0154,buying,2,color: white,features,False,[],0,not_retrieved,not_retrieved,,True
public_0154,buying,2,color: white,details,False,[],0,not_retrieved,not_retrieved,,True
public_0154,buying,2,color: white,description,False,[],0,not_retrieved,510,,True
public_0154,buying,2,color: white,categories,False,[],0,24,29,-5,True
public_0154,buying,2,color: white,store,False,[],0,not_retrieved,not_retrieved,,True
public_0154,buying,2,color: white,price,False,[],0,not_retrieved,not_retrieved,,True
public_0154,buying,3,Hand Wash Only,title,False,"[""features""]",1,not_retrieved,not_retrieved,,True
public_0154,buying,3,Hand Wash Only,features,True,"[""features""]",1,not_retrieved,89,,True
public_0154,buying,3,Hand Wash Only,details,False,"[""features""]",1,not_retrieved,not_retrieved,,True
public_0154,buying,3,Hand Wash Only,description,False,"[""features""]",1,not_retrieved,not_retrieved,,True
public_0154,buying,3,Hand Wash Only,categories,False,"[""features""]",1,24,24,0,True
public_0154,buying,3,Hand Wash Only,store,False,"[""features""]",1,not_retrieved,not_retrieved,,True
public_0154,buying,3,Hand Wash Only,price,False,"[""features""]",1,not_retrieved,not_retrieved,,True
public_0154,buying,4,Item model number: 5006715,title,False,"[""details""]",1,not_retrieved,not_retrieved,,True
public_0154,buying,4,Item model number: 5006715,features,False,"[""details""]",1,not_retrieved,not_retrieved,,True
public_0154,buying,4,Item model number: 5006715,details,True,"[""details""]",1,not_retrieved,1,,True
public_0154,buying,4,Item model number: 5006715,description,False,"[""details""]",1,not_retrieved,not_retrieved,,True
public_0154,buying,4,Item model number: 5006715,categories,False,"[""details""]",1,24,24,0,True
public_0154,buying,4,Item model number: 5006715,store,False,"[""details""]",1,not_retrieved,not_retrieved,,True
public_0154,buying,4,Item model number: 5006715,price,False,"[""details""]",1,not_retrieved,not_retrieved,,True
public_0155,buying,1,polyester,title,False,"[""features""]",1,520,570,-50,True
public_0155,buying,1,polyester,features,True,"[""features""]",1,38,34,4,True
public_0155,buying,1,polyester,details,False,"[""features""]",1,not_retrieved,not_retrieved,,True
public_0155,buying,1,polyester,description,False,"[""features""]",1,not_retrieved,not_retrieved,,True
public_0155,buying,1,polyester,categories,False,"[""features""]",1,63,63,0,True
public_0155,buying,1,polyester,store,False,"[""features""]",1,not_retrieved,not_retrieved,,True
public_0155,buying,1,polyester,price,False,"[""features""]",1,not_retrieved,not_retrieved,,True
public_0155,buying,2,100% Polyester,title,False,"[""features""]",1,520,849,-329,True
public_0155,buying,2,100% Polyester,features,True,"[""features""]",1,38,29,9,True
public_0155,buying,2,100% Polyester,details,False,"[""features""]",1,not_retrieved,not_retrieved,,True
public_0155,buying,2,100% Polyester,description,False,"[""features""]",1,not_retrieved,not_retrieved,,True
public_0155,buying,2,100% Polyester,categories,False,"[""features""]",1,63,63,0,True
public_0155,buying,2,100% Polyester,store,False,"[""features""]",1,not_retrieved,not_retrieved,,True
public_0155,buying,2,100% Polyester,price,False,"[""features""]",1,not_retrieved,not_retrieved,,True
public_0155,buying,3,Imported,title,False,"[""features""]",1,520,523,-3,True
public_0155,buying,3,Imported,features,True,"[""features""]",1,38,34,4,True
public_0155,buying,3,Imported,details,False,"[""features""]",1,not_retrieved,not_retrieved,,True
public_0155,buying,3,Imported,description,False,"[""features""]",1,not_retrieved,not_retrieved,,True
public_0155,buying,3,Imported,categories,False,"[""features""]",1,63,63,0,True
public_0155,buying,3,Imported,store,False,"[""features""]",1,not_retrieved,not_retrieved,,True
public_0155,buying,3,Imported,price,False,"[""features""]",1,not_retrieved,not_retrieved,,True
public_0155,buying,4,Drawstring closure,title,False,"[""features""]",1,520,967,-447,True
public_0155,buying,4,Drawstring closure,features,True,"[""features""]",1,38,17,21,True
public_0155,buying,4,Drawstring closure,details,False,"[""features""]",1,not_retrieved,not_retrieved,,True
public_0155,buying,4,Drawstring closure,description,False,"[""features""]",1,not_retrieved,not_retrieved,,True
public_0155,buying,4,Drawstring closure,categories,False,"[""features""]",1,63,63,0,True
public_0155,buying,4,Drawstring closure,store,False,"[""features""]",1,not_retrieved,not_retrieved,,True
public_0155,buying,4,Drawstring closure,price,False,"[""features""]",1,not_retrieved,not_retrieved,,True
public_0156,buying,1,Easy cinch opening with durable cording,title,False,"[""features""]",1,not_retrieved,not_retrieved,,True
public_0156,buying,1,Easy cinch opening with durable cording,features,True,"[""features""]",1,not_retrieved,1,,True
public_0156,buying,1,Easy cinch opening with durable cording,details,False,"[""features""]",1,7,7,0,True
public_0156,buying,1,Easy cinch opening with durable cording,description,False,"[""features""]",1,not_retrieved,11490,,True
public_0156,buying,1,Easy cinch opening with durable cording,categories,False,"[""features""]",1,19,19,0,True
public_0156,buying,1,Easy cinch opening with durable cording,store,False,"[""features""]",1,not_retrieved,not_retrieved,,True
public_0156,buying,1,Easy cinch opening with durable cording,price,False,"[""features""]",1,not_retrieved,not_retrieved,,True
public_0156,buying,2,color: grey,title,False,[],0,not_retrieved,1087,,True
public_0156,buying,2,color: grey,features,False,[],0,not_retrieved,not_retrieved,,True
public_0156,buying,2,color: grey,details,False,[],0,7,7,0,True
public_0156,buying,2,color: grey,description,False,[],0,not_retrieved,not_retrieved,,True
public_0156,buying,2,color: grey,categories,False,[],0,19,19,0,True
public_0156,buying,2,color: grey,store,False,[],0,not_retrieved,not_retrieved,,True
public_0156,buying,2,color: grey,price,False,[],0,not_retrieved,not_retrieved,,True
public_0156,buying,3,Zippered valuables pocket to hold your phone and small stuff,title,False,"[""features""]",1,not_retrieved,not_retrieved,,True
public_0156,buying,3,Zippered valuables pocket to hold your phone and small stuff,features,True,"[""features""]",1,not_retrieved,1,,True
public_0156,buying,3,Zippered valuables pocket to hold your phone and small stuff,details,False,"[""features""]",1,7,8,-1,True
public_0156,buying,3,Zippered valuables pocket to hold your phone and small stuff,description,False,"[""features""]",1,not_retrieved,447,,True
public_0156,buying,3,Zippered valuables pocket to hold your phone and small stuff,categories,False,"[""features""]",1,19,19,0,True
public_0156,buying,3,Zippered valuables pocket to hold your phone and small stuff,store,False,"[""features""]",1,not_retrieved,not_retrieved,,True
public_0156,buying,3,Zippered valuables pocket to hold your phone and small stuff,price,False,"[""features""]",1,not_retrieved,not_retrieved,,True
public_0156,buying,4,Bold 3-stripe brand read,title,False,"[""features""]",1,not_retrieved,not_retrieved,,True
public_0156,buying,4,Bold 3-stripe brand read,features,True,"[""features""]",1,not_retrieved,1,,True
public_0156,buying,4,Bold 3-stripe brand read,details,False,"[""features""]",1,7,7,0,True
public_0156,buying,4,Bold 3-stripe brand read,description,False,"[""features""]",1,not_retrieved,not_retrieved,,True
public_0156,buying,4,Bold 3-stripe brand read,categories,False,"[""features""]",1,19,19,0,True
public_0156,buying,4,Bold 3-stripe brand read,store,False,"[""features""]",1,not_retrieved,not_retrieved,,True
public_0156,buying,4,Bold 3-stripe brand read,price,False,"[""features""]",1,not_retrieved,not_retrieved,,True
public_0157,buying,1,nylon,title,False,"[""features""]",1,205,248,-43,True
public_0157,buying,1,nylon,features,True,"[""features""]",1,238,45,193,True
public_0157,buying,1,nylon,details,False,"[""features""]",1,not_retrieved,not_retrieved,,True
public_0157,buying,1,nylon,description,False,"[""features""]",1,278,334,-56,True
public_0157,buying,1,nylon,categories,False,"[""features""]",1,36,36,0,True
public_0157,buying,1,nylon,store,False,"[""features""]",1,not_retrieved,not_retrieved,,True
public_0157,buying,1,nylon,price,False,"[""features""]",1,not_retrieved,not_retrieved,,True
public_0157,buying,2,Nylon,title,False,"[""features""]",1,205,248,-43,True
public_0157,buying,2,Nylon,features,True,"[""features""]",1,238,45,193,True
public_0157,buying,2,Nylon,details,False,"[""features""]",1,not_retrieved,not_retrieved,,True
public_0157,buying,2,Nylon,description,False,"[""features""]",1,278,334,-56,True
public_0157,buying,2,Nylon,categories,False,"[""features""]",1,36,36,0,True
public_0157,buying,2,Nylon,store,False,"[""features""]",1,not_retrieved,not_retrieved,,True
public_0157,buying,2,Nylon,price,False,"[""features""]",1,not_retrieved,not_retrieved,,True
public_0157,buying,3,Rubber sole,title,False,"[""features""]",1,205,319,-114,True
public_0157,buying,3,Rubber sole,features,True,"[""features""]",1,238,63,175,True
public_0157,buying,3,Rubber sole,details,False,"[""features""]",1,not_retrieved,not_retrieved,,True
public_0157,buying,3,Rubber sole,description,False,"[""features""]",1,278,568,-290,True
public_0157,buying,3,Rubber sole,categories,False,"[""features""]",1,36,36,0,True
public_0157,buying,3,Rubber sole,store,False,"[""features""]",1,not_retrieved,not_retrieved,,True
public_0157,buying,3,Rubber sole,price,False,"[""features""]",1,not_retrieved,not_retrieved,,True
public_0157,buying,4,"Seam-sealed waterproof snow boot featuring plush faux-fur collar, quick bungee lacing, and grippy PEAK snow and ice traction sole",title,False,"[""features""]",1,205,267,-62,True
public_0157,buying,4,"Seam-sealed waterproof snow boot featuring plush faux-fur collar, quick bungee lacing, and grippy PEAK snow and ice traction sole",features,True,"[""features""]",1,238,1,237,True
public_0157,buying,4,"Seam-sealed waterproof snow boot featuring plush faux-fur collar, quick bungee lacing, and grippy PEAK snow and ice traction sole",details,False,"[""features""]",1,not_retrieved,not_retrieved,,True
public_0157,buying,4,"Seam-sealed waterproof snow boot featuring plush faux-fur collar, quick bungee lacing, and grippy PEAK snow and ice traction sole",description,False,"[""features""]",1,278,82,196,True
public_0157,buying,4,"Seam-sealed waterproof snow boot featuring plush faux-fur collar, quick bungee lacing, and grippy PEAK snow and ice traction sole",categories,False,"[""features""]",1,36,36,0,True
public_0157,buying,4,"Seam-sealed waterproof snow boot featuring plush faux-fur collar, quick bungee lacing, and grippy PEAK snow and ice traction sole",store,False,"[""features""]",1,not_retrieved,not_retrieved,,True
public_0157,buying,4,"Seam-sealed waterproof snow boot featuring plush faux-fur collar, quick bungee lacing, and grippy PEAK snow and ice traction sole",price,False,"[""features""]",1,not_retrieved,not_retrieved,,True
public_0158,browsing,1,Roomy enough to fit any adult.You can see through the nostrils or the mouth,title,False,"[""features""]",1,not_retrieved,not_retrieved,,True
public_0158,browsing,1,Roomy enough to fit any adult.You can see through the nostrils or the mouth,features,True,"[""features""]",1,54,1,53,True
public_0158,browsing,1,Roomy enough to fit any adult.You can see through the nostrils or the mouth,details,False,"[""features""]",1,2,33,-31,True
public_0158,browsing,1,Roomy enough to fit any adult.You can see through the nostrils or the mouth,description,False,"[""features""]",1,not_retrieved,not_retrieved,,True
public_0158,browsing,1,Roomy enough to fit any adult.You can see through the nostrils or the mouth,categories,False,"[""features""]",1,14,24,-10,True
public_0158,browsing,1,Roomy enough to fit any adult.You can see through the nostrils or the mouth,store,False,"[""features""]",1,not_retrieved,not_retrieved,,True
public_0158,browsing,1,Roomy enough to fit any adult.You can see through the nostrils or the mouth,price,False,"[""features""]",1,not_retrieved,not_retrieved,,True
public_0158,browsing,2,"Made from 100% natural latex, environmental friendly and non-toxic. We offer a range of quality choices with the best price",title,False,"[""features""]",1,not_retrieved,not_retrieved,,True
public_0158,browsing,2,"Made from 100% natural latex, environmental friendly and non-toxic. We offer a range of quality choices with the best price",features,True,"[""features""]",1,54,1,53,True
public_0158,browsing,2,"Made from 100% natural latex, environmental friendly and non-toxic. We offer a range of quality choices with the best price",details,False,"[""features""]",1,2,19,-17,True
public_0158,browsing,2,"Made from 100% natural latex, environmental friendly and non-toxic. We offer a range of quality choices with the best price",description,False,"[""features""]",1,not_retrieved,not_retrieved,,True
public_0158,browsing,2,"Made from 100% natural latex, environmental friendly and non-toxic. We offer a range of quality choices with the best price",categories,False,"[""features""]",1,14,37,-23,True
public_0158,browsing,2,"Made from 100% natural latex, environmental friendly and non-toxic. We offer a range of quality choices with the best price",store,False,"[""features""]",1,not_retrieved,not_retrieved,,True
public_0158,browsing,2,"Made from 100% natural latex, environmental friendly and non-toxic. We offer a range of quality choices with the best price",price,False,"[""features""]",1,not_retrieved,3634,,True
public_0158,browsing,3,"Perfect for a fun meme, Halloween, Christmas, Easter, Carnival, Costume parties, tag party or simply for going to a night club. It is perfect for so many occasions",title,False,"[""features""]",1,not_retrieved,75,,True
public_0158,browsing,3,"Perfect for a fun meme, Halloween, Christmas, Easter, Carnival, Costume parties, tag party or simply for going to a night club. It is perfect for so many occasions",features,True,"[""features""]",1,54,1,53,True
public_0158,browsing,3,"Perfect for a fun meme, Halloween, Christmas, Easter, Carnival, Costume parties, tag party or simply for going to a night club. It is perfect for so many occasions",details,False,"[""features""]",1,2,8,-6,True
public_0158,browsing,3,"Perfect for a fun meme, Halloween, Christmas, Easter, Carnival, Costume parties, tag party or simply for going to a night club. It is perfect for so many occasions",description,False,"[""features""]",1,not_retrieved,not_retrieved,,True
public_0158,browsing,3,"Perfect for a fun meme, Halloween, Christmas, Easter, Carnival, Costume parties, tag party or simply for going to a night club. It is perfect for so many occasions",categories,False,"[""features""]",1,14,186,-172,True
public_0158,browsing,3,"Perfect for a fun meme, Halloween, Christmas, Easter, Carnival, Costume parties, tag party or simply for going to a night club. It is perfect for so many occasions",store,False,"[""features""]",1,not_retrieved,not_retrieved,,True
public_0158,browsing,3,"Perfect for a fun meme, Halloween, Christmas, Easter, Carnival, Costume parties, tag party or simply for going to a night club. It is perfect for so many occasions",price,False,"[""features""]",1,not_retrieved,not_retrieved,,True
public_0158,browsing,4,"CreepyParty is an amazon registered brand, more creepy and funny masks, please visit our store",title,False,"[""features""]",1,not_retrieved,69,,True
public_0158,browsing,4,"CreepyParty is an amazon registered brand, more creepy and funny masks, please visit our store",features,True,"[""features""]",1,54,1,53,True
public_0158,browsing,4,"CreepyParty is an amazon registered brand, more creepy and funny masks, please visit our store",details,False,"[""features""]",1,2,17,-15,True
public_0158,browsing,4,"CreepyParty is an amazon registered brand, more creepy and funny masks, please visit our store",description,False,"[""features""]",1,not_retrieved,not_retrieved,,True
public_0158,browsing,4,"CreepyParty is an amazon registered brand, more creepy and funny masks, please visit our store",categories,False,"[""features""]",1,14,35,-21,True
public_0158,browsing,4,"CreepyParty is an amazon registered brand, more creepy and funny masks, please visit our store",store,False,"[""features""]",1,not_retrieved,1,,True
public_0158,browsing,4,"CreepyParty is an amazon registered brand, more creepy and funny masks, please visit our store",price,False,"[""features""]",1,not_retrieved,not_retrieved,,True
public_0159,buying,1,cotton,title,False,"[""features"", ""description""]",2,158,207,-49,True
public_0159,buying,1,cotton,features,True,"[""features"", ""description""]",2,206,131,75,True
public_0159,buying,1,cotton,details,False,"[""features"", ""description""]",2,not_retrieved,not_retrieved,,True
public_0159,buying,1,cotton,description,True,"[""features"", ""description""]",2,155,77,78,True
public_0159,buying,1,cotton,categories,False,"[""features"", ""description""]",2,89,89,0,True
public_0159,buying,1,cotton,store,False,"[""features"", ""description""]",2,not_retrieved,not_retrieved,,True
public_0159,buying,1,cotton,price,False,"[""features"", ""description""]",2,not_retrieved,not_retrieved,,True
public_0159,buying,2,"60% Cotton, 40% Polyester",title,False,"[""features""]",1,158,332,-174,True
public_0159,buying,2,"60% Cotton, 40% Polyester",features,True,"[""features""]",1,206,18,188,True
public_0159,buying,2,"60% Cotton, 40% Polyester",details,False,"[""features""]",1,not_retrieved,not_retrieved,,True
public_0159,buying,2,"60% Cotton, 40% Polyester",description,False,"[""features""]",1,155,227,-72,True
public_0159,buying,2,"60% Cotton, 40% Polyester",categories,False,"[""features""]",1,89,89,0,True
public_0159,buying,2,"60% Cotton, 40% Polyester",store,False,"[""features""]",1,not_retrieved,not_retrieved,,True
public_0159,buying,2,"60% Cotton, 40% Polyester",price,False,"[""features""]",1,not_retrieved,not_retrieved,,True
public_0159,buying,3,Imported,title,False,"[""features""]",1,158,161,-3,True
public_0159,buying,3,Imported,features,True,"[""features""]",1,206,134,72,True
public_0159,buying,3,Imported,details,False,"[""features""]",1,not_retrieved,not_retrieved,,True
public_0159,buying,3,Imported,description,False,"[""features""]",1,155,214,-59,True
public_0159,buying,3,Imported,categories,False,"[""features""]",1,89,89,0,True
public_0159,buying,3,Imported,store,False,"[""features""]",1,not_retrieved,not_retrieved,,True
public_0159,buying,3,Imported,price,False,"[""features""]",1,not_retrieved,not_retrieved,,True
public_0159,buying,4,Drawstring closure,title,False,"[""features""]",1,158,262,-104,True
public_0159,buying,4,Drawstring closure,features,True,"[""features""]",1,206,36,170,True
public_0159,buying,4,Drawstring closure,details,False,"[""features""]",1,not_retrieved,not_retrieved,,True
public_0159,buying,4,Drawstring closure,description,False,"[""features""]",1,155,114,41,True
public_0159,buying,4,Drawstring closure,categories,False,"[""features""]",1,89,89,0,True
public_0159,buying,4,Drawstring closure,store,False,"[""features""]",1,not_retrieved,not_retrieved,,True
public_0159,buying,4,Drawstring closure,price,False,"[""features""]",1,not_retrieved,not_retrieved,,True
public_0160,buying,1,fabric,title,False,"[""features""]",1,24,24,0,True
public_0160,buying,1,fabric,features,True,"[""features""]",1,not_retrieved,4176,,True
public_0160,buying,1,fabric,details,False,"[""features""]",1,11,11,0,True
public_0160,buying,1,fabric,description,False,"[""features""]",1,6,6,0,True
public_0160,buying,1,fabric,categories,False,"[""features""]",1,17,17,0,True
public_0160,buying,1,fabric,store,False,"[""features""]",1,not_retrieved,not_retrieved,,True
public_0160,buying,1,fabric,price,False,"[""features""]",1,not_retrieved,not_retrieved,,True
public_0160,buying,2,color: black,title,False,"[""details""]",1,24,19,5,True
public_0160,buying,2,color: black,features,False,"[""details""]",1,not_retrieved,not_retrieved,,True
public_0160,buying,2,color: black,details,True,"[""details""]",1,11,8,3,True
public_0160,buying,2,color: black,description,False,"[""details""]",1,6,2,4,True
public_0160,buying,2,color: black,categories,False,"[""details""]",1,17,17,0,True
public_0160,buying,2,color: black,store,False,"[""details""]",1,not_retrieved,not_retrieved,,True
public_0160,buying,2,color: black,price,False,"[""details""]",1,not_retrieved,not_retrieved,,True
public_0160,buying,3,Double zipper pulls make opening/closing simple and fast,title,False,"[""features""]",1,24,28,-4,True
public_0160,buying,3,Double zipper pulls make opening/closing simple and fast,features,True,"[""features""]",1,not_retrieved,1,,True
public_0160,buying,3,Double zipper pulls make opening/closing simple and fast,details,False,"[""features""]",1,11,10,1,True
public_0160,buying,3,Double zipper pulls make opening/closing simple and fast,description,False,"[""features""]",1,6,22,-16,True
public_0160,buying,3,Double zipper pulls make opening/closing simple and fast,categories,False,"[""features""]",1,17,17,0,True
public_0160,buying,3,Double zipper pulls make opening/closing simple and fast,store,False,"[""features""]",1,not_retrieved,not_retrieved,,True
public_0160,buying,3,Double zipper pulls make opening/closing simple and fast,price,False,"[""features""]",1,not_retrieved,not_retrieved,,True
public_0160,buying,4,"Mesh top panel for easy identification of contents, and ventilation",title,False,"[""features""]",1,24,39,-15,True
public_0160,buying,4,"Mesh top panel for easy identification of contents, and ventilation",features,True,"[""features""]",1,not_retrieved,1,,True
public_0160,buying,4,"Mesh top panel for easy identification of contents, and ventilation",details,False,"[""features""]",1,11,9,2,True
public_0160,buying,4,"Mesh top panel for easy identification of contents, and ventilation",description,False,"[""features""]",1,6,52,-46,True
public_0160,buying,4,"Mesh top panel for easy identification of contents, and ventilation",categories,False,"[""features""]",1,17,17,0,True
public_0160,buying,4,"Mesh top panel for easy identification of contents, and ventilation",store,False,"[""features""]",1,not_retrieved,not_retrieved,,True
public_0160,buying,4,"Mesh top panel for easy identification of contents, and ventilation",price,False,"[""features""]",1,not_retrieved,not_retrieved,,True
public_0161,buying,1,cotton,title,False,"[""features""]",1,not_retrieved,not_retrieved,,True
public_0161,buying,1,cotton,features,True,"[""features""]",1,not_retrieved,7414,,True
public_0161,buying,1,cotton,details,False,"[""features""]",1,not_retrieved,not_retrieved,,True
public_0161,buying,1,cotton,description,False,"[""features""]",1,not_retrieved,not_retrieved,,True
public_0161,buying,1,cotton,categories,False,"[""features""]",1,1330,1330,0,True
public_0161,buying,1,cotton,store,False,"[""features""]",1,not_retrieved,not_retrieved,,True
public_0161,buying,1,cotton,price,False,"[""features""]",1,not_retrieved,not_retrieved,,True
public_0161,buying,2,cotton blend,title,False,"[""features""]",1,not_retrieved,not_retrieved,,True
public_0161,buying,2,cotton blend,features,True,"[""features""]",1,not_retrieved,1045,,True
public_0161,buying,2,cotton blend,details,False,"[""features""]",1,not_retrieved,not_retrieved,,True
public_0161,buying,2,cotton blend,description,False,"[""features""]",1,not_retrieved,not_retrieved,,True
public_0161,buying,2,cotton blend,categories,False,"[""features""]",1,1330,1330,0,True
public_0161,buying,2,cotton blend,store,False,"[""features""]",1,not_retrieved,not_retrieved,,True
public_0161,buying,2,cotton blend,price,False,"[""features""]",1,not_retrieved,not_retrieved,,True
public_0161,buying,3,Imported,title,False,"[""features""]",1,not_retrieved,not_retrieved,,True
public_0161,buying,3,Imported,features,True,"[""features""]",1,not_retrieved,14202,,True
public_0161,buying,3,Imported,details,False,"[""features""]",1,not_retrieved,not_retrieved,,True
public_0161,buying,3,Imported,description,False,"[""features""]",1,not_retrieved,not_retrieved,,True
public_0161,buying,3,Imported,categories,False,"[""features""]",1,1330,1330,0,True
public_0161,buying,3,Imported,store,False,"[""features""]",1,not_retrieved,not_retrieved,,True
public_0161,buying,3,Imported,price,False,"[""features""]",1,not_retrieved,not_retrieved,,True
public_0161,buying,4,Pull On closure,title,False,"[""features""]",1,not_retrieved,not_retrieved,,True
public_0161,buying,4,Pull On closure,features,True,"[""features""]",1,not_retrieved,6651,,True
public_0161,buying,4,Pull On closure,details,False,"[""features""]",1,not_retrieved,not_retrieved,,True
public_0161,buying,4,Pull On closure,description,False,"[""features""]",1,not_retrieved,not_retrieved,,True
public_0161,buying,4,Pull On closure,categories,False,"[""features""]",1,1330,1338,-8,True
public_0161,buying,4,Pull On closure,store,False,"[""features""]",1,not_retrieved,not_retrieved,,True
public_0161,buying,4,Pull On closure,price,False,"[""features""]",1,not_retrieved,not_retrieved,,True
public_0162,browsing,1,silk,title,True,"[""title"", ""features""]",2,549,6,543,True
public_0162,browsing,1,silk,features,True,"[""title"", ""features""]",2,340,553,-213,True
public_0162,browsing,1,silk,details,False,"[""title"", ""features""]",2,not_retrieved,not_retrieved,,True
public_0162,browsing,1,silk,description,False,"[""title"", ""features""]",2,not_retrieved,not_retrieved,,True
public_0162,browsing,1,silk,categories,False,"[""title"", ""features""]",2,497,497,0,True
public_0162,browsing,1,silk,store,False,"[""title"", ""features""]",2,not_retrieved,not_retrieved,,True
public_0162,browsing,1,silk,price,False,"[""title"", ""features""]",2,not_retrieved,not_retrieved,,True
public_0162,browsing,2,Satin,title,True,"[""title"", ""features""]",2,549,8,541,True
public_0162,browsing,2,Satin,features,True,"[""title"", ""features""]",2,340,216,124,True
public_0162,browsing,2,Satin,details,False,"[""title"", ""features""]",2,not_retrieved,not_retrieved,,True
public_0162,browsing,2,Satin,description,False,"[""title"", ""features""]",2,not_retrieved,not_retrieved,,True
public_0162,browsing,2,Satin,categories,False,"[""title"", ""features""]",2,497,497,0,True
public_0162,browsing,2,Satin,store,False,"[""title"", ""features""]",2,not_retrieved,not_retrieved,,True
public_0162,browsing,2,Satin,price,False,"[""title"", ""features""]",2,not_retrieved,not_retrieved,,True
public_0162,browsing,3,Imported,title,False,"[""features""]",1,549,552,-3,True
public_0162,browsing,3,Imported,features,True,"[""features""]",1,340,279,61,True
public_0162,browsing,3,Imported,details,False,"[""features""]",1,not_retrieved,not_retrieved,,True
public_0162,browsing,3,Imported,description,False,"[""features""]",1,not_retrieved,not_retrieved,,True
public_0162,browsing,3,Imported,categories,False,"[""features""]",1,497,497,0,True
public_0162,browsing,3,Imported,store,False,"[""features""]",1,not_retrieved,not_retrieved,,True
public_0162,browsing,3,Imported,price,False,"[""features""]",1,not_retrieved,not_retrieved,,True
public_0162,browsing,4,Zipper closure,title,False,"[""features""]",1,549,1018,-469,True
public_0162,browsing,4,Zipper closure,features,True,"[""features""]",1,340,270,70,True
public_0162,browsing,4,Zipper closure,details,False,"[""features""]",1,not_retrieved,not_retrieved,,True
public_0162,browsing,4,Zipper closure,description,False,"[""features""]",1,not_retrieved,not_retrieved,,True
public_0162,browsing,4,Zipper closure,categories,False,"[""features""]",1,497,497,0,True
public_0162,browsing,4,Zipper closure,store,False,"[""features""]",1,not_retrieved,not_retrieved,,True
public_0162,browsing,4,Zipper closure,price,False,"[""features""]",1,not_retrieved,not_retrieved,,True
public_0163,buying,1,fabric,title,False,"[""features""]",1,1027,1142,-115,True
public_0163,buying,1,fabric,features,True,"[""features""]",1,55,40,15,True
public_0163,buying,1,fabric,details,False,"[""features""]",1,not_retrieved,not_retrieved,,True
public_0163,buying,1,fabric,description,False,"[""features""]",1,not_retrieved,not_retrieved,,True
public_0163,buying,1,fabric,categories,False,"[""features""]",1,209,209,0,True
public_0163,buying,1,fabric,store,False,"[""features""]",1,not_retrieved,not_retrieved,,True
public_0163,buying,1,fabric,price,False,"[""features""]",1,not_retrieved,not_retrieved,,True
public_0163,buying,2,Rubber sole,title,False,"[""features""]",1,1027,1394,-367,True
public_0163,buying,2,Rubber sole,features,True,"[""features""]",1,55,60,-5,True
public_0163,buying,2,Rubber sole,details,False,"[""features""]",1,not_retrieved,not_retrieved,,True
public_0163,buying,2,Rubber sole,description,False,"[""features""]",1,not_retrieved,not_retrieved,,True
public_0163,buying,2,Rubber sole,categories,False,"[""features""]",1,209,209,0,True
public_0163,buying,2,Rubber sole,store,False,"[""features""]",1,not_retrieved,not_retrieved,,True
public_0163,buying,2,Rubber sole,price,False,"[""features""]",1,not_retrieved,not_retrieved,,True
public_0163,buying,3,1.Mesh Fabric + Air Cushion sole,title,False,"[""features""]",1,1027,10,1017,True
public_0163,buying,3,1.Mesh Fabric + Air Cushion sole,features,True,"[""features""]",1,55,2,53,True
public_0163,buying,3,1.Mesh Fabric + Air Cushion sole,details,False,"[""features""]",1,not_retrieved,not_retrieved,,True
public_0163,buying,3,1.Mesh Fabric + Air Cushion sole,description,False,"[""features""]",1,not_retrieved,not_retrieved,,True
public_0163,buying,3,1.Mesh Fabric + Air Cushion sole,categories,False,"[""features""]",1,209,209,0,True
public_0163,buying,3,1.Mesh Fabric + Air Cushion sole,store,False,"[""features""]",1,not_retrieved,not_retrieved,,True
public_0163,buying,3,1.Mesh Fabric + Air Cushion sole,price,False,"[""features""]",1,not_retrieved,not_retrieved,,True
public_0163,buying,4,2.Slip-on Design: Slip on design with Elastic Cuff is convenient for user to put on and take off,title,False,"[""features""]",1,1027,415,612,True
public_0163,buying,4,2.Slip-on Design: Slip on design with Elastic Cuff is convenient for user to put on and take off,features,True,"[""features""]",1,55,1,54,True
public_0163,buying,4,2.Slip-on Design: Slip on design with Elastic Cuff is convenient for user to put on and take off,details,False,"[""features""]",1,not_retrieved,not_retrieved,,True
public_0163,buying,4,2.Slip-on Design: Slip on design with Elastic Cuff is convenient for user to put on and take off,description,False,"[""features""]",1,not_retrieved,not_retrieved,,True
public_0163,buying,4,2.Slip-on Design: Slip on design with Elastic Cuff is convenient for user to put on and take off,categories,False,"[""features""]",1,209,243,-34,True
public_0163,buying,4,2.Slip-on Design: Slip on design with Elastic Cuff is convenient for user to put on and take off,store,False,"[""features""]",1,not_retrieved,not_retrieved,,True
public_0163,buying,4,2.Slip-on Design: Slip on design with Elastic Cuff is convenient for user to put on and take off,price,False,"[""features""]",1,not_retrieved,not_retrieved,,True
public_0164,browsing,1,leather,title,False,"[""features""]",1,56,68,-12,True
public_0164,browsing,1,leather,features,True,"[""features""]",1,28,29,-1,True
public_0164,browsing,1,leather,details,False,"[""features""]",1,not_retrieved,not_retrieved,,True
public_0164,browsing,1,leather,description,False,"[""features""]",1,1,12,-11,True
public_0164,browsing,1,leather,categories,False,"[""features""]",1,93,93,0,True
public_0164,browsing,1,leather,store,False,"[""features""]",1,5,5,0,True
public_0164,browsing,1,leather,price,False,"[""features""]",1,not_retrieved,not_retrieved,,True
public_0164,browsing,2,color: black,title,False,[],0,56,6,50,True
public_0164,browsing,2,color: black,features,False,[],0,28,39,-11,True
public_0164,browsing,2,color: black,details,False,[],0,not_retrieved,not_retrieved,,True
public_0164,browsing,2,color: black,description,False,[],0,1,1,0,True
public_0164,browsing,2,color: black,categories,False,[],0,93,93,0,True
public_0164,browsing,2,color: black,store,False,[],0,5,5,0,True
public_0164,browsing,2,color: black,price,False,[],0,not_retrieved,not_retrieved,,True
public_0164,browsing,3,Buckle closure,title,False,"[""features""]",1,56,8,48,True
public_0164,browsing,3,Buckle closure,features,True,"[""features""]",1,28,15,13,True
public_0164,browsing,3,Buckle closure,details,False,"[""features""]",1,not_retrieved,not_retrieved,,True
public_0164,browsing,3,Buckle closure,description,False,"[""features""]",1,1,1,0,True
public_0164,browsing,3,Buckle closure,categories,False,"[""features""]",1,93,93,0,True
public_0164,browsing,3,Buckle closure,store,False,"[""features""]",1,5,5,0,True
public_0164,browsing,3,Buckle closure,price,False,"[""features""]",1,not_retrieved,not_retrieved,,True
public_0164,browsing,4,"SWAP IN SECONDS: Quick release spring bars allow you to swap bands in seconds to compliment your wardrobe or mix and match with BARTON's other Leather, Canvas and Silicone quick re",title,False,"[""features""]",1,56,2,54,True
public_0164,browsing,4,"SWAP IN SECONDS: Quick release spring bars allow you to swap bands in seconds to compliment your wardrobe or mix and match with BARTON's other Leather, Canvas and Silicone quick re",features,True,"[""features""]",1,28,1,27,True
public_0164,browsing,4,"SWAP IN SECONDS: Quick release spring bars allow you to swap bands in seconds to compliment your wardrobe or mix and match with BARTON's other Leather, Canvas and Silicone quick re",details,False,"[""features""]",1,not_retrieved,not_retrieved,,True
public_0164,browsing,4,"SWAP IN SECONDS: Quick release spring bars allow you to swap bands in seconds to compliment your wardrobe or mix and match with BARTON's other Leather, Canvas and Silicone quick re",description,False,"[""features""]",1,1,2,-1,True
public_0164,browsing,4,"SWAP IN SECONDS: Quick release spring bars allow you to swap bands in seconds to compliment your wardrobe or mix and match with BARTON's other Leather, Canvas and Silicone quick re",categories,False,"[""features""]",1,93,101,-8,True
public_0164,browsing,4,"SWAP IN SECONDS: Quick release spring bars allow you to swap bands in seconds to compliment your wardrobe or mix and match with BARTON's other Leather, Canvas and Silicone quick re",store,False,"[""features""]",1,5,1,4,True
public_0164,browsing,4,"SWAP IN SECONDS: Quick release spring bars allow you to swap bands in seconds to compliment your wardrobe or mix and match with BARTON's other Leather, Canvas and Silicone quick re",price,False,"[""features""]",1,not_retrieved,not_retrieved,,True
public_0165,buying,1,leather,title,True,"[""title"", ""features""]",2,1242,363,879,True
public_0165,buying,1,leather,features,True,"[""title"", ""features""]",2,87,59,28,True
public_0165,buying,1,leather,details,False,"[""title"", ""features""]",2,6,6,0,True
public_0165,buying,1,leather,description,False,"[""title"", ""features""]",2,not_retrieved,not_retrieved,,True
public_0165,buying,1,leather,categories,False,"[""title"", ""features""]",2,89,89,0,True
public_0165,buying,1,leather,store,False,"[""title"", ""features""]",2,not_retrieved,not_retrieved,,True
public_0165,buying,1,leather,price,False,"[""title"", ""features""]",2,not_retrieved,not_retrieved,,True
public_0165,buying,2,"Watch Band Material: Made of good quality crazy-horse leather, they are durable that they may take some breaking in when you first start get them. But once you start wearing them,",title,False,"[""features""]",1,1242,159,1083,True
public_0165,buying,2,"Watch Band Material: Made of good quality crazy-horse leather, they are durable that they may take some breaking in when you first start get them. But once you start wearing them,",features,True,"[""features""]",1,87,1,86,True
public_0165,buying,2,"Watch Band Material: Made of good quality crazy-horse leather, they are durable that they may take some breaking in when you first start get them. But once you start wearing them,",details,False,"[""features""]",1,6,46,-40,True
public_0165,buying,2,"Watch Band Material: Made of good quality crazy-horse leather, they are durable that they may take some breaking in when you first start get them. But once you start wearing them,",description,False,"[""features""]",1,not_retrieved,not_retrieved,,True
public_0165,buying,2,"Watch Band Material: Made of good quality crazy-horse leather, they are durable that they may take some breaking in when you first start get them. But once you start wearing them,",categories,False,"[""features""]",1,89,93,-4,True
public_0165,buying,2,"Watch Band Material: Made of good quality crazy-horse leather, they are durable that they may take some breaking in when you first start get them. But once you start wearing them,",store,False,"[""features""]",1,not_retrieved,not_retrieved,,True
public_0165,buying,2,"Watch Band Material: Made of good quality crazy-horse leather, they are durable that they may take some breaking in when you first start get them. But once you start wearing them,",price,False,"[""features""]",1,not_retrieved,not_retrieved,,True
public_0165,buying,3,"Vintage Design: Equipped with classic buckle, neat stitching and proper padding, creating a simple yet charming look, adding a retro vibe to any occasion. Please avoid soaking the",title,False,"[""features""]",1,1242,321,921,True
public_0165,buying,3,"Vintage Design: Equipped with classic buckle, neat stitching and proper padding, creating a simple yet charming look, adding a retro vibe to any occasion. Please avoid soaking the",features,True,"[""features""]",1,87,1,86,True
public_0165,buying,3,"Vintage Design: Equipped with classic buckle, neat stitching and proper padding, creating a simple yet charming look, adding a retro vibe to any occasion. Please avoid soaking the",details,False,"[""features""]",1,6,24,-18,True
public_0165,buying,3,"Vintage Design: Equipped with classic buckle, neat stitching and proper padding, creating a simple yet charming look, adding a retro vibe to any occasion. Please avoid soaking the",description,False,"[""features""]",1,not_retrieved,not_retrieved,,True
public_0165,buying,3,"Vintage Design: Equipped with classic buckle, neat stitching and proper padding, creating a simple yet charming look, adding a retro vibe to any occasion. Please avoid soaking the",categories,False,"[""features""]",1,89,89,0,True
public_0165,buying,3,"Vintage Design: Equipped with classic buckle, neat stitching and proper padding, creating a simple yet charming look, adding a retro vibe to any occasion. Please avoid soaking the",store,False,"[""features""]",1,not_retrieved,not_retrieved,,True
public_0165,buying,3,"Vintage Design: Equipped with classic buckle, neat stitching and proper padding, creating a simple yet charming look, adding a retro vibe to any occasion. Please avoid soaking the",price,False,"[""features""]",1,not_retrieved,not_retrieved,,True
public_0165,buying,4,"Available Size (Band Width): 14mm, 16mm, 18mm, 19mm, 20mm, 21mm, 22mm, 23mm, 24mm. Designed to fit most traditional watches and smart watches. In order to get a suitable strap, ple",title,False,"[""features""]",1,1242,1,1241,True
public_0165,buying,4,"Available Size (Band Width): 14mm, 16mm, 18mm, 19mm, 20mm, 21mm, 22mm, 23mm, 24mm. Designed to fit most traditional watches and smart watches. In order to get a suitable strap, ple",features,True,"[""features""]",1,87,1,86,True
public_0165,buying,4,"Available Size (Band Width): 14mm, 16mm, 18mm, 19mm, 20mm, 21mm, 22mm, 23mm, 24mm. Designed to fit most traditional watches and smart watches. In order to get a suitable strap, ple",details,False,"[""features""]",1,6,20,-14,True
public_0165,buying,4,"Available Size (Band Width): 14mm, 16mm, 18mm, 19mm, 20mm, 21mm, 22mm, 23mm, 24mm. Designed to fit most traditional watches and smart watches. In order to get a suitable strap, ple",description,False,"[""features""]",1,not_retrieved,not_retrieved,,True
public_0165,buying,4,"Available Size (Band Width): 14mm, 16mm, 18mm, 19mm, 20mm, 21mm, 22mm, 23mm, 24mm. Designed to fit most traditional watches and smart watches. In order to get a suitable strap, ple",categories,False,"[""features""]",1,89,92,-3,True
public_0165,buying,4,"Available Size (Band Width): 14mm, 16mm, 18mm, 19mm, 20mm, 21mm, 22mm, 23mm, 24mm. Designed to fit most traditional watches and smart watches. In order to get a suitable strap, ple",store,False,"[""features""]",1,not_retrieved,not_retrieved,,True
public_0165,buying,4,"Available Size (Band Width): 14mm, 16mm, 18mm, 19mm, 20mm, 21mm, 22mm, 23mm, 24mm. Designed to fit most traditional watches and smart watches. In order to get a suitable strap, ple",price,False,"[""features""]",1,not_retrieved,not_retrieved,,True
public_0166,intent_override,1,100% waterproof women's boots are suitable for any season and any outdoor activity,title,False,"[""features""]",1,496,55,441,True
public_0166,intent_override,1,100% waterproof women's boots are suitable for any season and any outdoor activity,features,True,"[""features""]",1,534,1,533,True
public_0166,intent_override,1,100% waterproof women's boots are suitable for any season and any outdoor activity,details,False,"[""features""]",1,13,51,-38,True
public_0166,intent_override,1,100% waterproof women's boots are suitable for any season and any outdoor activity,description,False,"[""features""]",1,421,15,406,True
public_0166,intent_override,1,100% waterproof women's boots are suitable for any season and any outdoor activity,categories,False,"[""features""]",1,1,97,-96,True
public_0166,intent_override,1,100% waterproof women's boots are suitable for any season and any outdoor activity,store,False,"[""features""]",1,not_retrieved,not_retrieved,,True
public_0166,intent_override,1,100% waterproof women's boots are suitable for any season and any outdoor activity,price,False,"[""features""]",1,not_retrieved,not_retrieved,,True
public_0166,intent_override,2,color: black,title,False,"[""details""]",1,496,746,-250,True
public_0166,intent_override,2,color: black,features,False,"[""details""]",1,534,1561,-1027,True
public_0166,intent_override,2,color: black,details,True,"[""details""]",1,13,6,7,True
public_0166,intent_override,2,color: black,description,False,"[""details""]",1,421,1295,-874,True
public_0166,intent_override,2,color: black,categories,False,"[""details""]",1,1,6,-5,True
public_0166,intent_override,2,color: black,store,False,"[""details""]",1,not_retrieved,not_retrieved,,True
public_0166,intent_override,2,color: black,price,False,"[""details""]",1,not_retrieved,not_retrieved,,True
public_0166,intent_override,3,Lightweight and breathable mesh lining keeps feet well ventilated for long-wearing dryness; comfort rated from subfreezing to 65 °F/18 °C,title,False,"[""features""]",1,496,3004,-2508,True
public_0166,intent_override,3,Lightweight and breathable mesh lining keeps feet well ventilated for long-wearing dryness; comfort rated from subfreezing to 65 °F/18 °C,features,True,"[""features""]",1,534,1,533,True
public_0166,intent_override,3,Lightweight and breathable mesh lining keeps feet well ventilated for long-wearing dryness; comfort rated from subfreezing to 65 °F/18 °C,details,False,"[""features""]",1,13,138,-125,True
public_0166,intent_override,3,Lightweight and breathable mesh lining keeps feet well ventilated for long-wearing dryness; comfort rated from subfreezing to 65 °F/18 °C,description,False,"[""features""]",1,421,1,420,True
public_0166,intent_override,3,Lightweight and breathable mesh lining keeps feet well ventilated for long-wearing dryness; comfort rated from subfreezing to 65 °F/18 °C,categories,False,"[""features""]",1,1,8,-7,True
public_0166,intent_override,3,Lightweight and breathable mesh lining keeps feet well ventilated for long-wearing dryness; comfort rated from subfreezing to 65 °F/18 °C,store,False,"[""features""]",1,not_retrieved,not_retrieved,,True
public_0166,intent_override,3,Lightweight and breathable mesh lining keeps feet well ventilated for long-wearing dryness; comfort rated from subfreezing to 65 °F/18 °C,price,False,"[""features""]",1,not_retrieved,not_retrieved,,True
public_0166,intent_override,4,Women's-specific last is designed to match the contours of women's feet,title,False,"[""features""]",1,496,849,-353,True
public_0166,intent_override,4,Women's-specific last is designed to match the contours of women's feet,features,True,"[""features""]",1,534,1,533,True
public_0166,intent_override,4,Women's-specific last is designed to match the contours of women's feet,details,False,"[""features""]",1,13,18,-5,True
public_0166,intent_override,4,Women's-specific last is designed to match the contours of women's feet,description,False,"[""features""]",1,421,9,412,True
public_0166,intent_override,4,Women's-specific last is designed to match the contours of women's feet,categories,False,"[""features""]",1,1,23,-22,True
public_0166,intent_override,4,Women's-specific last is designed to match the contours of women's feet,store,False,"[""features""]",1,not_retrieved,not_retrieved,,True
public_0166,intent_override,4,Women's-specific last is designed to match the contours of women's feet,price,False,"[""features""]",1,not_retrieved,not_retrieved,,True
public_0167,browsing,1,Imported,title,False,"[""features""]",1,182,185,-3,True
public_0167,browsing,1,Imported,features,True,"[""features""]",1,not_retrieved,8969,,True
public_0167,browsing,1,Imported,details,False,"[""features""]",1,not_retrieved,not_retrieved,,True
public_0167,browsing,1,Imported,description,False,"[""features""]",1,107,205,-98,True
public_0167,browsing,1,Imported,categories,False,"[""features""]",1,32,32,0,True
public_0167,browsing,1,Imported,store,False,"[""features""]",1,not_retrieved,not_retrieved,,True
public_0167,browsing,1,Imported,price,False,"[""features""]",1,not_retrieved,not_retrieved,,True
public_0167,browsing,2,Pull-On closure,title,False,"[""features""]",1,182,443,-261,True
public_0167,browsing,2,Pull-On closure,features,True,"[""features""]",1,not_retrieved,3270,,True
public_0167,browsing,2,Pull-On closure,details,False,"[""features""]",1,not_retrieved,not_retrieved,,True
public_0167,browsing,2,Pull-On closure,description,False,"[""features""]",1,107,618,-511,True
public_0167,browsing,2,Pull-On closure,categories,False,"[""features""]",1,32,32,0,True
public_0167,browsing,2,Pull-On closure,store,False,"[""features""]",1,not_retrieved,not_retrieved,,True
public_0167,browsing,2,Pull-On closure,price,False,"[""features""]",1,not_retrieved,not_retrieved,,True
public_0167,browsing,3,Machine Wash,title,False,"[""features""]",1,182,235,-53,True
public_0167,browsing,3,Machine Wash,features,True,"[""features""]",1,not_retrieved,5184,,True
public_0167,browsing,3,Machine Wash,details,False,"[""features""]",1,not_retrieved,not_retrieved,,True
public_0167,browsing,3,Machine Wash,description,False,"[""features""]",1,107,549,-442,True
public_0167,browsing,3,Machine Wash,categories,False,"[""features""]",1,32,32,0,True
public_0167,browsing,3,Machine Wash,store,False,"[""features""]",1,not_retrieved,not_retrieved,,True
public_0167,browsing,3,Machine Wash,price,False,"[""features""]",1,not_retrieved,not_retrieved,,True
public_0167,browsing,4,Wicking for moisture management,title,False,"[""features""]",1,182,474,-292,True
public_0167,browsing,4,Wicking for moisture management,features,True,"[""features""]",1,not_retrieved,3,,True
public_0167,browsing,4,Wicking for moisture management,details,False,"[""features""]",1,not_retrieved,not_retrieved,,True
public_0167,browsing,4,Wicking for moisture management,description,False,"[""features""]",1,107,353,-246,True
public_0167,browsing,4,Wicking for moisture management,categories,False,"[""features""]",1,32,32,0,True
public_0167,browsing,4,Wicking for moisture management,store,False,"[""features""]",1,not_retrieved,not_retrieved,,True
public_0167,browsing,4,Wicking for moisture management,price,False,"[""features""]",1,not_retrieved,not_retrieved,,True
public_0168,buying,1,"Mother Daughter Bracelets - Heart bracelet on card meaning “Never Truly Part,Maybe in Distance,But Never in Heart”. All daughters love their mom, but sometimes we just forget to sa",title,False,"[""features""]",1,not_retrieved,11,,True
public_0168,buying,1,"Mother Daughter Bracelets - Heart bracelet on card meaning “Never Truly Part,Maybe in Distance,But Never in Heart”. All daughters love their mom, but sometimes we just forget to sa",features,True,"[""features""]",1,not_retrieved,1,,True
public_0168,buying,1,"Mother Daughter Bracelets - Heart bracelet on card meaning “Never Truly Part,Maybe in Distance,But Never in Heart”. All daughters love their mom, but sometimes we just forget to sa",details,False,"[""features""]",1,not_retrieved,190,,True
public_0168,buying,1,"Mother Daughter Bracelets - Heart bracelet on card meaning “Never Truly Part,Maybe in Distance,But Never in Heart”. All daughters love their mom, but sometimes we just forget to sa",description,False,"[""features""]",1,not_retrieved,not_retrieved,,True
public_0168,buying,1,"Mother Daughter Bracelets - Heart bracelet on card meaning “Never Truly Part,Maybe in Distance,But Never in Heart”. All daughters love their mom, but sometimes we just forget to sa",categories,False,"[""features""]",1,39,43,-4,True
public_0168,buying,1,"Mother Daughter Bracelets - Heart bracelet on card meaning “Never Truly Part,Maybe in Distance,But Never in Heart”. All daughters love their mom, but sometimes we just forget to sa",store,False,"[""features""]",1,not_retrieved,not_retrieved,,True
public_0168,buying,1,"Mother Daughter Bracelets - Heart bracelet on card meaning “Never Truly Part,Maybe in Distance,But Never in Heart”. All daughters love their mom, but sometimes we just forget to sa",price,False,"[""features""]",1,not_retrieved,not_retrieved,,True
public_0168,buying,2,"Size & High Quality -The heart Bracelets are adjustable, don’t worried about size.The Bracelet is made of stainless steel, strong, corrosion-resistant, and will not change color af",title,False,"[""features""]",1,not_retrieved,322,,True
public_0168,buying,2,"Size & High Quality -The heart Bracelets are adjustable, don’t worried about size.The Bracelet is made of stainless steel, strong, corrosion-resistant, and will not change color af",features,True,"[""features""]",1,not_retrieved,1,,True
public_0168,buying,2,"Size & High Quality -The heart Bracelets are adjustable, don’t worried about size.The Bracelet is made of stainless steel, strong, corrosion-resistant, and will not change color af",details,False,"[""features""]",1,not_retrieved,3,,True
public_0168,buying,2,"Size & High Quality -The heart Bracelets are adjustable, don’t worried about size.The Bracelet is made of stainless steel, strong, corrosion-resistant, and will not change color af",description,False,"[""features""]",1,not_retrieved,not_retrieved,,True
public_0168,buying,2,"Size & High Quality -The heart Bracelets are adjustable, don’t worried about size.The Bracelet is made of stainless steel, strong, corrosion-resistant, and will not change color af",categories,False,"[""features""]",1,39,47,-8,True
public_0168,buying,2,"Size & High Quality -The heart Bracelets are adjustable, don’t worried about size.The Bracelet is made of stainless steel, strong, corrosion-resistant, and will not change color af",store,False,"[""features""]",1,not_retrieved,not_retrieved,,True
public_0168,buying,2,"Size & High Quality -The heart Bracelets are adjustable, don’t worried about size.The Bracelet is made of stainless steel, strong, corrosion-resistant, and will not change color af",price,False,"[""features""]",1,not_retrieved,not_retrieved,,True
public_0168,buying,3,"Daughter Gifts from Mom - This mother bracelet suitable Christmas Day, Mothers Day, Birthday, Thanksgiving, as a gift for mom, daughter, stepdaughter,daughter in law or for yoursel",title,False,"[""features""]",1,not_retrieved,35,,True
public_0168,buying,3,"Daughter Gifts from Mom - This mother bracelet suitable Christmas Day, Mothers Day, Birthday, Thanksgiving, as a gift for mom, daughter, stepdaughter,daughter in law or for yoursel",features,True,"[""features""]",1,not_retrieved,1,,True
public_0168,buying,3,"Daughter Gifts from Mom - This mother bracelet suitable Christmas Day, Mothers Day, Birthday, Thanksgiving, as a gift for mom, daughter, stepdaughter,daughter in law or for yoursel",details,False,"[""features""]",1,not_retrieved,not_retrieved,,True
public_0168,buying,3,"Daughter Gifts from Mom - This mother bracelet suitable Christmas Day, Mothers Day, Birthday, Thanksgiving, as a gift for mom, daughter, stepdaughter,daughter in law or for yoursel",description,False,"[""features""]",1,not_retrieved,not_retrieved,,True
public_0168,buying,3,"Daughter Gifts from Mom - This mother bracelet suitable Christmas Day, Mothers Day, Birthday, Thanksgiving, as a gift for mom, daughter, stepdaughter,daughter in law or for yoursel",categories,False,"[""features""]",1,39,45,-6,True
public_0168,buying,3,"Daughter Gifts from Mom - This mother bracelet suitable Christmas Day, Mothers Day, Birthday, Thanksgiving, as a gift for mom, daughter, stepdaughter,daughter in law or for yoursel",store,False,"[""features""]",1,not_retrieved,not_retrieved,,True
public_0168,buying,3,"Daughter Gifts from Mom - This mother bracelet suitable Christmas Day, Mothers Day, Birthday, Thanksgiving, as a gift for mom, daughter, stepdaughter,daughter in law or for yoursel",price,False,"[""features""]",1,not_retrieved,not_retrieved,,True
public_0168,buying,4,"Classical Design - Our product comes with a beautiful box, it is packed with 4 message cards and 4 bracelets, the bracelet uses a heart-to-heart design, it is meaningful & practica",title,False,"[""features""]",1,not_retrieved,33,,True
public_0168,buying,4,"Classical Design - Our product comes with a beautiful box, it is packed with 4 message cards and 4 bracelets, the bracelet uses a heart-to-heart design, it is meaningful & practica",features,True,"[""features""]",1,not_retrieved,1,,True
public_0168,buying,4,"Classical Design - Our product comes with a beautiful box, it is packed with 4 message cards and 4 bracelets, the bracelet uses a heart-to-heart design, it is meaningful & practica",details,False,"[""features""]",1,not_retrieved,311,,True
public_0168,buying,4,"Classical Design - Our product comes with a beautiful box, it is packed with 4 message cards and 4 bracelets, the bracelet uses a heart-to-heart design, it is meaningful & practica",description,False,"[""features""]",1,not_retrieved,not_retrieved,,True
public_0168,buying,4,"Classical Design - Our product comes with a beautiful box, it is packed with 4 message cards and 4 bracelets, the bracelet uses a heart-to-heart design, it is meaningful & practica",categories,False,"[""features""]",1,39,42,-3,True
public_0168,buying,4,"Classical Design - Our product comes with a beautiful box, it is packed with 4 message cards and 4 bracelets, the bracelet uses a heart-to-heart design, it is meaningful & practica",store,False,"[""features""]",1,not_retrieved,not_retrieved,,True
public_0168,buying,4,"Classical Design - Our product comes with a beautiful box, it is packed with 4 message cards and 4 bracelets, the bracelet uses a heart-to-heart design, it is meaningful & practica",price,False,"[""features""]",1,not_retrieved,not_retrieved,,True
public_0169,boundary,1,cotton,title,False,"[""features""]",1,10136,11473,-1337,True
public_0169,boundary,1,cotton,features,True,"[""features""]",1,not_retrieved,10529,,True
public_0169,boundary,1,cotton,details,False,"[""features""]",1,not_retrieved,not_retrieved,,True
public_0169,boundary,1,cotton,description,False,"[""features""]",1,2547,4190,-1643,True
public_0169,boundary,1,cotton,categories,False,"[""features""]",1,233,261,-28,True
public_0169,boundary,1,cotton,store,False,"[""features""]",1,not_retrieved,not_retrieved,,True
public_0169,boundary,1,cotton,price,False,"[""features""]",1,not_retrieved,not_retrieved,,True
public_0169,boundary,2,"57% Cotton, 26% Polyester, 10% Other Fibers, 7% Elastane",title,False,"[""features""]",1,10136,12319,-2183,True
public_0169,boundary,2,"57% Cotton, 26% Polyester, 10% Other Fibers, 7% Elastane",features,True,"[""features""]",1,not_retrieved,1,,True
public_0169,boundary,2,"57% Cotton, 26% Polyester, 10% Other Fibers, 7% Elastane",details,False,"[""features""]",1,not_retrieved,not_retrieved,,True
public_0169,boundary,2,"57% Cotton, 26% Polyester, 10% Other Fibers, 7% Elastane",description,False,"[""features""]",1,2547,7141,-4594,True
public_0169,boundary,2,"57% Cotton, 26% Polyester, 10% Other Fibers, 7% Elastane",categories,False,"[""features""]",1,233,262,-29,True
public_0169,boundary,2,"57% Cotton, 26% Polyester, 10% Other Fibers, 7% Elastane",store,False,"[""features""]",1,not_retrieved,not_retrieved,,True
public_0169,boundary,2,"57% Cotton, 26% Polyester, 10% Other Fibers, 7% Elastane",price,False,"[""features""]",1,not_retrieved,not_retrieved,,True
public_0169,boundary,3,Imported,title,False,"[""features""]",1,10136,10139,-3,True
public_0169,boundary,3,Imported,features,True,"[""features""]",1,not_retrieved,15691,,True
public_0169,boundary,3,Imported,details,False,"[""features""]",1,not_retrieved,not_retrieved,,True
public_0169,boundary,3,Imported,description,False,"[""features""]",1,2547,2941,-394,True
public_0169,boundary,3,Imported,categories,False,"[""features""]",1,233,233,0,True
public_0169,boundary,3,Imported,store,False,"[""features""]",1,not_retrieved,not_retrieved,,True
public_0169,boundary,3,Imported,price,False,"[""features""]",1,not_retrieved,not_retrieved,,True
public_0169,boundary,4,Pull On closure,title,False,"[""features""]",1,10136,49,10087,True
public_0169,boundary,4,Pull On closure,features,True,"[""features""]",1,not_retrieved,5895,,True
public_0169,boundary,4,Pull On closure,details,False,"[""features""]",1,not_retrieved,not_retrieved,,True
public_0169,boundary,4,Pull On closure,description,False,"[""features""]",1,2547,1264,1283,True
public_0169,boundary,4,Pull On closure,categories,False,"[""features""]",1,233,243,-10,True
public_0169,boundary,4,Pull On closure,store,False,"[""features""]",1,not_retrieved,not_retrieved,,True
public_0169,boundary,4,Pull On closure,price,False,"[""features""]",1,not_retrieved,not_retrieved,,True
public_0170,browsing,1,leather,title,False,"[""features"", ""description""]",2,219,429,-210,True
public_0170,browsing,1,leather,features,True,"[""features"", ""description""]",2,not_retrieved,2139,,True
public_0170,browsing,1,leather,details,False,"[""features"", ""description""]",2,not_retrieved,not_retrieved,,True
public_0170,browsing,1,leather,description,True,"[""features"", ""description""]",2,not_retrieved,2389,,True
public_0170,browsing,1,leather,categories,False,"[""features"", ""description""]",2,100,100,0,True
public_0170,browsing,1,leather,store,False,"[""features"", ""description""]",2,not_retrieved,not_retrieved,,True
public_0170,browsing,1,leather,price,False,"[""features"", ""description""]",2,not_retrieved,not_retrieved,,True
public_0170,browsing,2,100% Leather,title,False,"[""features""]",1,219,686,-467,True
public_0170,browsing,2,100% Leather,features,True,"[""features""]",1,not_retrieved,1899,,True
public_0170,browsing,2,100% Leather,details,False,"[""features""]",1,not_retrieved,not_retrieved,,True
public_0170,browsing,2,100% Leather,description,False,"[""features""]",1,not_retrieved,3433,,True
public_0170,browsing,2,100% Leather,categories,False,"[""features""]",1,100,101,-1,True
public_0170,browsing,2,100% Leather,store,False,"[""features""]",1,not_retrieved,not_retrieved,,True
public_0170,browsing,2,100% Leather,price,False,"[""features""]",1,not_retrieved,not_retrieved,,True
public_0170,browsing,3,Made in the USA or Imported,title,False,"[""features""]",1,219,1426,-1207,True
public_0170,browsing,3,Made in the USA or Imported,features,True,"[""features""]",1,not_retrieved,243,,True
public_0170,browsing,3,Made in the USA or Imported,details,False,"[""features""]",1,not_retrieved,not_retrieved,,True
public_0170,browsing,3,Made in the USA or Imported,description,False,"[""features""]",1,not_retrieved,12803,,True
public_0170,browsing,3,Made in the USA or Imported,categories,False,"[""features""]",1,100,104,-4,True
public_0170,browsing,3,Made in the USA or Imported,store,False,"[""features""]",1,not_retrieved,not_retrieved,,True
public_0170,browsing,3,Made in the USA or Imported,price,False,"[""features""]",1,not_retrieved,not_retrieved,,True
public_0170,browsing,4,Rubber sole,title,False,"[""features""]",1,219,545,-326,True
public_0170,browsing,4,Rubber sole,features,True,"[""features""]",1,not_retrieved,2957,,True
public_0170,browsing,4,Rubber sole,details,False,"[""features""]",1,not_retrieved,not_retrieved,,True
public_0170,browsing,4,Rubber sole,description,False,"[""features""]",1,not_retrieved,1403,,True
public_0170,browsing,4,Rubber sole,categories,False,"[""features""]",1,100,100,0,True
public_0170,browsing,4,Rubber sole,store,False,"[""features""]",1,not_retrieved,not_retrieved,,True
public_0170,browsing,4,Rubber sole,price,False,"[""features""]",1,not_retrieved,not_retrieved,,True
public_0171,buying,1,nylon,title,False,"[""features""]",1,not_retrieved,not_retrieved,,True
public_0171,buying,1,nylon,features,True,"[""features""]",1,not_retrieved,2567,,True
public_0171,buying,1,nylon,details,False,"[""features""]",1,not_retrieved,not_retrieved,,True
public_0171,buying,1,nylon,description,False,"[""features""]",1,not_retrieved,not_retrieved,,True
public_0171,buying,1,nylon,categories,False,"[""features""]",1,191,191,0,True
public_0171,buying,1,nylon,store,False,"[""features""]",1,not_retrieved,not_retrieved,,True
public_0171,buying,1,nylon,price,False,"[""features""]",1,not_retrieved,not_retrieved,,True
public_0171,buying,2,Elastic,title,False,"[""features""]",1,not_retrieved,not_retrieved,,True
public_0171,buying,2,Elastic,features,True,"[""features""]",1,not_retrieved,901,,True
public_0171,buying,2,Elastic,details,False,"[""features""]",1,not_retrieved,not_retrieved,,True
public_0171,buying,2,Elastic,description,False,"[""features""]",1,not_retrieved,not_retrieved,,True
public_0171,buying,2,Elastic,categories,False,"[""features""]",1,191,191,0,True
public_0171,buying,2,Elastic,store,False,"[""features""]",1,not_retrieved,not_retrieved,,True
public_0171,buying,2,Elastic,price,False,"[""features""]",1,not_retrieved,not_retrieved,,True
public_0171,buying,3,Imported,title,False,"[""features""]",1,not_retrieved,not_retrieved,,True
public_0171,buying,3,Imported,features,True,"[""features""]",1,not_retrieved,14172,,True
public_0171,buying,3,Imported,details,False,"[""features""]",1,not_retrieved,not_retrieved,,True
public_0171,buying,3,Imported,description,False,"[""features""]",1,not_retrieved,not_retrieved,,True
public_0171,buying,3,Imported,categories,False,"[""features""]",1,191,191,0,True
public_0171,buying,3,Imported,store,False,"[""features""]",1,not_retrieved,not_retrieved,,True
public_0171,buying,3,Imported,price,False,"[""features""]",1,not_retrieved,not_retrieved,,True
public_0171,buying,4,Nylon lining,title,False,"[""features""]",1,not_retrieved,not_retrieved,,True
public_0171,buying,4,Nylon lining,features,True,"[""features""]",1,not_retrieved,2596,,True
public_0171,buying,4,Nylon lining,details,False,"[""features""]",1,not_retrieved,not_retrieved,,True
public_0171,buying,4,Nylon lining,description,False,"[""features""]",1,not_retrieved,not_retrieved,,True
public_0171,buying,4,Nylon lining,categories,False,"[""features""]",1,191,191,0,True
public_0171,buying,4,Nylon lining,store,False,"[""features""]",1,not_retrieved,not_retrieved,,True
public_0171,buying,4,Nylon lining,price,False,"[""features""]",1,not_retrieved,not_retrieved,,True
public_0172,browsing,1,cotton,title,False,"[""features""]",1,not_retrieved,not_retrieved,,True
public_0172,browsing,1,cotton,features,True,"[""features""]",1,not_retrieved,4912,,True
public_0172,browsing,1,cotton,details,False,"[""features""]",1,not_retrieved,not_retrieved,,True
public_0172,browsing,1,cotton,description,False,"[""features""]",1,not_retrieved,not_retrieved,,True
public_0172,browsing,1,cotton,categories,False,"[""features""]",1,854,854,0,True
public_0172,browsing,1,cotton,store,False,"[""features""]",1,not_retrieved,not_retrieved,,True
public_0172,browsing,1,cotton,price,False,"[""features""]",1,not_retrieved,not_retrieved,,True
public_0172,browsing,2,100% Cotton,title,False,"[""features""]",1,not_retrieved,not_retrieved,,True
public_0172,browsing,2,100% Cotton,features,True,"[""features""]",1,not_retrieved,2321,,True
public_0172,browsing,2,100% Cotton,details,False,"[""features""]",1,not_retrieved,not_retrieved,,True
public_0172,browsing,2,100% Cotton,description,False,"[""features""]",1,not_retrieved,not_retrieved,,True
public_0172,browsing,2,100% Cotton,categories,False,"[""features""]",1,854,862,-8,True
public_0172,browsing,2,100% Cotton,store,False,"[""features""]",1,not_retrieved,not_retrieved,,True
public_0172,browsing,2,100% Cotton,price,False,"[""features""]",1,not_retrieved,not_retrieved,,True
public_0172,browsing,3,Imported,title,False,"[""features""]",1,not_retrieved,not_retrieved,,True
public_0172,browsing,3,Imported,features,True,"[""features""]",1,not_retrieved,5063,,True
public_0172,browsing,3,Imported,details,False,"[""features""]",1,not_retrieved,not_retrieved,,True
public_0172,browsing,3,Imported,description,False,"[""features""]",1,not_retrieved,not_retrieved,,True
public_0172,browsing,3,Imported,categories,False,"[""features""]",1,854,854,0,True
public_0172,browsing,3,Imported,store,False,"[""features""]",1,not_retrieved,not_retrieved,,True
public_0172,browsing,3,Imported,price,False,"[""features""]",1,not_retrieved,not_retrieved,,True
public_0172,browsing,4,Synthetic sole,title,False,"[""features""]",1,not_retrieved,not_retrieved,,True
public_0172,browsing,4,Synthetic sole,features,True,"[""features""]",1,not_retrieved,1403,,True
public_0172,browsing,4,Synthetic sole,details,False,"[""features""]",1,not_retrieved,not_retrieved,,True
public_0172,browsing,4,Synthetic sole,description,False,"[""features""]",1,not_retrieved,not_retrieved,,True
public_0172,browsing,4,Synthetic sole,categories,False,"[""features""]",1,854,854,0,True
public_0172,browsing,4,Synthetic sole,store,False,"[""features""]",1,not_retrieved,not_retrieved,,True
public_0172,browsing,4,Synthetic sole,price,False,"[""features""]",1,not_retrieved,not_retrieved,,True
public_0173,browsing,1,fabric,title,False,"[""features""]",1,137,153,-16,True
public_0173,browsing,1,fabric,features,True,"[""features""]",1,1782,1063,719,True
public_0173,browsing,1,fabric,details,False,"[""features""]",1,not_retrieved,not_retrieved,,True
public_0173,browsing,1,fabric,description,False,"[""features""]",1,not_retrieved,not_retrieved,,True
public_0173,browsing,1,fabric,categories,False,"[""features""]",1,124,124,0,True
public_0173,browsing,1,fabric,store,False,"[""features""]",1,not_retrieved,not_retrieved,,True
public_0173,browsing,1,fabric,price,False,"[""features""]",1,not_retrieved,not_retrieved,,True
public_0173,browsing,2,Rubber sole,title,False,"[""features""]",1,137,246,-109,True
public_0173,browsing,2,Rubber sole,features,True,"[""features""]",1,1782,829,953,True
public_0173,browsing,2,Rubber sole,details,False,"[""features""]",1,not_retrieved,not_retrieved,,True
public_0173,browsing,2,Rubber sole,description,False,"[""features""]",1,not_retrieved,not_retrieved,,True
public_0173,browsing,2,Rubber sole,categories,False,"[""features""]",1,124,124,0,True
public_0173,browsing,2,Rubber sole,store,False,"[""features""]",1,not_retrieved,not_retrieved,,True
public_0173,browsing,2,Rubber sole,price,False,"[""features""]",1,not_retrieved,not_retrieved,,True
public_0173,browsing,3,"Comfortable feeling: Super lightweight and flexible just like socks,breathable and smooth fabric provide great freedom and comfortable feeling. Let you enjoy your your beach trip o",title,False,"[""features""]",1,137,47,90,True
public_0173,browsing,3,"Comfortable feeling: Super lightweight and flexible just like socks,breathable and smooth fabric provide great freedom and comfortable feeling. Let you enjoy your your beach trip o",features,True,"[""features""]",1,1782,2,1780,True
public_0173,browsing,3,"Comfortable feeling: Super lightweight and flexible just like socks,breathable and smooth fabric provide great freedom and comfortable feeling. Let you enjoy your your beach trip o",details,False,"[""features""]",1,not_retrieved,not_retrieved,,True
public_0173,browsing,3,"Comfortable feeling: Super lightweight and flexible just like socks,breathable and smooth fabric provide great freedom and comfortable feeling. Let you enjoy your your beach trip o",description,False,"[""features""]",1,not_retrieved,not_retrieved,,True
public_0173,browsing,3,"Comfortable feeling: Super lightweight and flexible just like socks,breathable and smooth fabric provide great freedom and comfortable feeling. Let you enjoy your your beach trip o",categories,False,"[""features""]",1,124,128,-4,True
public_0173,browsing,3,"Comfortable feeling: Super lightweight and flexible just like socks,breathable and smooth fabric provide great freedom and comfortable feeling. Let you enjoy your your beach trip o",store,False,"[""features""]",1,not_retrieved,not_retrieved,,True
public_0173,browsing,3,"Comfortable feeling: Super lightweight and flexible just like socks,breathable and smooth fabric provide great freedom and comfortable feeling. Let you enjoy your your beach trip o",price,False,"[""features""]",1,not_retrieved,not_retrieved,,True
public_0173,browsing,4,"Convenience: Quick-dry water shoes, ultra light weight smooth stretchy fabrics and easy slip-on design make it convenient to wear and take off. Lightweight and compressible, easy t",title,False,"[""features""]",1,137,118,19,True
public_0173,browsing,4,"Convenience: Quick-dry water shoes, ultra light weight smooth stretchy fabrics and easy slip-on design make it convenient to wear and take off. Lightweight and compressible, easy t",features,True,"[""features""]",1,1782,1,1781,True
public_0173,browsing,4,"Convenience: Quick-dry water shoes, ultra light weight smooth stretchy fabrics and easy slip-on design make it convenient to wear and take off. Lightweight and compressible, easy t",details,False,"[""features""]",1,not_retrieved,not_retrieved,,True
public_0173,browsing,4,"Convenience: Quick-dry water shoes, ultra light weight smooth stretchy fabrics and easy slip-on design make it convenient to wear and take off. Lightweight and compressible, easy t",description,False,"[""features""]",1,not_retrieved,not_retrieved,,True
public_0173,browsing,4,"Convenience: Quick-dry water shoes, ultra light weight smooth stretchy fabrics and easy slip-on design make it convenient to wear and take off. Lightweight and compressible, easy t",categories,False,"[""features""]",1,124,178,-54,True
public_0173,browsing,4,"Convenience: Quick-dry water shoes, ultra light weight smooth stretchy fabrics and easy slip-on design make it convenient to wear and take off. Lightweight and compressible, easy t",store,False,"[""features""]",1,not_retrieved,not_retrieved,,True
public_0173,browsing,4,"Convenience: Quick-dry water shoes, ultra light weight smooth stretchy fabrics and easy slip-on design make it convenient to wear and take off. Lightweight and compressible, easy t",price,False,"[""features""]",1,not_retrieved,not_retrieved,,True
public_0174,buying,1,polyester,title,False,"[""features""]",1,not_retrieved,not_retrieved,,True
public_0174,buying,1,polyester,features,True,"[""features""]",1,not_retrieved,9540,,True
public_0174,buying,1,polyester,details,False,"[""features""]",1,not_retrieved,not_retrieved,,True
public_0174,buying,1,polyester,description,False,"[""features""]",1,not_retrieved,not_retrieved,,True
public_0174,buying,1,polyester,categories,False,"[""features""]",1,150,150,0,True
public_0174,buying,1,polyester,store,False,"[""features""]",1,not_retrieved,not_retrieved,,True
public_0174,buying,1,polyester,price,False,"[""features""]",1,not_retrieved,not_retrieved,,True
public_0174,buying,2,100% Polyester,title,False,"[""features""]",1,not_retrieved,not_retrieved,,True
public_0174,buying,2,100% Polyester,features,True,"[""features""]",1,not_retrieved,9508,,True
public_0174,buying,2,100% Polyester,details,False,"[""features""]",1,not_retrieved,not_retrieved,,True
public_0174,buying,2,100% Polyester,description,False,"[""features""]",1,not_retrieved,not_retrieved,,True
public_0174,buying,2,100% Polyester,categories,False,"[""features""]",1,150,150,0,True
public_0174,buying,2,100% Polyester,store,False,"[""features""]",1,not_retrieved,not_retrieved,,True
public_0174,buying,2,100% Polyester,price,False,"[""features""]",1,not_retrieved,not_retrieved,,True
public_0174,buying,3,Imported,title,False,"[""features""]",1,not_retrieved,not_retrieved,,True
public_0174,buying,3,Imported,features,True,"[""features""]",1,not_retrieved,13905,,True
public_0174,buying,3,Imported,details,False,"[""features""]",1,not_retrieved,not_retrieved,,True
public_0174,buying,3,Imported,description,False,"[""features""]",1,not_retrieved,not_retrieved,,True
public_0174,buying,3,Imported,categories,False,"[""features""]",1,150,150,0,True
public_0174,buying,3,Imported,store,False,"[""features""]",1,not_retrieved,not_retrieved,,True
public_0174,buying,3,Imported,price,False,"[""features""]",1,not_retrieved,not_retrieved,,True
public_0174,buying,4,Tie closure,title,False,"[""features""]",1,not_retrieved,not_retrieved,,True
public_0174,buying,4,Tie closure,features,True,"[""features""]",1,not_retrieved,1675,,True
public_0174,buying,4,Tie closure,details,False,"[""features""]",1,not_retrieved,not_retrieved,,True
public_0174,buying,4,Tie closure,description,False,"[""features""]",1,not_retrieved,not_retrieved,,True
public_0174,buying,4,Tie closure,categories,False,"[""features""]",1,150,150,0,True
public_0174,buying,4,Tie closure,store,False,"[""features""]",1,not_retrieved,not_retrieved,,True
public_0174,buying,4,Tie closure,price,False,"[""features""]",1,not_retrieved,not_retrieved,,True
public_0175,browsing,1,cotton,title,False,"[""features""]",1,2932,4420,-1488,True
public_0175,browsing,1,cotton,features,True,"[""features""]",1,not_retrieved,5514,,True
public_0175,browsing,1,cotton,details,False,"[""features""]",1,not_retrieved,not_retrieved,,True
public_0175,browsing,1,cotton,description,False,"[""features""]",1,not_retrieved,not_retrieved,,True
public_0175,browsing,1,cotton,categories,False,"[""features""]",1,79,107,-28,True
public_0175,browsing,1,cotton,store,False,"[""features""]",1,not_retrieved,not_retrieved,,True
public_0175,browsing,1,cotton,price,False,"[""features""]",1,not_retrieved,not_retrieved,,True
public_0175,browsing,2,100% Cotton,title,False,"[""features""]",1,2932,4574,-1642,True
public_0175,browsing,2,100% Cotton,features,True,"[""features""]",1,not_retrieved,2772,,True
public_0175,browsing,2,100% Cotton,details,False,"[""features""]",1,not_retrieved,not_retrieved,,True
public_0175,browsing,2,100% Cotton,description,False,"[""features""]",1,not_retrieved,not_retrieved,,True
public_0175,browsing,2,100% Cotton,categories,False,"[""features""]",1,79,115,-36,True
public_0175,browsing,2,100% Cotton,store,False,"[""features""]",1,not_retrieved,not_retrieved,,True
public_0175,browsing,2,100% Cotton,price,False,"[""features""]",1,not_retrieved,not_retrieved,,True
public_0175,browsing,3,Imported,title,False,"[""features""]",1,2932,2935,-3,True
public_0175,browsing,3,Imported,features,True,"[""features""]",1,not_retrieved,6354,,True
public_0175,browsing,3,Imported,details,False,"[""features""]",1,not_retrieved,not_retrieved,,True
public_0175,browsing,3,Imported,description,False,"[""features""]",1,not_retrieved,not_retrieved,,True
public_0175,browsing,3,Imported,categories,False,"[""features""]",1,79,79,0,True
public_0175,browsing,3,Imported,store,False,"[""features""]",1,not_retrieved,not_retrieved,,True
public_0175,browsing,3,Imported,price,False,"[""features""]",1,not_retrieved,not_retrieved,,True
public_0175,browsing,4,Zipper closure,title,False,"[""features""]",1,2932,3511,-579,True
public_0175,browsing,4,Zipper closure,features,True,"[""features""]",1,not_retrieved,1109,,True
public_0175,browsing,4,Zipper closure,details,False,"[""features""]",1,not_retrieved,not_retrieved,,True
public_0175,browsing,4,Zipper closure,description,False,"[""features""]",1,not_retrieved,not_retrieved,,True
public_0175,browsing,4,Zipper closure,categories,False,"[""features""]",1,79,79,0,True
public_0175,browsing,4,Zipper closure,store,False,"[""features""]",1,not_retrieved,not_retrieved,,True
public_0175,browsing,4,Zipper closure,price,False,"[""features""]",1,not_retrieved,not_retrieved,,True
public_0176,browsing,1,polyester,title,False,"[""features""]",1,420,469,-49,True
public_0176,browsing,1,polyester,features,True,"[""features""]",1,1722,628,1094,True
public_0176,browsing,1,polyester,details,False,"[""features""]",1,not_retrieved,not_retrieved,,True
public_0176,browsing,1,polyester,description,False,"[""features""]",1,1327,1765,-438,True
public_0176,browsing,1,polyester,categories,False,"[""features""]",1,25,25,0,True
public_0176,browsing,1,polyester,store,False,"[""features""]",1,not_retrieved,not_retrieved,,True
public_0176,browsing,1,polyester,price,False,"[""features""]",1,not_retrieved,not_retrieved,,True
public_0176,browsing,2,"93% Polyester, 3% Natural Latex Rubber, 2% Spandex, 2% Nylon",title,False,"[""features""]",1,420,920,-500,True
public_0176,browsing,2,"93% Polyester, 3% Natural Latex Rubber, 2% Spandex, 2% Nylon",features,True,"[""features""]",1,1722,1,1721,True
public_0176,browsing,2,"93% Polyester, 3% Natural Latex Rubber, 2% Spandex, 2% Nylon",details,False,"[""features""]",1,not_retrieved,not_retrieved,,True
public_0176,browsing,2,"93% Polyester, 3% Natural Latex Rubber, 2% Spandex, 2% Nylon",description,False,"[""features""]",1,1327,3021,-1694,True
public_0176,browsing,2,"93% Polyester, 3% Natural Latex Rubber, 2% Spandex, 2% Nylon",categories,False,"[""features""]",1,25,25,0,True
public_0176,browsing,2,"93% Polyester, 3% Natural Latex Rubber, 2% Spandex, 2% Nylon",store,False,"[""features""]",1,not_retrieved,not_retrieved,,True
public_0176,browsing,2,"93% Polyester, 3% Natural Latex Rubber, 2% Spandex, 2% Nylon",price,False,"[""features""]",1,not_retrieved,not_retrieved,,True
public_0176,browsing,3,Imported,title,False,"[""features""]",1,420,423,-3,True
public_0176,browsing,3,Imported,features,True,"[""features""]",1,1722,963,759,True
public_0176,browsing,3,Imported,details,False,"[""features""]",1,not_retrieved,not_retrieved,,True
public_0176,browsing,3,Imported,description,False,"[""features""]",1,1327,1562,-235,True
public_0176,browsing,3,Imported,categories,False,"[""features""]",1,25,25,0,True
public_0176,browsing,3,Imported,store,False,"[""features""]",1,not_retrieved,not_retrieved,,True
public_0176,browsing,3,Imported,price,False,"[""features""]",1,not_retrieved,not_retrieved,,True
public_0176,browsing,4,Polyester lining,title,False,"[""features""]",1,420,564,-144,True
public_0176,browsing,4,Polyester lining,features,True,"[""features""]",1,1722,142,1580,True
public_0176,browsing,4,Polyester lining,details,False,"[""features""]",1,not_retrieved,not_retrieved,,True
public_0176,browsing,4,Polyester lining,description,False,"[""features""]",1,1327,2133,-806,True
public_0176,browsing,4,Polyester lining,categories,False,"[""features""]",1,25,25,0,True
public_0176,browsing,4,Polyester lining,store,False,"[""features""]",1,not_retrieved,not_retrieved,,True
public_0176,browsing,4,Polyester lining,price,False,"[""features""]",1,not_retrieved,not_retrieved,,True
public_0177,intent_override,1,cotton,title,False,"[""features""]",1,1143,2311,-1168,True
public_0177,intent_override,1,cotton,features,True,"[""features""]",1,821,494,327,True
public_0177,intent_override,1,cotton,details,False,"[""features""]",1,not_retrieved,not_retrieved,,True
public_0177,intent_override,1,cotton,description,False,"[""features""]",1,not_retrieved,not_retrieved,,True
public_0177,intent_override,1,cotton,categories,False,"[""features""]",1,94,94,0,True
public_0177,intent_override,1,cotton,store,False,"[""features""]",1,not_retrieved,not_retrieved,,True
public_0177,intent_override,1,cotton,price,False,"[""features""]",1,not_retrieved,not_retrieved,,True
public_0177,intent_override,2,"Cotton, Rayon",title,False,"[""features""]",1,1143,2353,-1210,True
public_0177,intent_override,2,"Cotton, Rayon",features,True,"[""features""]",1,821,109,712,True
public_0177,intent_override,2,"Cotton, Rayon",details,False,"[""features""]",1,not_retrieved,not_retrieved,,True
public_0177,intent_override,2,"Cotton, Rayon",description,False,"[""features""]",1,not_retrieved,not_retrieved,,True
public_0177,intent_override,2,"Cotton, Rayon",categories,False,"[""features""]",1,94,94,0,True
public_0177,intent_override,2,"Cotton, Rayon",store,False,"[""features""]",1,not_retrieved,not_retrieved,,True
public_0177,intent_override,2,"Cotton, Rayon",price,False,"[""features""]",1,not_retrieved,not_retrieved,,True
public_0177,intent_override,3,Imported,title,False,"[""features""]",1,1143,1146,-3,True
public_0177,intent_override,3,Imported,features,True,"[""features""]",1,821,635,186,True
public_0177,intent_override,3,Imported,details,False,"[""features""]",1,not_retrieved,not_retrieved,,True
public_0177,intent_override,3,Imported,description,False,"[""features""]",1,not_retrieved,not_retrieved,,True
public_0177,intent_override,3,Imported,categories,False,"[""features""]",1,94,94,0,True
public_0177,intent_override,3,Imported,store,False,"[""features""]",1,not_retrieved,not_retrieved,,True
public_0177,intent_override,3,Imported,price,False,"[""features""]",1,not_retrieved,not_retrieved,,True
public_0177,intent_override,4,Button closure,title,False,"[""features""]",1,1143,438,705,True
public_0177,intent_override,4,Button closure,features,True,"[""features""]",1,821,292,529,True
public_0177,intent_override,4,Button closure,details,False,"[""features""]",1,not_retrieved,not_retrieved,,True
public_0177,intent_override,4,Button closure,description,False,"[""features""]",1,not_retrieved,not_retrieved,,True
public_0177,intent_override,4,Button closure,categories,False,"[""features""]",1,94,785,-691,True
public_0177,intent_override,4,Button closure,store,False,"[""features""]",1,not_retrieved,not_retrieved,,True
public_0177,intent_override,4,Button closure,price,False,"[""features""]",1,not_retrieved,not_retrieved,,True
public_0178,buying,1,cotton,title,False,"[""features""]",1,not_retrieved,not_retrieved,,True
public_0178,buying,1,cotton,features,True,"[""features""]",1,not_retrieved,2250,,True
public_0178,buying,1,cotton,details,False,"[""features""]",1,not_retrieved,not_retrieved,,True
public_0178,buying,1,cotton,description,False,"[""features""]",1,not_retrieved,not_retrieved,,True
public_0178,buying,1,cotton,categories,False,"[""features""]",1,887,915,-28,True
public_0178,buying,1,cotton,store,False,"[""features""]",1,not_retrieved,not_retrieved,,True
public_0178,buying,1,cotton,price,False,"[""features""]",1,not_retrieved,not_retrieved,,True
public_0178,buying,2,color: red,title,False,[],0,not_retrieved,503,,True
public_0178,buying,2,color: red,features,False,[],0,not_retrieved,not_retrieved,,True
public_0178,buying,2,color: red,details,False,[],0,not_retrieved,not_retrieved,,True
public_0178,buying,2,color: red,description,False,[],0,not_retrieved,107,,True
public_0178,buying,2,color: red,categories,False,[],0,887,892,-5,True
public_0178,buying,2,color: red,store,False,[],0,not_retrieved,not_retrieved,,True
public_0178,buying,2,color: red,price,False,[],0,not_retrieved,not_retrieved,,True
public_0178,buying,3,100% Cotton,title,False,"[""features""]",1,not_retrieved,not_retrieved,,True
public_0178,buying,3,100% Cotton,features,True,"[""features""]",1,not_retrieved,1070,,True
public_0178,buying,3,100% Cotton,details,False,"[""features""]",1,not_retrieved,not_retrieved,,True
public_0178,buying,3,100% Cotton,description,False,"[""features""]",1,not_retrieved,not_retrieved,,True
public_0178,buying,3,100% Cotton,categories,False,"[""features""]",1,887,923,-36,True
public_0178,buying,3,100% Cotton,store,False,"[""features""]",1,not_retrieved,not_retrieved,,True
public_0178,buying,3,100% Cotton,price,False,"[""features""]",1,not_retrieved,not_retrieved,,True
public_0178,buying,4,Made in the USA,title,False,"[""features""]",1,not_retrieved,not_retrieved,,True
public_0178,buying,4,Made in the USA,features,True,"[""features""]",1,not_retrieved,420,,True
public_0178,buying,4,Made in the USA,details,False,"[""features""]",1,not_retrieved,not_retrieved,,True
public_0178,buying,4,Made in the USA,description,False,"[""features""]",1,not_retrieved,not_retrieved,,True
public_0178,buying,4,Made in the USA,categories,False,"[""features""]",1,887,914,-27,True
public_0178,buying,4,Made in the USA,store,False,"[""features""]",1,not_retrieved,not_retrieved,,True
public_0178,buying,4,Made in the USA,price,False,"[""features""]",1,not_retrieved,not_retrieved,,True
public_0179,buying,1,spandex,title,False,"[""features""]",1,not_retrieved,not_retrieved,,True
public_0179,buying,1,spandex,features,True,"[""features""]",1,not_retrieved,1706,,True
public_0179,buying,1,spandex,details,False,"[""features""]",1,not_retrieved,not_retrieved,,True
public_0179,buying,1,spandex,description,False,"[""features""]",1,not_retrieved,not_retrieved,,True
public_0179,buying,1,spandex,categories,False,"[""features""]",1,385,385,0,True
public_0179,buying,1,spandex,store,False,"[""features""]",1,not_retrieved,not_retrieved,,True
public_0179,buying,1,spandex,price,False,"[""features""]",1,not_retrieved,not_retrieved,,True
public_0179,buying,2,5% spandex,title,False,"[""features""]",1,not_retrieved,not_retrieved,,True
public_0179,buying,2,5% spandex,features,True,"[""features""]",1,not_retrieved,1706,,True
public_0179,buying,2,5% spandex,details,False,"[""features""]",1,not_retrieved,not_retrieved,,True
public_0179,buying,2,5% spandex,description,False,"[""features""]",1,not_retrieved,not_retrieved,,True
public_0179,buying,2,5% spandex,categories,False,"[""features""]",1,385,385,0,True
public_0179,buying,2,5% spandex,store,False,"[""features""]",1,not_retrieved,not_retrieved,,True
public_0179,buying,2,5% spandex,price,False,"[""features""]",1,not_retrieved,not_retrieved,,True
public_0179,buying,3,Made in the USA,title,False,"[""features""]",1,not_retrieved,not_retrieved,,True
public_0179,buying,3,Made in the USA,features,True,"[""features""]",1,not_retrieved,252,,True
public_0179,buying,3,Made in the USA,details,False,"[""features""]",1,not_retrieved,not_retrieved,,True
public_0179,buying,3,Made in the USA,description,False,"[""features""]",1,not_retrieved,1187,,True
public_0179,buying,3,Made in the USA,categories,False,"[""features""]",1,385,389,-4,True
public_0179,buying,3,Made in the USA,store,False,"[""features""]",1,not_retrieved,not_retrieved,,True
public_0179,buying,3,Made in the USA,price,False,"[""features""]",1,not_retrieved,not_retrieved,,True
public_0179,buying,4,Pull On closure,title,False,"[""features""]",1,not_retrieved,not_retrieved,,True
public_0179,buying,4,Pull On closure,features,True,"[""features""]",1,not_retrieved,4737,,True
public_0179,buying,4,Pull On closure,details,False,"[""features""]",1,not_retrieved,not_retrieved,,True
public_0179,buying,4,Pull On closure,description,False,"[""features""]",1,not_retrieved,not_retrieved,,True
public_0179,buying,4,Pull On closure,categories,False,"[""features""]",1,385,385,0,True
public_0179,buying,4,Pull On closure,store,False,"[""features""]",1,not_retrieved,not_retrieved,,True
public_0179,buying,4,Pull On closure,price,False,"[""features""]",1,not_retrieved,not_retrieved,,True
public_0180,boundary,1,100% Mesh,title,False,"[""features""]",1,not_retrieved,not_retrieved,,True
public_0180,boundary,1,100% Mesh,features,True,"[""features""]",1,not_retrieved,436,,True
public_0180,boundary,1,100% Mesh,details,False,"[""features""]",1,not_retrieved,not_retrieved,,True
public_0180,boundary,1,100% Mesh,description,False,"[""features""]",1,2865,4491,-1626,True
public_0180,boundary,1,100% Mesh,categories,False,"[""features""]",1,458,466,-8,True
public_0180,boundary,1,100% Mesh,store,False,"[""features""]",1,not_retrieved,not_retrieved,,True
public_0180,boundary,1,100% Mesh,price,False,"[""features""]",1,not_retrieved,not_retrieved,,True
public_0180,boundary,2,Imported,title,False,"[""features""]",1,not_retrieved,not_retrieved,,True
public_0180,boundary,2,Imported,features,True,"[""features""]",1,not_retrieved,5028,,True
public_0180,boundary,2,Imported,details,False,"[""features""]",1,not_retrieved,not_retrieved,,True
public_0180,boundary,2,Imported,description,False,"[""features""]",1,2865,3250,-385,True
public_0180,boundary,2,Imported,categories,False,"[""features""]",1,458,458,0,True
public_0180,boundary,2,Imported,store,False,"[""features""]",1,not_retrieved,not_retrieved,,True
public_0180,boundary,2,Imported,price,False,"[""features""]",1,not_retrieved,not_retrieved,,True
public_0180,boundary,3,Rubber sole,title,False,"[""features""]",1,not_retrieved,not_retrieved,,True
public_0180,boundary,3,Rubber sole,features,True,"[""features""]",1,not_retrieved,3073,,True
public_0180,boundary,3,Rubber sole,details,False,"[""features""]",1,not_retrieved,not_retrieved,,True
public_0180,boundary,3,Rubber sole,description,False,"[""features""]",1,2865,1195,1670,True
public_0180,boundary,3,Rubber sole,categories,False,"[""features""]",1,458,458,0,True
public_0180,boundary,3,Rubber sole,store,False,"[""features""]",1,not_retrieved,not_retrieved,,True
public_0180,boundary,3,Rubber sole,price,False,"[""features""]",1,not_retrieved,not_retrieved,,True
public_0180,boundary,4,"GRID, Injection EVA",title,False,"[""features""]",1,not_retrieved,not_retrieved,,True
public_0180,boundary,4,"GRID, Injection EVA",features,True,"[""features""]",1,not_retrieved,1,,True
public_0180,boundary,4,"GRID, Injection EVA",details,False,"[""features""]",1,not_retrieved,20,,True
public_0180,boundary,4,"GRID, Injection EVA",description,False,"[""features""]",1,2865,348,2517,True
public_0180,boundary,4,"GRID, Injection EVA",categories,False,"[""features""]",1,458,458,0,True
public_0180,boundary,4,"GRID, Injection EVA",store,False,"[""features""]",1,not_retrieved,not_retrieved,,True
public_0180,boundary,4,"GRID, Injection EVA",price,False,"[""features""]",1,not_retrieved,not_retrieved,,True
public_0181,browsing,1,polyester,title,False,"[""features""]",1,not_retrieved,not_retrieved,,True
public_0181,browsing,1,polyester,features,True,"[""features""]",1,not_retrieved,6150,,True
public_0181,browsing,1,polyester,details,False,"[""features""]",1,not_retrieved,not_retrieved,,True
public_0181,browsing,1,polyester,description,False,"[""features""]",1,not_retrieved,not_retrieved,,True
public_0181,browsing,1,polyester,categories,False,"[""features""]",1,45,45,0,True
public_0181,browsing,1,polyester,store,False,"[""features""]",1,not_retrieved,not_retrieved,,True
public_0181,browsing,1,polyester,price,False,"[""features""]",1,not_retrieved,not_retrieved,,True
public_0181,browsing,2,Drawstring closure,title,False,"[""features""]",1,not_retrieved,not_retrieved,,True
public_0181,browsing,2,Drawstring closure,features,True,"[""features""]",1,not_retrieved,1011,,True
public_0181,browsing,2,Drawstring closure,details,False,"[""features""]",1,not_retrieved,not_retrieved,,True
public_0181,browsing,2,Drawstring closure,description,False,"[""features""]",1,not_retrieved,not_retrieved,,True
public_0181,browsing,2,Drawstring closure,categories,False,"[""features""]",1,45,45,0,True
public_0181,browsing,2,Drawstring closure,store,False,"[""features""]",1,not_retrieved,not_retrieved,,True
public_0181,browsing,2,Drawstring closure,price,False,"[""features""]",1,not_retrieved,not_retrieved,,True
public_0181,browsing,3,Hand Wash Only,title,False,"[""features""]",1,not_retrieved,not_retrieved,,True
public_0181,browsing,3,Hand Wash Only,features,True,"[""features""]",1,not_retrieved,2826,,True
public_0181,browsing,3,Hand Wash Only,details,False,"[""features""]",1,not_retrieved,not_retrieved,,True
public_0181,browsing,3,Hand Wash Only,description,False,"[""features""]",1,not_retrieved,not_retrieved,,True
public_0181,browsing,3,Hand Wash Only,categories,False,"[""features""]",1,45,46,-1,True
public_0181,browsing,3,Hand Wash Only,store,False,"[""features""]",1,not_retrieved,not_retrieved,,True
public_0181,browsing,3,Hand Wash Only,price,False,"[""features""]",1,not_retrieved,not_retrieved,,True
public_0181,browsing,4,Casual 2 piece active sweatsuit pant set,title,False,"[""features""]",1,not_retrieved,118,,True
public_0181,browsing,4,Casual 2 piece active sweatsuit pant set,features,True,"[""features""]",1,not_retrieved,1,,True
public_0181,browsing,4,Casual 2 piece active sweatsuit pant set,details,False,"[""features""]",1,not_retrieved,not_retrieved,,True
public_0181,browsing,4,Casual 2 piece active sweatsuit pant set,description,False,"[""features""]",1,not_retrieved,not_retrieved,,True
public_0181,browsing,4,Casual 2 piece active sweatsuit pant set,categories,False,"[""features""]",1,45,89,-44,True
public_0181,browsing,4,Casual 2 piece active sweatsuit pant set,store,False,"[""features""]",1,not_retrieved,not_retrieved,,True
public_0181,browsing,4,Casual 2 piece active sweatsuit pant set,price,False,"[""features""]",1,not_retrieved,not_retrieved,,True
public_0182,browsing,1,UPDATED ALUMINUM WALLET with high quality aluminum materials and Environmentally friendly plastic(ABS) clasp closure,title,False,"[""features""]",1,33,9,24,True
public_0182,browsing,1,UPDATED ALUMINUM WALLET with high quality aluminum materials and Environmentally friendly plastic(ABS) clasp closure,features,True,"[""features""]",1,73,1,72,True
public_0182,browsing,1,UPDATED ALUMINUM WALLET with high quality aluminum materials and Environmentally friendly plastic(ABS) clasp closure,details,False,"[""features""]",1,3,2,1,True
public_0182,browsing,1,UPDATED ALUMINUM WALLET with high quality aluminum materials and Environmentally friendly plastic(ABS) clasp closure,description,False,"[""features""]",1,not_retrieved,not_retrieved,,True
public_0182,browsing,1,UPDATED ALUMINUM WALLET with high quality aluminum materials and Environmentally friendly plastic(ABS) clasp closure,categories,False,"[""features""]",1,38,38,0,True
public_0182,browsing,1,UPDATED ALUMINUM WALLET with high quality aluminum materials and Environmentally friendly plastic(ABS) clasp closure,store,False,"[""features""]",1,not_retrieved,not_retrieved,,True
public_0182,browsing,1,UPDATED ALUMINUM WALLET with high quality aluminum materials and Environmentally friendly plastic(ABS) clasp closure,price,False,"[""features""]",1,not_retrieved,not_retrieved,,True
public_0182,browsing,2,color: black,title,False,"[""details""]",1,33,24,9,True
public_0182,browsing,2,color: black,features,False,"[""details""]",1,73,81,-8,True
public_0182,browsing,2,color: black,details,True,"[""details""]",1,3,2,1,True
public_0182,browsing,2,color: black,description,False,"[""details""]",1,not_retrieved,not_retrieved,,True
public_0182,browsing,2,color: black,categories,False,"[""details""]",1,38,38,0,True
public_0182,browsing,2,color: black,store,False,"[""details""]",1,not_retrieved,not_retrieved,,True
public_0182,browsing,2,color: black,price,False,"[""details""]",1,not_retrieved,not_retrieved,,True
public_0182,browsing,3,PEACE OF MIND when Travelling: It is a Must Have a protector case ID slots when on vacations or traveling overseas. Using on public transportation and crowded places - keep the wor,title,False,"[""features""]",1,33,36,-3,True
public_0182,browsing,3,PEACE OF MIND when Travelling: It is a Must Have a protector case ID slots when on vacations or traveling overseas. Using on public transportation and crowded places - keep the wor,features,True,"[""features""]",1,73,1,72,True
public_0182,browsing,3,PEACE OF MIND when Travelling: It is a Must Have a protector case ID slots when on vacations or traveling overseas. Using on public transportation and crowded places - keep the wor,details,False,"[""features""]",1,3,4,-1,True
public_0182,browsing,3,PEACE OF MIND when Travelling: It is a Must Have a protector case ID slots when on vacations or traveling overseas. Using on public transportation and crowded places - keep the wor,description,False,"[""features""]",1,not_retrieved,not_retrieved,,True
public_0182,browsing,3,PEACE OF MIND when Travelling: It is a Must Have a protector case ID slots when on vacations or traveling overseas. Using on public transportation and crowded places - keep the wor,categories,False,"[""features""]",1,38,38,0,True
public_0182,browsing,3,PEACE OF MIND when Travelling: It is a Must Have a protector case ID slots when on vacations or traveling overseas. Using on public transportation and crowded places - keep the wor,store,False,"[""features""]",1,not_retrieved,not_retrieved,,True
public_0182,browsing,3,PEACE OF MIND when Travelling: It is a Must Have a protector case ID slots when on vacations or traveling overseas. Using on public transportation and crowded places - keep the wor,price,False,"[""features""]",1,not_retrieved,not_retrieved,,True
public_0182,browsing,4,MOST RELIABLE RFID BLOCKING PROTECTION. Most RFID blocking hard shell aluma wallets can NOT block 125KHz signals. But Elfish metal id cases are able to Block both 13.56 MHz and 125,title,False,"[""features""]",1,33,3,30,True
public_0182,browsing,4,MOST RELIABLE RFID BLOCKING PROTECTION. Most RFID blocking hard shell aluma wallets can NOT block 125KHz signals. But Elfish metal id cases are able to Block both 13.56 MHz and 125,features,True,"[""features""]",1,73,1,72,True
public_0182,browsing,4,MOST RELIABLE RFID BLOCKING PROTECTION. Most RFID blocking hard shell aluma wallets can NOT block 125KHz signals. But Elfish metal id cases are able to Block both 13.56 MHz and 125,details,False,"[""features""]",1,3,1,2,True
public_0182,browsing,4,MOST RELIABLE RFID BLOCKING PROTECTION. Most RFID blocking hard shell aluma wallets can NOT block 125KHz signals. But Elfish metal id cases are able to Block both 13.56 MHz and 125,description,False,"[""features""]",1,not_retrieved,not_retrieved,,True
public_0182,browsing,4,MOST RELIABLE RFID BLOCKING PROTECTION. Most RFID blocking hard shell aluma wallets can NOT block 125KHz signals. But Elfish metal id cases are able to Block both 13.56 MHz and 125,categories,False,"[""features""]",1,38,38,0,True
public_0182,browsing,4,MOST RELIABLE RFID BLOCKING PROTECTION. Most RFID blocking hard shell aluma wallets can NOT block 125KHz signals. But Elfish metal id cases are able to Block both 13.56 MHz and 125,store,False,"[""features""]",1,not_retrieved,2,,True
public_0182,browsing,4,MOST RELIABLE RFID BLOCKING PROTECTION. Most RFID blocking hard shell aluma wallets can NOT block 125KHz signals. But Elfish metal id cases are able to Block both 13.56 MHz and 125,price,False,"[""features""]",1,not_retrieved,not_retrieved,,True
public_0183,intent_override,1,polyester,title,False,"[""features""]",1,not_retrieved,not_retrieved,,True
public_0183,intent_override,1,polyester,features,True,"[""features""]",1,not_retrieved,7826,,True
public_0183,intent_override,1,polyester,details,False,"[""features""]",1,not_retrieved,not_retrieved,,True
public_0183,intent_override,1,polyester,description,False,"[""features""]",1,not_retrieved,not_retrieved,,True
public_0183,intent_override,1,polyester,categories,False,"[""features""]",1,31,31,0,True
public_0183,intent_override,1,polyester,store,False,"[""features""]",1,not_retrieved,not_retrieved,,True
public_0183,intent_override,1,polyester,price,False,"[""features""]",1,not_retrieved,not_retrieved,,True
public_0183,intent_override,2,100% Polyester,title,False,"[""features""]",1,not_retrieved,not_retrieved,,True
public_0183,intent_override,2,100% Polyester,features,True,"[""features""]",1,not_retrieved,4547,,True
public_0183,intent_override,2,100% Polyester,details,False,"[""features""]",1,not_retrieved,not_retrieved,,True
public_0183,intent_override,2,100% Polyester,description,False,"[""features""]",1,not_retrieved,not_retrieved,,True
public_0183,intent_override,2,100% Polyester,categories,False,"[""features""]",1,31,31,0,True
public_0183,intent_override,2,100% Polyester,store,False,"[""features""]",1,not_retrieved,not_retrieved,,True
public_0183,intent_override,2,100% Polyester,price,False,"[""features""]",1,not_retrieved,not_retrieved,,True
public_0183,intent_override,3,Button closure,title,False,"[""features""]",1,not_retrieved,not_retrieved,,True
public_0183,intent_override,3,Button closure,features,True,"[""features""]",1,not_retrieved,2584,,True
public_0183,intent_override,3,Button closure,details,False,"[""features""]",1,not_retrieved,not_retrieved,,True
public_0183,intent_override,3,Button closure,description,False,"[""features""]",1,not_retrieved,not_retrieved,,True
public_0183,intent_override,3,Button closure,categories,False,"[""features""]",1,31,31,0,True
public_0183,intent_override,3,Button closure,store,False,"[""features""]",1,not_retrieved,not_retrieved,,True
public_0183,intent_override,3,Button closure,price,False,"[""features""]",1,not_retrieved,not_retrieved,,True
public_0183,intent_override,4,Hand Wash Only,title,False,"[""features""]",1,not_retrieved,not_retrieved,,True
public_0183,intent_override,4,Hand Wash Only,features,True,"[""features""]",1,not_retrieved,3835,,True
public_0183,intent_override,4,Hand Wash Only,details,False,"[""features""]",1,not_retrieved,not_retrieved,,True
public_0183,intent_override,4,Hand Wash Only,description,False,"[""features""]",1,not_retrieved,not_retrieved,,True
public_0183,intent_override,4,Hand Wash Only,categories,False,"[""features""]",1,31,32,-1,True
public_0183,intent_override,4,Hand Wash Only,store,False,"[""features""]",1,not_retrieved,not_retrieved,,True
public_0183,intent_override,4,Hand Wash Only,price,False,"[""features""]",1,not_retrieved,not_retrieved,,True
public_0184,browsing,1,nylon,title,False,"[""features""]",1,507,631,-124,True
public_0184,browsing,1,nylon,features,True,"[""features""]",1,611,285,326,True
public_0184,browsing,1,nylon,details,False,"[""features""]",1,not_retrieved,not_retrieved,,True
public_0184,browsing,1,nylon,description,False,"[""features""]",1,410,600,-190,True
public_0184,browsing,1,nylon,categories,False,"[""features""]",1,515,515,0,True
public_0184,browsing,1,nylon,store,False,"[""features""]",1,not_retrieved,not_retrieved,,True
public_0184,browsing,1,nylon,price,False,"[""features""]",1,not_retrieved,not_retrieved,,True
public_0184,browsing,2,color: black,title,False,[],0,507,127,380,True
public_0184,browsing,2,color: black,features,False,[],0,611,2076,-1465,True
public_0184,browsing,2,color: black,details,False,[],0,not_retrieved,not_retrieved,,True
public_0184,browsing,2,color: black,description,False,[],0,410,1117,-707,True
public_0184,browsing,2,color: black,categories,False,[],0,515,515,0,True
public_0184,browsing,2,color: black,store,False,[],0,not_retrieved,not_retrieved,,True
public_0184,browsing,2,color: black,price,False,[],0,not_retrieved,not_retrieved,,True
public_0184,browsing,3,Composite/Plastic Frame,title,False,"[""features""]",1,507,67,440,True
public_0184,browsing,3,Composite/Plastic Frame,features,True,"[""features""]",1,611,63,548,True
public_0184,browsing,3,Composite/Plastic Frame,details,False,"[""features""]",1,not_retrieved,not_retrieved,,True
public_0184,browsing,3,Composite/Plastic Frame,description,False,"[""features""]",1,410,647,-237,True
public_0184,browsing,3,Composite/Plastic Frame,categories,False,"[""features""]",1,515,515,0,True
public_0184,browsing,3,Composite/Plastic Frame,store,False,"[""features""]",1,not_retrieved,not_retrieved,,True
public_0184,browsing,3,Composite/Plastic Frame,price,False,"[""features""]",1,not_retrieved,not_retrieved,,True
public_0184,browsing,4,Imported,title,False,"[""features""]",1,507,510,-3,True
public_0184,browsing,4,Imported,features,True,"[""features""]",1,611,457,154,True
public_0184,browsing,4,Imported,details,False,"[""features""]",1,not_retrieved,not_retrieved,,True
public_0184,browsing,4,Imported,description,False,"[""features""]",1,410,585,-175,True
public_0184,browsing,4,Imported,categories,False,"[""features""]",1,515,515,0,True
public_0184,browsing,4,Imported,store,False,"[""features""]",1,not_retrieved,not_retrieved,,True
public_0184,browsing,4,Imported,price,False,"[""features""]",1,not_retrieved,not_retrieved,,True
public_0185,buying,1,cotton,title,True,"[""title"", ""features""]",2,1,2,-1,True
public_0185,buying,1,cotton,features,True,"[""title"", ""features""]",2,13,8,5,True
public_0185,buying,1,cotton,details,False,"[""title"", ""features""]",2,not_retrieved,not_retrieved,,True
public_0185,buying,1,cotton,description,False,"[""title"", ""features""]",2,not_retrieved,not_retrieved,,True
public_0185,buying,1,cotton,categories,False,"[""title"", ""features""]",2,26,26,0,True
public_0185,buying,1,cotton,store,False,"[""title"", ""features""]",2,not_retrieved,not_retrieved,,True
public_0185,buying,1,cotton,price,False,"[""title"", ""features""]",2,not_retrieved,not_retrieved,,True
public_0185,buying,2,92%Cotton/8%Spandex,title,False,"[""features""]",1,1,2,-1,True
public_0185,buying,2,92%Cotton/8%Spandex,features,True,"[""features""]",1,13,2,11,True
public_0185,buying,2,92%Cotton/8%Spandex,details,False,"[""features""]",1,not_retrieved,not_retrieved,,True
public_0185,buying,2,92%Cotton/8%Spandex,description,False,"[""features""]",1,not_retrieved,not_retrieved,,True
public_0185,buying,2,92%Cotton/8%Spandex,categories,False,"[""features""]",1,26,26,0,True
public_0185,buying,2,92%Cotton/8%Spandex,store,False,"[""features""]",1,not_retrieved,not_retrieved,,True
public_0185,buying,2,92%Cotton/8%Spandex,price,False,"[""features""]",1,not_retrieved,not_retrieved,,True
public_0185,buying,3,Imported,title,False,"[""features""]",1,1,1,0,True
public_0185,buying,3,Imported,features,True,"[""features""]",1,13,10,3,True
public_0185,buying,3,Imported,details,False,"[""features""]",1,not_retrieved,not_retrieved,,True
public_0185,buying,3,Imported,description,False,"[""features""]",1,not_retrieved,not_retrieved,,True
public_0185,buying,3,Imported,categories,False,"[""features""]",1,26,26,0,True
public_0185,buying,3,Imported,store,False,"[""features""]",1,not_retrieved,not_retrieved,,True
public_0185,buying,3,Imported,price,False,"[""features""]",1,not_retrieved,not_retrieved,,True
public_0185,buying,4,Pull On closure,title,False,"[""features""]",1,1,3,-2,True
public_0185,buying,4,Pull On closure,features,True,"[""features""]",1,13,6,7,True
public_0185,buying,4,Pull On closure,details,False,"[""features""]",1,not_retrieved,not_retrieved,,True
public_0185,buying,4,Pull On closure,description,False,"[""features""]",1,not_retrieved,not_retrieved,,True
public_0185,buying,4,Pull On closure,categories,False,"[""features""]",1,26,26,0,True
public_0185,buying,4,Pull On closure,store,False,"[""features""]",1,not_retrieved,not_retrieved,,True
public_0185,buying,4,Pull On closure,price,False,"[""features""]",1,not_retrieved,not_retrieved,,True
public_0186,intent_override,1,100% Synthetic,title,False,"[""features""]",1,275,587,-312,True
public_0186,intent_override,1,100% Synthetic,features,True,"[""features""]",1,419,138,281,True
public_0186,intent_override,1,100% Synthetic,details,False,"[""features""]",1,not_retrieved,not_retrieved,,True
public_0186,intent_override,1,100% Synthetic,description,False,"[""features""]",1,not_retrieved,not_retrieved,,True
public_0186,intent_override,1,100% Synthetic,categories,False,"[""features""]",1,456,456,0,True
public_0186,intent_override,1,100% Synthetic,store,False,"[""features""]",1,not_retrieved,not_retrieved,,True
public_0186,intent_override,1,100% Synthetic,price,False,"[""features""]",1,not_retrieved,not_retrieved,,True
public_0186,intent_override,2,Rubber sole,title,False,"[""features""]",1,275,581,-306,True
public_0186,intent_override,2,Rubber sole,features,True,"[""features""]",1,419,204,215,True
public_0186,intent_override,2,Rubber sole,details,False,"[""features""]",1,not_retrieved,not_retrieved,,True
public_0186,intent_override,2,Rubber sole,description,False,"[""features""]",1,not_retrieved,not_retrieved,,True
public_0186,intent_override,2,Rubber sole,categories,False,"[""features""]",1,456,456,0,True
public_0186,intent_override,2,Rubber sole,store,False,"[""features""]",1,not_retrieved,not_retrieved,,True
public_0186,intent_override,2,Rubber sole,price,False,"[""features""]",1,not_retrieved,not_retrieved,,True
public_0186,intent_override,3,"AmpliFoam Midsole: Engineered to maintain durability at softer densities, providing better flexibility, comfort, and platform adaptability ideal for natural running",title,False,"[""features""]",1,275,2115,-1840,True
public_0186,intent_override,3,"AmpliFoam Midsole: Engineered to maintain durability at softer densities, providing better flexibility, comfort, and platform adaptability ideal for natural running",features,True,"[""features""]",1,419,3,416,True
public_0186,intent_override,3,"AmpliFoam Midsole: Engineered to maintain durability at softer densities, providing better flexibility, comfort, and platform adaptability ideal for natural running",details,False,"[""features""]",1,not_retrieved,not_retrieved,,True
public_0186,intent_override,3,"AmpliFoam Midsole: Engineered to maintain durability at softer densities, providing better flexibility, comfort, and platform adaptability ideal for natural running",description,False,"[""features""]",1,not_retrieved,not_retrieved,,True
public_0186,intent_override,3,"AmpliFoam Midsole: Engineered to maintain durability at softer densities, providing better flexibility, comfort, and platform adaptability ideal for natural running",categories,False,"[""features""]",1,456,461,-5,True
public_0186,intent_override,3,"AmpliFoam Midsole: Engineered to maintain durability at softer densities, providing better flexibility, comfort, and platform adaptability ideal for natural running",store,False,"[""features""]",1,not_retrieved,not_retrieved,,True
public_0186,intent_override,3,"AmpliFoam Midsole: Engineered to maintain durability at softer densities, providing better flexibility, comfort, and platform adaptability ideal for natural running",price,False,"[""features""]",1,not_retrieved,not_retrieved,,True
public_0186,intent_override,4,Ortholite Sockliner: Moisture management (Ortholite is a registered trademark of O2 Partners LLC),title,False,"[""features""]",1,275,715,-440,True
public_0186,intent_override,4,Ortholite Sockliner: Moisture management (Ortholite is a registered trademark of O2 Partners LLC),features,True,"[""features""]",1,419,1,418,True
public_0186,intent_override,4,Ortholite Sockliner: Moisture management (Ortholite is a registered trademark of O2 Partners LLC),details,False,"[""features""]",1,not_retrieved,not_retrieved,,True
public_0186,intent_override,4,Ortholite Sockliner: Moisture management (Ortholite is a registered trademark of O2 Partners LLC),description,False,"[""features""]",1,not_retrieved,not_retrieved,,True
public_0186,intent_override,4,Ortholite Sockliner: Moisture management (Ortholite is a registered trademark of O2 Partners LLC),categories,False,"[""features""]",1,456,457,-1,True
public_0186,intent_override,4,Ortholite Sockliner: Moisture management (Ortholite is a registered trademark of O2 Partners LLC),store,False,"[""features""]",1,not_retrieved,not_retrieved,,True
public_0186,intent_override,4,Ortholite Sockliner: Moisture management (Ortholite is a registered trademark of O2 Partners LLC),price,False,"[""features""]",1,not_retrieved,not_retrieved,,True
public_0187,boundary,1,leather,title,False,"[""features"", ""description""]",2,965,1188,-223,True
public_0187,boundary,1,leather,features,True,"[""features"", ""description""]",2,1876,500,1376,True
public_0187,boundary,1,leather,details,False,"[""features"", ""description""]",2,not_retrieved,not_retrieved,,True
public_0187,boundary,1,leather,description,True,"[""features"", ""description""]",2,232,191,41,True
public_0187,boundary,1,leather,categories,False,"[""features"", ""description""]",2,6,6,0,True
public_0187,boundary,1,leather,store,False,"[""features"", ""description""]",2,not_retrieved,not_retrieved,,True
public_0187,boundary,1,leather,price,False,"[""features"", ""description""]",2,not_retrieved,not_retrieved,,True
public_0187,boundary,2,100% Leather,title,False,"[""features""]",1,965,1431,-466,True
public_0187,boundary,2,100% Leather,features,True,"[""features""]",1,1876,308,1568,True
public_0187,boundary,2,100% Leather,details,False,"[""features""]",1,not_retrieved,not_retrieved,,True
public_0187,boundary,2,100% Leather,description,False,"[""features""]",1,232,214,18,True
public_0187,boundary,2,100% Leather,categories,False,"[""features""]",1,6,6,0,True
public_0187,boundary,2,100% Leather,store,False,"[""features""]",1,not_retrieved,not_retrieved,,True
public_0187,boundary,2,100% Leather,price,False,"[""features""]",1,not_retrieved,not_retrieved,,True
public_0187,boundary,3,Leather sole,title,False,"[""features""]",1,965,1328,-363,True
public_0187,boundary,3,Leather sole,features,True,"[""features""]",1,1876,270,1606,True
public_0187,boundary,3,Leather sole,details,False,"[""features""]",1,not_retrieved,not_retrieved,,True
public_0187,boundary,3,Leather sole,description,False,"[""features""]",1,232,130,102,True
public_0187,boundary,3,Leather sole,categories,False,"[""features""]",1,6,6,0,True
public_0187,boundary,3,Leather sole,store,False,"[""features""]",1,not_retrieved,not_retrieved,,True
public_0187,boundary,3,Leather sole,price,False,"[""features""]",1,not_retrieved,not_retrieved,,True
public_0187,boundary,4,Leather slip-on featuring dual gore panels at entry and padded collar,title,False,"[""features""]",1,965,617,348,True
public_0187,boundary,4,Leather slip-on featuring dual gore panels at entry and padded collar,features,True,"[""features""]",1,1876,1,1875,True
public_0187,boundary,4,Leather slip-on featuring dual gore panels at entry and padded collar,details,False,"[""features""]",1,not_retrieved,not_retrieved,,True
public_0187,boundary,4,Leather slip-on featuring dual gore panels at entry and padded collar,description,False,"[""features""]",1,232,121,111,True
public_0187,boundary,4,Leather slip-on featuring dual gore panels at entry and padded collar,categories,False,"[""features""]",1,6,6,0,True
public_0187,boundary,4,Leather slip-on featuring dual gore panels at entry and padded collar,store,False,"[""features""]",1,not_retrieved,not_retrieved,,True
public_0187,boundary,4,Leather slip-on featuring dual gore panels at entry and padded collar,price,False,"[""features""]",1,not_retrieved,not_retrieved,,True
public_0188,buying,1,leather,title,True,"[""title"", ""features""]",2,94,53,41,True
public_0188,buying,1,leather,features,True,"[""title"", ""features""]",2,662,355,307,True
public_0188,buying,1,leather,details,False,"[""title"", ""features""]",2,not_retrieved,not_retrieved,,True
public_0188,buying,1,leather,description,False,"[""title"", ""features""]",2,not_retrieved,not_retrieved,,True
public_0188,buying,1,leather,categories,False,"[""title"", ""features""]",2,262,262,0,True
public_0188,buying,1,leather,store,False,"[""title"", ""features""]",2,not_retrieved,not_retrieved,,True
public_0188,buying,1,leather,price,False,"[""title"", ""features""]",2,not_retrieved,not_retrieved,,True
public_0188,buying,2,"Artificial Leather,Leather,Pu Leather",title,False,"[""features""]",1,94,71,23,True
public_0188,buying,2,"Artificial Leather,Leather,Pu Leather",features,True,"[""features""]",1,662,60,602,True
public_0188,buying,2,"Artificial Leather,Leather,Pu Leather",details,False,"[""features""]",1,not_retrieved,not_retrieved,,True
public_0188,buying,2,"Artificial Leather,Leather,Pu Leather",description,False,"[""features""]",1,not_retrieved,not_retrieved,,True
public_0188,buying,2,"Artificial Leather,Leather,Pu Leather",categories,False,"[""features""]",1,262,262,0,True
public_0188,buying,2,"Artificial Leather,Leather,Pu Leather",store,False,"[""features""]",1,not_retrieved,not_retrieved,,True
public_0188,buying,2,"Artificial Leather,Leather,Pu Leather",price,False,"[""features""]",1,not_retrieved,not_retrieved,,True
public_0188,buying,3,Imported,title,False,"[""features""]",1,94,95,-1,True
public_0188,buying,3,Imported,features,True,"[""features""]",1,662,612,50,True
public_0188,buying,3,Imported,details,False,"[""features""]",1,not_retrieved,not_retrieved,,True
public_0188,buying,3,Imported,description,False,"[""features""]",1,not_retrieved,not_retrieved,,True
public_0188,buying,3,Imported,categories,False,"[""features""]",1,262,262,0,True
public_0188,buying,3,Imported,store,False,"[""features""]",1,not_retrieved,not_retrieved,,True
public_0188,buying,3,Imported,price,False,"[""features""]",1,not_retrieved,not_retrieved,,True
public_0188,buying,4,Zipper closure,title,False,"[""features""]",1,94,23,71,True
public_0188,buying,4,Zipper closure,features,True,"[""features""]",1,662,1457,-795,True
public_0188,buying,4,Zipper closure,details,False,"[""features""]",1,not_retrieved,not_retrieved,,True
public_0188,buying,4,Zipper closure,description,False,"[""features""]",1,not_retrieved,not_retrieved,,True
public_0188,buying,4,Zipper closure,categories,False,"[""features""]",1,262,262,0,True
public_0188,buying,4,Zipper closure,store,False,"[""features""]",1,not_retrieved,not_retrieved,,True
public_0188,buying,4,Zipper closure,price,False,"[""features""]",1,not_retrieved,not_retrieved,,True
public_0189,buying,1,cotton,title,False,"[""features""]",1,868,1072,-204,True
public_0189,buying,1,cotton,features,True,"[""features""]",1,not_retrieved,7788,,True
public_0189,buying,1,cotton,details,False,"[""features""]",1,not_retrieved,not_retrieved,,True
public_0189,buying,1,cotton,description,False,"[""features""]",1,166,220,-54,True
public_0189,buying,1,cotton,categories,False,"[""features""]",1,41,41,0,True
public_0189,buying,1,cotton,store,False,"[""features""]",1,not_retrieved,not_retrieved,,True
public_0189,buying,1,cotton,price,False,"[""features""]",1,not_retrieved,not_retrieved,,True
public_0189,buying,2,color: black,title,False,[],0,868,1239,-371,True
public_0189,buying,2,color: black,features,False,[],0,not_retrieved,494,,True
public_0189,buying,2,color: black,details,False,[],0,not_retrieved,not_retrieved,,True
public_0189,buying,2,color: black,description,False,[],0,166,324,-158,True
public_0189,buying,2,color: black,categories,False,[],0,41,41,0,True
public_0189,buying,2,color: black,store,False,[],0,not_retrieved,not_retrieved,,True
public_0189,buying,2,color: black,price,False,[],0,not_retrieved,not_retrieved,,True
public_0189,buying,3,100% Cotton,title,False,"[""features""]",1,868,1352,-484,True
public_0189,buying,3,100% Cotton,features,True,"[""features""]",1,not_retrieved,4612,,True
public_0189,buying,3,100% Cotton,details,False,"[""features""]",1,not_retrieved,not_retrieved,,True
public_0189,buying,3,100% Cotton,description,False,"[""features""]",1,166,608,-442,True
public_0189,buying,3,100% Cotton,categories,False,"[""features""]",1,41,41,0,True
public_0189,buying,3,100% Cotton,store,False,"[""features""]",1,not_retrieved,not_retrieved,,True
public_0189,buying,3,100% Cotton,price,False,"[""features""]",1,not_retrieved,not_retrieved,,True
public_0189,buying,4,Imported,title,False,"[""features""]",1,868,871,-3,True
public_0189,buying,4,Imported,features,True,"[""features""]",1,not_retrieved,11508,,True
public_0189,buying,4,Imported,details,False,"[""features""]",1,not_retrieved,not_retrieved,,True
public_0189,buying,4,Imported,description,False,"[""features""]",1,166,198,-32,True
public_0189,buying,4,Imported,categories,False,"[""features""]",1,41,41,0,True
public_0189,buying,4,Imported,store,False,"[""features""]",1,not_retrieved,not_retrieved,,True
public_0189,buying,4,Imported,price,False,"[""features""]",1,not_retrieved,not_retrieved,,True
public_0190,buying,1,polyester,title,False,"[""features""]",1,75,97,-22,True
public_0190,buying,1,polyester,features,True,"[""features""]",1,17,17,0,True
public_0190,buying,1,polyester,details,False,"[""features""]",1,not_retrieved,not_retrieved,,True
public_0190,buying,1,polyester,description,False,"[""features""]",1,not_retrieved,not_retrieved,,True
public_0190,buying,1,polyester,categories,False,"[""features""]",1,19,19,0,True
public_0190,buying,1,polyester,store,False,"[""features""]",1,not_retrieved,not_retrieved,,True
public_0190,buying,1,polyester,price,False,"[""features""]",1,not_retrieved,not_retrieved,,True
public_0190,buying,2,"94% Polyester, 6% Spandex",title,False,"[""features""]",1,75,128,-53,True
public_0190,buying,2,"94% Polyester, 6% Spandex",features,True,"[""features""]",1,17,16,1,True
public_0190,buying,2,"94% Polyester, 6% Spandex",details,False,"[""features""]",1,not_retrieved,not_retrieved,,True
public_0190,buying,2,"94% Polyester, 6% Spandex",description,False,"[""features""]",1,not_retrieved,not_retrieved,,True
public_0190,buying,2,"94% Polyester, 6% Spandex",categories,False,"[""features""]",1,19,19,0,True
public_0190,buying,2,"94% Polyester, 6% Spandex",store,False,"[""features""]",1,not_retrieved,not_retrieved,,True
public_0190,buying,2,"94% Polyester, 6% Spandex",price,False,"[""features""]",1,not_retrieved,not_retrieved,,True
public_0190,buying,3,Imported,title,False,"[""features""]",1,75,78,-3,True
public_0190,buying,3,Imported,features,True,"[""features""]",1,17,15,2,True
public_0190,buying,3,Imported,details,False,"[""features""]",1,not_retrieved,not_retrieved,,True
public_0190,buying,3,Imported,description,False,"[""features""]",1,not_retrieved,not_retrieved,,True
public_0190,buying,3,Imported,categories,False,"[""features""]",1,19,19,0,True
public_0190,buying,3,Imported,store,False,"[""features""]",1,not_retrieved,not_retrieved,,True
public_0190,buying,3,Imported,price,False,"[""features""]",1,not_retrieved,not_retrieved,,True
public_0190,buying,4,Pull On closure,title,False,"[""features""]",1,75,197,-122,True
public_0190,buying,4,Pull On closure,features,True,"[""features""]",1,17,14,3,True
public_0190,buying,4,Pull On closure,details,False,"[""features""]",1,not_retrieved,not_retrieved,,True
public_0190,buying,4,Pull On closure,description,False,"[""features""]",1,not_retrieved,not_retrieved,,True
public_0190,buying,4,Pull On closure,categories,False,"[""features""]",1,19,19,0,True
public_0190,buying,4,Pull On closure,store,False,"[""features""]",1,not_retrieved,not_retrieved,,True
public_0190,buying,4,Pull On closure,price,False,"[""features""]",1,not_retrieved,not_retrieved,,True
public_0191,browsing,1,"Polyamide,Mesh",title,False,"[""features""]",1,7353,7859,-506,True
public_0191,browsing,1,"Polyamide,Mesh",features,True,"[""features""]",1,2893,103,2790,True
public_0191,browsing,1,"Polyamide,Mesh",details,False,"[""features""]",1,not_retrieved,not_retrieved,,True
public_0191,browsing,1,"Polyamide,Mesh",description,False,"[""features""]",1,not_retrieved,not_retrieved,,True
public_0191,browsing,1,"Polyamide,Mesh",categories,False,"[""features""]",1,646,646,0,True
public_0191,browsing,1,"Polyamide,Mesh",store,False,"[""features""]",1,not_retrieved,not_retrieved,,True
public_0191,browsing,1,"Polyamide,Mesh",price,False,"[""features""]",1,not_retrieved,not_retrieved,,True
public_0191,browsing,2,Machine Wash,title,False,"[""features""]",1,7353,7401,-48,True
public_0191,browsing,2,Machine Wash,features,True,"[""features""]",1,2893,9223,-6330,True
public_0191,browsing,2,Machine Wash,details,False,"[""features""]",1,not_retrieved,not_retrieved,,True
public_0191,browsing,2,Machine Wash,description,False,"[""features""]",1,not_retrieved,not_retrieved,,True
public_0191,browsing,2,Machine Wash,categories,False,"[""features""]",1,646,646,0,True
public_0191,browsing,2,Machine Wash,store,False,"[""features""]",1,not_retrieved,not_retrieved,,True
public_0191,browsing,2,Machine Wash,price,False,"[""features""]",1,not_retrieved,not_retrieved,,True
public_0191,browsing,3,"Moisture Wicking & Breathable: These compression socks for women are made of lightweight farbic and polyamide, Moisture-wicking yarn and breathable mesh pulls perspiration away fro",title,False,"[""features""]",1,7353,29,7324,True
public_0191,browsing,3,"Moisture Wicking & Breathable: These compression socks for women are made of lightweight farbic and polyamide, Moisture-wicking yarn and breathable mesh pulls perspiration away fro",features,True,"[""features""]",1,2893,1,2892,True
public_0191,browsing,3,"Moisture Wicking & Breathable: These compression socks for women are made of lightweight farbic and polyamide, Moisture-wicking yarn and breathable mesh pulls perspiration away fro",details,False,"[""features""]",1,not_retrieved,not_retrieved,,True
public_0191,browsing,3,"Moisture Wicking & Breathable: These compression socks for women are made of lightweight farbic and polyamide, Moisture-wicking yarn and breathable mesh pulls perspiration away fro",description,False,"[""features""]",1,not_retrieved,not_retrieved,,True
public_0191,browsing,3,"Moisture Wicking & Breathable: These compression socks for women are made of lightweight farbic and polyamide, Moisture-wicking yarn and breathable mesh pulls perspiration away fro",categories,False,"[""features""]",1,646,1675,-1029,True
public_0191,browsing,3,"Moisture Wicking & Breathable: These compression socks for women are made of lightweight farbic and polyamide, Moisture-wicking yarn and breathable mesh pulls perspiration away fro",store,False,"[""features""]",1,not_retrieved,not_retrieved,,True
public_0191,browsing,3,"Moisture Wicking & Breathable: These compression socks for women are made of lightweight farbic and polyamide, Moisture-wicking yarn and breathable mesh pulls perspiration away fro",price,False,"[""features""]",1,not_retrieved,not_retrieved,,True
public_0191,browsing,4,"Friction & Shock Protection: Our mens compression socks use the seamless toe design, these compression socks for men circulation have targeted cushioning on the footbed for shock a",title,False,"[""features""]",1,7353,33,7320,True
public_0191,browsing,4,"Friction & Shock Protection: Our mens compression socks use the seamless toe design, these compression socks for men circulation have targeted cushioning on the footbed for shock a",features,True,"[""features""]",1,2893,1,2892,True
public_0191,browsing,4,"Friction & Shock Protection: Our mens compression socks use the seamless toe design, these compression socks for men circulation have targeted cushioning on the footbed for shock a",details,False,"[""features""]",1,not_retrieved,not_retrieved,,True
public_0191,browsing,4,"Friction & Shock Protection: Our mens compression socks use the seamless toe design, these compression socks for men circulation have targeted cushioning on the footbed for shock a",description,False,"[""features""]",1,not_retrieved,not_retrieved,,True
public_0191,browsing,4,"Friction & Shock Protection: Our mens compression socks use the seamless toe design, these compression socks for men circulation have targeted cushioning on the footbed for shock a",categories,False,"[""features""]",1,646,1601,-955,True
public_0191,browsing,4,"Friction & Shock Protection: Our mens compression socks use the seamless toe design, these compression socks for men circulation have targeted cushioning on the footbed for shock a",store,False,"[""features""]",1,not_retrieved,not_retrieved,,True
public_0191,browsing,4,"Friction & Shock Protection: Our mens compression socks use the seamless toe design, these compression socks for men circulation have targeted cushioning on the footbed for shock a",price,False,"[""features""]",1,not_retrieved,not_retrieved,,True
public_0192,boundary,1,100% Textile Synthetics,title,False,"[""features""]",1,not_retrieved,not_retrieved,,True
public_0192,boundary,1,100% Textile Synthetics,features,True,"[""features""]",1,569,1,568,True
public_0192,boundary,1,100% Textile Synthetics,details,False,"[""features""]",1,not_retrieved,not_retrieved,,True
public_0192,boundary,1,100% Textile Synthetics,description,False,"[""features""]",1,193,256,-63,True
public_0192,boundary,1,100% Textile Synthetics,categories,False,"[""features""]",1,132,132,0,True
public_0192,boundary,1,100% Textile Synthetics,store,False,"[""features""]",1,not_retrieved,not_retrieved,,True
public_0192,boundary,1,100% Textile Synthetics,price,False,"[""features""]",1,not_retrieved,not_retrieved,,True
public_0192,boundary,2,color: pink,title,False,[],0,not_retrieved,647,,True
public_0192,boundary,2,color: pink,features,False,[],0,569,936,-367,True
public_0192,boundary,2,color: pink,details,False,[],0,not_retrieved,not_retrieved,,True
public_0192,boundary,2,color: pink,description,False,[],0,193,295,-102,True
public_0192,boundary,2,color: pink,categories,False,[],0,132,132,0,True
public_0192,boundary,2,color: pink,store,False,[],0,not_retrieved,not_retrieved,,True
public_0192,boundary,2,color: pink,price,False,[],0,not_retrieved,not_retrieved,,True
public_0192,boundary,3,Imported,title,False,"[""features""]",1,not_retrieved,not_retrieved,,True
public_0192,boundary,3,Imported,features,True,"[""features""]",1,569,320,249,True
public_0192,boundary,3,Imported,details,False,"[""features""]",1,not_retrieved,not_retrieved,,True
public_0192,boundary,3,Imported,description,False,"[""features""]",1,193,219,-26,True
public_0192,boundary,3,Imported,categories,False,"[""features""]",1,132,132,0,True
public_0192,boundary,3,Imported,store,False,"[""features""]",1,not_retrieved,not_retrieved,,True
public_0192,boundary,3,Imported,price,False,"[""features""]",1,not_retrieved,not_retrieved,,True
public_0192,boundary,4,Ethylene Vinyl Acetate sole,title,False,"[""features""]",1,not_retrieved,not_retrieved,,True
public_0192,boundary,4,Ethylene Vinyl Acetate sole,features,True,"[""features""]",1,569,77,492,True
public_0192,boundary,4,Ethylene Vinyl Acetate sole,details,False,"[""features""]",1,not_retrieved,not_retrieved,,True
public_0192,boundary,4,Ethylene Vinyl Acetate sole,description,False,"[""features""]",1,193,295,-102,True
public_0192,boundary,4,Ethylene Vinyl Acetate sole,categories,False,"[""features""]",1,132,132,0,True
public_0192,boundary,4,Ethylene Vinyl Acetate sole,store,False,"[""features""]",1,not_retrieved,not_retrieved,,True
public_0192,boundary,4,Ethylene Vinyl Acetate sole,price,False,"[""features""]",1,not_retrieved,not_retrieved,,True
public_0193,buying,1,fabric,title,False,"[""features""]",1,not_retrieved,not_retrieved,,True
public_0193,buying,1,fabric,features,True,"[""features""]",1,not_retrieved,2613,,True
public_0193,buying,1,fabric,details,False,"[""features""]",1,not_retrieved,not_retrieved,,True
public_0193,buying,1,fabric,description,False,"[""features""]",1,not_retrieved,not_retrieved,,True
public_0193,buying,1,fabric,categories,False,"[""features""]",1,97,97,0,True
public_0193,buying,1,fabric,store,False,"[""features""]",1,not_retrieved,not_retrieved,,True
public_0193,buying,1,fabric,price,False,"[""features""]",1,not_retrieved,not_retrieved,,True
public_0193,buying,2,color: red,title,False,[],0,not_retrieved,not_retrieved,,True
public_0193,buying,2,color: red,features,False,[],0,not_retrieved,337,,True
public_0193,buying,2,color: red,details,False,[],0,not_retrieved,not_retrieved,,True
public_0193,buying,2,color: red,description,False,[],0,not_retrieved,not_retrieved,,True
public_0193,buying,2,color: red,categories,False,[],0,97,97,0,True
public_0193,buying,2,color: red,store,False,[],0,not_retrieved,not_retrieved,,True
public_0193,buying,2,color: red,price,False,[],0,not_retrieved,not_retrieved,,True
public_0193,buying,3,Chiffon,title,False,"[""features""]",1,not_retrieved,not_retrieved,,True
public_0193,buying,3,Chiffon,features,True,"[""features""]",1,not_retrieved,42,,True
public_0193,buying,3,Chiffon,details,False,"[""features""]",1,not_retrieved,not_retrieved,,True
public_0193,buying,3,Chiffon,description,False,"[""features""]",1,not_retrieved,not_retrieved,,True
public_0193,buying,3,Chiffon,categories,False,"[""features""]",1,97,97,0,True
public_0193,buying,3,Chiffon,store,False,"[""features""]",1,not_retrieved,not_retrieved,,True
public_0193,buying,3,Chiffon,price,False,"[""features""]",1,not_retrieved,not_retrieved,,True
public_0193,buying,4,Hand Wash Only,title,False,"[""features""]",1,not_retrieved,not_retrieved,,True
public_0193,buying,4,Hand Wash Only,features,True,"[""features""]",1,not_retrieved,1980,,True
public_0193,buying,4,Hand Wash Only,details,False,"[""features""]",1,not_retrieved,not_retrieved,,True
public_0193,buying,4,Hand Wash Only,description,False,"[""features""]",1,not_retrieved,not_retrieved,,True
public_0193,buying,4,Hand Wash Only,categories,False,"[""features""]",1,97,97,0,True
public_0193,buying,4,Hand Wash Only,store,False,"[""features""]",1,not_retrieved,not_retrieved,,True
public_0193,buying,4,Hand Wash Only,price,False,"[""features""]",1,not_retrieved,not_retrieved,,True
public_0194,buying,1,rayon,title,False,"[""features""]",1,432,473,-41,True
public_0194,buying,1,rayon,features,True,"[""features""]",1,not_retrieved,2774,,True
public_0194,buying,1,rayon,details,False,"[""features""]",1,not_retrieved,not_retrieved,,True
public_0194,buying,1,rayon,description,False,"[""features""]",1,not_retrieved,not_retrieved,,True
public_0194,buying,1,rayon,categories,False,"[""features""]",1,1312,1312,0,True
public_0194,buying,1,rayon,store,False,"[""features""]",1,not_retrieved,not_retrieved,,True
public_0194,buying,1,rayon,price,False,"[""features""]",1,not_retrieved,not_retrieved,,True
public_0194,buying,2,"95% Rayon, 5% Spandex",title,False,"[""features""]",1,432,531,-99,True
public_0194,buying,2,"95% Rayon, 5% Spandex",features,True,"[""features""]",1,not_retrieved,1988,,True
public_0194,buying,2,"95% Rayon, 5% Spandex",details,False,"[""features""]",1,not_retrieved,not_retrieved,,True
public_0194,buying,2,"95% Rayon, 5% Spandex",description,False,"[""features""]",1,not_retrieved,not_retrieved,,True
public_0194,buying,2,"95% Rayon, 5% Spandex",categories,False,"[""features""]",1,1312,1312,0,True
public_0194,buying,2,"95% Rayon, 5% Spandex",store,False,"[""features""]",1,not_retrieved,not_retrieved,,True
public_0194,buying,2,"95% Rayon, 5% Spandex",price,False,"[""features""]",1,not_retrieved,not_retrieved,,True
public_0194,buying,3,Pull On closure,title,False,"[""features""]",1,432,656,-224,True
public_0194,buying,3,Pull On closure,features,True,"[""features""]",1,not_retrieved,9245,,True
public_0194,buying,3,Pull On closure,details,False,"[""features""]",1,not_retrieved,not_retrieved,,True
public_0194,buying,3,Pull On closure,description,False,"[""features""]",1,not_retrieved,not_retrieved,,True
public_0194,buying,3,Pull On closure,categories,False,"[""features""]",1,1312,1320,-8,True
public_0194,buying,3,Pull On closure,store,False,"[""features""]",1,not_retrieved,not_retrieved,,True
public_0194,buying,3,Pull On closure,price,False,"[""features""]",1,not_retrieved,not_retrieved,,True
public_0194,buying,4,Hand Wash Only,title,False,"[""features""]",1,432,620,-188,True
public_0194,buying,4,Hand Wash Only,features,True,"[""features""]",1,not_retrieved,5564,,True
public_0194,buying,4,Hand Wash Only,details,False,"[""features""]",1,not_retrieved,not_retrieved,,True
public_0194,buying,4,Hand Wash Only,description,False,"[""features""]",1,not_retrieved,not_retrieved,,True
public_0194,buying,4,Hand Wash Only,categories,False,"[""features""]",1,1312,1313,-1,True
public_0194,buying,4,Hand Wash Only,store,False,"[""features""]",1,not_retrieved,not_retrieved,,True
public_0194,buying,4,Hand Wash Only,price,False,"[""features""]",1,not_retrieved,not_retrieved,,True
public_0195,browsing,1,rayon,title,False,"[""features""]",1,not_retrieved,not_retrieved,,True
public_0195,browsing,1,rayon,features,True,"[""features""]",1,not_retrieved,1310,,True
public_0195,browsing,1,rayon,details,False,"[""features""]",1,not_retrieved,not_retrieved,,True
public_0195,browsing,1,rayon,description,False,"[""features""]",1,not_retrieved,not_retrieved,,True
public_0195,browsing,1,rayon,categories,False,"[""features""]",1,134,134,0,True
public_0195,browsing,1,rayon,store,False,"[""features""]",1,not_retrieved,not_retrieved,,True
public_0195,browsing,1,rayon,price,False,"[""features""]",1,not_retrieved,not_retrieved,,True
public_0195,browsing,2,100% Rayon,title,False,"[""features""]",1,not_retrieved,not_retrieved,,True
public_0195,browsing,2,100% Rayon,features,True,"[""features""]",1,not_retrieved,840,,True
public_0195,browsing,2,100% Rayon,details,False,"[""features""]",1,not_retrieved,not_retrieved,,True
public_0195,browsing,2,100% Rayon,description,False,"[""features""]",1,not_retrieved,not_retrieved,,True
public_0195,browsing,2,100% Rayon,categories,False,"[""features""]",1,134,134,0,True
public_0195,browsing,2,100% Rayon,store,False,"[""features""]",1,not_retrieved,not_retrieved,,True
public_0195,browsing,2,100% Rayon,price,False,"[""features""]",1,not_retrieved,not_retrieved,,True
public_0195,browsing,3,Pull On closure,title,False,"[""features""]",1,not_retrieved,not_retrieved,,True
public_0195,browsing,3,Pull On closure,features,True,"[""features""]",1,not_retrieved,7264,,True
public_0195,browsing,3,Pull On closure,details,False,"[""features""]",1,not_retrieved,not_retrieved,,True
public_0195,browsing,3,Pull On closure,description,False,"[""features""]",1,not_retrieved,not_retrieved,,True
public_0195,browsing,3,Pull On closure,categories,False,"[""features""]",1,134,134,0,True
public_0195,browsing,3,Pull On closure,store,False,"[""features""]",1,not_retrieved,not_retrieved,,True
public_0195,browsing,3,Pull On closure,price,False,"[""features""]",1,not_retrieved,not_retrieved,,True
public_0195,browsing,4,100%Rayon,title,False,"[""features""]",1,not_retrieved,not_retrieved,,True
public_0195,browsing,4,100%Rayon,features,True,"[""features""]",1,not_retrieved,840,,True
public_0195,browsing,4,100%Rayon,details,False,"[""features""]",1,not_retrieved,not_retrieved,,True
public_0195,browsing,4,100%Rayon,description,False,"[""features""]",1,not_retrieved,not_retrieved,,True
public_0195,browsing,4,100%Rayon,categories,False,"[""features""]",1,134,134,0,True
public_0195,browsing,4,100%Rayon,store,False,"[""features""]",1,not_retrieved,not_retrieved,,True
public_0195,browsing,4,100%Rayon,price,False,"[""features""]",1,not_retrieved,not_retrieved,,True
public_0196,browsing,1,Rubber sole,title,False,"[""features""]",1,25,5,20,True
public_0196,browsing,1,Rubber sole,features,True,"[""features""]",1,not_retrieved,3404,,True
public_0196,browsing,1,Rubber sole,details,False,"[""features""]",1,not_retrieved,not_retrieved,,True
public_0196,browsing,1,Rubber sole,description,False,"[""features""]",1,not_retrieved,not_retrieved,,True
public_0196,browsing,1,Rubber sole,categories,False,"[""features""]",1,447,447,0,True
public_0196,browsing,1,Rubber sole,store,False,"[""features""]",1,not_retrieved,not_retrieved,,True
public_0196,browsing,1,Rubber sole,price,False,"[""features""]",1,not_retrieved,not_retrieved,,True
public_0196,browsing,2,Design in USA,title,False,"[""features""]",1,25,62,-37,True
public_0196,browsing,2,Design in USA,features,True,"[""features""]",1,not_retrieved,166,,True
public_0196,browsing,2,Design in USA,details,False,"[""features""]",1,not_retrieved,not_retrieved,,True
public_0196,browsing,2,Design in USA,description,False,"[""features""]",1,not_retrieved,not_retrieved,,True
public_0196,browsing,2,Design in USA,categories,False,"[""features""]",1,447,451,-4,True
public_0196,browsing,2,Design in USA,store,False,"[""features""]",1,not_retrieved,not_retrieved,,True
public_0196,browsing,2,Design in USA,price,False,"[""features""]",1,not_retrieved,not_retrieved,,True
public_0196,browsing,3,"Heel height: 0.15"" (approx)",title,False,"[""features""]",1,25,43,-18,True
public_0196,browsing,3,"Heel height: 0.15"" (approx)",features,True,"[""features""]",1,not_retrieved,5,,True
public_0196,browsing,3,"Heel height: 0.15"" (approx)",details,False,"[""features""]",1,not_retrieved,not_retrieved,,True
public_0196,browsing,3,"Heel height: 0.15"" (approx)",description,False,"[""features""]",1,not_retrieved,not_retrieved,,True
public_0196,browsing,3,"Heel height: 0.15"" (approx)",categories,False,"[""features""]",1,447,450,-3,True
public_0196,browsing,3,"Heel height: 0.15"" (approx)",store,False,"[""features""]",1,not_retrieved,not_retrieved,,True
public_0196,browsing,3,"Heel height: 0.15"" (approx)",price,False,"[""features""]",1,not_retrieved,not_retrieved,,True
public_0196,browsing,4,Ultra Flexible Rubber Outsole,title,False,"[""features""]",1,25,47,-22,True
public_0196,browsing,4,Ultra Flexible Rubber Outsole,features,True,"[""features""]",1,not_retrieved,3,,True
public_0196,browsing,4,Ultra Flexible Rubber Outsole,details,False,"[""features""]",1,not_retrieved,not_retrieved,,True
public_0196,browsing,4,Ultra Flexible Rubber Outsole,description,False,"[""features""]",1,not_retrieved,not_retrieved,,True
public_0196,browsing,4,Ultra Flexible Rubber Outsole,categories,False,"[""features""]",1,447,447,0,True
public_0196,browsing,4,Ultra Flexible Rubber Outsole,store,False,"[""features""]",1,not_retrieved,not_retrieved,,True
public_0196,browsing,4,Ultra Flexible Rubber Outsole,price,False,"[""features""]",1,not_retrieved,not_retrieved,,True
public_0197,intent_override,1,"What is in the package?EFIXTK watch band tool kit comes with a watch band link pin remover with 6 extra tips, a plastic watch holder, a dual head hammer, 4 pin punches,20pcs cotter",title,False,"[""features""]",1,22,1,21,True
public_0197,intent_override,1,"What is in the package?EFIXTK watch band tool kit comes with a watch band link pin remover with 6 extra tips, a plastic watch holder, a dual head hammer, 4 pin punches,20pcs cotter",features,True,"[""features""]",1,9,1,8,True
public_0197,intent_override,1,"What is in the package?EFIXTK watch band tool kit comes with a watch band link pin remover with 6 extra tips, a plastic watch holder, a dual head hammer, 4 pin punches,20pcs cotter",details,False,"[""features""]",1,not_retrieved,27,,True
public_0197,intent_override,1,"What is in the package?EFIXTK watch band tool kit comes with a watch band link pin remover with 6 extra tips, a plastic watch holder, a dual head hammer, 4 pin punches,20pcs cotter",description,False,"[""features""]",1,not_retrieved,not_retrieved,,True
public_0197,intent_override,1,"What is in the package?EFIXTK watch band tool kit comes with a watch band link pin remover with 6 extra tips, a plastic watch holder, a dual head hammer, 4 pin punches,20pcs cotter",categories,False,"[""features""]",1,13,13,0,True
public_0197,intent_override,1,"What is in the package?EFIXTK watch band tool kit comes with a watch band link pin remover with 6 extra tips, a plastic watch holder, a dual head hammer, 4 pin punches,20pcs cotter",store,False,"[""features""]",1,not_retrieved,4,,True
public_0197,intent_override,1,"What is in the package?EFIXTK watch band tool kit comes with a watch band link pin remover with 6 extra tips, a plastic watch holder, a dual head hammer, 4 pin punches,20pcs cotter",price,False,"[""features""]",1,not_retrieved,not_retrieved,,True
public_0197,intent_override,2,"Easy to use: Size your watch band yourself with this small, simple tool effectively without wiggling",title,False,"[""features""]",1,22,8,14,True
public_0197,intent_override,2,"Easy to use: Size your watch band yourself with this small, simple tool effectively without wiggling",features,True,"[""features""]",1,9,1,8,True
public_0197,intent_override,2,"Easy to use: Size your watch band yourself with this small, simple tool effectively without wiggling",details,False,"[""features""]",1,not_retrieved,not_retrieved,,True
public_0197,intent_override,2,"Easy to use: Size your watch band yourself with this small, simple tool effectively without wiggling",description,False,"[""features""]",1,not_retrieved,not_retrieved,,True
public_0197,intent_override,2,"Easy to use: Size your watch band yourself with this small, simple tool effectively without wiggling",categories,False,"[""features""]",1,13,13,0,True
public_0197,intent_override,2,"Easy to use: Size your watch band yourself with this small, simple tool effectively without wiggling",store,False,"[""features""]",1,not_retrieved,not_retrieved,,True
public_0197,intent_override,2,"Easy to use: Size your watch band yourself with this small, simple tool effectively without wiggling",price,False,"[""features""]",1,not_retrieved,not_retrieved,,True
public_0197,intent_override,3,"Fit for different sizes,Fit bands up to 30mm wide ,6 replacement pins and an adjustable base allow for use with different band thicknesses",title,False,"[""features""]",1,22,6,16,True
public_0197,intent_override,3,"Fit for different sizes,Fit bands up to 30mm wide ,6 replacement pins and an adjustable base allow for use with different band thicknesses",features,True,"[""features""]",1,9,1,8,True
public_0197,intent_override,3,"Fit for different sizes,Fit bands up to 30mm wide ,6 replacement pins and an adjustable base allow for use with different band thicknesses",details,False,"[""features""]",1,not_retrieved,not_retrieved,,True
public_0197,intent_override,3,"Fit for different sizes,Fit bands up to 30mm wide ,6 replacement pins and an adjustable base allow for use with different band thicknesses",description,False,"[""features""]",1,not_retrieved,not_retrieved,,True
public_0197,intent_override,3,"Fit for different sizes,Fit bands up to 30mm wide ,6 replacement pins and an adjustable base allow for use with different band thicknesses",categories,False,"[""features""]",1,13,13,0,True
public_0197,intent_override,3,"Fit for different sizes,Fit bands up to 30mm wide ,6 replacement pins and an adjustable base allow for use with different band thicknesses",store,False,"[""features""]",1,not_retrieved,not_retrieved,,True
public_0197,intent_override,3,"Fit for different sizes,Fit bands up to 30mm wide ,6 replacement pins and an adjustable base allow for use with different band thicknesses",price,False,"[""features""]",1,not_retrieved,not_retrieved,,True
public_0197,intent_override,4,"VALUE KIT FOR MONEY SAVING - This watch band link remover is great for removing and inserting spring bars straps, and widely used in up to 30mm wide watch band replace, watch repai",title,False,"[""features""]",1,22,2,20,True
public_0197,intent_override,4,"VALUE KIT FOR MONEY SAVING - This watch band link remover is great for removing and inserting spring bars straps, and widely used in up to 30mm wide watch band replace, watch repai",features,True,"[""features""]",1,9,1,8,True
public_0197,intent_override,4,"VALUE KIT FOR MONEY SAVING - This watch band link remover is great for removing and inserting spring bars straps, and widely used in up to 30mm wide watch band replace, watch repai",details,False,"[""features""]",1,not_retrieved,12289,,True
public_0197,intent_override,4,"VALUE KIT FOR MONEY SAVING - This watch band link remover is great for removing and inserting spring bars straps, and widely used in up to 30mm wide watch band replace, watch repai",description,False,"[""features""]",1,not_retrieved,not_retrieved,,True
public_0197,intent_override,4,"VALUE KIT FOR MONEY SAVING - This watch band link remover is great for removing and inserting spring bars straps, and widely used in up to 30mm wide watch band replace, watch repai",categories,False,"[""features""]",1,13,13,0,True
public_0197,intent_override,4,"VALUE KIT FOR MONEY SAVING - This watch band link remover is great for removing and inserting spring bars straps, and widely used in up to 30mm wide watch band replace, watch repai",store,False,"[""features""]",1,not_retrieved,not_retrieved,,True
public_0197,intent_override,4,"VALUE KIT FOR MONEY SAVING - This watch band link remover is great for removing and inserting spring bars straps, and widely used in up to 30mm wide watch band replace, watch repai",price,False,"[""features""]",1,not_retrieved,not_retrieved,,True
public_0198,intent_override,1,leather,title,False,"[""features""]",1,471,526,-55,True
public_0198,intent_override,1,leather,features,True,"[""features""]",1,636,971,-335,True
public_0198,intent_override,1,leather,details,False,"[""features""]",1,not_retrieved,not_retrieved,,True
public_0198,intent_override,1,leather,description,False,"[""features""]",1,not_retrieved,not_retrieved,,True
public_0198,intent_override,1,leather,categories,False,"[""features""]",1,225,225,0,True
public_0198,intent_override,1,leather,store,False,"[""features""]",1,not_retrieved,not_retrieved,,True
public_0198,intent_override,1,leather,price,False,"[""features""]",1,not_retrieved,not_retrieved,,True
public_0198,intent_override,2,color: black,title,False,[],0,471,588,-117,True
public_0198,intent_override,2,color: black,features,False,[],0,636,535,101,True
public_0198,intent_override,2,color: black,details,False,[],0,not_retrieved,not_retrieved,,True
public_0198,intent_override,2,color: black,description,False,[],0,not_retrieved,not_retrieved,,True
public_0198,intent_override,2,color: black,categories,False,[],0,225,225,0,True
public_0198,intent_override,2,color: black,store,False,[],0,not_retrieved,not_retrieved,,True
public_0198,intent_override,2,color: black,price,False,[],0,not_retrieved,not_retrieved,,True
public_0198,intent_override,3,PU,title,True,"[""title"", ""features""]",2,471,574,-103,True
public_0198,intent_override,3,PU,features,True,"[""title"", ""features""]",2,636,620,16,True
public_0198,intent_override,3,PU,details,False,"[""title"", ""features""]",2,not_retrieved,not_retrieved,,True
public_0198,intent_override,3,PU,description,False,"[""title"", ""features""]",2,not_retrieved,not_retrieved,,True
public_0198,intent_override,3,PU,categories,False,"[""title"", ""features""]",2,225,225,0,True
public_0198,intent_override,3,PU,store,False,"[""title"", ""features""]",2,not_retrieved,not_retrieved,,True
public_0198,intent_override,3,PU,price,False,"[""title"", ""features""]",2,not_retrieved,not_retrieved,,True
public_0198,intent_override,4,Imported,title,False,"[""features""]",1,471,474,-3,True
public_0198,intent_override,4,Imported,features,True,"[""features""]",1,636,547,89,True
public_0198,intent_override,4,Imported,details,False,"[""features""]",1,not_retrieved,not_retrieved,,True
public_0198,intent_override,4,Imported,description,False,"[""features""]",1,not_retrieved,not_retrieved,,True
public_0198,intent_override,4,Imported,categories,False,"[""features""]",1,225,225,0,True
public_0198,intent_override,4,Imported,store,False,"[""features""]",1,not_retrieved,not_retrieved,,True
public_0198,intent_override,4,Imported,price,False,"[""features""]",1,not_retrieved,not_retrieved,,True
public_0199,buying,1,cotton,title,True,"[""title"", ""features""]",2,49,18,31,True
public_0199,buying,1,cotton,features,True,"[""title"", ""features""]",2,51,54,-3,True
public_0199,buying,1,cotton,details,False,"[""title"", ""features""]",2,not_retrieved,not_retrieved,,True
public_0199,buying,1,cotton,description,False,"[""title"", ""features""]",2,not_retrieved,not_retrieved,,True
public_0199,buying,1,cotton,categories,False,"[""title"", ""features""]",2,42,42,0,True
public_0199,buying,1,cotton,store,False,"[""title"", ""features""]",2,not_retrieved,not_retrieved,,True
public_0199,buying,1,cotton,price,False,"[""title"", ""features""]",2,not_retrieved,not_retrieved,,True
public_0199,buying,2,Imported,title,False,"[""features""]",1,49,49,0,True
public_0199,buying,2,Imported,features,True,"[""features""]",1,51,48,3,True
public_0199,buying,2,Imported,details,False,"[""features""]",1,not_retrieved,not_retrieved,,True
public_0199,buying,2,Imported,description,False,"[""features""]",1,not_retrieved,not_retrieved,,True
public_0199,buying,2,Imported,categories,False,"[""features""]",1,42,42,0,True
public_0199,buying,2,Imported,store,False,"[""features""]",1,not_retrieved,not_retrieved,,True
public_0199,buying,2,Imported,price,False,"[""features""]",1,not_retrieved,not_retrieved,,True
public_0199,buying,3,Machine Wash,title,False,"[""features""]",1,49,51,-2,True
public_0199,buying,3,Machine Wash,features,True,"[""features""]",1,51,33,18,True
public_0199,buying,3,Machine Wash,details,False,"[""features""]",1,not_retrieved,not_retrieved,,True
public_0199,buying,3,Machine Wash,description,False,"[""features""]",1,not_retrieved,not_retrieved,,True
public_0199,buying,3,Machine Wash,categories,False,"[""features""]",1,42,42,0,True
public_0199,buying,3,Machine Wash,store,False,"[""features""]",1,not_retrieved,not_retrieved,,True
public_0199,buying,3,Machine Wash,price,False,"[""features""]",1,not_retrieved,not_retrieved,,True
public_0199,buying,4,"100% Cotton Size:3T (2-3), 4T (3-4), 5 (5-6), 6 (6-7), 8 (7-8), 10 (9-10), 12 (10-12)",title,False,"[""features""]",1,49,2,47,True
public_0199,buying,4,"100% Cotton Size:3T (2-3), 4T (3-4), 5 (5-6), 6 (6-7), 8 (7-8), 10 (9-10), 12 (10-12)",features,True,"[""features""]",1,51,1,50,True
public_0199,buying,4,"100% Cotton Size:3T (2-3), 4T (3-4), 5 (5-6), 6 (6-7), 8 (7-8), 10 (9-10), 12 (10-12)",details,False,"[""features""]",1,not_retrieved,not_retrieved,,True
public_0199,buying,4,"100% Cotton Size:3T (2-3), 4T (3-4), 5 (5-6), 6 (6-7), 8 (7-8), 10 (9-10), 12 (10-12)",description,False,"[""features""]",1,not_retrieved,not_retrieved,,True
public_0199,buying,4,"100% Cotton Size:3T (2-3), 4T (3-4), 5 (5-6), 6 (6-7), 8 (7-8), 10 (9-10), 12 (10-12)",categories,False,"[""features""]",1,42,42,0,True
public_0199,buying,4,"100% Cotton Size:3T (2-3), 4T (3-4), 5 (5-6), 6 (6-7), 8 (7-8), 10 (9-10), 12 (10-12)",store,False,"[""features""]",1,not_retrieved,not_retrieved,,True
public_0199,buying,4,"100% Cotton Size:3T (2-3), 4T (3-4), 5 (5-6), 6 (6-7), 8 (7-8), 10 (9-10), 12 (10-12)",price,False,"[""features""]",1,not_retrieved,not_retrieved,,True
public_0200,buying,1,Ethylene Vinyl Acetate sole,title,False,"[""features""]",1,not_retrieved,not_retrieved,,True
public_0200,buying,1,Ethylene Vinyl Acetate sole,features,True,"[""features""]",1,not_retrieved,322,,True
public_0200,buying,1,Ethylene Vinyl Acetate sole,details,False,"[""features""]",1,not_retrieved,not_retrieved,,True
public_0200,buying,1,Ethylene Vinyl Acetate sole,description,False,"[""features""]",1,not_retrieved,not_retrieved,,True
public_0200,buying,1,Ethylene Vinyl Acetate sole,categories,False,"[""features""]",1,99,99,0,True
public_0200,buying,1,Ethylene Vinyl Acetate sole,store,False,"[""features""]",1,not_retrieved,not_retrieved,,True
public_0200,buying,1,Ethylene Vinyl Acetate sole,price,False,"[""features""]",1,not_retrieved,not_retrieved,,True
public_0200,buying,2,Heel measures approximately 2.3 centimeters,title,False,"[""features""]",1,not_retrieved,not_retrieved,,True
public_0200,buying,2,Heel measures approximately 2.3 centimeters,features,True,"[""features""]",1,not_retrieved,3215,,True
public_0200,buying,2,Heel measures approximately 2.3 centimeters,details,False,"[""features""]",1,not_retrieved,not_retrieved,,True
public_0200,buying,2,Heel measures approximately 2.3 centimeters,description,False,"[""features""]",1,not_retrieved,not_retrieved,,True
public_0200,buying,2,Heel measures approximately 2.3 centimeters,categories,False,"[""features""]",1,99,99,0,True
public_0200,buying,2,Heel measures approximately 2.3 centimeters,store,False,"[""features""]",1,not_retrieved,not_retrieved,,True
public_0200,buying,2,Heel measures approximately 2.3 centimeters,price,False,"[""features""]",1,not_retrieved,not_retrieved,,True
public_0200,buying,3,"【Concise Style】Diamond pattern and raised design, pure color, casual style are quite suitable for home and any other casual occasion",title,False,"[""features""]",1,not_retrieved,1840,,True
public_0200,buying,3,"【Concise Style】Diamond pattern and raised design, pure color, casual style are quite suitable for home and any other casual occasion",features,True,"[""features""]",1,not_retrieved,1,,True
public_0200,buying,3,"【Concise Style】Diamond pattern and raised design, pure color, casual style are quite suitable for home and any other casual occasion",details,False,"[""features""]",1,not_retrieved,not_retrieved,,True
public_0200,buying,3,"【Concise Style】Diamond pattern and raised design, pure color, casual style are quite suitable for home and any other casual occasion",description,False,"[""features""]",1,not_retrieved,not_retrieved,,True
public_0200,buying,3,"【Concise Style】Diamond pattern and raised design, pure color, casual style are quite suitable for home and any other casual occasion",categories,False,"[""features""]",1,99,1971,-1872,True
public_0200,buying,3,"【Concise Style】Diamond pattern and raised design, pure color, casual style are quite suitable for home and any other casual occasion",store,False,"[""features""]",1,not_retrieved,not_retrieved,,True
public_0200,buying,3,"【Concise Style】Diamond pattern and raised design, pure color, casual style are quite suitable for home and any other casual occasion",price,False,"[""features""]",1,not_retrieved,not_retrieved,,True
public_0200,buying,4,"【Soft & Lightweight】Which only weight about 200g, lightweight and durable EVA material can arbitrary bending, thick soles design with light rebound ability, give your feet ultimate",title,False,"[""features""]",1,not_retrieved,not_retrieved,,True
public_0200,buying,4,"【Soft & Lightweight】Which only weight about 200g, lightweight and durable EVA material can arbitrary bending, thick soles design with light rebound ability, give your feet ultimate",features,True,"[""features""]",1,not_retrieved,2,,True
public_0200,buying,4,"【Soft & Lightweight】Which only weight about 200g, lightweight and durable EVA material can arbitrary bending, thick soles design with light rebound ability, give your feet ultimate",details,False,"[""features""]",1,not_retrieved,not_retrieved,,True
public_0200,buying,4,"【Soft & Lightweight】Which only weight about 200g, lightweight and durable EVA material can arbitrary bending, thick soles design with light rebound ability, give your feet ultimate",description,False,"[""features""]",1,not_retrieved,not_retrieved,,True
public_0200,buying,4,"【Soft & Lightweight】Which only weight about 200g, lightweight and durable EVA material can arbitrary bending, thick soles design with light rebound ability, give your feet ultimate",categories,False,"[""features""]",1,99,323,-224,True
public_0200,buying,4,"【Soft & Lightweight】Which only weight about 200g, lightweight and durable EVA material can arbitrary bending, thick soles design with light rebound ability, give your feet ultimate",store,False,"[""features""]",1,not_retrieved,not_retrieved,,True
public_0200,buying,4,"【Soft & Lightweight】Which only weight about 200g, lightweight and durable EVA material can arbitrary bending, thick soles design with light rebound ability, give your feet ultimate",price,False,"[""features""]",1,not_retrieved,not_retrieved,,True
