path,depth,parent_path,category,product_count,terminal_product_count
"Clothing, Shoes & Jewelry",1,,"Clothing, Shoes & Jewelry",49990,0
"Shoe, Jewelry & Watch Accessories",1,,"Shoe, Jewelry & Watch Accessories",10,0
"Clothing, Shoes & Jewelry > $50 and Under Backpacks",2,"Clothing, Shoes & Jewelry",$50 and Under Backpacks,1,1
"Clothing, Shoes & Jewelry > 100% Plus & Featured Brands",2,"Clothing, Shoes & Jewelry",100% Plus & Featured Brands,1,1
"Clothing, Shoes & Jewelry > 100% Plus (No Title Match)",2,"Clothing, Shoes & Jewelry",100% Plus (No Title Match),6,6
"Clothing, Shoes & Jewelry > 20% Off $100 Women's & Men's",2,"Clothing, Shoes & Jewelry",20% Off $100 Women's & Men's,1,1
"Clothing, Shoes & Jewelry > 20% Off $80 Women's Shoes & Handbags",2,"Clothing, Shoes & Jewelry",20% Off $80 Women's Shoes & Handbags,1,1
"Clothing, Shoes & Jewelry > 20% Off President's Day Savings | Kids & Baby",2,"Clothing, Shoes & Jewelry",20% Off President's Day Savings | Kids & Baby,1,1
"Clothing, Shoes & Jewelry > 20% Off Prime Members Exclusive | Kids",2,"Clothing, Shoes & Jewelry",20% Off Prime Members Exclusive | Kids,1,1
"Clothing, Shoes & Jewelry > 20% Off Prime Members Exclusive | Men",2,"Clothing, Shoes & Jewelry",20% Off Prime Members Exclusive | Men,2,2
"Clothing, Shoes & Jewelry > 25% Off Harley Davidson Footwear",2,"Clothing, Shoes & Jewelry",25% Off Harley Davidson Footwear,1,1
"Clothing, Shoes & Jewelry > 4+ Stars: Clothes, Shoes and Jewelry",2,"Clothing, Shoes & Jewelry","4+ Stars: Clothes, Shoes and Jewelry",1,1
"Clothing, Shoes & Jewelry > 4th of July Up to 60% Off",2,"Clothing, Shoes & Jewelry",4th of July Up to 60% Off,3,3
"Clothing, Shoes & Jewelry > Adult Apparel",2,"Clothing, Shoes & Jewelry",Adult Apparel,1,1
"Clothing, Shoes & Jewelry > Amazon Fashion 3",2,"Clothing, Shoes & Jewelry",Amazon Fashion 3,9,9
"Clothing, Shoes & Jewelry > Amazon Fashion Sales & Deals",2,"Clothing, Shoes & Jewelry",Amazon Fashion Sales & Deals,2,2
"Clothing, Shoes & Jewelry > Amazon Private and Exclusive Brands",2,"Clothing, Shoes & Jewelry",Amazon Private and Exclusive Brands,1,1
"Clothing, Shoes & Jewelry > Apparel and accessories Made in Italy",2,"Clothing, Shoes & Jewelry",Apparel and accessories Made in Italy,3,1
"Clothing, Shoes & Jewelry > Associates top products",2,"Clothing, Shoes & Jewelry",Associates top products,1,1
"Clothing, Shoes & Jewelry > BIBA End of Season Sale",2,"Clothing, Shoes & Jewelry",BIBA End of Season Sale,1,1
"Clothing, Shoes & Jewelry > Baby",2,"Clothing, Shoes & Jewelry",Baby,1031,6
"Clothing, Shoes & Jewelry > Baby Girls' Clothes Under $10",2,"Clothing, Shoes & Jewelry",Baby Girls' Clothes Under $10,1,1
"Clothing, Shoes & Jewelry > Baby Girls' Outerwear",2,"Clothing, Shoes & Jewelry",Baby Girls' Outerwear,1,1
"Clothing, Shoes & Jewelry > Backpacks Under $25",2,"Clothing, Shoes & Jewelry",Backpacks Under $25,1,1
"Clothing, Shoes & Jewelry > Backpacks Under $50",2,"Clothing, Shoes & Jewelry",Backpacks Under $50,1,1
"Clothing, Shoes & Jewelry > Big Kid Size 7",2,"Clothing, Shoes & Jewelry",Big Kid Size 7,2,2
"Clothing, Shoes & Jewelry > Big Kid Size 8",2,"Clothing, Shoes & Jewelry",Big Kid Size 8,1,1
"Clothing, Shoes & Jewelry > Birthstone Jewelry Gifts",2,"Clothing, Shoes & Jewelry",Birthstone Jewelry Gifts,1,1
"Clothing, Shoes & Jewelry > Boot Shop",2,"Clothing, Shoes & Jewelry",Boot Shop,1131,3
"Clothing, Shoes & Jewelry > Boys",2,"Clothing, Shoes & Jewelry",Boys,1101,23
"Clothing, Shoes & Jewelry > Boys' Character Shop",2,"Clothing, Shoes & Jewelry",Boys' Character Shop,1,1
"Clothing, Shoes & Jewelry > Build Your Wardrobe: Cardigans for Her",2,"Clothing, Shoes & Jewelry",Build Your Wardrobe: Cardigans for Her,1,1
"Clothing, Shoes & Jewelry > Bulk Buying & Case Packs",2,"Clothing, Shoes & Jewelry",Bulk Buying & Case Packs,1,1
"Clothing, Shoes & Jewelry > Business Pricing & Quantity Discounts",2,"Clothing, Shoes & Jewelry",Business Pricing & Quantity Discounts,11,11
"Clothing, Shoes & Jewelry > California Costumes",2,"Clothing, Shoes & Jewelry",California Costumes,2,2
"Clothing, Shoes & Jewelry > Casual Dresses Under $50",2,"Clothing, Shoes & Jewelry",Casual Dresses Under $50,2,2
"Clothing, Shoes & Jewelry > Cat T-Shirts",2,"Clothing, Shoes & Jewelry",Cat T-Shirts,1,1
"Clothing, Shoes & Jewelry > Clearance",2,"Clothing, Shoes & Jewelry",Clearance,11,11
"Clothing, Shoes & Jewelry > Clothing Coinstar Exclusive",2,"Clothing, Shoes & Jewelry",Clothing Coinstar Exclusive,1,1
"Clothing, Shoes & Jewelry > Clothing Outlet",2,"Clothing, Shoes & Jewelry",Clothing Outlet,4,2
"Clothing, Shoes & Jewelry > Clothing Outlet for Rank",2,"Clothing, Shoes & Jewelry",Clothing Outlet for Rank,1,1
"Clothing, Shoes & Jewelry > Coats & Jackets under $75",2,"Clothing, Shoes & Jewelry",Coats & Jackets under $75,1,1
"Clothing, Shoes & Jewelry > Costumes & Accessories",2,"Clothing, Shoes & Jewelry",Costumes & Accessories,937,6
"Clothing, Shoes & Jewelry > Curated Brands: Plus Size",2,"Clothing, Shoes & Jewelry",Curated Brands: Plus Size,1,1
"Clothing, Shoes & Jewelry > Customers' Most-Loved: Sweaters Under $30 pASIN Test",2,"Clothing, Shoes & Jewelry",Customers' Most-Loved: Sweaters Under $30 pASIN Test,24,24
"Clothing, Shoes & Jewelry > Deal of the Day: Up to 40% Off Men's PUMA Sneakers",2,"Clothing, Shoes & Jewelry",Deal of the Day: Up to 40% Off Men's PUMA Sneakers,1,1
"Clothing, Shoes & Jewelry > Designer Shoes & Handbags",2,"Clothing, Shoes & Jewelry",Designer Shoes & Handbags,5,5
"Clothing, Shoes & Jewelry > Diamond Jewelry Store",2,"Clothing, Shoes & Jewelry",Diamond Jewelry Store,1,0
"Clothing, Shoes & Jewelry > Diamond Jewelry starting $49",2,"Clothing, Shoes & Jewelry",Diamond Jewelry starting $49,1,1
"Clothing, Shoes & Jewelry > Diamonds",2,"Clothing, Shoes & Jewelry",Diamonds,3,3
"Clothing, Shoes & Jewelry > Dresses Under $50",2,"Clothing, Shoes & Jewelry",Dresses Under $50,4,4
"Clothing, Shoes & Jewelry > Dresses- Checks",2,"Clothing, Shoes & Jewelry",Dresses- Checks,1,1
"Clothing, Shoes & Jewelry > Editor's Picks: Women's New Arrivals",2,"Clothing, Shoes & Jewelry",Editor's Picks: Women's New Arrivals,1,1
"Clothing, Shoes & Jewelry > Everyday Apparel Essentials",2,"Clothing, Shoes & Jewelry",Everyday Apparel Essentials,20,20
"Clothing, Shoes & Jewelry > Expert Beauty Trends",2,"Clothing, Shoes & Jewelry",Expert Beauty Trends,1,1
"Clothing, Shoes & Jewelry > Fall-Ready Shirtdresses",2,"Clothing, Shoes & Jewelry",Fall-Ready Shirtdresses,1,1
"Clothing, Shoes & Jewelry > Family Athleisure",2,"Clothing, Shoes & Jewelry",Family Athleisure,1,1
"Clothing, Shoes & Jewelry > Fashion Gift Guide: For the Master of Make-Believe",2,"Clothing, Shoes & Jewelry",Fashion Gift Guide: For the Master of Make-Believe,1,1
"Clothing, Shoes & Jewelry > Fashion Watches",2,"Clothing, Shoes & Jewelry",Fashion Watches,2,2
"Clothing, Shoes & Jewelry > Fashion-forward finds",2,"Clothing, Shoes & Jewelry",Fashion-forward finds,11,11
"Clothing, Shoes & Jewelry > Feminine Spring Blouses",2,"Clothing, Shoes & Jewelry",Feminine Spring Blouses,1,1
"Clothing, Shoes & Jewelry > Fine Jewelry for Women",2,"Clothing, Shoes & Jewelry",Fine Jewelry for Women,1,1
"Clothing, Shoes & Jewelry > Free One-Day Shipping on Jewelry, Watches, & More",2,"Clothing, Shoes & Jewelry","Free One-Day Shipping on Jewelry, Watches, & More",1,1
"Clothing, Shoes & Jewelry > Fun World Costumes",2,"Clothing, Shoes & Jewelry",Fun World Costumes,2,2
"Clothing, Shoes & Jewelry > Gemstones",2,"Clothing, Shoes & Jewelry",Gemstones,5,5
"Clothing, Shoes & Jewelry > Girls",2,"Clothing, Shoes & Jewelry",Girls,1716,42
"Clothing, Shoes & Jewelry > Girls Apparel",2,"Clothing, Shoes & Jewelry",Girls Apparel,3,0
"Clothing, Shoes & Jewelry > Girls' School Essentials",2,"Clothing, Shoes & Jewelry",Girls' School Essentials,1,1
"Clothing, Shoes & Jewelry > Girls' Sneakers under $35",2,"Clothing, Shoes & Jewelry",Girls' Sneakers under $35,1,1
"Clothing, Shoes & Jewelry > Graduation Cohort 1 - Daily",2,"Clothing, Shoes & Jewelry",Graduation Cohort 1 - Daily,1,1
"Clothing, Shoes & Jewelry > Graduation Cohort 4 - Daily",2,"Clothing, Shoes & Jewelry",Graduation Cohort 4 - Daily,19,19
"Clothing, Shoes & Jewelry > Green Lit 197",2,"Clothing, Shoes & Jewelry",Green Lit 197,2,2
"Clothing, Shoes & Jewelry > Green Lit 241",2,"Clothing, Shoes & Jewelry",Green Lit 241,3,3
"Clothing, Shoes & Jewelry > Green Lit 641",2,"Clothing, Shoes & Jewelry",Green Lit 641,2,2
"Clothing, Shoes & Jewelry > Green Monday | 30% Off for Men",2,"Clothing, Shoes & Jewelry",Green Monday | 30% Off for Men,3,3
"Clothing, Shoes & Jewelry > Green Monday | 30% Off for Women",2,"Clothing, Shoes & Jewelry",Green Monday | 30% Off for Women,3,3
"Clothing, Shoes & Jewelry > HG Frequent Plus 4+ Stars",2,"Clothing, Shoes & Jewelry",HG Frequent Plus 4+ Stars,1,1
"Clothing, Shoes & Jewelry > Handbags Under $30",2,"Clothing, Shoes & Jewelry",Handbags Under $30,3,3
"Clothing, Shoes & Jewelry > Healthcare Uniforms",2,"Clothing, Shoes & Jewelry",Healthcare Uniforms,6,1
"Clothing, Shoes & Jewelry > Holiday Together: Holiday Happy",2,"Clothing, Shoes & Jewelry",Holiday Together: Holiday Happy,1,1
"Clothing, Shoes & Jewelry > Kids Activewear",2,"Clothing, Shoes & Jewelry",Kids Activewear,4,0
"Clothing, Shoes & Jewelry > Kids Apparel",2,"Clothing, Shoes & Jewelry",Kids Apparel,1,0
"Clothing, Shoes & Jewelry > Kids Shoes",2,"Clothing, Shoes & Jewelry",Kids Shoes,6,0
"Clothing, Shoes & Jewelry > Kids Shoes Union",2,"Clothing, Shoes & Jewelry",Kids Shoes Union,36,0
"Clothing, Shoes & Jewelry > Kids Sleepwear & Robes",2,"Clothing, Shoes & Jewelry",Kids Sleepwear & Robes,1,0
"Clothing, Shoes & Jewelry > Kids Sweaters",2,"Clothing, Shoes & Jewelry",Kids Sweaters,1,0
"Clothing, Shoes & Jewelry > Kids Swimwear",2,"Clothing, Shoes & Jewelry",Kids Swimwear,2,0
"Clothing, Shoes & Jewelry > Kids' Clothing",2,"Clothing, Shoes & Jewelry",Kids' Clothing,2,0
"Clothing, Shoes & Jewelry > Kids' Shoes Markdown",2,"Clothing, Shoes & Jewelry",Kids' Shoes Markdown,2,2
"Clothing, Shoes & Jewelry > Kids' Watches",2,"Clothing, Shoes & Jewelry",Kids' Watches,2,0
"Clothing, Shoes & Jewelry > Kids' and Baby Halloween Costumes",2,"Clothing, Shoes & Jewelry",Kids' and Baby Halloween Costumes,8,8
"Clothing, Shoes & Jewelry > Lee Lowest Prices Of The Season",2,"Clothing, Shoes & Jewelry",Lee Lowest Prices Of The Season,1,1
"Clothing, Shoes & Jewelry > Lingerie Semi-Annual Savings",2,"Clothing, Shoes & Jewelry",Lingerie Semi-Annual Savings,3,3
"Clothing, Shoes & Jewelry > Luggage & Travel Gear",2,"Clothing, Shoes & Jewelry",Luggage & Travel Gear,976,23
"Clothing, Shoes & Jewelry > MFN ONLY V2",2,"Clothing, Shoes & Jewelry",MFN ONLY V2,18,18
"Clothing, Shoes & Jewelry > MFN Only",2,"Clothing, Shoes & Jewelry",MFN Only,4,4
"Clothing, Shoes & Jewelry > Made in USA",2,"Clothing, Shoes & Jewelry",Made in USA,1,1
"Clothing, Shoes & Jewelry > Markdowns",2,"Clothing, Shoes & Jewelry",Markdowns,4,4
"Clothing, Shoes & Jewelry > Memorial Day Savings 2016",2,"Clothing, Shoes & Jewelry",Memorial Day Savings 2016,1,1
"Clothing, Shoes & Jewelry > Men",2,"Clothing, Shoes & Jewelry",Men,9901,121
"Clothing, Shoes & Jewelry > Men's Action Sport Watches",2,"Clothing, Shoes & Jewelry",Men's Action Sport Watches,1,1
"Clothing, Shoes & Jewelry > Men's Activewear: Bottoms",2,"Clothing, Shoes & Jewelry",Men's Activewear: Bottoms,1,1
"Clothing, Shoes & Jewelry > Men's Denim Updates",2,"Clothing, Shoes & Jewelry",Men's Denim Updates,1,1
"Clothing, Shoes & Jewelry > Men's Halloween Costumes",2,"Clothing, Shoes & Jewelry",Men's Halloween Costumes,6,6
"Clothing, Shoes & Jewelry > Men's Off-to-College Essentials",2,"Clothing, Shoes & Jewelry",Men's Off-to-College Essentials,1,1
"Clothing, Shoes & Jewelry > Men's Outerwear: Parka",2,"Clothing, Shoes & Jewelry",Men's Outerwear: Parka,1,1
"Clothing, Shoes & Jewelry > Men's Shorts Under $25 - Prod",2,"Clothing, Shoes & Jewelry",Men's Shorts Under $25 - Prod,1,1
"Clothing, Shoes & Jewelry > Men's Slippers Under $40",2,"Clothing, Shoes & Jewelry",Men's Slippers Under $40,1,1
"Clothing, Shoes & Jewelry > Men's Watches Under $50",2,"Clothing, Shoes & Jewelry",Men's Watches Under $50,5,5
"Clothing, Shoes & Jewelry > Most Gifted Styles",2,"Clothing, Shoes & Jewelry",Most Gifted Styles,1,1
"Clothing, Shoes & Jewelry > Motorcycle & ATV Casual Footwear",2,"Clothing, Shoes & Jewelry",Motorcycle & ATV Casual Footwear,6,0
"Clothing, Shoes & Jewelry > Motorcycle & ATV Casual Wear",2,"Clothing, Shoes & Jewelry",Motorcycle & ATV Casual Wear,2,0
"Clothing, Shoes & Jewelry > Must See Deals",2,"Clothing, Shoes & Jewelry",Must See Deals,1,1
"Clothing, Shoes & Jewelry > New Looks from Prime Wardrobe",2,"Clothing, Shoes & Jewelry",New Looks from Prime Wardrobe,2,2
"Clothing, Shoes & Jewelry > Not-Your-Mother's Cableknit",2,"Clothing, Shoes & Jewelry",Not-Your-Mother's Cableknit,1,1
"Clothing, Shoes & Jewelry > Novelty & More",2,"Clothing, Shoes & Jewelry",Novelty & More,3376,13
"Clothing, Shoes & Jewelry > Off to College Fashion",2,"Clothing, Shoes & Jewelry",Off to College Fashion,1,1
"Clothing, Shoes & Jewelry > Old Glory Exclusives",2,"Clothing, Shoes & Jewelry",Old Glory Exclusives,1,1
"Clothing, Shoes & Jewelry > On Sale Now",2,"Clothing, Shoes & Jewelry",On Sale Now,7,7
"Clothing, Shoes & Jewelry > Over $50",2,"Clothing, Shoes & Jewelry",Over $50,1,1
"Clothing, Shoes & Jewelry > PD23_All fashion deals running on all of lead up v5",2,"Clothing, Shoes & Jewelry",PD23_All fashion deals running on all of lead up v5,1,1
"Clothing, Shoes & Jewelry > PP Boots Under $75",2,"Clothing, Shoes & Jewelry",PP Boots Under $75,1,1
"Clothing, Shoes & Jewelry > PP Slippers Under $40",2,"Clothing, Shoes & Jewelry",PP Slippers Under $40,1,1
"Clothing, Shoes & Jewelry > Pajamas, Loungewear & More",2,"Clothing, Shoes & Jewelry","Pajamas, Loungewear & More",1,1
"Clothing, Shoes & Jewelry > PattyBoutik Apparel",2,"Clothing, Shoes & Jewelry",PattyBoutik Apparel,16,16
"Clothing, Shoes & Jewelry > Plain Silver Jewelry",2,"Clothing, Shoes & Jewelry",Plain Silver Jewelry,1,1
"Clothing, Shoes & Jewelry > Plus-Size Fashion",2,"Clothing, Shoes & Jewelry",Plus-Size Fashion,29,29
"Clothing, Shoes & Jewelry > Premium Fashion Testing",2,"Clothing, Shoes & Jewelry",Premium Fashion Testing,2,2
"Clothing, Shoes & Jewelry > Premium Tops",2,"Clothing, Shoes & Jewelry",Premium Tops,1,1
"Clothing, Shoes & Jewelry > Pretty Winter Floral Prints",2,"Clothing, Shoes & Jewelry",Pretty Winter Floral Prints,1,1
"Clothing, Shoes & Jewelry > Prime Day: 30% off Select Clothing, Shoes & More for Men, Women, Kids & Baby",2,"Clothing, Shoes & Jewelry","Prime Day: 30% off Select Clothing, Shoes & More for Men, Women, Kids & Baby",5,5
"Clothing, Shoes & Jewelry > Prime Day: 30% off select fashion",2,"Clothing, Shoes & Jewelry",Prime Day: 30% off select fashion,2,2
"Clothing, Shoes & Jewelry > Prime Wardrobe: Columbia Try Before You Buy",2,"Clothing, Shoes & Jewelry",Prime Wardrobe: Columbia Try Before You Buy,3,3
"Clothing, Shoes & Jewelry > Prime Wardrobe: Levi's Try Before You Buy",2,"Clothing, Shoes & Jewelry",Prime Wardrobe: Levi's Try Before You Buy,1,1
"Clothing, Shoes & Jewelry > Prime Wardrobe: New Arrivals",2,"Clothing, Shoes & Jewelry",Prime Wardrobe: New Arrivals,1,1
"Clothing, Shoes & Jewelry > Prime Wardrobe: Under Armour",2,"Clothing, Shoes & Jewelry",Prime Wardrobe: Under Armour,1,1
"Clothing, Shoes & Jewelry > Prom",2,"Clothing, Shoes & Jewelry",Prom,1,0
"Clothing, Shoes & Jewelry > Prom- Dresses",2,"Clothing, Shoes & Jewelry",Prom- Dresses,1,1
"Clothing, Shoes & Jewelry > Restaurant Store",2,"Clothing, Shoes & Jewelry",Restaurant Store,2,0
"Clothing, Shoes & Jewelry > Rhinestones earrings",2,"Clothing, Shoes & Jewelry",Rhinestones earrings,1,1
"Clothing, Shoes & Jewelry > Save up to X% on Burt's Bees",2,"Clothing, Shoes & Jewelry",Save up to X% on Burt's Bees,1,1
"Clothing, Shoes & Jewelry > Shirts Under $30",2,"Clothing, Shoes & Jewelry",Shirts Under $30,2,2
"Clothing, Shoes & Jewelry > Shoe, Jewelry & Watch Accessories",2,"Clothing, Shoes & Jewelry","Shoe, Jewelry & Watch Accessories",436,1
"Clothing, Shoes & Jewelry > Shop Your Style: Classic",2,"Clothing, Shoes & Jewelry",Shop Your Style: Classic,1,1
"Clothing, Shoes & Jewelry > Shop by Designer",2,"Clothing, Shoes & Jewelry",Shop by Designer,3,3
"Clothing, Shoes & Jewelry > Shop by Occasion for Her: Vacation",2,"Clothing, Shoes & Jewelry",Shop by Occasion for Her: Vacation,1,1
"Clothing, Shoes & Jewelry > Shopbop September 2019 EOTS",2,"Clothing, Shoes & Jewelry",Shopbop September 2019 EOTS,1,1
"Clothing, Shoes & Jewelry > Splurgeworthy Womens Shoes",2,"Clothing, Shoes & Jewelry",Splurgeworthy Womens Shoes,2,2
"Clothing, Shoes & Jewelry > Sport Specific Clothing",2,"Clothing, Shoes & Jewelry",Sport Specific Clothing,1114,7
"Clothing, Shoes & Jewelry > Sport Watches",2,"Clothing, Shoes & Jewelry",Sport Watches,8,8
"Clothing, Shoes & Jewelry > Street, Surf & Skate",2,"Clothing, Shoes & Jewelry","Street, Surf & Skate",3,3
"Clothing, Shoes & Jewelry > Students' Top Rated",2,"Clothing, Shoes & Jewelry",Students' Top Rated,1,1
"Clothing, Shoes & Jewelry > Sunglasses Starting at $15",2,"Clothing, Shoes & Jewelry",Sunglasses Starting at $15,1,1
"Clothing, Shoes & Jewelry > Swimwear TEST",2,"Clothing, Shoes & Jewelry",Swimwear TEST,29,0
"Clothing, Shoes & Jewelry > Tactical boots",2,"Clothing, Shoes & Jewelry",Tactical boots,1,1
"Clothing, Shoes & Jewelry > Take 25% Off | Holiday Savings for Women",2,"Clothing, Shoes & Jewelry",Take 25% Off | Holiday Savings for Women,1,1
"Clothing, Shoes & Jewelry > Tees & Tops for College under $25",2,"Clothing, Shoes & Jewelry",Tees & Tops for College under $25,2,2
"Clothing, Shoes & Jewelry > Test Color",2,"Clothing, Shoes & Jewelry",Test Color,5,5
"Clothing, Shoes & Jewelry > The Women's Warm-Weather Edit",2,"Clothing, Shoes & Jewelry",The Women's Warm-Weather Edit,1,1
"Clothing, Shoes & Jewelry > Toddler Size 6",2,"Clothing, Shoes & Jewelry",Toddler Size 6,1,1
"Clothing, Shoes & Jewelry > Toddler Size 7",2,"Clothing, Shoes & Jewelry",Toddler Size 7,1,1
"Clothing, Shoes & Jewelry > Toddler Size 8",2,"Clothing, Shoes & Jewelry",Toddler Size 8,1,1
"Clothing, Shoes & Jewelry > Toddler Test",2,"Clothing, Shoes & Jewelry",Toddler Test,48,0
"Clothing, Shoes & Jewelry > Top 1,000 3P ASINs Under $15",2,"Clothing, Shoes & Jewelry","Top 1,000 3P ASINs Under $15",2,2
"Clothing, Shoes & Jewelry > Top 50 by Product Type",2,"Clothing, Shoes & Jewelry",Top 50 by Product Type,32,32
"Clothing, Shoes & Jewelry > Top Brands Under $149",2,"Clothing, Shoes & Jewelry",Top Brands Under $149,1,1
"Clothing, Shoes & Jewelry > Top Gifts for the Family: Colorful Crocs",2,"Clothing, Shoes & Jewelry",Top Gifts for the Family: Colorful Crocs,1,1
"Clothing, Shoes & Jewelry > Top Rated Fashion Capital Favorites",2,"Clothing, Shoes & Jewelry",Top Rated Fashion Capital Favorites,1,1
"Clothing, Shoes & Jewelry > TurboTax Refund Bonus Exclusive: 20% Off Select Shoes",2,"Clothing, Shoes & Jewelry",TurboTax Refund Bonus Exclusive: 20% Off Select Shoes,1,1
"Clothing, Shoes & Jewelry > Ugly Holiday Sweaters (and More) for the Family",2,"Clothing, Shoes & Jewelry",Ugly Holiday Sweaters (and More) for the Family,2,2
"Clothing, Shoes & Jewelry > Under $30",2,"Clothing, Shoes & Jewelry",Under $30,8,8
"Clothing, Shoes & Jewelry > Under $50",2,"Clothing, Shoes & Jewelry",Under $50,7,7
"Clothing, Shoes & Jewelry > Uniforms, Work & Safety",2,"Clothing, Shoes & Jewelry","Uniforms, Work & Safety",31,0
"Clothing, Shoes & Jewelry > Unisex Baby Clothing",2,"Clothing, Shoes & Jewelry",Unisex Baby Clothing,4,0
"Clothing, Shoes & Jewelry > Up to 20% Off Select Jewelry & Watches",2,"Clothing, Shoes & Jewelry",Up to 20% Off Select Jewelry & Watches,2,2
"Clothing, Shoes & Jewelry > Up to 30% off Shoes, Handbags and More",2,"Clothing, Shoes & Jewelry","Up to 30% off Shoes, Handbags and More",1,1
"Clothing, Shoes & Jewelry > Up to 30% off select shoes from Clarks, ECCO, and more",2,"Clothing, Shoes & Jewelry","Up to 30% off select shoes from Clarks, ECCO, and more",1,1
"Clothing, Shoes & Jewelry > Up to 70% Off Men's Mid-Summer Savings",2,"Clothing, Shoes & Jewelry",Up to 70% Off Men's Mid-Summer Savings,1,1
"Clothing, Shoes & Jewelry > Veterans Day Savings: 20% or More Off",2,"Clothing, Shoes & Jewelry",Veterans Day Savings: 20% or More Off,2,2
"Clothing, Shoes & Jewelry > Westlake",2,"Clothing, Shoes & Jewelry",Westlake,1136,1136
"Clothing, Shoes & Jewelry > Wide Leg Pants",2,"Clothing, Shoes & Jewelry",Wide Leg Pants,1,1
"Clothing, Shoes & Jewelry > Women",2,"Clothing, Shoes & Jewelry",Women,26406,220
"Clothing, Shoes & Jewelry > Women's Activewear Under $25",2,"Clothing, Shoes & Jewelry",Women's Activewear Under $25,1,1
"Clothing, Shoes & Jewelry > Women's Apparel",2,"Clothing, Shoes & Jewelry",Women's Apparel,12,12
"Clothing, Shoes & Jewelry > Women's Boots Under $75",2,"Clothing, Shoes & Jewelry",Women's Boots Under $75,1,1
"Clothing, Shoes & Jewelry > Women's Comfort Shoes FA Test",2,"Clothing, Shoes & Jewelry",Women's Comfort Shoes FA Test,6,6
"Clothing, Shoes & Jewelry > Women's Dresses Under $25",2,"Clothing, Shoes & Jewelry",Women's Dresses Under $25,5,5
"Clothing, Shoes & Jewelry > Women's Fall Boots",2,"Clothing, Shoes & Jewelry",Women's Fall Boots,1,1
"Clothing, Shoes & Jewelry > Women's Festive Wear",2,"Clothing, Shoes & Jewelry",Women's Festive Wear,2,2
"Clothing, Shoes & Jewelry > Women's Halloween Costumes",2,"Clothing, Shoes & Jewelry",Women's Halloween Costumes,15,15
"Clothing, Shoes & Jewelry > Women's Maxi Dresses",2,"Clothing, Shoes & Jewelry",Women's Maxi Dresses,1,1
"Clothing, Shoes & Jewelry > Women's Oversized Blazers for Fall",2,"Clothing, Shoes & Jewelry",Women's Oversized Blazers for Fall,1,1
"Clothing, Shoes & Jewelry > Women's Plus-Size Apparel",2,"Clothing, Shoes & Jewelry",Women's Plus-Size Apparel,27,27
"Clothing, Shoes & Jewelry > Women's Romantic Loungewear",2,"Clothing, Shoes & Jewelry",Women's Romantic Loungewear,1,1
"Clothing, Shoes & Jewelry > Women's Sandal Markdowns",2,"Clothing, Shoes & Jewelry",Women's Sandal Markdowns,5,5
"Clothing, Shoes & Jewelry > Women's Shoes",2,"Clothing, Shoes & Jewelry",Women's Shoes,1,1
"Clothing, Shoes & Jewelry > Women's Summer-Ready Skirts",2,"Clothing, Shoes & Jewelry",Women's Summer-Ready Skirts,1,1
"Clothing, Shoes & Jewelry > Women's Sweaters Under $30",2,"Clothing, Shoes & Jewelry",Women's Sweaters Under $30,1,1
"Clothing, Shoes & Jewelry > Women's Sweaters Under $50",2,"Clothing, Shoes & Jewelry",Women's Sweaters Under $50,1,1
"Clothing, Shoes & Jewelry > Women's Swim Under $25",2,"Clothing, Shoes & Jewelry",Women's Swim Under $25,1,1
"Clothing, Shoes & Jewelry > Women's leopard print dresses",2,"Clothing, Shoes & Jewelry",Women's leopard print dresses,1,1
"Clothing, Shoes & Jewelry > Women's sleepwear, swimwear, and more from Ekouaer and AI'MAGE",2,"Clothing, Shoes & Jewelry","Women's sleepwear, swimwear, and more from Ekouaer and AI'MAGE",1,1
"Clothing, Shoes & Jewelry > Womens New Arrivals",2,"Clothing, Shoes & Jewelry",Womens New Arrivals,1,1
"Clothing, Shoes & Jewelry > Work Dresses Under $50",2,"Clothing, Shoes & Jewelry",Work Dresses Under $50,1,1
"Shoe, Jewelry & Watch Accessories > Shoe Care & Accessories",2,"Shoe, Jewelry & Watch Accessories",Shoe Care & Accessories,10,0
"Clothing, Shoes & Jewelry > Apparel and accessories Made in Italy > Men's fashion Made in Italy",3,"Clothing, Shoes & Jewelry > Apparel and accessories Made in Italy",Men's fashion Made in Italy,2,0
"Clothing, Shoes & Jewelry > Baby > Baby Boys",3,"Clothing, Shoes & Jewelry > Baby",Baby Boys,348,1
"Clothing, Shoes & Jewelry > Baby > Baby Girls",3,"Clothing, Shoes & Jewelry > Baby",Baby Girls,677,2
"Clothing, Shoes & Jewelry > Boot Shop > Boys",3,"Clothing, Shoes & Jewelry > Boot Shop",Boys,28,0
"Clothing, Shoes & Jewelry > Boot Shop > Girls",3,"Clothing, Shoes & Jewelry > Boot Shop",Girls,59,0
"Clothing, Shoes & Jewelry > Boot Shop > Men",3,"Clothing, Shoes & Jewelry > Boot Shop",Men,239,0
"Clothing, Shoes & Jewelry > Boot Shop > Women",3,"Clothing, Shoes & Jewelry > Boot Shop",Women,802,1
"Clothing, Shoes & Jewelry > Boys > Accessories",3,"Clothing, Shoes & Jewelry > Boys",Accessories,41,2
"Clothing, Shoes & Jewelry > Boys > Clothing",3,"Clothing, Shoes & Jewelry > Boys",Clothing,555,18
"Clothing, Shoes & Jewelry > Boys > Jewelry",3,"Clothing, Shoes & Jewelry > Boys",Jewelry,53,0
"Clothing, Shoes & Jewelry > Boys > School Uniforms",3,"Clothing, Shoes & Jewelry > Boys",School Uniforms,3,0
"Clothing, Shoes & Jewelry > Boys > Shoes",3,"Clothing, Shoes & Jewelry > Boys",Shoes,422,8
"Clothing, Shoes & Jewelry > Boys > Watches",3,"Clothing, Shoes & Jewelry > Boys",Watches,4,0
"Clothing, Shoes & Jewelry > Clothing Outlet > Outlet: Clothing",3,"Clothing, Shoes & Jewelry > Clothing Outlet",Outlet: Clothing,2,2
"Clothing, Shoes & Jewelry > Costumes & Accessories > Kids & Baby",3,"Clothing, Shoes & Jewelry > Costumes & Accessories",Kids & Baby,208,0
"Clothing, Shoes & Jewelry > Costumes & Accessories > Makeup, Facial Hair & Adhesives",3,"Clothing, Shoes & Jewelry > Costumes & Accessories","Makeup, Facial Hair & Adhesives",2,0
"Clothing, Shoes & Jewelry > Costumes & Accessories > Men",3,"Clothing, Shoes & Jewelry > Costumes & Accessories",Men,251,1
"Clothing, Shoes & Jewelry > Costumes & Accessories > Props",3,"Clothing, Shoes & Jewelry > Costumes & Accessories",Props,36,0
"Clothing, Shoes & Jewelry > Costumes & Accessories > Women",3,"Clothing, Shoes & Jewelry > Costumes & Accessories",Women,434,1
"Clothing, Shoes & Jewelry > Diamond Jewelry Store > Earrings",3,"Clothing, Shoes & Jewelry > Diamond Jewelry Store",Earrings,1,1
"Clothing, Shoes & Jewelry > Girls > Accessories",3,"Clothing, Shoes & Jewelry > Girls",Accessories,73,9
"Clothing, Shoes & Jewelry > Girls > Clothing",3,"Clothing, Shoes & Jewelry > Girls",Clothing,779,25
"Clothing, Shoes & Jewelry > Girls > Jewelry",3,"Clothing, Shoes & Jewelry > Girls",Jewelry,193,5
"Clothing, Shoes & Jewelry > Girls > School Uniforms",3,"Clothing, Shoes & Jewelry > Girls",School Uniforms,6,0
"Clothing, Shoes & Jewelry > Girls > Shoes",3,"Clothing, Shoes & Jewelry > Girls",Shoes,619,18
"Clothing, Shoes & Jewelry > Girls > Watches",3,"Clothing, Shoes & Jewelry > Girls",Watches,4,0
"Clothing, Shoes & Jewelry > Girls Apparel > Dresses",3,"Clothing, Shoes & Jewelry > Girls Apparel",Dresses,1,1
"Clothing, Shoes & Jewelry > Girls Apparel > Jackets and Coats",3,"Clothing, Shoes & Jewelry > Girls Apparel",Jackets and Coats,2,2
"Clothing, Shoes & Jewelry > Healthcare Uniforms > Healthcare Uniforms",3,"Clothing, Shoes & Jewelry > Healthcare Uniforms",Healthcare Uniforms,5,5
"Clothing, Shoes & Jewelry > Kids Activewear > Boys Active",3,"Clothing, Shoes & Jewelry > Kids Activewear",Boys Active,4,4
"Clothing, Shoes & Jewelry > Kids Apparel > Girls Apparel",3,"Clothing, Shoes & Jewelry > Kids Apparel",Girls Apparel,1,1
"Clothing, Shoes & Jewelry > Kids Shoes > Boys Sneakers (fs, no puma)",3,"Clothing, Shoes & Jewelry > Kids Shoes","Boys Sneakers (fs, no puma)",1,1
"Clothing, Shoes & Jewelry > Kids Shoes > Boys Sneakers (no fs)",3,"Clothing, Shoes & Jewelry > Kids Shoes",Boys Sneakers (no fs),2,2
"Clothing, Shoes & Jewelry > Kids Shoes > Girls Sneakers (fs, no puma)",3,"Clothing, Shoes & Jewelry > Kids Shoes","Girls Sneakers (fs, no puma)",2,2
"Clothing, Shoes & Jewelry > Kids Shoes > Girls Sneakers (no fs)",3,"Clothing, Shoes & Jewelry > Kids Shoes",Girls Sneakers (no fs),1,1
"Clothing, Shoes & Jewelry > Kids Shoes Union > Baby Boys Shoes Union",3,"Clothing, Shoes & Jewelry > Kids Shoes Union",Baby Boys Shoes Union,1,1
"Clothing, Shoes & Jewelry > Kids Shoes Union > Boys Athletic",3,"Clothing, Shoes & Jewelry > Kids Shoes Union",Boys Athletic,6,6
"Clothing, Shoes & Jewelry > Kids Shoes Union > Girls Athletic & Oxfords",3,"Clothing, Shoes & Jewelry > Kids Shoes Union",Girls Athletic & Oxfords,1,1
"Clothing, Shoes & Jewelry > Kids Shoes Union > Girls Boots, Clogs & Mules",3,"Clothing, Shoes & Jewelry > Kids Shoes Union","Girls Boots, Clogs & Mules",4,4
"Clothing, Shoes & Jewelry > Kids Shoes Union > Girls Flats & Loafers",3,"Clothing, Shoes & Jewelry > Kids Shoes Union",Girls Flats & Loafers,1,1
"Clothing, Shoes & Jewelry > Kids Shoes Union > Girls Sandals & Pumps",3,"Clothing, Shoes & Jewelry > Kids Shoes Union",Girls Sandals & Pumps,4,4
"Clothing, Shoes & Jewelry > Kids Shoes Union > Girls Sneakers",3,"Clothing, Shoes & Jewelry > Kids Shoes Union",Girls Sneakers,19,19
"Clothing, Shoes & Jewelry > Kids Sleepwear & Robes > Total Sleepwear & Robes",3,"Clothing, Shoes & Jewelry > Kids Sleepwear & Robes",Total Sleepwear & Robes,1,1
"Clothing, Shoes & Jewelry > Kids Sweaters > Total Sweaters",3,"Clothing, Shoes & Jewelry > Kids Sweaters",Total Sweaters,1,1
"Clothing, Shoes & Jewelry > Kids Swimwear > Girls Swimwear 2",3,"Clothing, Shoes & Jewelry > Kids Swimwear",Girls Swimwear 2,2,2
"Clothing, Shoes & Jewelry > Kids' Clothing > Girls Leggings",3,"Clothing, Shoes & Jewelry > Kids' Clothing",Girls Leggings,1,1
"Clothing, Shoes & Jewelry > Kids' Clothing > Girls Pants",3,"Clothing, Shoes & Jewelry > Kids' Clothing",Girls Pants,1,1
"Clothing, Shoes & Jewelry > Kids' Watches > Girls",3,"Clothing, Shoes & Jewelry > Kids' Watches",Girls,2,2
"Clothing, Shoes & Jewelry > Luggage & Travel Gear > Backpacks",3,"Clothing, Shoes & Jewelry > Luggage & Travel Gear",Backpacks,251,28
"Clothing, Shoes & Jewelry > Luggage & Travel Gear > Briefcases",3,"Clothing, Shoes & Jewelry > Luggage & Travel Gear",Briefcases,24,24
"Clothing, Shoes & Jewelry > Luggage & Travel Gear > Gym Bags",3,"Clothing, Shoes & Jewelry > Luggage & Travel Gear",Gym Bags,60,4
"Clothing, Shoes & Jewelry > Luggage & Travel Gear > Luggage",3,"Clothing, Shoes & Jewelry > Luggage & Travel Gear",Luggage,190,42
"Clothing, Shoes & Jewelry > Luggage & Travel Gear > Messenger Bags",3,"Clothing, Shoes & Jewelry > Luggage & Travel Gear",Messenger Bags,58,58
"Clothing, Shoes & Jewelry > Luggage & Travel Gear > Travel Accessories",3,"Clothing, Shoes & Jewelry > Luggage & Travel Gear",Travel Accessories,173,7
"Clothing, Shoes & Jewelry > Luggage & Travel Gear > Travel Duffels",3,"Clothing, Shoes & Jewelry > Luggage & Travel Gear",Travel Duffels,78,78
"Clothing, Shoes & Jewelry > Luggage & Travel Gear > Travel Totes",3,"Clothing, Shoes & Jewelry > Luggage & Travel Gear",Travel Totes,20,20
"Clothing, Shoes & Jewelry > Luggage & Travel Gear > Umbrellas",3,"Clothing, Shoes & Jewelry > Luggage & Travel Gear",Umbrellas,73,11
"Clothing, Shoes & Jewelry > Luggage & Travel Gear > Waist Packs",3,"Clothing, Shoes & Jewelry > Luggage & Travel Gear",Waist Packs,26,26
"Clothing, Shoes & Jewelry > Men > Accessories",3,"Clothing, Shoes & Jewelry > Men",Accessories,1330,13
"Clothing, Shoes & Jewelry > Men > Clothing",3,"Clothing, Shoes & Jewelry > Men",Clothing,3688,74
"Clothing, Shoes & Jewelry > Men > Handbags & Shoulder Bags",3,"Clothing, Shoes & Jewelry > Men",Handbags & Shoulder Bags,8,0
"Clothing, Shoes & Jewelry > Men > Jewelry",3,"Clothing, Shoes & Jewelry > Men",Jewelry,630,22
"Clothing, Shoes & Jewelry > Men > Shoes",3,"Clothing, Shoes & Jewelry > Men",Shoes,3161,374
"Clothing, Shoes & Jewelry > Men > Uniforms, Work & Safety",3,"Clothing, Shoes & Jewelry > Men","Uniforms, Work & Safety",326,0
"Clothing, Shoes & Jewelry > Men > Watches",3,"Clothing, Shoes & Jewelry > Men",Watches,637,0
"Clothing, Shoes & Jewelry > Motorcycle & ATV Casual Footwear > Boots",3,"Clothing, Shoes & Jewelry > Motorcycle & ATV Casual Footwear",Boots,1,1
"Clothing, Shoes & Jewelry > Motorcycle & ATV Casual Footwear > Shoes",3,"Clothing, Shoes & Jewelry > Motorcycle & ATV Casual Footwear",Shoes,5,5
"Clothing, Shoes & Jewelry > Motorcycle & ATV Casual Wear > Jackets",3,"Clothing, Shoes & Jewelry > Motorcycle & ATV Casual Wear",Jackets,1,1
"Clothing, Shoes & Jewelry > Motorcycle & ATV Casual Wear > Shirts",3,"Clothing, Shoes & Jewelry > Motorcycle & ATV Casual Wear",Shirts,1,1
"Clothing, Shoes & Jewelry > Novelty & More > Clothing",3,"Clothing, Shoes & Jewelry > Novelty & More",Clothing,3357,67
"Clothing, Shoes & Jewelry > Novelty & More > Watches",3,"Clothing, Shoes & Jewelry > Novelty & More",Watches,6,6
"Clothing, Shoes & Jewelry > Prom > Dresses Under $50",3,"Clothing, Shoes & Jewelry > Prom",Dresses Under $50,1,1
"Clothing, Shoes & Jewelry > Restaurant Store > Food Service Uniforms",3,"Clothing, Shoes & Jewelry > Restaurant Store",Food Service Uniforms,2,0
"Clothing, Shoes & Jewelry > Shoe, Jewelry & Watch Accessories > Jewelry Accessories",3,"Clothing, Shoes & Jewelry > Shoe, Jewelry & Watch Accessories",Jewelry Accessories,208,4
"Clothing, Shoes & Jewelry > Shoe, Jewelry & Watch Accessories > Shoe Care & Accessories",3,"Clothing, Shoes & Jewelry > Shoe, Jewelry & Watch Accessories",Shoe Care & Accessories,167,7
"Clothing, Shoes & Jewelry > Shoe, Jewelry & Watch Accessories > Watch Accessories",3,"Clothing, Shoes & Jewelry > Shoe, Jewelry & Watch Accessories",Watch Accessories,60,0
"Clothing, Shoes & Jewelry > Sport Specific Clothing > American Football",3,"Clothing, Shoes & Jewelry > Sport Specific Clothing",American Football,12,1
"Clothing, Shoes & Jewelry > Sport Specific Clothing > Baseball",3,"Clothing, Shoes & Jewelry > Sport Specific Clothing",Baseball,12,1
"Clothing, Shoes & Jewelry > Sport Specific Clothing > Basketball",3,"Clothing, Shoes & Jewelry > Sport Specific Clothing",Basketball,25,5
"Clothing, Shoes & Jewelry > Sport Specific Clothing > Boxing",3,"Clothing, Shoes & Jewelry > Sport Specific Clothing",Boxing,3,0
"Clothing, Shoes & Jewelry > Sport Specific Clothing > Cheerleading",3,"Clothing, Shoes & Jewelry > Sport Specific Clothing",Cheerleading,7,0
"Clothing, Shoes & Jewelry > Sport Specific Clothing > Competitive Swimwear",3,"Clothing, Shoes & Jewelry > Sport Specific Clothing",Competitive Swimwear,81,0
"Clothing, Shoes & Jewelry > Sport Specific Clothing > Cycling",3,"Clothing, Shoes & Jewelry > Sport Specific Clothing",Cycling,225,16
"Clothing, Shoes & Jewelry > Sport Specific Clothing > Dance",3,"Clothing, Shoes & Jewelry > Sport Specific Clothing",Dance,75,5
"Clothing, Shoes & Jewelry > Sport Specific Clothing > Equestrian Sports",3,"Clothing, Shoes & Jewelry > Sport Specific Clothing",Equestrian Sports,18,1
"Clothing, Shoes & Jewelry > Sport Specific Clothing > Golf",3,"Clothing, Shoes & Jewelry > Sport Specific Clothing",Golf,134,4
"Clothing, Shoes & Jewelry > Sport Specific Clothing > Gymnastics",3,"Clothing, Shoes & Jewelry > Sport Specific Clothing",Gymnastics,5,1
"Clothing, Shoes & Jewelry > Sport Specific Clothing > Hiking & Outdoor Recreation",3,"Clothing, Shoes & Jewelry > Sport Specific Clothing",Hiking & Outdoor Recreation,61,1
"Clothing, Shoes & Jewelry > Sport Specific Clothing > Ice Hockey",3,"Clothing, Shoes & Jewelry > Sport Specific Clothing",Ice Hockey,8,2
"Clothing, Shoes & Jewelry > Sport Specific Clothing > Ice Skating",3,"Clothing, Shoes & Jewelry > Sport Specific Clothing",Ice Skating,8,2
"Clothing, Shoes & Jewelry > Sport Specific Clothing > Martial Arts",3,"Clothing, Shoes & Jewelry > Sport Specific Clothing",Martial Arts,13,0
"Clothing, Shoes & Jewelry > Sport Specific Clothing > Rugby",3,"Clothing, Shoes & Jewelry > Sport Specific Clothing",Rugby,2,0
"Clothing, Shoes & Jewelry > Sport Specific Clothing > Running",3,"Clothing, Shoes & Jewelry > Sport Specific Clothing",Running,86,34
"Clothing, Shoes & Jewelry > Sport Specific Clothing > Skiing",3,"Clothing, Shoes & Jewelry > Sport Specific Clothing",Skiing,101,7
"Clothing, Shoes & Jewelry > Sport Specific Clothing > Snowboarding",3,"Clothing, Shoes & Jewelry > Sport Specific Clothing",Snowboarding,25,2
"Clothing, Shoes & Jewelry > Sport Specific Clothing > Soccer & Futsal",3,"Clothing, Shoes & Jewelry > Sport Specific Clothing",Soccer & Futsal,18,2
"Clothing, Shoes & Jewelry > Sport Specific Clothing > Softball",3,"Clothing, Shoes & Jewelry > Sport Specific Clothing",Softball,5,0
"Clothing, Shoes & Jewelry > Sport Specific Clothing > Tennis",3,"Clothing, Shoes & Jewelry > Sport Specific Clothing",Tennis,6,0
"Clothing, Shoes & Jewelry > Sport Specific Clothing > Yoga",3,"Clothing, Shoes & Jewelry > Sport Specific Clothing",Yoga,177,36
"Clothing, Shoes & Jewelry > Swimwear TEST > Baby Boys' Swimwear",3,"Clothing, Shoes & Jewelry > Swimwear TEST",Baby Boys' Swimwear,1,1
"Clothing, Shoes & Jewelry > Swimwear TEST > Baby Girls' Swimwear",3,"Clothing, Shoes & Jewelry > Swimwear TEST",Baby Girls' Swimwear,1,1
"Clothing, Shoes & Jewelry > Swimwear TEST > Boys' Swimwear",3,"Clothing, Shoes & Jewelry > Swimwear TEST",Boys' Swimwear,6,6
"Clothing, Shoes & Jewelry > Swimwear TEST > Girls' Swimwear",3,"Clothing, Shoes & Jewelry > Swimwear TEST",Girls' Swimwear,2,2
"Clothing, Shoes & Jewelry > Swimwear TEST > Men's Swimwear",3,"Clothing, Shoes & Jewelry > Swimwear TEST",Men's Swimwear,3,3
"Clothing, Shoes & Jewelry > Swimwear TEST > Women's Swimwear",3,"Clothing, Shoes & Jewelry > Swimwear TEST",Women's Swimwear,16,16
"Clothing, Shoes & Jewelry > Toddler Test > Boys",3,"Clothing, Shoes & Jewelry > Toddler Test",Boys,26,0
"Clothing, Shoes & Jewelry > Toddler Test > Girls",3,"Clothing, Shoes & Jewelry > Toddler Test",Girls,22,0
"Clothing, Shoes & Jewelry > Uniforms, Work & Safety > Clothing",3,"Clothing, Shoes & Jewelry > Uniforms, Work & Safety",Clothing,31,2
"Clothing, Shoes & Jewelry > Unisex Baby Clothing > Bodysuits",3,"Clothing, Shoes & Jewelry > Unisex Baby Clothing",Bodysuits,2,2
"Clothing, Shoes & Jewelry > Unisex Baby Clothing > Sleepwear & Robes",3,"Clothing, Shoes & Jewelry > Unisex Baby Clothing",Sleepwear & Robes,1,0
"Clothing, Shoes & Jewelry > Unisex Baby Clothing > Tops",3,"Clothing, Shoes & Jewelry > Unisex Baby Clothing",Tops,1,1
"Clothing, Shoes & Jewelry > Women > Accessories",3,"Clothing, Shoes & Jewelry > Women",Accessories,1879,44
"Clothing, Shoes & Jewelry > Women > Clothing",3,"Clothing, Shoes & Jewelry > Women",Clothing,11029,221
"Clothing, Shoes & Jewelry > Women > Handbags & Wallets",3,"Clothing, Shoes & Jewelry > Women",Handbags & Wallets,1112,17
"Clothing, Shoes & Jewelry > Women > Jewelry",3,"Clothing, Shoes & Jewelry > Women",Jewelry,4251,35
"Clothing, Shoes & Jewelry > Women > Maternity",3,"Clothing, Shoes & Jewelry > Women",Maternity,70,0
"Clothing, Shoes & Jewelry > Women > Shoes",3,"Clothing, Shoes & Jewelry > Women",Shoes,7144,765
"Clothing, Shoes & Jewelry > Women > Uniforms, Work & Safety",3,"Clothing, Shoes & Jewelry > Women","Uniforms, Work & Safety",187,0
"Clothing, Shoes & Jewelry > Women > Watches",3,"Clothing, Shoes & Jewelry > Women",Watches,514,13
"Shoe, Jewelry & Watch Accessories > Shoe Care & Accessories > Shoe Care Treatments & Dyes",3,"Shoe, Jewelry & Watch Accessories > Shoe Care & Accessories",Shoe Care Treatments & Dyes,10,0
"Clothing, Shoes & Jewelry > Apparel and accessories Made in Italy > Men's fashion Made in Italy > Bags Made in Italy",4,"Clothing, Shoes & Jewelry > Apparel and accessories Made in Italy > Men's fashion Made in Italy",Bags Made in Italy,2,2
"Clothing, Shoes & Jewelry > Baby > Baby Boys > Accessories",4,"Clothing, Shoes & Jewelry > Baby > Baby Boys",Accessories,44,0
"Clothing, Shoes & Jewelry > Baby > Baby Boys > Clothing",4,"Clothing, Shoes & Jewelry > Baby > Baby Boys",Clothing,248,3
"Clothing, Shoes & Jewelry > Baby > Baby Boys > Shoes",4,"Clothing, Shoes & Jewelry > Baby > Baby Boys",Shoes,55,2
"Clothing, Shoes & Jewelry > Baby > Baby Girls > Accessories",4,"Clothing, Shoes & Jewelry > Baby > Baby Girls",Accessories,78,3
"Clothing, Shoes & Jewelry > Baby > Baby Girls > Clothing",4,"Clothing, Shoes & Jewelry > Baby > Baby Girls",Clothing,515,5
"Clothing, Shoes & Jewelry > Baby > Baby Girls > Shoes",4,"Clothing, Shoes & Jewelry > Baby > Baby Girls",Shoes,82,3
"Clothing, Shoes & Jewelry > Boot Shop > Boys > Fashion",4,"Clothing, Shoes & Jewelry > Boot Shop > Boys",Fashion,6,0
"Clothing, Shoes & Jewelry > Boot Shop > Boys > Outdoor & Work",4,"Clothing, Shoes & Jewelry > Boot Shop > Boys",Outdoor & Work,22,0
"Clothing, Shoes & Jewelry > Boot Shop > Girls > Fashion",4,"Clothing, Shoes & Jewelry > Boot Shop > Girls",Fashion,30,0
"Clothing, Shoes & Jewelry > Boot Shop > Girls > Outdoor & Work",4,"Clothing, Shoes & Jewelry > Boot Shop > Girls",Outdoor & Work,29,0
"Clothing, Shoes & Jewelry > Boot Shop > Men > Fashion",4,"Clothing, Shoes & Jewelry > Boot Shop > Men",Fashion,105,0
"Clothing, Shoes & Jewelry > Boot Shop > Men > Outdoor & Work",4,"Clothing, Shoes & Jewelry > Boot Shop > Men",Outdoor & Work,134,0
"Clothing, Shoes & Jewelry > Boot Shop > Women > Fashion",4,"Clothing, Shoes & Jewelry > Boot Shop > Women",Fashion,569,7
"Clothing, Shoes & Jewelry > Boot Shop > Women > Outdoor & Work",4,"Clothing, Shoes & Jewelry > Boot Shop > Women",Outdoor & Work,232,0
"Clothing, Shoes & Jewelry > Boys > Accessories > Belts",4,"Clothing, Shoes & Jewelry > Boys > Accessories",Belts,1,1
"Clothing, Shoes & Jewelry > Boys > Accessories > Bow Ties",4,"Clothing, Shoes & Jewelry > Boys > Accessories",Bow Ties,3,3
"Clothing, Shoes & Jewelry > Boys > Accessories > Cold Weather",4,"Clothing, Shoes & Jewelry > Boys > Accessories",Cold Weather,9,2
"Clothing, Shoes & Jewelry > Boys > Accessories > Hats & Caps",4,"Clothing, Shoes & Jewelry > Boys > Accessories",Hats & Caps,17,17
"Clothing, Shoes & Jewelry > Boys > Accessories > Neckties",4,"Clothing, Shoes & Jewelry > Boys > Accessories",Neckties,2,2
"Clothing, Shoes & Jewelry > Boys > Accessories > Sunglasses",4,"Clothing, Shoes & Jewelry > Boys > Accessories",Sunglasses,4,4
"Clothing, Shoes & Jewelry > Boys > Accessories > Suspenders",4,"Clothing, Shoes & Jewelry > Boys > Accessories",Suspenders,2,2
"Clothing, Shoes & Jewelry > Boys > Accessories > Wallets & Money Organizers",4,"Clothing, Shoes & Jewelry > Boys > Accessories",Wallets & Money Organizers,1,0
"Clothing, Shoes & Jewelry > Boys > Clothing > Active",4,"Clothing, Shoes & Jewelry > Boys > Clothing",Active,97,4
"Clothing, Shoes & Jewelry > Boys > Clothing > Clothing Sets",4,"Clothing, Shoes & Jewelry > Boys > Clothing",Clothing Sets,45,2
"Clothing, Shoes & Jewelry > Boys > Clothing > Fashion Hoodies & Sweatshirts",4,"Clothing, Shoes & Jewelry > Boys > Clothing",Fashion Hoodies & Sweatshirts,26,26
"Clothing, Shoes & Jewelry > Boys > Clothing > Jackets & Coats",4,"Clothing, Shoes & Jewelry > Boys > Clothing",Jackets & Coats,63,3
"Clothing, Shoes & Jewelry > Boys > Clothing > Jeans",4,"Clothing, Shoes & Jewelry > Boys > Clothing",Jeans,9,9
"Clothing, Shoes & Jewelry > Boys > Clothing > Overalls",4,"Clothing, Shoes & Jewelry > Boys > Clothing",Overalls,1,1
"Clothing, Shoes & Jewelry > Boys > Clothing > Pants",4,"Clothing, Shoes & Jewelry > Boys > Clothing",Pants,20,20
"Clothing, Shoes & Jewelry > Boys > Clothing > Shorts",4,"Clothing, Shoes & Jewelry > Boys > Clothing",Shorts,13,13
"Clothing, Shoes & Jewelry > Boys > Clothing > Sleepwear & Robes",4,"Clothing, Shoes & Jewelry > Boys > Clothing",Sleepwear & Robes,61,0
"Clothing, Shoes & Jewelry > Boys > Clothing > Snow & Rainwear",4,"Clothing, Shoes & Jewelry > Boys > Clothing",Snow & Rainwear,10,0
"Clothing, Shoes & Jewelry > Boys > Clothing > Socks & Hosiery",4,"Clothing, Shoes & Jewelry > Boys > Clothing",Socks & Hosiery,7,0
"Clothing, Shoes & Jewelry > Boys > Clothing > Suits & Sport Coats",4,"Clothing, Shoes & Jewelry > Boys > Clothing",Suits & Sport Coats,11,0
"Clothing, Shoes & Jewelry > Boys > Clothing > Sweaters",4,"Clothing, Shoes & Jewelry > Boys > Clothing",Sweaters,8,0
"Clothing, Shoes & Jewelry > Boys > Clothing > Swim",4,"Clothing, Shoes & Jewelry > Boys > Clothing",Swim,33,0
"Clothing, Shoes & Jewelry > Boys > Clothing > Tops, Tees & Shirts",4,"Clothing, Shoes & Jewelry > Boys > Clothing","Tops, Tees & Shirts",97,0
"Clothing, Shoes & Jewelry > Boys > Clothing > Underwear",4,"Clothing, Shoes & Jewelry > Boys > Clothing",Underwear,36,0
"Clothing, Shoes & Jewelry > Boys > Jewelry > Bracelets",4,"Clothing, Shoes & Jewelry > Boys > Jewelry",Bracelets,23,23
"Clothing, Shoes & Jewelry > Boys > Jewelry > Necklaces",4,"Clothing, Shoes & Jewelry > Boys > Jewelry",Necklaces,24,24
"Clothing, Shoes & Jewelry > Boys > Jewelry > Pendants",4,"Clothing, Shoes & Jewelry > Boys > Jewelry",Pendants,2,2
"Clothing, Shoes & Jewelry > Boys > Jewelry > Rings",4,"Clothing, Shoes & Jewelry > Boys > Jewelry",Rings,4,4
"Clothing, Shoes & Jewelry > Boys > School Uniforms > Clothing",4,"Clothing, Shoes & Jewelry > Boys > School Uniforms",Clothing,2,2
"Clothing, Shoes & Jewelry > Boys > School Uniforms > Shoes",4,"Clothing, Shoes & Jewelry > Boys > School Uniforms",Shoes,1,1
"Clothing, Shoes & Jewelry > Boys > Shoes > Athletic",4,"Clothing, Shoes & Jewelry > Boys > Shoes",Athletic,135,8
"Clothing, Shoes & Jewelry > Boys > Shoes > Boots",4,"Clothing, Shoes & Jewelry > Boys > Shoes",Boots,29,29
"Clothing, Shoes & Jewelry > Boys > Shoes > Clogs & Mules",4,"Clothing, Shoes & Jewelry > Boys > Shoes",Clogs & Mules,10,10
"Clothing, Shoes & Jewelry > Boys > Shoes > Loafers",4,"Clothing, Shoes & Jewelry > Boys > Shoes",Loafers,17,17
"Clothing, Shoes & Jewelry > Boys > Shoes > Outdoor",4,"Clothing, Shoes & Jewelry > Boys > Shoes",Outdoor,5,0
"Clothing, Shoes & Jewelry > Boys > Shoes > Oxfords",4,"Clothing, Shoes & Jewelry > Boys > Shoes",Oxfords,10,10
"Clothing, Shoes & Jewelry > Boys > Shoes > Sandals",4,"Clothing, Shoes & Jewelry > Boys > Shoes",Sandals,40,40
"Clothing, Shoes & Jewelry > Boys > Shoes > Slippers",4,"Clothing, Shoes & Jewelry > Boys > Shoes",Slippers,21,21
"Clothing, Shoes & Jewelry > Boys > Shoes > Sneakers",4,"Clothing, Shoes & Jewelry > Boys > Shoes",Sneakers,147,147
"Clothing, Shoes & Jewelry > Boys > Watches > Wrist Watches",4,"Clothing, Shoes & Jewelry > Boys > Watches",Wrist Watches,4,4
"Clothing, Shoes & Jewelry > Costumes & Accessories > Kids & Baby > Baby",4,"Clothing, Shoes & Jewelry > Costumes & Accessories > Kids & Baby",Baby,34,1
"Clothing, Shoes & Jewelry > Costumes & Accessories > Kids & Baby > Boys",4,"Clothing, Shoes & Jewelry > Costumes & Accessories > Kids & Baby",Boys,55,0
"Clothing, Shoes & Jewelry > Costumes & Accessories > Kids & Baby > Girls",4,"Clothing, Shoes & Jewelry > Costumes & Accessories > Kids & Baby",Girls,119,0
"Clothing, Shoes & Jewelry > Costumes & Accessories > Makeup, Facial Hair & Adhesives > Facial Hair",4,"Clothing, Shoes & Jewelry > Costumes & Accessories > Makeup, Facial Hair & Adhesives",Facial Hair,2,2
"Clothing, Shoes & Jewelry > Costumes & Accessories > Men > Accessories",4,"Clothing, Shoes & Jewelry > Costumes & Accessories > Men",Accessories,50,15
"Clothing, Shoes & Jewelry > Costumes & Accessories > Men > Costumes & Cosplay Apparel",4,"Clothing, Shoes & Jewelry > Costumes & Accessories > Men",Costumes & Cosplay Apparel,148,0
"Clothing, Shoes & Jewelry > Costumes & Accessories > Men > Footwear",4,"Clothing, Shoes & Jewelry > Costumes & Accessories > Men",Footwear,2,2
"Clothing, Shoes & Jewelry > Costumes & Accessories > Men > Masks",4,"Clothing, Shoes & Jewelry > Costumes & Accessories > Men",Masks,34,34
"Clothing, Shoes & Jewelry > Costumes & Accessories > Men > Wigs",4,"Clothing, Shoes & Jewelry > Costumes & Accessories > Men",Wigs,16,16
"Clothing, Shoes & Jewelry > Costumes & Accessories > Props > Feather Boas",4,"Clothing, Shoes & Jewelry > Costumes & Accessories > Props",Feather Boas,4,4
"Clothing, Shoes & Jewelry > Costumes & Accessories > Props > Walking Sticks & Canes",4,"Clothing, Shoes & Jewelry > Costumes & Accessories > Props",Walking Sticks & Canes,1,1
"Clothing, Shoes & Jewelry > Costumes & Accessories > Props > Wands",4,"Clothing, Shoes & Jewelry > Costumes & Accessories > Props",Wands,1,1
"Clothing, Shoes & Jewelry > Costumes & Accessories > Props > Weapons & Armor",4,"Clothing, Shoes & Jewelry > Costumes & Accessories > Props",Weapons & Armor,30,30
"Clothing, Shoes & Jewelry > Costumes & Accessories > Women > Accessories",4,"Clothing, Shoes & Jewelry > Costumes & Accessories > Women",Accessories,68,19
"Clothing, Shoes & Jewelry > Costumes & Accessories > Women > Costumes & Cosplay Apparel",4,"Clothing, Shoes & Jewelry > Costumes & Accessories > Women",Costumes & Cosplay Apparel,223,2
"Clothing, Shoes & Jewelry > Costumes & Accessories > Women > Footwear",4,"Clothing, Shoes & Jewelry > Costumes & Accessories > Women",Footwear,9,9
"Clothing, Shoes & Jewelry > Costumes & Accessories > Women > Masks",4,"Clothing, Shoes & Jewelry > Costumes & Accessories > Women",Masks,65,65
"Clothing, Shoes & Jewelry > Costumes & Accessories > Women > Wigs",4,"Clothing, Shoes & Jewelry > Costumes & Accessories > Women",Wigs,68,68
"Clothing, Shoes & Jewelry > Girls > Accessories > Belts",4,"Clothing, Shoes & Jewelry > Girls > Accessories",Belts,4,4
"Clothing, Shoes & Jewelry > Girls > Accessories > Cold Weather",4,"Clothing, Shoes & Jewelry > Girls > Accessories",Cold Weather,20,1
"Clothing, Shoes & Jewelry > Girls > Accessories > Fashion Scarves",4,"Clothing, Shoes & Jewelry > Girls > Accessories",Fashion Scarves,4,4
"Clothing, Shoes & Jewelry > Girls > Accessories > Hats & Caps",4,"Clothing, Shoes & Jewelry > Girls > Accessories",Hats & Caps,20,20
"Clothing, Shoes & Jewelry > Girls > Accessories > Special Occasion Gloves",4,"Clothing, Shoes & Jewelry > Girls > Accessories",Special Occasion Gloves,1,1
"Clothing, Shoes & Jewelry > Girls > Accessories > Sunglasses",4,"Clothing, Shoes & Jewelry > Girls > Accessories",Sunglasses,14,14
"Clothing, Shoes & Jewelry > Girls > Accessories > Wallets & Money Organizers",4,"Clothing, Shoes & Jewelry > Girls > Accessories",Wallets & Money Organizers,1,0
"Clothing, Shoes & Jewelry > Girls > Clothing > Active",4,"Clothing, Shoes & Jewelry > Girls > Clothing",Active,45,3
"Clothing, Shoes & Jewelry > Girls > Clothing > Clothing Sets",4,"Clothing, Shoes & Jewelry > Girls > Clothing",Clothing Sets,63,1
"Clothing, Shoes & Jewelry > Girls > Clothing > Dresses",4,"Clothing, Shoes & Jewelry > Girls > Clothing",Dresses,219,8
"Clothing, Shoes & Jewelry > Girls > Clothing > Fashion Hoodies & Sweatshirts",4,"Clothing, Shoes & Jewelry > Girls > Clothing",Fashion Hoodies & Sweatshirts,19,19
"Clothing, Shoes & Jewelry > Girls > Clothing > Jackets & Coats",4,"Clothing, Shoes & Jewelry > Girls > Clothing",Jackets & Coats,46,2
"Clothing, Shoes & Jewelry > Girls > Clothing > Jeans",4,"Clothing, Shoes & Jewelry > Girls > Clothing",Jeans,8,8
"Clothing, Shoes & Jewelry > Girls > Clothing > Jumpsuits & Rompers",4,"Clothing, Shoes & Jewelry > Girls > Clothing",Jumpsuits & Rompers,5,5
"Clothing, Shoes & Jewelry > Girls > Clothing > Leggings",4,"Clothing, Shoes & Jewelry > Girls > Clothing",Leggings,25,25
"Clothing, Shoes & Jewelry > Girls > Clothing > Overalls",4,"Clothing, Shoes & Jewelry > Girls > Clothing",Overalls,2,2
"Clothing, Shoes & Jewelry > Girls > Clothing > Pants & Capris",4,"Clothing, Shoes & Jewelry > Girls > Clothing",Pants & Capris,8,8
"Clothing, Shoes & Jewelry > Girls > Clothing > Shorts",4,"Clothing, Shoes & Jewelry > Girls > Clothing",Shorts,9,9
"Clothing, Shoes & Jewelry > Girls > Clothing > Skirts & Skorts",4,"Clothing, Shoes & Jewelry > Girls > Clothing",Skirts & Skorts,12,0
"Clothing, Shoes & Jewelry > Girls > Clothing > Sleepwear & Robes",4,"Clothing, Shoes & Jewelry > Girls > Clothing",Sleepwear & Robes,84,0
"Clothing, Shoes & Jewelry > Girls > Clothing > Snow & Rainwear",4,"Clothing, Shoes & Jewelry > Girls > Clothing",Snow & Rainwear,9,0
"Clothing, Shoes & Jewelry > Girls > Clothing > Socks & Tights",4,"Clothing, Shoes & Jewelry > Girls > Clothing",Socks & Tights,21,0
"Clothing, Shoes & Jewelry > Girls > Clothing > Sweaters",4,"Clothing, Shoes & Jewelry > Girls > Clothing",Sweaters,17,1
"Clothing, Shoes & Jewelry > Girls > Clothing > Swim",4,"Clothing, Shoes & Jewelry > Girls > Clothing",Swim,67,2
"Clothing, Shoes & Jewelry > Girls > Clothing > Tops, Tees & Blouses",4,"Clothing, Shoes & Jewelry > Girls > Clothing","Tops, Tees & Blouses",62,1
"Clothing, Shoes & Jewelry > Girls > Clothing > Underwear",4,"Clothing, Shoes & Jewelry > Girls > Clothing",Underwear,33,2
"Clothing, Shoes & Jewelry > Girls > Jewelry > Anklets",4,"Clothing, Shoes & Jewelry > Girls > Jewelry",Anklets,1,1
"Clothing, Shoes & Jewelry > Girls > Jewelry > Bracelets",4,"Clothing, Shoes & Jewelry > Girls > Jewelry",Bracelets,49,10
"Clothing, Shoes & Jewelry > Girls > Jewelry > Brooches & Pins",4,"Clothing, Shoes & Jewelry > Girls > Jewelry",Brooches & Pins,2,2
"Clothing, Shoes & Jewelry > Girls > Jewelry > Earrings",4,"Clothing, Shoes & Jewelry > Girls > Jewelry",Earrings,54,3
"Clothing, Shoes & Jewelry > Girls > Jewelry > Necklaces & Pendants",4,"Clothing, Shoes & Jewelry > Girls > Jewelry",Necklaces & Pendants,61,6
"Clothing, Shoes & Jewelry > Girls > Jewelry > Rings",4,"Clothing, Shoes & Jewelry > Girls > Jewelry",Rings,21,21
"Clothing, Shoes & Jewelry > Girls > School Uniforms > Clothing",4,"Clothing, Shoes & Jewelry > Girls > School Uniforms",Clothing,5,0
"Clothing, Shoes & Jewelry > Girls > School Uniforms > Shoes",4,"Clothing, Shoes & Jewelry > Girls > School Uniforms",Shoes,1,1
"Clothing, Shoes & Jewelry > Girls > Shoes > Athletic",4,"Clothing, Shoes & Jewelry > Girls > Shoes",Athletic,111,6
"Clothing, Shoes & Jewelry > Girls > Shoes > Boots",4,"Clothing, Shoes & Jewelry > Girls > Shoes",Boots,105,105
"Clothing, Shoes & Jewelry > Girls > Shoes > Clogs & Mules",4,"Clothing, Shoes & Jewelry > Girls > Shoes",Clogs & Mules,25,25
"Clothing, Shoes & Jewelry > Girls > Shoes > Flats",4,"Clothing, Shoes & Jewelry > Girls > Shoes",Flats,84,84
"Clothing, Shoes & Jewelry > Girls > Shoes > Loafers",4,"Clothing, Shoes & Jewelry > Girls > Shoes",Loafers,11,11
"Clothing, Shoes & Jewelry > Girls > Shoes > Outdoor",4,"Clothing, Shoes & Jewelry > Girls > Shoes",Outdoor,8,0
"Clothing, Shoes & Jewelry > Girls > Shoes > Oxfords",4,"Clothing, Shoes & Jewelry > Girls > Shoes",Oxfords,1,1
"Clothing, Shoes & Jewelry > Girls > Shoes > Sandals",4,"Clothing, Shoes & Jewelry > Girls > Shoes",Sandals,85,85
"Clothing, Shoes & Jewelry > Girls > Shoes > Slippers",4,"Clothing, Shoes & Jewelry > Girls > Shoes",Slippers,33,33
"Clothing, Shoes & Jewelry > Girls > Shoes > Sneakers",4,"Clothing, Shoes & Jewelry > Girls > Shoes",Sneakers,138,138
"Clothing, Shoes & Jewelry > Girls > Watches > Wrist Watches",4,"Clothing, Shoes & Jewelry > Girls > Watches",Wrist Watches,4,4
"Clothing, Shoes & Jewelry > Luggage & Travel Gear > Backpacks > Casual Daypacks",4,"Clothing, Shoes & Jewelry > Luggage & Travel Gear > Backpacks",Casual Daypacks,176,176
"Clothing, Shoes & Jewelry > Luggage & Travel Gear > Backpacks > Kids' Backpacks",4,"Clothing, Shoes & Jewelry > Luggage & Travel Gear > Backpacks",Kids' Backpacks,47,47
"Clothing, Shoes & Jewelry > Luggage & Travel Gear > Gym Bags > Drawstring Bags",4,"Clothing, Shoes & Jewelry > Luggage & Travel Gear > Gym Bags",Drawstring Bags,19,19
"Clothing, Shoes & Jewelry > Luggage & Travel Gear > Gym Bags > Gym Totes",4,"Clothing, Shoes & Jewelry > Luggage & Travel Gear > Gym Bags",Gym Totes,8,8
"Clothing, Shoes & Jewelry > Luggage & Travel Gear > Gym Bags > Sports Duffels",4,"Clothing, Shoes & Jewelry > Luggage & Travel Gear > Gym Bags",Sports Duffels,29,29
"Clothing, Shoes & Jewelry > Luggage & Travel Gear > Luggage > Carry-Ons",4,"Clothing, Shoes & Jewelry > Luggage & Travel Gear > Luggage",Carry-Ons,54,54
"Clothing, Shoes & Jewelry > Luggage & Travel Gear > Luggage > Garment Bags",4,"Clothing, Shoes & Jewelry > Luggage & Travel Gear > Luggage",Garment Bags,9,9
"Clothing, Shoes & Jewelry > Luggage & Travel Gear > Luggage > Kids' Luggage",4,"Clothing, Shoes & Jewelry > Luggage & Travel Gear > Luggage",Kids' Luggage,8,8
"Clothing, Shoes & Jewelry > Luggage & Travel Gear > Luggage > Luggage Sets",4,"Clothing, Shoes & Jewelry > Luggage & Travel Gear > Luggage",Luggage Sets,27,27
"Clothing, Shoes & Jewelry > Luggage & Travel Gear > Luggage > Suitcases",4,"Clothing, Shoes & Jewelry > Luggage & Travel Gear > Luggage",Suitcases,50,50
"Clothing, Shoes & Jewelry > Luggage & Travel Gear > Travel Accessories > Luggage Locks",4,"Clothing, Shoes & Jewelry > Luggage & Travel Gear > Travel Accessories",Luggage Locks,7,7
"Clothing, Shoes & Jewelry > Luggage & Travel Gear > Travel Accessories > Luggage Scales",4,"Clothing, Shoes & Jewelry > Luggage & Travel Gear > Travel Accessories",Luggage Scales,7,7
"Clothing, Shoes & Jewelry > Luggage & Travel Gear > Travel Accessories > Luggage Straps",4,"Clothing, Shoes & Jewelry > Luggage & Travel Gear > Travel Accessories",Luggage Straps,15,15
"Clothing, Shoes & Jewelry > Luggage & Travel Gear > Travel Accessories > Luggage Tags & Handle Wraps",4,"Clothing, Shoes & Jewelry > Luggage & Travel Gear > Travel Accessories",Luggage Tags & Handle Wraps,41,1
"Clothing, Shoes & Jewelry > Luggage & Travel Gear > Travel Accessories > Packing Organizers",4,"Clothing, Shoes & Jewelry > Luggage & Travel Gear > Travel Accessories",Packing Organizers,57,57
"Clothing, Shoes & Jewelry > Luggage & Travel Gear > Travel Accessories > Passport Covers",4,"Clothing, Shoes & Jewelry > Luggage & Travel Gear > Travel Accessories",Passport Covers,13,13
"Clothing, Shoes & Jewelry > Luggage & Travel Gear > Travel Accessories > Passport Wallets",4,"Clothing, Shoes & Jewelry > Luggage & Travel Gear > Travel Accessories",Passport Wallets,7,7
"Clothing, Shoes & Jewelry > Luggage & Travel Gear > Travel Accessories > Shoe Bags",4,"Clothing, Shoes & Jewelry > Luggage & Travel Gear > Travel Accessories",Shoe Bags,6,6
"Clothing, Shoes & Jewelry > Luggage & Travel Gear > Travel Accessories > Travel Wallets",4,"Clothing, Shoes & Jewelry > Luggage & Travel Gear > Travel Accessories",Travel Wallets,13,13
"Clothing, Shoes & Jewelry > Luggage & Travel Gear > Umbrellas > Folding Umbrellas",4,"Clothing, Shoes & Jewelry > Luggage & Travel Gear > Umbrellas",Folding Umbrellas,31,31
"Clothing, Shoes & Jewelry > Luggage & Travel Gear > Umbrellas > Stick Umbrellas",4,"Clothing, Shoes & Jewelry > Luggage & Travel Gear > Umbrellas",Stick Umbrellas,31,31
"Clothing, Shoes & Jewelry > Men > Accessories > Belts",4,"Clothing, Shoes & Jewelry > Men > Accessories",Belts,83,83
"Clothing, Shoes & Jewelry > Men > Accessories > Collar Stays",4,"Clothing, Shoes & Jewelry > Men > Accessories",Collar Stays,2,2
"Clothing, Shoes & Jewelry > Men > Accessories > Earmuffs",4,"Clothing, Shoes & Jewelry > Men > Accessories",Earmuffs,1,1
"Clothing, Shoes & Jewelry > Men > Accessories > Gloves & Mittens",4,"Clothing, Shoes & Jewelry > Men > Accessories",Gloves & Mittens,45,3
"Clothing, Shoes & Jewelry > Men > Accessories > Handkerchiefs",4,"Clothing, Shoes & Jewelry > Men > Accessories",Handkerchiefs,10,10
"Clothing, Shoes & Jewelry > Men > Accessories > Hats & Caps",4,"Clothing, Shoes & Jewelry > Men > Accessories",Hats & Caps,496,50
"Clothing, Shoes & Jewelry > Men > Accessories > Keyrings & Keychains",4,"Clothing, Shoes & Jewelry > Men > Accessories",Keyrings & Keychains,20,20
"Clothing, Shoes & Jewelry > Men > Accessories > Scarves",4,"Clothing, Shoes & Jewelry > Men > Accessories",Scarves,36,1
"Clothing, Shoes & Jewelry > Men > Accessories > Sport Headbands",4,"Clothing, Shoes & Jewelry > Men > Accessories",Sport Headbands,5,5
"Clothing, Shoes & Jewelry > Men > Accessories > Sunglasses & Eyewear Accessories",4,"Clothing, Shoes & Jewelry > Men > Accessories",Sunglasses & Eyewear Accessories,275,1
"Clothing, Shoes & Jewelry > Men > Accessories > Suspenders",4,"Clothing, Shoes & Jewelry > Men > Accessories",Suspenders,27,27
"Clothing, Shoes & Jewelry > Men > Accessories > Ties, Cummerbunds & Pocket Squares",4,"Clothing, Shoes & Jewelry > Men > Accessories","Ties, Cummerbunds & Pocket Squares",121,1
"Clothing, Shoes & Jewelry > Men > Accessories > Wallets, Card Cases & Money Organizers",4,"Clothing, Shoes & Jewelry > Men > Accessories","Wallets, Card Cases & Money Organizers",196,2
"Clothing, Shoes & Jewelry > Men > Clothing > Active",4,"Clothing, Shoes & Jewelry > Men > Clothing",Active,890,26
"Clothing, Shoes & Jewelry > Men > Clothing > Fashion Hoodies & Sweatshirts",4,"Clothing, Shoes & Jewelry > Men > Clothing",Fashion Hoodies & Sweatshirts,106,106
"Clothing, Shoes & Jewelry > Men > Clothing > Jackets & Coats",4,"Clothing, Shoes & Jewelry > Men > Clothing",Jackets & Coats,374,14
"Clothing, Shoes & Jewelry > Men > Clothing > Jeans",4,"Clothing, Shoes & Jewelry > Men > Clothing",Jeans,127,127
"Clothing, Shoes & Jewelry > Men > Clothing > Pants",4,"Clothing, Shoes & Jewelry > Men > Clothing",Pants,163,6
"Clothing, Shoes & Jewelry > Men > Clothing > Shirts",4,"Clothing, Shoes & Jewelry > Men > Clothing",Shirts,923,23
"Clothing, Shoes & Jewelry > Men > Clothing > Shorts",4,"Clothing, Shoes & Jewelry > Men > Clothing",Shorts,109,4
"Clothing, Shoes & Jewelry > Men > Clothing > Sleep & Lounge",4,"Clothing, Shoes & Jewelry > Men > Clothing",Sleep & Lounge,154,0
"Clothing, Shoes & Jewelry > Men > Clothing > Socks & Hosiery",4,"Clothing, Shoes & Jewelry > Men > Clothing",Socks & Hosiery,128,0
"Clothing, Shoes & Jewelry > Men > Clothing > Suits & Sport Coats",4,"Clothing, Shoes & Jewelry > Men > Clothing",Suits & Sport Coats,121,0
"Clothing, Shoes & Jewelry > Men > Clothing > Sweaters",4,"Clothing, Shoes & Jewelry > Men > Clothing",Sweaters,104,3
"Clothing, Shoes & Jewelry > Men > Clothing > Swim",4,"Clothing, Shoes & Jewelry > Men > Clothing",Swim,127,2
"Clothing, Shoes & Jewelry > Men > Clothing > Underwear",4,"Clothing, Shoes & Jewelry > Men > Clothing",Underwear,288,4
"Clothing, Shoes & Jewelry > Men > Handbags & Shoulder Bags > Cross-Body Sling Bags",4,"Clothing, Shoes & Jewelry > Men > Handbags & Shoulder Bags",Cross-Body Sling Bags,1,1
"Clothing, Shoes & Jewelry > Men > Handbags & Shoulder Bags > Shoulder Bags",4,"Clothing, Shoes & Jewelry > Men > Handbags & Shoulder Bags",Shoulder Bags,3,3
"Clothing, Shoes & Jewelry > Men > Handbags & Shoulder Bags > Totes",4,"Clothing, Shoes & Jewelry > Men > Handbags & Shoulder Bags",Totes,4,4
"Clothing, Shoes & Jewelry > Men > Jewelry > Body Jewelry",4,"Clothing, Shoes & Jewelry > Men > Jewelry",Body Jewelry,10,0
"Clothing, Shoes & Jewelry > Men > Jewelry > Bracelets",4,"Clothing, Shoes & Jewelry > Men > Jewelry",Bracelets,106,29
"Clothing, Shoes & Jewelry > Men > Jewelry > Cuff Links",4,"Clothing, Shoes & Jewelry > Men > Jewelry",Cuff Links,36,36
"Clothing, Shoes & Jewelry > Men > Jewelry > Earrings",4,"Clothing, Shoes & Jewelry > Men > Jewelry",Earrings,48,48
"Clothing, Shoes & Jewelry > Men > Jewelry > Necklaces",4,"Clothing, Shoes & Jewelry > Men > Jewelry",Necklaces,191,191
"Clothing, Shoes & Jewelry > Men > Jewelry > Pendants",4,"Clothing, Shoes & Jewelry > Men > Jewelry",Pendants,7,7
"Clothing, Shoes & Jewelry > Men > Jewelry > Rings",4,"Clothing, Shoes & Jewelry > Men > Jewelry",Rings,135,135
"Clothing, Shoes & Jewelry > Men > Jewelry > Shirt Studs",4,"Clothing, Shoes & Jewelry > Men > Jewelry",Shirt Studs,5,5
"Clothing, Shoes & Jewelry > Men > Jewelry > Tie Clips",4,"Clothing, Shoes & Jewelry > Men > Jewelry",Tie Clips,15,15
"Clothing, Shoes & Jewelry > Men > Jewelry > Tie Pins",4,"Clothing, Shoes & Jewelry > Men > Jewelry",Tie Pins,8,8
"Clothing, Shoes & Jewelry > Men > Jewelry > Wedding Rings",4,"Clothing, Shoes & Jewelry > Men > Jewelry",Wedding Rings,47,47
"Clothing, Shoes & Jewelry > Men > Shoes > Athletic",4,"Clothing, Shoes & Jewelry > Men > Shoes",Athletic,1093,14
"Clothing, Shoes & Jewelry > Men > Shoes > Boots",4,"Clothing, Shoes & Jewelry > Men > Shoes",Boots,161,50
"Clothing, Shoes & Jewelry > Men > Shoes > Fashion Sneakers",4,"Clothing, Shoes & Jewelry > Men > Shoes",Fashion Sneakers,450,450
"Clothing, Shoes & Jewelry > Men > Shoes > Loafers & Slip-Ons",4,"Clothing, Shoes & Jewelry > Men > Shoes",Loafers & Slip-Ons,344,344
"Clothing, Shoes & Jewelry > Men > Shoes > Mules & Clogs",4,"Clothing, Shoes & Jewelry > Men > Shoes",Mules & Clogs,36,36
"Clothing, Shoes & Jewelry > Men > Shoes > Outdoor",4,"Clothing, Shoes & Jewelry > Men > Shoes",Outdoor,184,0
"Clothing, Shoes & Jewelry > Men > Shoes > Oxfords",4,"Clothing, Shoes & Jewelry > Men > Shoes",Oxfords,211,211
"Clothing, Shoes & Jewelry > Men > Shoes > Sandals",4,"Clothing, Shoes & Jewelry > Men > Shoes",Sandals,183,183
"Clothing, Shoes & Jewelry > Men > Shoes > Slippers",4,"Clothing, Shoes & Jewelry > Men > Shoes",Slippers,125,125
"Clothing, Shoes & Jewelry > Men > Uniforms, Work & Safety > Clothing",4,"Clothing, Shoes & Jewelry > Men > Uniforms, Work & Safety",Clothing,173,2
"Clothing, Shoes & Jewelry > Men > Uniforms, Work & Safety > Shoes",4,"Clothing, Shoes & Jewelry > Men > Uniforms, Work & Safety",Shoes,153,0
"Clothing, Shoes & Jewelry > Men > Watches > Pocket Watches",4,"Clothing, Shoes & Jewelry > Men > Watches",Pocket Watches,9,9
"Clothing, Shoes & Jewelry > Men > Watches > Smartwatches",4,"Clothing, Shoes & Jewelry > Men > Watches",Smartwatches,4,4
"Clothing, Shoes & Jewelry > Men > Watches > Watch Bands",4,"Clothing, Shoes & Jewelry > Men > Watches",Watch Bands,47,47
"Clothing, Shoes & Jewelry > Men > Watches > Wrist Watches",4,"Clothing, Shoes & Jewelry > Men > Watches",Wrist Watches,577,577
"Clothing, Shoes & Jewelry > Novelty & More > Clothing > Exotic Apparel",4,"Clothing, Shoes & Jewelry > Novelty & More > Clothing",Exotic Apparel,82,1
"Clothing, Shoes & Jewelry > Novelty & More > Clothing > Novelty",4,"Clothing, Shoes & Jewelry > Novelty & More > Clothing",Novelty,3208,195
"Clothing, Shoes & Jewelry > Restaurant Store > Food Service Uniforms > Food Service Shoes",4,"Clothing, Shoes & Jewelry > Restaurant Store > Food Service Uniforms",Food Service Shoes,2,2
"Clothing, Shoes & Jewelry > Shoe, Jewelry & Watch Accessories > Jewelry Accessories > Cleaning & Care",4,"Clothing, Shoes & Jewelry > Shoe, Jewelry & Watch Accessories > Jewelry Accessories",Cleaning & Care,3,3
"Clothing, Shoes & Jewelry > Shoe, Jewelry & Watch Accessories > Jewelry Accessories > Jewelry Boxes & Organizers",4,"Clothing, Shoes & Jewelry > Shoe, Jewelry & Watch Accessories > Jewelry Accessories",Jewelry Boxes & Organizers,172,12
"Clothing, Shoes & Jewelry > Shoe, Jewelry & Watch Accessories > Jewelry Accessories > Loose Gemstones",4,"Clothing, Shoes & Jewelry > Shoe, Jewelry & Watch Accessories > Jewelry Accessories",Loose Gemstones,28,28
"Clothing, Shoes & Jewelry > Shoe, Jewelry & Watch Accessories > Jewelry Accessories > Ring Sizers",4,"Clothing, Shoes & Jewelry > Shoe, Jewelry & Watch Accessories > Jewelry Accessories",Ring Sizers,1,1
"Clothing, Shoes & Jewelry > Shoe, Jewelry & Watch Accessories > Shoe Care & Accessories > Electric Shoe Polishers",4,"Clothing, Shoes & Jewelry > Shoe, Jewelry & Watch Accessories > Shoe Care & Accessories",Electric Shoe Polishers,1,1
"Clothing, Shoes & Jewelry > Shoe, Jewelry & Watch Accessories > Shoe Care & Accessories > Ice & Snow Grips",4,"Clothing, Shoes & Jewelry > Shoe, Jewelry & Watch Accessories > Shoe Care & Accessories",Ice & Snow Grips,8,8
"Clothing, Shoes & Jewelry > Shoe, Jewelry & Watch Accessories > Shoe Care & Accessories > Shoe & Boot Trees",4,"Clothing, Shoes & Jewelry > Shoe, Jewelry & Watch Accessories > Shoe Care & Accessories",Shoe & Boot Trees,17,17
"Clothing, Shoes & Jewelry > Shoe, Jewelry & Watch Accessories > Shoe Care & Accessories > Shoe Brushes",4,"Clothing, Shoes & Jewelry > Shoe, Jewelry & Watch Accessories > Shoe Care & Accessories",Shoe Brushes,6,6
"Clothing, Shoes & Jewelry > Shoe, Jewelry & Watch Accessories > Shoe Care & Accessories > Shoe Care Treatments & Dyes",4,"Clothing, Shoes & Jewelry > Shoe, Jewelry & Watch Accessories > Shoe Care & Accessories",Shoe Care Treatments & Dyes,4,0
"Clothing, Shoes & Jewelry > Shoe, Jewelry & Watch Accessories > Shoe Care & Accessories > Shoe Decoration Charms",4,"Clothing, Shoes & Jewelry > Shoe, Jewelry & Watch Accessories > Shoe Care & Accessories",Shoe Decoration Charms,44,44
"Clothing, Shoes & Jewelry > Shoe, Jewelry & Watch Accessories > Shoe Care & Accessories > Shoe Dryers",4,"Clothing, Shoes & Jewelry > Shoe, Jewelry & Watch Accessories > Shoe Care & Accessories",Shoe Dryers,5,5
"Clothing, Shoes & Jewelry > Shoe, Jewelry & Watch Accessories > Shoe Care & Accessories > Shoe Horns & Boot Jacks",4,"Clothing, Shoes & Jewelry > Shoe, Jewelry & Watch Accessories > Shoe Care & Accessories",Shoe Horns & Boot Jacks,8,8
"Clothing, Shoes & Jewelry > Shoe, Jewelry & Watch Accessories > Shoe Care & Accessories > Shoe Measuring Devices",4,"Clothing, Shoes & Jewelry > Shoe, Jewelry & Watch Accessories > Shoe Care & Accessories",Shoe Measuring Devices,1,1
"Clothing, Shoes & Jewelry > Shoe, Jewelry & Watch Accessories > Shoe Care & Accessories > Shoelaces",4,"Clothing, Shoes & Jewelry > Shoe, Jewelry & Watch Accessories > Shoe Care & Accessories",Shoelaces,66,66
"Clothing, Shoes & Jewelry > Shoe, Jewelry & Watch Accessories > Watch Accessories > Cabinets & Cases",4,"Clothing, Shoes & Jewelry > Shoe, Jewelry & Watch Accessories > Watch Accessories",Cabinets & Cases,22,22
"Clothing, Shoes & Jewelry > Shoe, Jewelry & Watch Accessories > Watch Accessories > Pocket Watch Chains",4,"Clothing, Shoes & Jewelry > Shoe, Jewelry & Watch Accessories > Watch Accessories",Pocket Watch Chains,5,5
"Clothing, Shoes & Jewelry > Shoe, Jewelry & Watch Accessories > Watch Accessories > Repair Tools & Kits",4,"Clothing, Shoes & Jewelry > Shoe, Jewelry & Watch Accessories > Watch Accessories",Repair Tools & Kits,23,23
"Clothing, Shoes & Jewelry > Shoe, Jewelry & Watch Accessories > Watch Accessories > Watch Bands",4,"Clothing, Shoes & Jewelry > Shoe, Jewelry & Watch Accessories > Watch Accessories",Watch Bands,1,1
"Clothing, Shoes & Jewelry > Shoe, Jewelry & Watch Accessories > Watch Accessories > Watch Winders",4,"Clothing, Shoes & Jewelry > Shoe, Jewelry & Watch Accessories > Watch Accessories",Watch Winders,9,9
"Clothing, Shoes & Jewelry > Sport Specific Clothing > American Football > Boys",4,"Clothing, Shoes & Jewelry > Sport Specific Clothing > American Football",Boys,4,1
"Clothing, Shoes & Jewelry > Sport Specific Clothing > American Football > Men",4,"Clothing, Shoes & Jewelry > Sport Specific Clothing > American Football",Men,7,4
"Clothing, Shoes & Jewelry > Sport Specific Clothing > Baseball > Boys",4,"Clothing, Shoes & Jewelry > Sport Specific Clothing > Baseball",Boys,4,0
"Clothing, Shoes & Jewelry > Sport Specific Clothing > Baseball > Men",4,"Clothing, Shoes & Jewelry > Sport Specific Clothing > Baseball",Men,7,0
"Clothing, Shoes & Jewelry > Sport Specific Clothing > Basketball > Boys",4,"Clothing, Shoes & Jewelry > Sport Specific Clothing > Basketball",Boys,1,0
"Clothing, Shoes & Jewelry > Sport Specific Clothing > Basketball > Men",4,"Clothing, Shoes & Jewelry > Sport Specific Clothing > Basketball",Men,18,13
"Clothing, Shoes & Jewelry > Sport Specific Clothing > Basketball > Women",4,"Clothing, Shoes & Jewelry > Sport Specific Clothing > Basketball",Women,1,0
"Clothing, Shoes & Jewelry > Sport Specific Clothing > Boxing > Men",4,"Clothing, Shoes & Jewelry > Sport Specific Clothing > Boxing",Men,3,0
"Clothing, Shoes & Jewelry > Sport Specific Clothing > Cheerleading > Girls",4,"Clothing, Shoes & Jewelry > Sport Specific Clothing > Cheerleading",Girls,1,1
"Clothing, Shoes & Jewelry > Sport Specific Clothing > Cheerleading > Women",4,"Clothing, Shoes & Jewelry > Sport Specific Clothing > Cheerleading",Women,6,0
"Clothing, Shoes & Jewelry > Sport Specific Clothing > Competitive Swimwear > Boys",4,"Clothing, Shoes & Jewelry > Sport Specific Clothing > Competitive Swimwear",Boys,5,0
"Clothing, Shoes & Jewelry > Sport Specific Clothing > Competitive Swimwear > Girls",4,"Clothing, Shoes & Jewelry > Sport Specific Clothing > Competitive Swimwear",Girls,4,0
"Clothing, Shoes & Jewelry > Sport Specific Clothing > Competitive Swimwear > Men",4,"Clothing, Shoes & Jewelry > Sport Specific Clothing > Competitive Swimwear",Men,19,0
"Clothing, Shoes & Jewelry > Sport Specific Clothing > Competitive Swimwear > Women",4,"Clothing, Shoes & Jewelry > Sport Specific Clothing > Competitive Swimwear",Women,53,3
"Clothing, Shoes & Jewelry > Sport Specific Clothing > Cycling > Boys",4,"Clothing, Shoes & Jewelry > Sport Specific Clothing > Cycling",Boys,3,0
"Clothing, Shoes & Jewelry > Sport Specific Clothing > Cycling > Girls",4,"Clothing, Shoes & Jewelry > Sport Specific Clothing > Cycling",Girls,2,1
"Clothing, Shoes & Jewelry > Sport Specific Clothing > Cycling > Men",4,"Clothing, Shoes & Jewelry > Sport Specific Clothing > Cycling",Men,154,4
"Clothing, Shoes & Jewelry > Sport Specific Clothing > Cycling > Women",4,"Clothing, Shoes & Jewelry > Sport Specific Clothing > Cycling",Women,50,4
"Clothing, Shoes & Jewelry > Sport Specific Clothing > Dance > Girls",4,"Clothing, Shoes & Jewelry > Sport Specific Clothing > Dance",Girls,41,17
"Clothing, Shoes & Jewelry > Sport Specific Clothing > Dance > Men",4,"Clothing, Shoes & Jewelry > Sport Specific Clothing > Dance",Men,1,0
"Clothing, Shoes & Jewelry > Sport Specific Clothing > Dance > Women",4,"Clothing, Shoes & Jewelry > Sport Specific Clothing > Dance",Women,28,9
"Clothing, Shoes & Jewelry > Sport Specific Clothing > Equestrian Sports > Kids",4,"Clothing, Shoes & Jewelry > Sport Specific Clothing > Equestrian Sports",Kids,4,0
"Clothing, Shoes & Jewelry > Sport Specific Clothing > Equestrian Sports > Men",4,"Clothing, Shoes & Jewelry > Sport Specific Clothing > Equestrian Sports",Men,1,0
"Clothing, Shoes & Jewelry > Sport Specific Clothing > Equestrian Sports > Women",4,"Clothing, Shoes & Jewelry > Sport Specific Clothing > Equestrian Sports",Women,12,1
"Clothing, Shoes & Jewelry > Sport Specific Clothing > Golf > Men",4,"Clothing, Shoes & Jewelry > Sport Specific Clothing > Golf",Men,83,19
"Clothing, Shoes & Jewelry > Sport Specific Clothing > Golf > Women",4,"Clothing, Shoes & Jewelry > Sport Specific Clothing > Golf",Women,47,4
"Clothing, Shoes & Jewelry > Sport Specific Clothing > Gymnastics > Girls",4,"Clothing, Shoes & Jewelry > Sport Specific Clothing > Gymnastics",Girls,4,0
"Clothing, Shoes & Jewelry > Sport Specific Clothing > Hiking & Outdoor Recreation > Men",4,"Clothing, Shoes & Jewelry > Sport Specific Clothing > Hiking & Outdoor Recreation",Men,30,2
"Clothing, Shoes & Jewelry > Sport Specific Clothing > Hiking & Outdoor Recreation > Women",4,"Clothing, Shoes & Jewelry > Sport Specific Clothing > Hiking & Outdoor Recreation",Women,30,0
"Clothing, Shoes & Jewelry > Sport Specific Clothing > Ice Hockey > Men",4,"Clothing, Shoes & Jewelry > Sport Specific Clothing > Ice Hockey",Men,6,1
"Clothing, Shoes & Jewelry > Sport Specific Clothing > Ice Skating > Girls",4,"Clothing, Shoes & Jewelry > Sport Specific Clothing > Ice Skating",Girls,3,2
"Clothing, Shoes & Jewelry > Sport Specific Clothing > Ice Skating > Women",4,"Clothing, Shoes & Jewelry > Sport Specific Clothing > Ice Skating",Women,3,1
"Clothing, Shoes & Jewelry > Sport Specific Clothing > Martial Arts > Jiu-Jitsu",4,"Clothing, Shoes & Jewelry > Sport Specific Clothing > Martial Arts",Jiu-Jitsu,7,0
"Clothing, Shoes & Jewelry > Sport Specific Clothing > Martial Arts > Karate",4,"Clothing, Shoes & Jewelry > Sport Specific Clothing > Martial Arts",Karate,4,0
"Clothing, Shoes & Jewelry > Sport Specific Clothing > Martial Arts > Kung Fu",4,"Clothing, Shoes & Jewelry > Sport Specific Clothing > Martial Arts",Kung Fu,1,0
"Clothing, Shoes & Jewelry > Sport Specific Clothing > Martial Arts > Taekwondo",4,"Clothing, Shoes & Jewelry > Sport Specific Clothing > Martial Arts",Taekwondo,1,0
"Clothing, Shoes & Jewelry > Sport Specific Clothing > Rugby > Boys",4,"Clothing, Shoes & Jewelry > Sport Specific Clothing > Rugby",Boys,1,1
"Clothing, Shoes & Jewelry > Sport Specific Clothing > Rugby > Men",4,"Clothing, Shoes & Jewelry > Sport Specific Clothing > Rugby",Men,1,0
"Clothing, Shoes & Jewelry > Sport Specific Clothing > Running > Boys",4,"Clothing, Shoes & Jewelry > Sport Specific Clothing > Running",Boys,2,0
"Clothing, Shoes & Jewelry > Sport Specific Clothing > Running > Girls",4,"Clothing, Shoes & Jewelry > Sport Specific Clothing > Running",Girls,1,0
"Clothing, Shoes & Jewelry > Sport Specific Clothing > Running > Men",4,"Clothing, Shoes & Jewelry > Sport Specific Clothing > Running",Men,25,1
"Clothing, Shoes & Jewelry > Sport Specific Clothing > Running > Women",4,"Clothing, Shoes & Jewelry > Sport Specific Clothing > Running",Women,24,1
"Clothing, Shoes & Jewelry > Sport Specific Clothing > Skiing > Boys",4,"Clothing, Shoes & Jewelry > Sport Specific Clothing > Skiing",Boys,10,2
"Clothing, Shoes & Jewelry > Sport Specific Clothing > Skiing > Girls",4,"Clothing, Shoes & Jewelry > Sport Specific Clothing > Skiing",Girls,4,0
"Clothing, Shoes & Jewelry > Sport Specific Clothing > Skiing > Men",4,"Clothing, Shoes & Jewelry > Sport Specific Clothing > Skiing",Men,39,1
"Clothing, Shoes & Jewelry > Sport Specific Clothing > Skiing > Women",4,"Clothing, Shoes & Jewelry > Sport Specific Clothing > Skiing",Women,41,3
"Clothing, Shoes & Jewelry > Sport Specific Clothing > Snowboarding > Boys",4,"Clothing, Shoes & Jewelry > Sport Specific Clothing > Snowboarding",Boys,2,0
"Clothing, Shoes & Jewelry > Sport Specific Clothing > Snowboarding > Men",4,"Clothing, Shoes & Jewelry > Sport Specific Clothing > Snowboarding",Men,9,1
"Clothing, Shoes & Jewelry > Sport Specific Clothing > Snowboarding > Women",4,"Clothing, Shoes & Jewelry > Sport Specific Clothing > Snowboarding",Women,12,0
"Clothing, Shoes & Jewelry > Sport Specific Clothing > Soccer & Futsal > Boys",4,"Clothing, Shoes & Jewelry > Sport Specific Clothing > Soccer & Futsal",Boys,4,1
"Clothing, Shoes & Jewelry > Sport Specific Clothing > Soccer & Futsal > Men",4,"Clothing, Shoes & Jewelry > Sport Specific Clothing > Soccer & Futsal",Men,9,4
"Clothing, Shoes & Jewelry > Sport Specific Clothing > Soccer & Futsal > Women",4,"Clothing, Shoes & Jewelry > Sport Specific Clothing > Soccer & Futsal",Women,3,1
"Clothing, Shoes & Jewelry > Sport Specific Clothing > Softball > Boys",4,"Clothing, Shoes & Jewelry > Sport Specific Clothing > Softball",Boys,1,0
"Clothing, Shoes & Jewelry > Sport Specific Clothing > Softball > Girls",4,"Clothing, Shoes & Jewelry > Sport Specific Clothing > Softball",Girls,1,0
"Clothing, Shoes & Jewelry > Sport Specific Clothing > Softball > Women",4,"Clothing, Shoes & Jewelry > Sport Specific Clothing > Softball",Women,3,0
"Clothing, Shoes & Jewelry > Sport Specific Clothing > Tennis > Girls",4,"Clothing, Shoes & Jewelry > Sport Specific Clothing > Tennis",Girls,1,0
"Clothing, Shoes & Jewelry > Sport Specific Clothing > Tennis > Men",4,"Clothing, Shoes & Jewelry > Sport Specific Clothing > Tennis",Men,1,0
"Clothing, Shoes & Jewelry > Sport Specific Clothing > Tennis > Women",4,"Clothing, Shoes & Jewelry > Sport Specific Clothing > Tennis",Women,4,0
"Clothing, Shoes & Jewelry > Sport Specific Clothing > Yoga > Girls",4,"Clothing, Shoes & Jewelry > Sport Specific Clothing > Yoga",Girls,1,1
"Clothing, Shoes & Jewelry > Sport Specific Clothing > Yoga > Men",4,"Clothing, Shoes & Jewelry > Sport Specific Clothing > Yoga",Men,1,0
"Clothing, Shoes & Jewelry > Sport Specific Clothing > Yoga > Women",4,"Clothing, Shoes & Jewelry > Sport Specific Clothing > Yoga",Women,139,4
"Clothing, Shoes & Jewelry > Toddler Test > Boys > Tops & Tees",4,"Clothing, Shoes & Jewelry > Toddler Test > Boys",Tops & Tees,26,0
"Clothing, Shoes & Jewelry > Toddler Test > Girls > Tops & Tees",4,"Clothing, Shoes & Jewelry > Toddler Test > Girls",Tops & Tees,22,0
"Clothing, Shoes & Jewelry > Uniforms, Work & Safety > Clothing > Civil Service",4,"Clothing, Shoes & Jewelry > Uniforms, Work & Safety > Clothing",Civil Service,1,1
"Clothing, Shoes & Jewelry > Uniforms, Work & Safety > Clothing > Food Service",4,"Clothing, Shoes & Jewelry > Uniforms, Work & Safety > Clothing",Food Service,15,0
"Clothing, Shoes & Jewelry > Uniforms, Work & Safety > Clothing > Medical",4,"Clothing, Shoes & Jewelry > Uniforms, Work & Safety > Clothing",Medical,2,2
"Clothing, Shoes & Jewelry > Uniforms, Work & Safety > Clothing > Military",4,"Clothing, Shoes & Jewelry > Uniforms, Work & Safety > Clothing",Military,5,5
"Clothing, Shoes & Jewelry > Uniforms, Work & Safety > Clothing > School Uniforms",4,"Clothing, Shoes & Jewelry > Uniforms, Work & Safety > Clothing",School Uniforms,1,1
"Clothing, Shoes & Jewelry > Uniforms, Work & Safety > Clothing > Work Utility & Safety",4,"Clothing, Shoes & Jewelry > Uniforms, Work & Safety > Clothing",Work Utility & Safety,5,5
"Clothing, Shoes & Jewelry > Unisex Baby Clothing > Sleepwear & Robes > Nightgowns",4,"Clothing, Shoes & Jewelry > Unisex Baby Clothing > Sleepwear & Robes",Nightgowns,1,1
"Clothing, Shoes & Jewelry > Women > Accessories > Belts",4,"Clothing, Shoes & Jewelry > Women > Accessories",Belts,71,71
"Clothing, Shoes & Jewelry > Women > Accessories > Earmuffs",4,"Clothing, Shoes & Jewelry > Women > Accessories",Earmuffs,9,9
"Clothing, Shoes & Jewelry > Women > Accessories > Gloves & Mittens",4,"Clothing, Shoes & Jewelry > Women > Accessories",Gloves & Mittens,99,3
"Clothing, Shoes & Jewelry > Women > Accessories > Hand Fans",4,"Clothing, Shoes & Jewelry > Women > Accessories",Hand Fans,1,0
"Clothing, Shoes & Jewelry > Women > Accessories > Handbag Accessories",4,"Clothing, Shoes & Jewelry > Women > Accessories",Handbag Accessories,33,1
"Clothing, Shoes & Jewelry > Women > Accessories > Hats & Caps",4,"Clothing, Shoes & Jewelry > Women > Accessories",Hats & Caps,483,54
"Clothing, Shoes & Jewelry > Women > Accessories > Keyrings, Keychains & Charms",4,"Clothing, Shoes & Jewelry > Women > Accessories","Keyrings, Keychains & Charms",108,108
"Clothing, Shoes & Jewelry > Women > Accessories > Scarves & Wraps",4,"Clothing, Shoes & Jewelry > Women > Accessories",Scarves & Wraps,238,1
"Clothing, Shoes & Jewelry > Women > Accessories > Special Occasion Accessories",4,"Clothing, Shoes & Jewelry > Women > Accessories",Special Occasion Accessories,44,2
"Clothing, Shoes & Jewelry > Women > Accessories > Sport Headbands",4,"Clothing, Shoes & Jewelry > Women > Accessories",Sport Headbands,9,9
"Clothing, Shoes & Jewelry > Women > Accessories > Sunglasses & Eyewear Accessories",4,"Clothing, Shoes & Jewelry > Women > Accessories",Sunglasses & Eyewear Accessories,454,1
"Clothing, Shoes & Jewelry > Women > Accessories > Wallets, Card Cases & Money Organizers",4,"Clothing, Shoes & Jewelry > Women > Accessories","Wallets, Card Cases & Money Organizers",286,8
"Clothing, Shoes & Jewelry > Women > Clothing > Active",4,"Clothing, Shoes & Jewelry > Women > Clothing",Active,1178,25
"Clothing, Shoes & Jewelry > Women > Clothing > Bodysuits",4,"Clothing, Shoes & Jewelry > Women > Clothing",Bodysuits,25,25
"Clothing, Shoes & Jewelry > Women > Clothing > Coats, Jackets & Vests",4,"Clothing, Shoes & Jewelry > Women > Clothing","Coats, Jackets & Vests",548,21
"Clothing, Shoes & Jewelry > Women > Clothing > Dresses",4,"Clothing, Shoes & Jewelry > Women > Clothing",Dresses,1694,504
"Clothing, Shoes & Jewelry > Women > Clothing > Fashion Hoodies & Sweatshirts",4,"Clothing, Shoes & Jewelry > Women > Clothing",Fashion Hoodies & Sweatshirts,338,338
"Clothing, Shoes & Jewelry > Women > Clothing > Jeans",4,"Clothing, Shoes & Jewelry > Women > Clothing",Jeans,319,319
"Clothing, Shoes & Jewelry > Women > Clothing > Jumpsuits, Rompers & Overalls",4,"Clothing, Shoes & Jewelry > Women > Clothing","Jumpsuits, Rompers & Overalls",302,9
"Clothing, Shoes & Jewelry > Women > Clothing > Leggings",4,"Clothing, Shoes & Jewelry > Women > Clothing",Leggings,156,156
"Clothing, Shoes & Jewelry > Women > Clothing > Lingerie, Sleep & Lounge",4,"Clothing, Shoes & Jewelry > Women > Clothing","Lingerie, Sleep & Lounge",1478,2
"Clothing, Shoes & Jewelry > Women > Clothing > Pants",4,"Clothing, Shoes & Jewelry > Women > Clothing",Pants,202,75
"Clothing, Shoes & Jewelry > Women > Clothing > Shorts",4,"Clothing, Shoes & Jewelry > Women > Clothing",Shorts,100,37
"Clothing, Shoes & Jewelry > Women > Clothing > Skirts",4,"Clothing, Shoes & Jewelry > Women > Clothing",Skirts,193,101
"Clothing, Shoes & Jewelry > Women > Clothing > Socks & Hosiery",4,"Clothing, Shoes & Jewelry > Women > Clothing",Socks & Hosiery,275,1
"Clothing, Shoes & Jewelry > Women > Clothing > Suiting & Blazers",4,"Clothing, Shoes & Jewelry > Women > Clothing",Suiting & Blazers,112,0
"Clothing, Shoes & Jewelry > Women > Clothing > Sweaters",4,"Clothing, Shoes & Jewelry > Women > Clothing",Sweaters,642,12
"Clothing, Shoes & Jewelry > Women > Clothing > Swimsuits & Cover Ups",4,"Clothing, Shoes & Jewelry > Women > Clothing",Swimsuits & Cover Ups,847,13
"Clothing, Shoes & Jewelry > Women > Clothing > Tops, Tees & Blouses",4,"Clothing, Shoes & Jewelry > Women > Clothing","Tops, Tees & Blouses",2399,103
"Clothing, Shoes & Jewelry > Women > Handbags & Wallets > Clutches & Evening Bags",4,"Clothing, Shoes & Jewelry > Women > Handbags & Wallets",Clutches & Evening Bags,112,0
"Clothing, Shoes & Jewelry > Women > Handbags & Wallets > Crossbody Bags",4,"Clothing, Shoes & Jewelry > Women > Handbags & Wallets",Crossbody Bags,271,271
"Clothing, Shoes & Jewelry > Women > Handbags & Wallets > Fashion Backpacks",4,"Clothing, Shoes & Jewelry > Women > Handbags & Wallets",Fashion Backpacks,34,34
"Clothing, Shoes & Jewelry > Women > Handbags & Wallets > Hobo Bags",4,"Clothing, Shoes & Jewelry > Women > Handbags & Wallets",Hobo Bags,36,36
"Clothing, Shoes & Jewelry > Women > Handbags & Wallets > Satchels",4,"Clothing, Shoes & Jewelry > Women > Handbags & Wallets",Satchels,61,61
"Clothing, Shoes & Jewelry > Women > Handbags & Wallets > Shoulder Bags",4,"Clothing, Shoes & Jewelry > Women > Handbags & Wallets",Shoulder Bags,254,254
"Clothing, Shoes & Jewelry > Women > Handbags & Wallets > Top-Handle Bags",4,"Clothing, Shoes & Jewelry > Women > Handbags & Wallets",Top-Handle Bags,101,101
"Clothing, Shoes & Jewelry > Women > Handbags & Wallets > Totes",4,"Clothing, Shoes & Jewelry > Women > Handbags & Wallets",Totes,184,184
"Clothing, Shoes & Jewelry > Women > Handbags & Wallets > Wristlets",4,"Clothing, Shoes & Jewelry > Women > Handbags & Wallets",Wristlets,42,42
"Clothing, Shoes & Jewelry > Women > Jewelry > Anklets",4,"Clothing, Shoes & Jewelry > Women > Jewelry",Anklets,70,70
"Clothing, Shoes & Jewelry > Women > Jewelry > Body Jewelry",4,"Clothing, Shoes & Jewelry > Women > Jewelry",Body Jewelry,372,0
"Clothing, Shoes & Jewelry > Women > Jewelry > Bracelets",4,"Clothing, Shoes & Jewelry > Women > Jewelry",Bracelets,737,84
"Clothing, Shoes & Jewelry > Women > Jewelry > Brooches & Pins",4,"Clothing, Shoes & Jewelry > Women > Jewelry",Brooches & Pins,112,112
"Clothing, Shoes & Jewelry > Women > Jewelry > Earrings",4,"Clothing, Shoes & Jewelry > Women > Jewelry",Earrings,1147,61
"Clothing, Shoes & Jewelry > Women > Jewelry > Jewelry Sets",4,"Clothing, Shoes & Jewelry > Women > Jewelry",Jewelry Sets,111,111
"Clothing, Shoes & Jewelry > Women > Jewelry > Necklaces",4,"Clothing, Shoes & Jewelry > Women > Jewelry",Necklaces,938,114
"Clothing, Shoes & Jewelry > Women > Jewelry > Pendants & Coins",4,"Clothing, Shoes & Jewelry > Women > Jewelry",Pendants & Coins,112,28
"Clothing, Shoes & Jewelry > Women > Jewelry > Rings",4,"Clothing, Shoes & Jewelry > Women > Jewelry",Rings,511,125
"Clothing, Shoes & Jewelry > Women > Jewelry > Wedding & Engagement",4,"Clothing, Shoes & Jewelry > Women > Jewelry",Wedding & Engagement,106,9
"Clothing, Shoes & Jewelry > Women > Maternity > Active",4,"Clothing, Shoes & Jewelry > Women > Maternity",Active,4,4
"Clothing, Shoes & Jewelry > Women > Maternity > Coats, Jackets & Vests",4,"Clothing, Shoes & Jewelry > Women > Maternity","Coats, Jackets & Vests",1,1
"Clothing, Shoes & Jewelry > Women > Maternity > Dresses",4,"Clothing, Shoes & Jewelry > Women > Maternity",Dresses,12,10
"Clothing, Shoes & Jewelry > Women > Maternity > Intimates",4,"Clothing, Shoes & Jewelry > Women > Maternity",Intimates,7,0
"Clothing, Shoes & Jewelry > Women > Maternity > Jeans",4,"Clothing, Shoes & Jewelry > Women > Maternity",Jeans,1,1
"Clothing, Shoes & Jewelry > Women > Maternity > Nursing",4,"Clothing, Shoes & Jewelry > Women > Maternity",Nursing,28,0
"Clothing, Shoes & Jewelry > Women > Maternity > Tights & Hosiery",4,"Clothing, Shoes & Jewelry > Women > Maternity",Tights & Hosiery,3,3
"Clothing, Shoes & Jewelry > Women > Maternity > Tops & Tees",4,"Clothing, Shoes & Jewelry > Women > Maternity",Tops & Tees,14,2
"Clothing, Shoes & Jewelry > Women > Shoes > Athletic",4,"Clothing, Shoes & Jewelry > Women > Shoes",Athletic,984,9
"Clothing, Shoes & Jewelry > Women > Shoes > Boots",4,"Clothing, Shoes & Jewelry > Women > Shoes",Boots,714,70
"Clothing, Shoes & Jewelry > Women > Shoes > Fashion Sneakers",4,"Clothing, Shoes & Jewelry > Women > Shoes",Fashion Sneakers,567,567
"Clothing, Shoes & Jewelry > Women > Shoes > Flats",4,"Clothing, Shoes & Jewelry > Women > Shoes",Flats,520,520
"Clothing, Shoes & Jewelry > Women > Shoes > Loafers & Slip-Ons",4,"Clothing, Shoes & Jewelry > Women > Shoes",Loafers & Slip-Ons,321,321
"Clothing, Shoes & Jewelry > Women > Shoes > Mules & Clogs",4,"Clothing, Shoes & Jewelry > Women > Shoes",Mules & Clogs,247,247
"Clothing, Shoes & Jewelry > Women > Shoes > Outdoor",4,"Clothing, Shoes & Jewelry > Women > Shoes",Outdoor,105,0
"Clothing, Shoes & Jewelry > Women > Shoes > Oxfords",4,"Clothing, Shoes & Jewelry > Women > Shoes",Oxfords,61,61
"Clothing, Shoes & Jewelry > Women > Shoes > Pumps",4,"Clothing, Shoes & Jewelry > Women > Shoes",Pumps,630,630
"Clothing, Shoes & Jewelry > Women > Shoes > Sandals",4,"Clothing, Shoes & Jewelry > Women > Shoes",Sandals,1887,260
"Clothing, Shoes & Jewelry > Women > Shoes > Slippers",4,"Clothing, Shoes & Jewelry > Women > Shoes",Slippers,343,343
"Clothing, Shoes & Jewelry > Women > Uniforms, Work & Safety > Clothing",4,"Clothing, Shoes & Jewelry > Women > Uniforms, Work & Safety",Clothing,141,4
"Clothing, Shoes & Jewelry > Women > Uniforms, Work & Safety > Shoes",4,"Clothing, Shoes & Jewelry > Women > Uniforms, Work & Safety",Shoes,46,1
"Clothing, Shoes & Jewelry > Women > Watches > Pocket Watches",4,"Clothing, Shoes & Jewelry > Women > Watches",Pocket Watches,4,4
"Clothing, Shoes & Jewelry > Women > Watches > Smartwatches",4,"Clothing, Shoes & Jewelry > Women > Watches",Smartwatches,2,2
"Clothing, Shoes & Jewelry > Women > Watches > Watch Bands",4,"Clothing, Shoes & Jewelry > Women > Watches",Watch Bands,46,46
"Clothing, Shoes & Jewelry > Women > Watches > Wrist Watches",4,"Clothing, Shoes & Jewelry > Women > Watches",Wrist Watches,449,449
"Shoe, Jewelry & Watch Accessories > Shoe Care & Accessories > Shoe Care Treatments & Dyes > Shoe Treatments & Polishes",4,"Shoe, Jewelry & Watch Accessories > Shoe Care & Accessories > Shoe Care Treatments & Dyes",Shoe Treatments & Polishes,10,0
"Clothing, Shoes & Jewelry > Baby > Baby Boys > Accessories > Gloves & Mittens",5,"Clothing, Shoes & Jewelry > Baby > Baby Boys > Accessories",Gloves & Mittens,1,1
"Clothing, Shoes & Jewelry > Baby > Baby Boys > Accessories > Hats & Caps",5,"Clothing, Shoes & Jewelry > Baby > Baby Boys > Accessories",Hats & Caps,13,13
"Clothing, Shoes & Jewelry > Baby > Baby Boys > Accessories > Leg Warmers",5,"Clothing, Shoes & Jewelry > Baby > Baby Boys > Accessories",Leg Warmers,4,4
"Clothing, Shoes & Jewelry > Baby > Baby Boys > Accessories > Socks",5,"Clothing, Shoes & Jewelry > Baby > Baby Boys > Accessories",Socks,26,26
"Clothing, Shoes & Jewelry > Baby > Baby Boys > Clothing > Bloomers, Diaper Covers & Underwear",5,"Clothing, Shoes & Jewelry > Baby > Baby Boys > Clothing","Bloomers, Diaper Covers & Underwear",2,2
"Clothing, Shoes & Jewelry > Baby > Baby Boys > Clothing > Bodysuits",5,"Clothing, Shoes & Jewelry > Baby > Baby Boys > Clothing",Bodysuits,37,37
"Clothing, Shoes & Jewelry > Baby > Baby Boys > Clothing > Bottoms",5,"Clothing, Shoes & Jewelry > Baby > Baby Boys > Clothing",Bottoms,14,0
"Clothing, Shoes & Jewelry > Baby > Baby Boys > Clothing > Clothing Sets",5,"Clothing, Shoes & Jewelry > Baby > Baby Boys > Clothing",Clothing Sets,66,2
"Clothing, Shoes & Jewelry > Baby > Baby Boys > Clothing > Footies & Rompers",5,"Clothing, Shoes & Jewelry > Baby > Baby Boys > Clothing",Footies & Rompers,29,0
"Clothing, Shoes & Jewelry > Baby > Baby Boys > Clothing > Hoodies & Active",5,"Clothing, Shoes & Jewelry > Baby > Baby Boys > Clothing",Hoodies & Active,7,7
"Clothing, Shoes & Jewelry > Baby > Baby Boys > Clothing > Jackets & Coats",5,"Clothing, Shoes & Jewelry > Baby > Baby Boys > Clothing",Jackets & Coats,13,0
"Clothing, Shoes & Jewelry > Baby > Baby Boys > Clothing > Layette Sets",5,"Clothing, Shoes & Jewelry > Baby > Baby Boys > Clothing",Layette Sets,1,1
"Clothing, Shoes & Jewelry > Baby > Baby Boys > Clothing > Sleepwear & Robes",5,"Clothing, Shoes & Jewelry > Baby > Baby Boys > Clothing",Sleepwear & Robes,18,0
"Clothing, Shoes & Jewelry > Baby > Baby Boys > Clothing > Snow & Rainwear",5,"Clothing, Shoes & Jewelry > Baby > Baby Boys > Clothing",Snow & Rainwear,11,2
"Clothing, Shoes & Jewelry > Baby > Baby Boys > Clothing > Suits & Sport Coats",5,"Clothing, Shoes & Jewelry > Baby > Baby Boys > Clothing",Suits & Sport Coats,3,0
"Clothing, Shoes & Jewelry > Baby > Baby Boys > Clothing > Sweaters",5,"Clothing, Shoes & Jewelry > Baby > Baby Boys > Clothing",Sweaters,2,2
"Clothing, Shoes & Jewelry > Baby > Baby Boys > Clothing > Swim",5,"Clothing, Shoes & Jewelry > Baby > Baby Boys > Clothing",Swim,15,0
"Clothing, Shoes & Jewelry > Baby > Baby Boys > Clothing > Tops",5,"Clothing, Shoes & Jewelry > Baby > Baby Boys > Clothing",Tops,27,0
"Clothing, Shoes & Jewelry > Baby > Baby Boys > Shoes > Athletic & Outdoor",5,"Clothing, Shoes & Jewelry > Baby > Baby Boys > Shoes",Athletic & Outdoor,6,6
"Clothing, Shoes & Jewelry > Baby > Baby Boys > Shoes > Boots",5,"Clothing, Shoes & Jewelry > Baby > Baby Boys > Shoes",Boots,4,4
"Clothing, Shoes & Jewelry > Baby > Baby Boys > Shoes > Clogs & Mules",5,"Clothing, Shoes & Jewelry > Baby > Baby Boys > Shoes",Clogs & Mules,1,1
"Clothing, Shoes & Jewelry > Baby > Baby Boys > Shoes > Oxfords & Loafers",5,"Clothing, Shoes & Jewelry > Baby > Baby Boys > Shoes",Oxfords & Loafers,3,3
"Clothing, Shoes & Jewelry > Baby > Baby Boys > Shoes > Sandals",5,"Clothing, Shoes & Jewelry > Baby > Baby Boys > Shoes",Sandals,5,5
"Clothing, Shoes & Jewelry > Baby > Baby Boys > Shoes > Slippers",5,"Clothing, Shoes & Jewelry > Baby > Baby Boys > Shoes",Slippers,2,2
"Clothing, Shoes & Jewelry > Baby > Baby Boys > Shoes > Sneakers",5,"Clothing, Shoes & Jewelry > Baby > Baby Boys > Shoes",Sneakers,32,32
"Clothing, Shoes & Jewelry > Baby > Baby Girls > Accessories > Gloves & Mittens",5,"Clothing, Shoes & Jewelry > Baby > Baby Girls > Accessories",Gloves & Mittens,6,6
"Clothing, Shoes & Jewelry > Baby > Baby Girls > Accessories > Hats & Caps",5,"Clothing, Shoes & Jewelry > Baby > Baby Girls > Accessories",Hats & Caps,38,38
"Clothing, Shoes & Jewelry > Baby > Baby Girls > Accessories > Leg Warmers",5,"Clothing, Shoes & Jewelry > Baby > Baby Girls > Accessories",Leg Warmers,5,5
"Clothing, Shoes & Jewelry > Baby > Baby Girls > Accessories > Socks",5,"Clothing, Shoes & Jewelry > Baby > Baby Girls > Accessories",Socks,22,22
"Clothing, Shoes & Jewelry > Baby > Baby Girls > Accessories > Tights",5,"Clothing, Shoes & Jewelry > Baby > Baby Girls > Accessories",Tights,4,4
"Clothing, Shoes & Jewelry > Baby > Baby Girls > Clothing > Bloomers, Diaper Covers & Underwear",5,"Clothing, Shoes & Jewelry > Baby > Baby Girls > Clothing","Bloomers, Diaper Covers & Underwear",4,1
"Clothing, Shoes & Jewelry > Baby > Baby Girls > Clothing > Bodysuits",5,"Clothing, Shoes & Jewelry > Baby > Baby Girls > Clothing",Bodysuits,55,55
"Clothing, Shoes & Jewelry > Baby > Baby Girls > Clothing > Bottoms",5,"Clothing, Shoes & Jewelry > Baby > Baby Girls > Clothing",Bottoms,21,0
"Clothing, Shoes & Jewelry > Baby > Baby Girls > Clothing > Christening",5,"Clothing, Shoes & Jewelry > Baby > Baby Girls > Clothing",Christening,1,1
"Clothing, Shoes & Jewelry > Baby > Baby Girls > Clothing > Clothing Sets",5,"Clothing, Shoes & Jewelry > Baby > Baby Girls > Clothing",Clothing Sets,154,11
"Clothing, Shoes & Jewelry > Baby > Baby Girls > Clothing > Dresses",5,"Clothing, Shoes & Jewelry > Baby > Baby Girls > Clothing",Dresses,76,2
"Clothing, Shoes & Jewelry > Baby > Baby Girls > Clothing > Footies & Rompers",5,"Clothing, Shoes & Jewelry > Baby > Baby Girls > Clothing",Footies & Rompers,42,0
"Clothing, Shoes & Jewelry > Baby > Baby Girls > Clothing > Hoodies & Active",5,"Clothing, Shoes & Jewelry > Baby > Baby Girls > Clothing",Hoodies & Active,9,9
"Clothing, Shoes & Jewelry > Baby > Baby Girls > Clothing > Jackets & Coats",5,"Clothing, Shoes & Jewelry > Baby > Baby Girls > Clothing",Jackets & Coats,25,2
"Clothing, Shoes & Jewelry > Baby > Baby Girls > Clothing > Layette Sets",5,"Clothing, Shoes & Jewelry > Baby > Baby Girls > Clothing",Layette Sets,7,7
"Clothing, Shoes & Jewelry > Baby > Baby Girls > Clothing > Sleepwear & Robes",5,"Clothing, Shoes & Jewelry > Baby > Baby Girls > Clothing",Sleepwear & Robes,30,0
"Clothing, Shoes & Jewelry > Baby > Baby Girls > Clothing > Snow & Rainwear",5,"Clothing, Shoes & Jewelry > Baby > Baby Girls > Clothing",Snow & Rainwear,9,0
"Clothing, Shoes & Jewelry > Baby > Baby Girls > Clothing > Sweaters",5,"Clothing, Shoes & Jewelry > Baby > Baby Girls > Clothing",Sweaters,7,7
"Clothing, Shoes & Jewelry > Baby > Baby Girls > Clothing > Swim",5,"Clothing, Shoes & Jewelry > Baby > Baby Girls > Clothing",Swim,38,0
"Clothing, Shoes & Jewelry > Baby > Baby Girls > Clothing > Tops",5,"Clothing, Shoes & Jewelry > Baby > Baby Girls > Clothing",Tops,32,4
"Clothing, Shoes & Jewelry > Baby > Baby Girls > Shoes > Athletic & Outdoor",5,"Clothing, Shoes & Jewelry > Baby > Baby Girls > Shoes",Athletic & Outdoor,1,1
"Clothing, Shoes & Jewelry > Baby > Baby Girls > Shoes > Boots",5,"Clothing, Shoes & Jewelry > Baby > Baby Girls > Shoes",Boots,8,8
"Clothing, Shoes & Jewelry > Baby > Baby Girls > Shoes > Clogs & Mules",5,"Clothing, Shoes & Jewelry > Baby > Baby Girls > Shoes",Clogs & Mules,2,2
"Clothing, Shoes & Jewelry > Baby > Baby Girls > Shoes > Flats",5,"Clothing, Shoes & Jewelry > Baby > Baby Girls > Shoes",Flats,17,1
"Clothing, Shoes & Jewelry > Baby > Baby Girls > Shoes > Sandals",5,"Clothing, Shoes & Jewelry > Baby > Baby Girls > Shoes",Sandals,13,13
"Clothing, Shoes & Jewelry > Baby > Baby Girls > Shoes > Slippers",5,"Clothing, Shoes & Jewelry > Baby > Baby Girls > Shoes",Slippers,14,14
"Clothing, Shoes & Jewelry > Baby > Baby Girls > Shoes > Sneakers",5,"Clothing, Shoes & Jewelry > Baby > Baby Girls > Shoes",Sneakers,24,24
"Clothing, Shoes & Jewelry > Boot Shop > Boys > Fashion > Combat",5,"Clothing, Shoes & Jewelry > Boot Shop > Boys > Fashion",Combat,1,1
"Clothing, Shoes & Jewelry > Boot Shop > Boys > Fashion > Motorcycle",5,"Clothing, Shoes & Jewelry > Boot Shop > Boys > Fashion",Motorcycle,2,2
"Clothing, Shoes & Jewelry > Boot Shop > Boys > Fashion > Western",5,"Clothing, Shoes & Jewelry > Boot Shop > Boys > Fashion",Western,3,3
"Clothing, Shoes & Jewelry > Boot Shop > Boys > Outdoor & Work > Hiking & Trekking",5,"Clothing, Shoes & Jewelry > Boot Shop > Boys > Outdoor & Work",Hiking & Trekking,1,1
"Clothing, Shoes & Jewelry > Boot Shop > Boys > Outdoor & Work > Rain",5,"Clothing, Shoes & Jewelry > Boot Shop > Boys > Outdoor & Work",Rain,7,7
"Clothing, Shoes & Jewelry > Boot Shop > Boys > Outdoor & Work > Snow & Cold Weather",5,"Clothing, Shoes & Jewelry > Boot Shop > Boys > Outdoor & Work",Snow & Cold Weather,14,14
"Clothing, Shoes & Jewelry > Boot Shop > Girls > Fashion > Chelsea",5,"Clothing, Shoes & Jewelry > Boot Shop > Girls > Fashion",Chelsea,1,1
"Clothing, Shoes & Jewelry > Boot Shop > Girls > Fashion > Chukka",5,"Clothing, Shoes & Jewelry > Boot Shop > Girls > Fashion",Chukka,1,1
"Clothing, Shoes & Jewelry > Boot Shop > Girls > Fashion > Combat",5,"Clothing, Shoes & Jewelry > Boot Shop > Girls > Fashion",Combat,7,7
"Clothing, Shoes & Jewelry > Boot Shop > Girls > Fashion > Dress",5,"Clothing, Shoes & Jewelry > Boot Shop > Girls > Fashion",Dress,1,1
"Clothing, Shoes & Jewelry > Boot Shop > Girls > Fashion > Motorcycle",5,"Clothing, Shoes & Jewelry > Boot Shop > Girls > Fashion",Motorcycle,4,4
"Clothing, Shoes & Jewelry > Boot Shop > Girls > Fashion > Riding",5,"Clothing, Shoes & Jewelry > Boot Shop > Girls > Fashion",Riding,3,3
"Clothing, Shoes & Jewelry > Boot Shop > Girls > Fashion > Shearling",5,"Clothing, Shoes & Jewelry > Boot Shop > Girls > Fashion",Shearling,11,11
"Clothing, Shoes & Jewelry > Boot Shop > Girls > Fashion > Western",5,"Clothing, Shoes & Jewelry > Boot Shop > Girls > Fashion",Western,2,2
"Clothing, Shoes & Jewelry > Boot Shop > Girls > Outdoor & Work > Rain",5,"Clothing, Shoes & Jewelry > Boot Shop > Girls > Outdoor & Work",Rain,11,11
"Clothing, Shoes & Jewelry > Boot Shop > Girls > Outdoor & Work > Snow & Cold Weather",5,"Clothing, Shoes & Jewelry > Boot Shop > Girls > Outdoor & Work",Snow & Cold Weather,18,18
"Clothing, Shoes & Jewelry > Boot Shop > Men > Fashion > Chelsea",5,"Clothing, Shoes & Jewelry > Boot Shop > Men > Fashion",Chelsea,12,12
"Clothing, Shoes & Jewelry > Boot Shop > Men > Fashion > Chukka",5,"Clothing, Shoes & Jewelry > Boot Shop > Men > Fashion",Chukka,38,38
"Clothing, Shoes & Jewelry > Boot Shop > Men > Fashion > Combat",5,"Clothing, Shoes & Jewelry > Boot Shop > Men > Fashion",Combat,12,12
"Clothing, Shoes & Jewelry > Boot Shop > Men > Fashion > Motorcycle",5,"Clothing, Shoes & Jewelry > Boot Shop > Men > Fashion",Motorcycle,28,28
"Clothing, Shoes & Jewelry > Boot Shop > Men > Fashion > Shearling",5,"Clothing, Shoes & Jewelry > Boot Shop > Men > Fashion",Shearling,1,1
"Clothing, Shoes & Jewelry > Boot Shop > Men > Fashion > Western",5,"Clothing, Shoes & Jewelry > Boot Shop > Men > Fashion",Western,14,14
"Clothing, Shoes & Jewelry > Boot Shop > Men > Outdoor & Work > Hiking & Trekking",5,"Clothing, Shoes & Jewelry > Boot Shop > Men > Outdoor & Work",Hiking & Trekking,13,13
"Clothing, Shoes & Jewelry > Boot Shop > Men > Outdoor & Work > Hunting",5,"Clothing, Shoes & Jewelry > Boot Shop > Men > Outdoor & Work",Hunting,7,7
"Clothing, Shoes & Jewelry > Boot Shop > Men > Outdoor & Work > Rain",5,"Clothing, Shoes & Jewelry > Boot Shop > Men > Outdoor & Work",Rain,14,14
"Clothing, Shoes & Jewelry > Boot Shop > Men > Outdoor & Work > Snow & Cold Weather",5,"Clothing, Shoes & Jewelry > Boot Shop > Men > Outdoor & Work",Snow & Cold Weather,55,55
"Clothing, Shoes & Jewelry > Boot Shop > Men > Outdoor & Work > Work & Safety",5,"Clothing, Shoes & Jewelry > Boot Shop > Men > Outdoor & Work",Work & Safety,45,45
"Clothing, Shoes & Jewelry > Boot Shop > Women > Fashion > Chelsea",5,"Clothing, Shoes & Jewelry > Boot Shop > Women > Fashion",Chelsea,158,158
"Clothing, Shoes & Jewelry > Boot Shop > Women > Fashion > Chukka",5,"Clothing, Shoes & Jewelry > Boot Shop > Women > Fashion",Chukka,9,9
"Clothing, Shoes & Jewelry > Boot Shop > Women > Fashion > Combat",5,"Clothing, Shoes & Jewelry > Boot Shop > Women > Fashion",Combat,89,89
"Clothing, Shoes & Jewelry > Boot Shop > Women > Fashion > Dress",5,"Clothing, Shoes & Jewelry > Boot Shop > Women > Fashion",Dress,17,17
"Clothing, Shoes & Jewelry > Boot Shop > Women > Fashion > Motorcycle",5,"Clothing, Shoes & Jewelry > Boot Shop > Women > Fashion",Motorcycle,39,39
"Clothing, Shoes & Jewelry > Boot Shop > Women > Fashion > Riding",5,"Clothing, Shoes & Jewelry > Boot Shop > Women > Fashion",Riding,159,159
"Clothing, Shoes & Jewelry > Boot Shop > Women > Fashion > Shearling",5,"Clothing, Shoes & Jewelry > Boot Shop > Women > Fashion",Shearling,34,34
"Clothing, Shoes & Jewelry > Boot Shop > Women > Fashion > Western",5,"Clothing, Shoes & Jewelry > Boot Shop > Women > Fashion",Western,57,57
"Clothing, Shoes & Jewelry > Boot Shop > Women > Outdoor & Work > Hiking & Trekking",5,"Clothing, Shoes & Jewelry > Boot Shop > Women > Outdoor & Work",Hiking & Trekking,6,6
"Clothing, Shoes & Jewelry > Boot Shop > Women > Outdoor & Work > Hunting",5,"Clothing, Shoes & Jewelry > Boot Shop > Women > Outdoor & Work",Hunting,2,2
"Clothing, Shoes & Jewelry > Boot Shop > Women > Outdoor & Work > Rain",5,"Clothing, Shoes & Jewelry > Boot Shop > Women > Outdoor & Work",Rain,77,77
"Clothing, Shoes & Jewelry > Boot Shop > Women > Outdoor & Work > Snow & Cold Weather",5,"Clothing, Shoes & Jewelry > Boot Shop > Women > Outdoor & Work",Snow & Cold Weather,145,145
"Clothing, Shoes & Jewelry > Boot Shop > Women > Outdoor & Work > Work & Safety",5,"Clothing, Shoes & Jewelry > Boot Shop > Women > Outdoor & Work",Work & Safety,2,2
"Clothing, Shoes & Jewelry > Boys > Accessories > Cold Weather > Gloves",5,"Clothing, Shoes & Jewelry > Boys > Accessories > Cold Weather",Gloves,3,3
"Clothing, Shoes & Jewelry > Boys > Accessories > Cold Weather > Hats & Caps",5,"Clothing, Shoes & Jewelry > Boys > Accessories > Cold Weather",Hats & Caps,1,1
"Clothing, Shoes & Jewelry > Boys > Accessories > Cold Weather > Sets",5,"Clothing, Shoes & Jewelry > Boys > Accessories > Cold Weather",Sets,3,3
"Clothing, Shoes & Jewelry > Boys > Accessories > Wallets & Money Organizers > Wallets",5,"Clothing, Shoes & Jewelry > Boys > Accessories > Wallets & Money Organizers",Wallets,1,1
"Clothing, Shoes & Jewelry > Boys > Clothing > Active > Active Base Layers",5,"Clothing, Shoes & Jewelry > Boys > Clothing > Active",Active Base Layers,3,3
"Clothing, Shoes & Jewelry > Boys > Clothing > Active > Active Hoodies",5,"Clothing, Shoes & Jewelry > Boys > Clothing > Active",Active Hoodies,11,11
"Clothing, Shoes & Jewelry > Boys > Clothing > Active > Active Pants",5,"Clothing, Shoes & Jewelry > Boys > Clothing > Active",Active Pants,13,9
"Clothing, Shoes & Jewelry > Boys > Clothing > Active > Active Shirts & Tees",5,"Clothing, Shoes & Jewelry > Boys > Clothing > Active",Active Shirts & Tees,29,17
"Clothing, Shoes & Jewelry > Boys > Clothing > Active > Active Shorts",5,"Clothing, Shoes & Jewelry > Boys > Clothing > Active",Active Shorts,6,6
"Clothing, Shoes & Jewelry > Boys > Clothing > Active > Active Sweatshirts",5,"Clothing, Shoes & Jewelry > Boys > Clothing > Active",Active Sweatshirts,3,3
"Clothing, Shoes & Jewelry > Boys > Clothing > Active > Athletic Socks",5,"Clothing, Shoes & Jewelry > Boys > Clothing > Active",Athletic Socks,14,14
"Clothing, Shoes & Jewelry > Boys > Clothing > Active > Base Layers & Compression",5,"Clothing, Shoes & Jewelry > Boys > Clothing > Active",Base Layers & Compression,4,1
"Clothing, Shoes & Jewelry > Boys > Clothing > Active > Sets",5,"Clothing, Shoes & Jewelry > Boys > Clothing > Active",Sets,6,0
"Clothing, Shoes & Jewelry > Boys > Clothing > Active > Track & Active Jackets",5,"Clothing, Shoes & Jewelry > Boys > Clothing > Active",Track & Active Jackets,4,4
"Clothing, Shoes & Jewelry > Boys > Clothing > Clothing Sets > Pant Sets",5,"Clothing, Shoes & Jewelry > Boys > Clothing > Clothing Sets",Pant Sets,20,20
"Clothing, Shoes & Jewelry > Boys > Clothing > Clothing Sets > Short Sets",5,"Clothing, Shoes & Jewelry > Boys > Clothing > Clothing Sets",Short Sets,23,23
"Clothing, Shoes & Jewelry > Boys > Clothing > Jackets & Coats > Down & Down Alternative",5,"Clothing, Shoes & Jewelry > Boys > Clothing > Jackets & Coats",Down & Down Alternative,18,18
"Clothing, Shoes & Jewelry > Boys > Clothing > Jackets & Coats > Dress Coats",5,"Clothing, Shoes & Jewelry > Boys > Clothing > Jackets & Coats",Dress Coats,4,4
"Clothing, Shoes & Jewelry > Boys > Clothing > Jackets & Coats > Fleece",5,"Clothing, Shoes & Jewelry > Boys > Clothing > Jackets & Coats",Fleece,9,9
"Clothing, Shoes & Jewelry > Boys > Clothing > Jackets & Coats > Jackets",5,"Clothing, Shoes & Jewelry > Boys > Clothing > Jackets & Coats",Jackets,29,29
"Clothing, Shoes & Jewelry > Boys > Clothing > Sleepwear & Robes > Blanket Sleepers",5,"Clothing, Shoes & Jewelry > Boys > Clothing > Sleepwear & Robes",Blanket Sleepers,1,1
"Clothing, Shoes & Jewelry > Boys > Clothing > Sleepwear & Robes > Pajama Bottoms",5,"Clothing, Shoes & Jewelry > Boys > Clothing > Sleepwear & Robes",Pajama Bottoms,2,2
"Clothing, Shoes & Jewelry > Boys > Clothing > Sleepwear & Robes > Pajama Sets",5,"Clothing, Shoes & Jewelry > Boys > Clothing > Sleepwear & Robes",Pajama Sets,58,58
"Clothing, Shoes & Jewelry > Boys > Clothing > Snow & Rainwear > Rain Jackets",5,"Clothing, Shoes & Jewelry > Boys > Clothing > Snow & Rainwear",Rain Jackets,6,6
"Clothing, Shoes & Jewelry > Boys > Clothing > Snow & Rainwear > Snow Pants & Bibs",5,"Clothing, Shoes & Jewelry > Boys > Clothing > Snow & Rainwear",Snow Pants & Bibs,1,1
"Clothing, Shoes & Jewelry > Boys > Clothing > Snow & Rainwear > Snow Suits",5,"Clothing, Shoes & Jewelry > Boys > Clothing > Snow & Rainwear",Snow Suits,3,3
"Clothing, Shoes & Jewelry > Boys > Clothing > Socks & Hosiery > Slipper Socks",5,"Clothing, Shoes & Jewelry > Boys > Clothing > Socks & Hosiery",Slipper Socks,1,1
"Clothing, Shoes & Jewelry > Boys > Clothing > Socks & Hosiery > Socks",5,"Clothing, Shoes & Jewelry > Boys > Clothing > Socks & Hosiery",Socks,6,4
"Clothing, Shoes & Jewelry > Boys > Clothing > Suits & Sport Coats > Suits",5,"Clothing, Shoes & Jewelry > Boys > Clothing > Suits & Sport Coats",Suits,10,10
"Clothing, Shoes & Jewelry > Boys > Clothing > Suits & Sport Coats > Tuxedos",5,"Clothing, Shoes & Jewelry > Boys > Clothing > Suits & Sport Coats",Tuxedos,1,1
"Clothing, Shoes & Jewelry > Boys > Clothing > Sweaters > Cardigan",5,"Clothing, Shoes & Jewelry > Boys > Clothing > Sweaters",Cardigan,2,2
"Clothing, Shoes & Jewelry > Boys > Clothing > Sweaters > Pullover",5,"Clothing, Shoes & Jewelry > Boys > Clothing > Sweaters",Pullover,4,4
"Clothing, Shoes & Jewelry > Boys > Clothing > Sweaters > Vests",5,"Clothing, Shoes & Jewelry > Boys > Clothing > Sweaters",Vests,2,2
"Clothing, Shoes & Jewelry > Boys > Clothing > Swim > Rash Guard Shirts",5,"Clothing, Shoes & Jewelry > Boys > Clothing > Swim",Rash Guard Shirts,8,8
"Clothing, Shoes & Jewelry > Boys > Clothing > Swim > Shorts & Trunks",5,"Clothing, Shoes & Jewelry > Boys > Clothing > Swim",Shorts & Trunks,20,1
"Clothing, Shoes & Jewelry > Boys > Clothing > Swim > Swim Pants",5,"Clothing, Shoes & Jewelry > Boys > Clothing > Swim",Swim Pants,1,1
"Clothing, Shoes & Jewelry > Boys > Clothing > Swim > Swimwear Sets",5,"Clothing, Shoes & Jewelry > Boys > Clothing > Swim",Swimwear Sets,4,0
"Clothing, Shoes & Jewelry > Boys > Clothing > Tops, Tees & Shirts > Button-Down Shirts",5,"Clothing, Shoes & Jewelry > Boys > Clothing > Tops, Tees & Shirts",Button-Down Shirts,18,18
"Clothing, Shoes & Jewelry > Boys > Clothing > Tops, Tees & Shirts > Polos",5,"Clothing, Shoes & Jewelry > Boys > Clothing > Tops, Tees & Shirts",Polos,12,12
"Clothing, Shoes & Jewelry > Boys > Clothing > Tops, Tees & Shirts > Tank Tops",5,"Clothing, Shoes & Jewelry > Boys > Clothing > Tops, Tees & Shirts",Tank Tops,1,1
"Clothing, Shoes & Jewelry > Boys > Clothing > Tops, Tees & Shirts > Tees",5,"Clothing, Shoes & Jewelry > Boys > Clothing > Tops, Tees & Shirts",Tees,66,66
"Clothing, Shoes & Jewelry > Boys > Clothing > Underwear > Boxer Briefs",5,"Clothing, Shoes & Jewelry > Boys > Clothing > Underwear",Boxer Briefs,13,13
"Clothing, Shoes & Jewelry > Boys > Clothing > Underwear > Boxers",5,"Clothing, Shoes & Jewelry > Boys > Clothing > Underwear",Boxers,4,4
"Clothing, Shoes & Jewelry > Boys > Clothing > Underwear > Briefs",5,"Clothing, Shoes & Jewelry > Boys > Clothing > Underwear",Briefs,9,9
"Clothing, Shoes & Jewelry > Boys > Clothing > Underwear > Thermal Underwear",5,"Clothing, Shoes & Jewelry > Boys > Clothing > Underwear",Thermal Underwear,4,0
"Clothing, Shoes & Jewelry > Boys > Clothing > Underwear > Undershirts",5,"Clothing, Shoes & Jewelry > Boys > Clothing > Underwear",Undershirts,6,6
"Clothing, Shoes & Jewelry > Boys > Shoes > Athletic > Baseball & Softball",5,"Clothing, Shoes & Jewelry > Boys > Shoes > Athletic",Baseball & Softball,5,5
"Clothing, Shoes & Jewelry > Boys > Shoes > Athletic > Basketball",5,"Clothing, Shoes & Jewelry > Boys > Shoes > Athletic",Basketball,19,19
"Clothing, Shoes & Jewelry > Boys > Shoes > Athletic > Bowling",5,"Clothing, Shoes & Jewelry > Boys > Shoes > Athletic",Bowling,1,1
"Clothing, Shoes & Jewelry > Boys > Shoes > Athletic > Dance",5,"Clothing, Shoes & Jewelry > Boys > Shoes > Athletic",Dance,1,1
"Clothing, Shoes & Jewelry > Boys > Shoes > Athletic > Fitness & Cross-Training",5,"Clothing, Shoes & Jewelry > Boys > Shoes > Athletic",Fitness & Cross-Training,3,3
"Clothing, Shoes & Jewelry > Boys > Shoes > Athletic > Football",5,"Clothing, Shoes & Jewelry > Boys > Shoes > Athletic",Football,2,2
"Clothing, Shoes & Jewelry > Boys > Shoes > Athletic > Racquet Sports",5,"Clothing, Shoes & Jewelry > Boys > Shoes > Athletic",Racquet Sports,4,4
"Clothing, Shoes & Jewelry > Boys > Shoes > Athletic > Running",5,"Clothing, Shoes & Jewelry > Boys > Shoes > Athletic",Running,38,38
"Clothing, Shoes & Jewelry > Boys > Shoes > Athletic > Skateboarding",5,"Clothing, Shoes & Jewelry > Boys > Shoes > Athletic",Skateboarding,4,4
"Clothing, Shoes & Jewelry > Boys > Shoes > Athletic > Soccer",5,"Clothing, Shoes & Jewelry > Boys > Shoes > Athletic",Soccer,21,21
"Clothing, Shoes & Jewelry > Boys > Shoes > Athletic > Sport Sandals",5,"Clothing, Shoes & Jewelry > Boys > Shoes > Athletic",Sport Sandals,10,10
"Clothing, Shoes & Jewelry > Boys > Shoes > Athletic > Walking",5,"Clothing, Shoes & Jewelry > Boys > Shoes > Athletic",Walking,2,2
"Clothing, Shoes & Jewelry > Boys > Shoes > Athletic > Water Shoes",5,"Clothing, Shoes & Jewelry > Boys > Shoes > Athletic",Water Shoes,17,17
"Clothing, Shoes & Jewelry > Boys > Shoes > Outdoor > Hiking & Trekking",5,"Clothing, Shoes & Jewelry > Boys > Shoes > Outdoor",Hiking & Trekking,4,0
"Clothing, Shoes & Jewelry > Boys > Shoes > Outdoor > Snow Boots",5,"Clothing, Shoes & Jewelry > Boys > Shoes > Outdoor",Snow Boots,1,1
"Clothing, Shoes & Jewelry > Costumes & Accessories > Kids & Baby > Baby > Baby Boys",5,"Clothing, Shoes & Jewelry > Costumes & Accessories > Kids & Baby > Baby",Baby Boys,18,18
"Clothing, Shoes & Jewelry > Costumes & Accessories > Kids & Baby > Baby > Baby Girls",5,"Clothing, Shoes & Jewelry > Costumes & Accessories > Kids & Baby > Baby",Baby Girls,15,15
"Clothing, Shoes & Jewelry > Costumes & Accessories > Kids & Baby > Boys > Accessories",5,"Clothing, Shoes & Jewelry > Costumes & Accessories > Kids & Baby > Boys",Accessories,4,4
"Clothing, Shoes & Jewelry > Costumes & Accessories > Kids & Baby > Boys > Costumes",5,"Clothing, Shoes & Jewelry > Costumes & Accessories > Kids & Baby > Boys",Costumes,46,46
"Clothing, Shoes & Jewelry > Costumes & Accessories > Kids & Baby > Boys > Footwear",5,"Clothing, Shoes & Jewelry > Costumes & Accessories > Kids & Baby > Boys",Footwear,1,1
"Clothing, Shoes & Jewelry > Costumes & Accessories > Kids & Baby > Boys > Masks",5,"Clothing, Shoes & Jewelry > Costumes & Accessories > Kids & Baby > Boys",Masks,4,4
"Clothing, Shoes & Jewelry > Costumes & Accessories > Kids & Baby > Girls > Accessories",5,"Clothing, Shoes & Jewelry > Costumes & Accessories > Kids & Baby > Girls",Accessories,23,23
"Clothing, Shoes & Jewelry > Costumes & Accessories > Kids & Baby > Girls > Costumes",5,"Clothing, Shoes & Jewelry > Costumes & Accessories > Kids & Baby > Girls",Costumes,93,93
"Clothing, Shoes & Jewelry > Costumes & Accessories > Kids & Baby > Girls > Footwear",5,"Clothing, Shoes & Jewelry > Costumes & Accessories > Kids & Baby > Girls",Footwear,1,1
"Clothing, Shoes & Jewelry > Costumes & Accessories > Kids & Baby > Girls > Masks",5,"Clothing, Shoes & Jewelry > Costumes & Accessories > Kids & Baby > Girls",Masks,2,2
"Clothing, Shoes & Jewelry > Costumes & Accessories > Men > Accessories > Accessory Sets",5,"Clothing, Shoes & Jewelry > Costumes & Accessories > Men > Accessories",Accessory Sets,6,6
"Clothing, Shoes & Jewelry > Costumes & Accessories > Men > Accessories > Eyewear",5,"Clothing, Shoes & Jewelry > Costumes & Accessories > Men > Accessories",Eyewear,3,3
"Clothing, Shoes & Jewelry > Costumes & Accessories > Men > Accessories > Headwear",5,"Clothing, Shoes & Jewelry > Costumes & Accessories > Men > Accessories",Headwear,26,26
"Clothing, Shoes & Jewelry > Costumes & Accessories > Men > Costumes & Cosplay Apparel > Bodysuits",5,"Clothing, Shoes & Jewelry > Costumes & Accessories > Men > Costumes & Cosplay Apparel",Bodysuits,2,2
"Clothing, Shoes & Jewelry > Costumes & Accessories > Men > Costumes & Cosplay Apparel > Bottoms",5,"Clothing, Shoes & Jewelry > Costumes & Accessories > Men > Costumes & Cosplay Apparel",Bottoms,4,4
"Clothing, Shoes & Jewelry > Costumes & Accessories > Men > Costumes & Cosplay Apparel > Costumes",5,"Clothing, Shoes & Jewelry > Costumes & Accessories > Men > Costumes & Cosplay Apparel",Costumes,119,119
"Clothing, Shoes & Jewelry > Costumes & Accessories > Men > Costumes & Cosplay Apparel > Robes, Capes & Jackets",5,"Clothing, Shoes & Jewelry > Costumes & Accessories > Men > Costumes & Cosplay Apparel","Robes, Capes & Jackets",17,17
"Clothing, Shoes & Jewelry > Costumes & Accessories > Men > Costumes & Cosplay Apparel > Tops",5,"Clothing, Shoes & Jewelry > Costumes & Accessories > Men > Costumes & Cosplay Apparel",Tops,6,6
"Clothing, Shoes & Jewelry > Costumes & Accessories > Women > Accessories > Accessory Sets",5,"Clothing, Shoes & Jewelry > Costumes & Accessories > Women > Accessories",Accessory Sets,16,16
"Clothing, Shoes & Jewelry > Costumes & Accessories > Women > Accessories > Eyewear",5,"Clothing, Shoes & Jewelry > Costumes & Accessories > Women > Accessories",Eyewear,1,1
"Clothing, Shoes & Jewelry > Costumes & Accessories > Women > Accessories > Headwear",5,"Clothing, Shoes & Jewelry > Costumes & Accessories > Women > Accessories",Headwear,32,32
"Clothing, Shoes & Jewelry > Costumes & Accessories > Women > Costumes & Cosplay Apparel > Bodysuits",5,"Clothing, Shoes & Jewelry > Costumes & Accessories > Women > Costumes & Cosplay Apparel",Bodysuits,6,6
"Clothing, Shoes & Jewelry > Costumes & Accessories > Women > Costumes & Cosplay Apparel > Bottoms",5,"Clothing, Shoes & Jewelry > Costumes & Accessories > Women > Costumes & Cosplay Apparel",Bottoms,8,8
"Clothing, Shoes & Jewelry > Costumes & Accessories > Women > Costumes & Cosplay Apparel > Costumes",5,"Clothing, Shoes & Jewelry > Costumes & Accessories > Women > Costumes & Cosplay Apparel",Costumes,193,193
"Clothing, Shoes & Jewelry > Costumes & Accessories > Women > Costumes & Cosplay Apparel > Leg Warmers & Hosiery",5,"Clothing, Shoes & Jewelry > Costumes & Accessories > Women > Costumes & Cosplay Apparel",Leg Warmers & Hosiery,2,2
"Clothing, Shoes & Jewelry > Costumes & Accessories > Women > Costumes & Cosplay Apparel > Robes, Capes & Jackets",5,"Clothing, Shoes & Jewelry > Costumes & Accessories > Women > Costumes & Cosplay Apparel","Robes, Capes & Jackets",9,9
"Clothing, Shoes & Jewelry > Costumes & Accessories > Women > Costumes & Cosplay Apparel > Tops & Corsets",5,"Clothing, Shoes & Jewelry > Costumes & Accessories > Women > Costumes & Cosplay Apparel",Tops & Corsets,3,3
"Clothing, Shoes & Jewelry > Girls > Accessories > Cold Weather > Earmuffs",5,"Clothing, Shoes & Jewelry > Girls > Accessories > Cold Weather",Earmuffs,1,1
"Clothing, Shoes & Jewelry > Girls > Accessories > Cold Weather > Gloves",5,"Clothing, Shoes & Jewelry > Girls > Accessories > Cold Weather",Gloves,4,4
"Clothing, Shoes & Jewelry > Girls > Accessories > Cold Weather > Hats & Caps",5,"Clothing, Shoes & Jewelry > Girls > Accessories > Cold Weather",Hats & Caps,2,2
"Clothing, Shoes & Jewelry > Girls > Accessories > Cold Weather > Mittens",5,"Clothing, Shoes & Jewelry > Girls > Accessories > Cold Weather",Mittens,3,3
"Clothing, Shoes & Jewelry > Girls > Accessories > Cold Weather > Neck Gaiters",5,"Clothing, Shoes & Jewelry > Girls > Accessories > Cold Weather",Neck Gaiters,2,2
"Clothing, Shoes & Jewelry > Girls > Accessories > Cold Weather > Scarves & Wraps",5,"Clothing, Shoes & Jewelry > Girls > Accessories > Cold Weather",Scarves & Wraps,5,5
"Clothing, Shoes & Jewelry > Girls > Accessories > Cold Weather > Sets",5,"Clothing, Shoes & Jewelry > Girls > Accessories > Cold Weather",Sets,2,2
"Clothing, Shoes & Jewelry > Girls > Accessories > Wallets & Money Organizers > Coin Purses & Pouches",5,"Clothing, Shoes & Jewelry > Girls > Accessories > Wallets & Money Organizers",Coin Purses & Pouches,1,1
"Clothing, Shoes & Jewelry > Girls > Clothing > Active > Active Dresses",5,"Clothing, Shoes & Jewelry > Girls > Clothing > Active",Active Dresses,6,6
"Clothing, Shoes & Jewelry > Girls > Clothing > Active > Active Hoodies",5,"Clothing, Shoes & Jewelry > Girls > Clothing > Active",Active Hoodies,2,2
"Clothing, Shoes & Jewelry > Girls > Clothing > Active > Active Pants",5,"Clothing, Shoes & Jewelry > Girls > Clothing > Active",Active Pants,3,2
"Clothing, Shoes & Jewelry > Girls > Clothing > Active > Active Shirts & Tees",5,"Clothing, Shoes & Jewelry > Girls > Clothing > Active",Active Shirts & Tees,10,4
"Clothing, Shoes & Jewelry > Girls > Clothing > Active > Active Shorts",5,"Clothing, Shoes & Jewelry > Girls > Clothing > Active",Active Shorts,5,5
"Clothing, Shoes & Jewelry > Girls > Clothing > Active > Athletic Socks",5,"Clothing, Shoes & Jewelry > Girls > Clothing > Active",Athletic Socks,8,8
"Clothing, Shoes & Jewelry > Girls > Clothing > Active > Leggings",5,"Clothing, Shoes & Jewelry > Girls > Clothing > Active",Leggings,2,2
"Clothing, Shoes & Jewelry > Girls > Clothing > Active > Sets",5,"Clothing, Shoes & Jewelry > Girls > Clothing > Active",Sets,5,0
"Clothing, Shoes & Jewelry > Girls > Clothing > Active > Track & Active Jackets",5,"Clothing, Shoes & Jewelry > Girls > Clothing > Active",Track & Active Jackets,1,1
"Clothing, Shoes & Jewelry > Girls > Clothing > Clothing Sets > Pant Sets",5,"Clothing, Shoes & Jewelry > Girls > Clothing > Clothing Sets",Pant Sets,44,44
"Clothing, Shoes & Jewelry > Girls > Clothing > Clothing Sets > Short Sets",5,"Clothing, Shoes & Jewelry > Girls > Clothing > Clothing Sets",Short Sets,13,13
"Clothing, Shoes & Jewelry > Girls > Clothing > Clothing Sets > Skirt Sets",5,"Clothing, Shoes & Jewelry > Girls > Clothing > Clothing Sets",Skirt Sets,5,5
"Clothing, Shoes & Jewelry > Girls > Clothing > Dresses > Casual",5,"Clothing, Shoes & Jewelry > Girls > Clothing > Dresses",Casual,108,108
"Clothing, Shoes & Jewelry > Girls > Clothing > Dresses > Special Occasion",5,"Clothing, Shoes & Jewelry > Girls > Clothing > Dresses",Special Occasion,103,103
"Clothing, Shoes & Jewelry > Girls > Clothing > Jackets & Coats > Down & Down Alternative",5,"Clothing, Shoes & Jewelry > Girls > Clothing > Jackets & Coats",Down & Down Alternative,13,13
"Clothing, Shoes & Jewelry > Girls > Clothing > Jackets & Coats > Dress Coats",5,"Clothing, Shoes & Jewelry > Girls > Clothing > Jackets & Coats",Dress Coats,4,4
"Clothing, Shoes & Jewelry > Girls > Clothing > Jackets & Coats > Fleece",5,"Clothing, Shoes & Jewelry > Girls > Clothing > Jackets & Coats",Fleece,2,2
"Clothing, Shoes & Jewelry > Girls > Clothing > Jackets & Coats > Jackets",5,"Clothing, Shoes & Jewelry > Girls > Clothing > Jackets & Coats",Jackets,24,24
"Clothing, Shoes & Jewelry > Girls > Clothing > Jackets & Coats > Vests",5,"Clothing, Shoes & Jewelry > Girls > Clothing > Jackets & Coats",Vests,1,1
"Clothing, Shoes & Jewelry > Girls > Clothing > Skirts & Skorts > Skirts",5,"Clothing, Shoes & Jewelry > Girls > Clothing > Skirts & Skorts",Skirts,12,12
"Clothing, Shoes & Jewelry > Girls > Clothing > Sleepwear & Robes > Blanket Sleepers",5,"Clothing, Shoes & Jewelry > Girls > Clothing > Sleepwear & Robes",Blanket Sleepers,4,4
"Clothing, Shoes & Jewelry > Girls > Clothing > Sleepwear & Robes > Nightgowns",5,"Clothing, Shoes & Jewelry > Girls > Clothing > Sleepwear & Robes",Nightgowns,12,12
"Clothing, Shoes & Jewelry > Girls > Clothing > Sleepwear & Robes > Pajama Bottoms",5,"Clothing, Shoes & Jewelry > Girls > Clothing > Sleepwear & Robes",Pajama Bottoms,2,2
"Clothing, Shoes & Jewelry > Girls > Clothing > Sleepwear & Robes > Pajama Sets",5,"Clothing, Shoes & Jewelry > Girls > Clothing > Sleepwear & Robes",Pajama Sets,52,52
"Clothing, Shoes & Jewelry > Girls > Clothing > Sleepwear & Robes > Robes",5,"Clothing, Shoes & Jewelry > Girls > Clothing > Sleepwear & Robes",Robes,14,14
"Clothing, Shoes & Jewelry > Girls > Clothing > Snow & Rainwear > Rain Jackets",5,"Clothing, Shoes & Jewelry > Girls > Clothing > Snow & Rainwear",Rain Jackets,3,3
"Clothing, Shoes & Jewelry > Girls > Clothing > Snow & Rainwear > Snow Pants & Bibs",5,"Clothing, Shoes & Jewelry > Girls > Clothing > Snow & Rainwear",Snow Pants & Bibs,2,2
"Clothing, Shoes & Jewelry > Girls > Clothing > Snow & Rainwear > Snow Suits",5,"Clothing, Shoes & Jewelry > Girls > Clothing > Snow & Rainwear",Snow Suits,4,4
"Clothing, Shoes & Jewelry > Girls > Clothing > Socks & Tights > Casual & Dress Socks",5,"Clothing, Shoes & Jewelry > Girls > Clothing > Socks & Tights",Casual & Dress Socks,12,8
"Clothing, Shoes & Jewelry > Girls > Clothing > Socks & Tights > Slipper Socks",5,"Clothing, Shoes & Jewelry > Girls > Clothing > Socks & Tights",Slipper Socks,2,2
"Clothing, Shoes & Jewelry > Girls > Clothing > Socks & Tights > Tights",5,"Clothing, Shoes & Jewelry > Girls > Clothing > Socks & Tights",Tights,7,7
"Clothing, Shoes & Jewelry > Girls > Clothing > Sweaters > Cardigan",5,"Clothing, Shoes & Jewelry > Girls > Clothing > Sweaters",Cardigan,6,6
"Clothing, Shoes & Jewelry > Girls > Clothing > Sweaters > Pullover",5,"Clothing, Shoes & Jewelry > Girls > Clothing > Sweaters",Pullover,4,4
"Clothing, Shoes & Jewelry > Girls > Clothing > Sweaters > Shrugs",5,"Clothing, Shoes & Jewelry > Girls > Clothing > Sweaters",Shrugs,6,6
"Clothing, Shoes & Jewelry > Girls > Clothing > Swim > Board Shorts",5,"Clothing, Shoes & Jewelry > Girls > Clothing > Swim",Board Shorts,2,2
"Clothing, Shoes & Jewelry > Girls > Clothing > Swim > Cover-Ups & Wraps",5,"Clothing, Shoes & Jewelry > Girls > Clothing > Swim",Cover-Ups & Wraps,5,5
"Clothing, Shoes & Jewelry > Girls > Clothing > Swim > One-Pieces",5,"Clothing, Shoes & Jewelry > Girls > Clothing > Swim",One-Pieces,25,25
"Clothing, Shoes & Jewelry > Girls > Clothing > Swim > Rash Guard Shirts",5,"Clothing, Shoes & Jewelry > Girls > Clothing > Swim",Rash Guard Shirts,2,2
"Clothing, Shoes & Jewelry > Girls > Clothing > Swim > Swimwear Sets",5,"Clothing, Shoes & Jewelry > Girls > Clothing > Swim",Swimwear Sets,10,0
"Clothing, Shoes & Jewelry > Girls > Clothing > Swim > Two-Pieces",5,"Clothing, Shoes & Jewelry > Girls > Clothing > Swim",Two-Pieces,21,1
"Clothing, Shoes & Jewelry > Girls > Clothing > Tops, Tees & Blouses > Blouses & Button-Down Shirts",5,"Clothing, Shoes & Jewelry > Girls > Clothing > Tops, Tees & Blouses",Blouses & Button-Down Shirts,9,9
"Clothing, Shoes & Jewelry > Girls > Clothing > Tops, Tees & Blouses > Polos",5,"Clothing, Shoes & Jewelry > Girls > Clothing > Tops, Tees & Blouses",Polos,3,3
"Clothing, Shoes & Jewelry > Girls > Clothing > Tops, Tees & Blouses > Tanks & Camis",5,"Clothing, Shoes & Jewelry > Girls > Clothing > Tops, Tees & Blouses",Tanks & Camis,7,7
"Clothing, Shoes & Jewelry > Girls > Clothing > Tops, Tees & Blouses > Tees",5,"Clothing, Shoes & Jewelry > Girls > Clothing > Tops, Tees & Blouses",Tees,42,42
"Clothing, Shoes & Jewelry > Girls > Clothing > Underwear > Panties",5,"Clothing, Shoes & Jewelry > Girls > Clothing > Underwear",Panties,16,16
"Clothing, Shoes & Jewelry > Girls > Clothing > Underwear > Slips",5,"Clothing, Shoes & Jewelry > Girls > Clothing > Underwear",Slips,3,3
"Clothing, Shoes & Jewelry > Girls > Clothing > Underwear > Training Bras",5,"Clothing, Shoes & Jewelry > Girls > Clothing > Underwear",Training Bras,10,10
"Clothing, Shoes & Jewelry > Girls > Clothing > Underwear > Undershirts, Tanks & Camisoles",5,"Clothing, Shoes & Jewelry > Girls > Clothing > Underwear","Undershirts, Tanks & Camisoles",2,2
"Clothing, Shoes & Jewelry > Girls > Jewelry > Bracelets > Bangle",5,"Clothing, Shoes & Jewelry > Girls > Jewelry > Bracelets",Bangle,15,15
"Clothing, Shoes & Jewelry > Girls > Jewelry > Bracelets > Charm",5,"Clothing, Shoes & Jewelry > Girls > Jewelry > Bracelets",Charm,18,18
"Clothing, Shoes & Jewelry > Girls > Jewelry > Bracelets > Cuff",5,"Clothing, Shoes & Jewelry > Girls > Jewelry > Bracelets",Cuff,5,5
"Clothing, Shoes & Jewelry > Girls > Jewelry > Bracelets > Link",5,"Clothing, Shoes & Jewelry > Girls > Jewelry > Bracelets",Link,1,1
"Clothing, Shoes & Jewelry > Girls > Jewelry > Earrings > Drop & Dangle",5,"Clothing, Shoes & Jewelry > Girls > Jewelry > Earrings",Drop & Dangle,10,10
"Clothing, Shoes & Jewelry > Girls > Jewelry > Earrings > Hoop",5,"Clothing, Shoes & Jewelry > Girls > Jewelry > Earrings",Hoop,12,12
"Clothing, Shoes & Jewelry > Girls > Jewelry > Earrings > Stud",5,"Clothing, Shoes & Jewelry > Girls > Jewelry > Earrings",Stud,29,29
"Clothing, Shoes & Jewelry > Girls > Jewelry > Necklaces & Pendants > Chains",5,"Clothing, Shoes & Jewelry > Girls > Jewelry > Necklaces & Pendants",Chains,2,2
"Clothing, Shoes & Jewelry > Girls > Jewelry > Necklaces & Pendants > Lockets",5,"Clothing, Shoes & Jewelry > Girls > Jewelry > Necklaces & Pendants",Lockets,2,2
"Clothing, Shoes & Jewelry > Girls > Jewelry > Necklaces & Pendants > Pendants",5,"Clothing, Shoes & Jewelry > Girls > Jewelry > Necklaces & Pendants",Pendants,51,51
"Clothing, Shoes & Jewelry > Girls > School Uniforms > Clothing > Dresses & Jumpers",5,"Clothing, Shoes & Jewelry > Girls > School Uniforms > Clothing",Dresses & Jumpers,1,1
"Clothing, Shoes & Jewelry > Girls > School Uniforms > Clothing > Skirts, Scooters & Skorts",5,"Clothing, Shoes & Jewelry > Girls > School Uniforms > Clothing","Skirts, Scooters & Skorts",1,1
"Clothing, Shoes & Jewelry > Girls > School Uniforms > Clothing > Tops",5,"Clothing, Shoes & Jewelry > Girls > School Uniforms > Clothing",Tops,3,3
"Clothing, Shoes & Jewelry > Girls > Shoes > Athletic > Basketball",5,"Clothing, Shoes & Jewelry > Girls > Shoes > Athletic",Basketball,7,7
"Clothing, Shoes & Jewelry > Girls > Shoes > Athletic > Dance",5,"Clothing, Shoes & Jewelry > Girls > Shoes > Athletic",Dance,11,11
"Clothing, Shoes & Jewelry > Girls > Shoes > Athletic > Fitness & Cross-Training",5,"Clothing, Shoes & Jewelry > Girls > Shoes > Athletic",Fitness & Cross-Training,5,5
"Clothing, Shoes & Jewelry > Girls > Shoes > Athletic > Racquet Sports",5,"Clothing, Shoes & Jewelry > Girls > Shoes > Athletic",Racquet Sports,2,2
"Clothing, Shoes & Jewelry > Girls > Shoes > Athletic > Running",5,"Clothing, Shoes & Jewelry > Girls > Shoes > Athletic",Running,53,53
"Clothing, Shoes & Jewelry > Girls > Shoes > Athletic > Skateboarding",5,"Clothing, Shoes & Jewelry > Girls > Shoes > Athletic",Skateboarding,5,5
"Clothing, Shoes & Jewelry > Girls > Shoes > Athletic > Soccer",5,"Clothing, Shoes & Jewelry > Girls > Shoes > Athletic",Soccer,7,7
"Clothing, Shoes & Jewelry > Girls > Shoes > Athletic > Sport Sandals",5,"Clothing, Shoes & Jewelry > Girls > Shoes > Athletic",Sport Sandals,5,5
"Clothing, Shoes & Jewelry > Girls > Shoes > Athletic > Trail Running",5,"Clothing, Shoes & Jewelry > Girls > Shoes > Athletic",Trail Running,1,1
"Clothing, Shoes & Jewelry > Girls > Shoes > Athletic > Water Shoes",5,"Clothing, Shoes & Jewelry > Girls > Shoes > Athletic",Water Shoes,9,9
"Clothing, Shoes & Jewelry > Girls > Shoes > Outdoor > Hiking & Trekking",5,"Clothing, Shoes & Jewelry > Girls > Shoes > Outdoor",Hiking & Trekking,7,2
"Clothing, Shoes & Jewelry > Girls > Shoes > Outdoor > Rain Boots",5,"Clothing, Shoes & Jewelry > Girls > Shoes > Outdoor",Rain Boots,1,1
"Clothing, Shoes & Jewelry > Luggage & Travel Gear > Travel Accessories > Luggage Tags & Handle Wraps > Luggage Handle Wraps",5,"Clothing, Shoes & Jewelry > Luggage & Travel Gear > Travel Accessories > Luggage Tags & Handle Wraps",Luggage Handle Wraps,1,1
"Clothing, Shoes & Jewelry > Luggage & Travel Gear > Travel Accessories > Luggage Tags & Handle Wraps > Luggage Tags",5,"Clothing, Shoes & Jewelry > Luggage & Travel Gear > Travel Accessories > Luggage Tags & Handle Wraps",Luggage Tags,39,39
"Clothing, Shoes & Jewelry > Men > Accessories > Gloves & Mittens > Cold Weather Gloves",5,"Clothing, Shoes & Jewelry > Men > Accessories > Gloves & Mittens",Cold Weather Gloves,40,40
"Clothing, Shoes & Jewelry > Men > Accessories > Gloves & Mittens > Mittens",5,"Clothing, Shoes & Jewelry > Men > Accessories > Gloves & Mittens",Mittens,2,2
"Clothing, Shoes & Jewelry > Men > Accessories > Hats & Caps > Balaclavas",5,"Clothing, Shoes & Jewelry > Men > Accessories > Hats & Caps",Balaclavas,68,68
"Clothing, Shoes & Jewelry > Men > Accessories > Hats & Caps > Baseball Caps",5,"Clothing, Shoes & Jewelry > Men > Accessories > Hats & Caps",Baseball Caps,221,221
"Clothing, Shoes & Jewelry > Men > Accessories > Hats & Caps > Bomber Hats",5,"Clothing, Shoes & Jewelry > Men > Accessories > Hats & Caps",Bomber Hats,3,3
"Clothing, Shoes & Jewelry > Men > Accessories > Hats & Caps > Cowboy Hats",5,"Clothing, Shoes & Jewelry > Men > Accessories > Hats & Caps",Cowboy Hats,15,15
"Clothing, Shoes & Jewelry > Men > Accessories > Hats & Caps > Fedoras",5,"Clothing, Shoes & Jewelry > Men > Accessories > Hats & Caps",Fedoras,29,29
"Clothing, Shoes & Jewelry > Men > Accessories > Hats & Caps > Newsboy Caps",5,"Clothing, Shoes & Jewelry > Men > Accessories > Hats & Caps",Newsboy Caps,21,21
"Clothing, Shoes & Jewelry > Men > Accessories > Hats & Caps > Rain Hats",5,"Clothing, Shoes & Jewelry > Men > Accessories > Hats & Caps",Rain Hats,3,3
"Clothing, Shoes & Jewelry > Men > Accessories > Hats & Caps > Skullies & Beanies",5,"Clothing, Shoes & Jewelry > Men > Accessories > Hats & Caps",Skullies & Beanies,61,61
"Clothing, Shoes & Jewelry > Men > Accessories > Hats & Caps > Sun Hats",5,"Clothing, Shoes & Jewelry > Men > Accessories > Hats & Caps",Sun Hats,21,21
"Clothing, Shoes & Jewelry > Men > Accessories > Hats & Caps > Visors",5,"Clothing, Shoes & Jewelry > Men > Accessories > Hats & Caps",Visors,4,4
"Clothing, Shoes & Jewelry > Men > Accessories > Scarves > Cold Weather Scarves",5,"Clothing, Shoes & Jewelry > Men > Accessories > Scarves",Cold Weather Scarves,7,7
"Clothing, Shoes & Jewelry > Men > Accessories > Scarves > Fashion Scarves",5,"Clothing, Shoes & Jewelry > Men > Accessories > Scarves",Fashion Scarves,5,5
"Clothing, Shoes & Jewelry > Men > Accessories > Scarves > Neck Gaiters",5,"Clothing, Shoes & Jewelry > Men > Accessories > Scarves",Neck Gaiters,23,23
"Clothing, Shoes & Jewelry > Men > Accessories > Sunglasses & Eyewear Accessories > Eyeglass Cases",5,"Clothing, Shoes & Jewelry > Men > Accessories > Sunglasses & Eyewear Accessories",Eyeglass Cases,16,16
"Clothing, Shoes & Jewelry > Men > Accessories > Sunglasses & Eyewear Accessories > Eyewear Frames",5,"Clothing, Shoes & Jewelry > Men > Accessories > Sunglasses & Eyewear Accessories",Eyewear Frames,34,34
"Clothing, Shoes & Jewelry > Men > Accessories > Sunglasses & Eyewear Accessories > Replacement Sunglass Lenses",5,"Clothing, Shoes & Jewelry > Men > Accessories > Sunglasses & Eyewear Accessories",Replacement Sunglass Lenses,54,54
"Clothing, Shoes & Jewelry > Men > Accessories > Sunglasses & Eyewear Accessories > Sunglasses",5,"Clothing, Shoes & Jewelry > Men > Accessories > Sunglasses & Eyewear Accessories",Sunglasses,170,170
"Clothing, Shoes & Jewelry > Men > Accessories > Ties, Cummerbunds & Pocket Squares > Bolo Ties",5,"Clothing, Shoes & Jewelry > Men > Accessories > Ties, Cummerbunds & Pocket Squares",Bolo Ties,6,6
"Clothing, Shoes & Jewelry > Men > Accessories > Ties, Cummerbunds & Pocket Squares > Bow Ties",5,"Clothing, Shoes & Jewelry > Men > Accessories > Ties, Cummerbunds & Pocket Squares",Bow Ties,29,29
"Clothing, Shoes & Jewelry > Men > Accessories > Ties, Cummerbunds & Pocket Squares > Cravats",5,"Clothing, Shoes & Jewelry > Men > Accessories > Ties, Cummerbunds & Pocket Squares",Cravats,2,2
"Clothing, Shoes & Jewelry > Men > Accessories > Ties, Cummerbunds & Pocket Squares > Cummerbunds",5,"Clothing, Shoes & Jewelry > Men > Accessories > Ties, Cummerbunds & Pocket Squares",Cummerbunds,1,1
"Clothing, Shoes & Jewelry > Men > Accessories > Ties, Cummerbunds & Pocket Squares > Neckties",5,"Clothing, Shoes & Jewelry > Men > Accessories > Ties, Cummerbunds & Pocket Squares",Neckties,51,51
"Clothing, Shoes & Jewelry > Men > Accessories > Ties, Cummerbunds & Pocket Squares > Pocket Squares",5,"Clothing, Shoes & Jewelry > Men > Accessories > Ties, Cummerbunds & Pocket Squares",Pocket Squares,1,1
"Clothing, Shoes & Jewelry > Men > Accessories > Ties, Cummerbunds & Pocket Squares > Tie Sets",5,"Clothing, Shoes & Jewelry > Men > Accessories > Ties, Cummerbunds & Pocket Squares",Tie Sets,30,30
"Clothing, Shoes & Jewelry > Men > Accessories > Wallets, Card Cases & Money Organizers > Card & ID Cases",5,"Clothing, Shoes & Jewelry > Men > Accessories > Wallets, Card Cases & Money Organizers",Card & ID Cases,32,1
"Clothing, Shoes & Jewelry > Men > Accessories > Wallets, Card Cases & Money Organizers > Coin Purses & Pouches",5,"Clothing, Shoes & Jewelry > Men > Accessories > Wallets, Card Cases & Money Organizers",Coin Purses & Pouches,1,1
"Clothing, Shoes & Jewelry > Men > Accessories > Wallets, Card Cases & Money Organizers > Money Clips",5,"Clothing, Shoes & Jewelry > Men > Accessories > Wallets, Card Cases & Money Organizers",Money Clips,14,14
"Clothing, Shoes & Jewelry > Men > Accessories > Wallets, Card Cases & Money Organizers > Wallets",5,"Clothing, Shoes & Jewelry > Men > Accessories > Wallets, Card Cases & Money Organizers",Wallets,147,147
"Clothing, Shoes & Jewelry > Men > Clothing > Active > Active Base Layers",5,"Clothing, Shoes & Jewelry > Men > Clothing > Active",Active Base Layers,24,24
"Clothing, Shoes & Jewelry > Men > Clothing > Active > Active Hoodies",5,"Clothing, Shoes & Jewelry > Men > Clothing > Active",Active Hoodies,47,47
"Clothing, Shoes & Jewelry > Men > Clothing > Active > Active Pants",5,"Clothing, Shoes & Jewelry > Men > Clothing > Active",Active Pants,126,51
"Clothing, Shoes & Jewelry > Men > Clothing > Active > Active Shirts & Tees",5,"Clothing, Shoes & Jewelry > Men > Clothing > Active",Active Shirts & Tees,224,119
"Clothing, Shoes & Jewelry > Men > Clothing > Active > Active Shorts",5,"Clothing, Shoes & Jewelry > Men > Clothing > Active",Active Shorts,116,116
"Clothing, Shoes & Jewelry > Men > Clothing > Active > Active Sweatshirts",5,"Clothing, Shoes & Jewelry > Men > Clothing > Active",Active Sweatshirts,28,28
"Clothing, Shoes & Jewelry > Men > Clothing > Active > Active Underwear",5,"Clothing, Shoes & Jewelry > Men > Clothing > Active",Active Underwear,4,3
"Clothing, Shoes & Jewelry > Men > Clothing > Active > Active Vests",5,"Clothing, Shoes & Jewelry > Men > Clothing > Active",Active Vests,3,3
"Clothing, Shoes & Jewelry > Men > Clothing > Active > Athletic Socks",5,"Clothing, Shoes & Jewelry > Men > Clothing > Active",Athletic Socks,143,143
"Clothing, Shoes & Jewelry > Men > Clothing > Active > Athletic Supporters",5,"Clothing, Shoes & Jewelry > Men > Clothing > Active",Athletic Supporters,7,7
"Clothing, Shoes & Jewelry > Men > Clothing > Active > Base Layers & Compression",5,"Clothing, Shoes & Jewelry > Men > Clothing > Active",Base Layers & Compression,79,1
"Clothing, Shoes & Jewelry > Men > Clothing > Active > Sets",5,"Clothing, Shoes & Jewelry > Men > Clothing > Active",Sets,34,1
"Clothing, Shoes & Jewelry > Men > Clothing > Active > Sweaters",5,"Clothing, Shoes & Jewelry > Men > Clothing > Active",Sweaters,6,6
"Clothing, Shoes & Jewelry > Men > Clothing > Active > Track & Active Jackets",5,"Clothing, Shoes & Jewelry > Men > Clothing > Active",Track & Active Jackets,23,23
"Clothing, Shoes & Jewelry > Men > Clothing > Jackets & Coats > Active & Performance",5,"Clothing, Shoes & Jewelry > Men > Clothing > Jackets & Coats",Active & Performance,61,4
"Clothing, Shoes & Jewelry > Men > Clothing > Jackets & Coats > Down & Down Alternative",5,"Clothing, Shoes & Jewelry > Men > Clothing > Jackets & Coats",Down & Down Alternative,52,52
"Clothing, Shoes & Jewelry > Men > Clothing > Jackets & Coats > Fleece",5,"Clothing, Shoes & Jewelry > Men > Clothing > Jackets & Coats",Fleece,40,40
"Clothing, Shoes & Jewelry > Men > Clothing > Jackets & Coats > Leather & Faux Leather",5,"Clothing, Shoes & Jewelry > Men > Clothing > Jackets & Coats",Leather & Faux Leather,44,44
"Clothing, Shoes & Jewelry > Men > Clothing > Jackets & Coats > Lightweight Jackets",5,"Clothing, Shoes & Jewelry > Men > Clothing > Jackets & Coats",Lightweight Jackets,80,0
"Clothing, Shoes & Jewelry > Men > Clothing > Jackets & Coats > Trench & Rain",5,"Clothing, Shoes & Jewelry > Men > Clothing > Jackets & Coats",Trench & Rain,24,24
"Clothing, Shoes & Jewelry > Men > Clothing > Jackets & Coats > Vests",5,"Clothing, Shoes & Jewelry > Men > Clothing > Jackets & Coats",Vests,36,36
"Clothing, Shoes & Jewelry > Men > Clothing > Jackets & Coats > Wool & Blends",5,"Clothing, Shoes & Jewelry > Men > Clothing > Jackets & Coats",Wool & Blends,23,23
"Clothing, Shoes & Jewelry > Men > Clothing > Pants > Casual",5,"Clothing, Shoes & Jewelry > Men > Clothing > Pants",Casual,128,128
"Clothing, Shoes & Jewelry > Men > Clothing > Pants > Dress",5,"Clothing, Shoes & Jewelry > Men > Clothing > Pants",Dress,29,29
"Clothing, Shoes & Jewelry > Men > Clothing > Shirts > Casual Button-Down Shirts",5,"Clothing, Shoes & Jewelry > Men > Clothing > Shirts",Casual Button-Down Shirts,288,288
"Clothing, Shoes & Jewelry > Men > Clothing > Shirts > Dress Shirts",5,"Clothing, Shoes & Jewelry > Men > Clothing > Shirts",Dress Shirts,93,93
"Clothing, Shoes & Jewelry > Men > Clothing > Shirts > Henleys",5,"Clothing, Shoes & Jewelry > Men > Clothing > Shirts",Henleys,55,55
"Clothing, Shoes & Jewelry > Men > Clothing > Shirts > Polos",5,"Clothing, Shoes & Jewelry > Men > Clothing > Shirts",Polos,134,134
"Clothing, Shoes & Jewelry > Men > Clothing > Shirts > T-Shirts",5,"Clothing, Shoes & Jewelry > Men > Clothing > Shirts",T-Shirts,314,314
"Clothing, Shoes & Jewelry > Men > Clothing > Shirts > Tank Tops",5,"Clothing, Shoes & Jewelry > Men > Clothing > Shirts",Tank Tops,14,14
"Clothing, Shoes & Jewelry > Men > Clothing > Shirts > Tuxedo Shirts",5,"Clothing, Shoes & Jewelry > Men > Clothing > Shirts",Tuxedo Shirts,2,2
"Clothing, Shoes & Jewelry > Men > Clothing > Shorts > Cargo",5,"Clothing, Shoes & Jewelry > Men > Clothing > Shorts",Cargo,46,46
"Clothing, Shoes & Jewelry > Men > Clothing > Shorts > Denim",5,"Clothing, Shoes & Jewelry > Men > Clothing > Shorts",Denim,10,10
"Clothing, Shoes & Jewelry > Men > Clothing > Shorts > Flat Front",5,"Clothing, Shoes & Jewelry > Men > Clothing > Shorts",Flat Front,47,47
"Clothing, Shoes & Jewelry > Men > Clothing > Shorts > Pleated",5,"Clothing, Shoes & Jewelry > Men > Clothing > Shorts",Pleated,2,2
"Clothing, Shoes & Jewelry > Men > Clothing > Sleep & Lounge > Nightshirts",5,"Clothing, Shoes & Jewelry > Men > Clothing > Sleep & Lounge",Nightshirts,1,1
"Clothing, Shoes & Jewelry > Men > Clothing > Sleep & Lounge > Robes",5,"Clothing, Shoes & Jewelry > Men > Clothing > Sleep & Lounge",Robes,44,44
"Clothing, Shoes & Jewelry > Men > Clothing > Sleep & Lounge > Sleep Bottoms",5,"Clothing, Shoes & Jewelry > Men > Clothing > Sleep & Lounge",Sleep Bottoms,68,68
"Clothing, Shoes & Jewelry > Men > Clothing > Sleep & Lounge > Sleep Sets",5,"Clothing, Shoes & Jewelry > Men > Clothing > Sleep & Lounge",Sleep Sets,37,37
"Clothing, Shoes & Jewelry > Men > Clothing > Sleep & Lounge > Sleep Tops",5,"Clothing, Shoes & Jewelry > Men > Clothing > Sleep & Lounge",Sleep Tops,4,4
"Clothing, Shoes & Jewelry > Men > Clothing > Socks & Hosiery > Slipper Socks",5,"Clothing, Shoes & Jewelry > Men > Clothing > Socks & Hosiery",Slipper Socks,3,3
"Clothing, Shoes & Jewelry > Men > Clothing > Socks & Hosiery > Socks",5,"Clothing, Shoes & Jewelry > Men > Clothing > Socks & Hosiery",Socks,125,82
"Clothing, Shoes & Jewelry > Men > Clothing > Suits & Sport Coats > Sport Coats & Blazers",5,"Clothing, Shoes & Jewelry > Men > Clothing > Suits & Sport Coats",Sport Coats & Blazers,43,43
"Clothing, Shoes & Jewelry > Men > Clothing > Suits & Sport Coats > Suit Separates",5,"Clothing, Shoes & Jewelry > Men > Clothing > Suits & Sport Coats",Suit Separates,9,0
"Clothing, Shoes & Jewelry > Men > Clothing > Suits & Sport Coats > Suits",5,"Clothing, Shoes & Jewelry > Men > Clothing > Suits & Sport Coats",Suits,29,29
"Clothing, Shoes & Jewelry > Men > Clothing > Suits & Sport Coats > Tuxedos",5,"Clothing, Shoes & Jewelry > Men > Clothing > Suits & Sport Coats",Tuxedos,5,5
"Clothing, Shoes & Jewelry > Men > Clothing > Suits & Sport Coats > Vests",5,"Clothing, Shoes & Jewelry > Men > Clothing > Suits & Sport Coats",Vests,35,35
"Clothing, Shoes & Jewelry > Men > Clothing > Sweaters > Cardigans",5,"Clothing, Shoes & Jewelry > Men > Clothing > Sweaters",Cardigans,21,21
"Clothing, Shoes & Jewelry > Men > Clothing > Sweaters > Pullovers",5,"Clothing, Shoes & Jewelry > Men > Clothing > Sweaters",Pullovers,71,71
"Clothing, Shoes & Jewelry > Men > Clothing > Sweaters > Vests",5,"Clothing, Shoes & Jewelry > Men > Clothing > Sweaters",Vests,9,9
"Clothing, Shoes & Jewelry > Men > Clothing > Swim > Board Shorts",5,"Clothing, Shoes & Jewelry > Men > Clothing > Swim",Board Shorts,54,54
"Clothing, Shoes & Jewelry > Men > Clothing > Swim > Briefs",5,"Clothing, Shoes & Jewelry > Men > Clothing > Swim",Briefs,10,10
"Clothing, Shoes & Jewelry > Men > Clothing > Swim > Rash Guard Shirts",5,"Clothing, Shoes & Jewelry > Men > Clothing > Swim",Rash Guard Shirts,23,23
"Clothing, Shoes & Jewelry > Men > Clothing > Swim > Trunks",5,"Clothing, Shoes & Jewelry > Men > Clothing > Swim",Trunks,38,38
"Clothing, Shoes & Jewelry > Men > Clothing > Underwear > Bikinis",5,"Clothing, Shoes & Jewelry > Men > Clothing > Underwear",Bikinis,6,6
"Clothing, Shoes & Jewelry > Men > Clothing > Underwear > Boxer Briefs",5,"Clothing, Shoes & Jewelry > Men > Clothing > Underwear",Boxer Briefs,113,113
"Clothing, Shoes & Jewelry > Men > Clothing > Underwear > Boxers",5,"Clothing, Shoes & Jewelry > Men > Clothing > Underwear",Boxers,27,27
"Clothing, Shoes & Jewelry > Men > Clothing > Underwear > Briefs",5,"Clothing, Shoes & Jewelry > Men > Clothing > Underwear",Briefs,41,41
"Clothing, Shoes & Jewelry > Men > Clothing > Underwear > G-Strings & Thongs",5,"Clothing, Shoes & Jewelry > Men > Clothing > Underwear",G-Strings & Thongs,8,8
"Clothing, Shoes & Jewelry > Men > Clothing > Underwear > Shapewear",5,"Clothing, Shoes & Jewelry > Men > Clothing > Underwear",Shapewear,3,3
"Clothing, Shoes & Jewelry > Men > Clothing > Underwear > Thermal Underwear",5,"Clothing, Shoes & Jewelry > Men > Clothing > Underwear",Thermal Underwear,31,0
"Clothing, Shoes & Jewelry > Men > Clothing > Underwear > Trunks",5,"Clothing, Shoes & Jewelry > Men > Clothing > Underwear",Trunks,15,15
"Clothing, Shoes & Jewelry > Men > Clothing > Underwear > Undershirts",5,"Clothing, Shoes & Jewelry > Men > Clothing > Underwear",Undershirts,40,40
"Clothing, Shoes & Jewelry > Men > Jewelry > Body Jewelry > Faux Body Piercing Jewelry",5,"Clothing, Shoes & Jewelry > Men > Jewelry > Body Jewelry",Faux Body Piercing Jewelry,2,2
"Clothing, Shoes & Jewelry > Men > Jewelry > Body Jewelry > Piercing Jewelry",5,"Clothing, Shoes & Jewelry > Men > Jewelry > Body Jewelry",Piercing Jewelry,8,0
"Clothing, Shoes & Jewelry > Men > Jewelry > Bracelets > Cuff",5,"Clothing, Shoes & Jewelry > Men > Jewelry > Bracelets",Cuff,30,30
"Clothing, Shoes & Jewelry > Men > Jewelry > Bracelets > Identification",5,"Clothing, Shoes & Jewelry > Men > Jewelry > Bracelets",Identification,1,1
"Clothing, Shoes & Jewelry > Men > Jewelry > Bracelets > Link",5,"Clothing, Shoes & Jewelry > Men > Jewelry > Bracelets",Link,46,46
"Clothing, Shoes & Jewelry > Men > Shoes > Athletic > Ballet & Dance",5,"Clothing, Shoes & Jewelry > Men > Shoes > Athletic",Ballet & Dance,4,4
"Clothing, Shoes & Jewelry > Men > Shoes > Athletic > Bowling",5,"Clothing, Shoes & Jewelry > Men > Shoes > Athletic",Bowling,12,12
"Clothing, Shoes & Jewelry > Men > Shoes > Athletic > Cycling",5,"Clothing, Shoes & Jewelry > Men > Shoes > Athletic",Cycling,24,24
"Clothing, Shoes & Jewelry > Men > Shoes > Athletic > Equestrian Sport Boots",5,"Clothing, Shoes & Jewelry > Men > Shoes > Athletic",Equestrian Sport Boots,1,1
"Clothing, Shoes & Jewelry > Men > Shoes > Athletic > Fitness & Cross-Training",5,"Clothing, Shoes & Jewelry > Men > Shoes > Athletic",Fitness & Cross-Training,65,65
"Clothing, Shoes & Jewelry > Men > Shoes > Athletic > Golf",5,"Clothing, Shoes & Jewelry > Men > Shoes > Athletic",Golf,45,45
"Clothing, Shoes & Jewelry > Men > Shoes > Athletic > Running",5,"Clothing, Shoes & Jewelry > Men > Shoes > Athletic",Running,437,63
"Clothing, Shoes & Jewelry > Men > Shoes > Athletic > Skateboarding",5,"Clothing, Shoes & Jewelry > Men > Shoes > Athletic",Skateboarding,61,61
"Clothing, Shoes & Jewelry > Men > Shoes > Athletic > Sport Sandals & Slides",5,"Clothing, Shoes & Jewelry > Men > Shoes > Athletic",Sport Sandals & Slides,54,54
"Clothing, Shoes & Jewelry > Men > Shoes > Athletic > Team Sports",5,"Clothing, Shoes & Jewelry > Men > Shoes > Athletic",Team Sports,185,0
"Clothing, Shoes & Jewelry > Men > Shoes > Athletic > Tennis & Racquet Sports",5,"Clothing, Shoes & Jewelry > Men > Shoes > Athletic",Tennis & Racquet Sports,44,44
"Clothing, Shoes & Jewelry > Men > Shoes > Athletic > Walking",5,"Clothing, Shoes & Jewelry > Men > Shoes > Athletic",Walking,99,99
"Clothing, Shoes & Jewelry > Men > Shoes > Athletic > Water Shoes",5,"Clothing, Shoes & Jewelry > Men > Shoes > Athletic",Water Shoes,36,36
"Clothing, Shoes & Jewelry > Men > Shoes > Athletic > Wrestling",5,"Clothing, Shoes & Jewelry > Men > Shoes > Athletic",Wrestling,12,12
"Clothing, Shoes & Jewelry > Men > Shoes > Boots > Chelsea",5,"Clothing, Shoes & Jewelry > Men > Shoes > Boots",Chelsea,12,12
"Clothing, Shoes & Jewelry > Men > Shoes > Boots > Chukka",5,"Clothing, Shoes & Jewelry > Men > Shoes > Boots",Chukka,60,60
"Clothing, Shoes & Jewelry > Men > Shoes > Boots > Motorcycle & Combat",5,"Clothing, Shoes & Jewelry > Men > Shoes > Boots",Motorcycle & Combat,12,12
"Clothing, Shoes & Jewelry > Men > Shoes > Boots > Oxford & Derby",5,"Clothing, Shoes & Jewelry > Men > Shoes > Boots",Oxford & Derby,6,6
"Clothing, Shoes & Jewelry > Men > Shoes > Boots > Rain",5,"Clothing, Shoes & Jewelry > Men > Shoes > Boots",Rain,2,2
"Clothing, Shoes & Jewelry > Men > Shoes > Boots > Western",5,"Clothing, Shoes & Jewelry > Men > Shoes > Boots",Western,19,19
"Clothing, Shoes & Jewelry > Men > Shoes > Outdoor > Climbing",5,"Clothing, Shoes & Jewelry > Men > Shoes > Outdoor",Climbing,15,15
"Clothing, Shoes & Jewelry > Men > Shoes > Outdoor > Hiking & Trekking",5,"Clothing, Shoes & Jewelry > Men > Shoes > Outdoor",Hiking & Trekking,166,1
"Clothing, Shoes & Jewelry > Men > Shoes > Outdoor > Hunting",5,"Clothing, Shoes & Jewelry > Men > Shoes > Outdoor",Hunting,1,1
"Clothing, Shoes & Jewelry > Men > Shoes > Outdoor > Rain Footwear",5,"Clothing, Shoes & Jewelry > Men > Shoes > Outdoor",Rain Footwear,1,1
"Clothing, Shoes & Jewelry > Men > Shoes > Outdoor > Snow Boots",5,"Clothing, Shoes & Jewelry > Men > Shoes > Outdoor",Snow Boots,1,1
"Clothing, Shoes & Jewelry > Men > Uniforms, Work & Safety > Clothing > Food Service",5,"Clothing, Shoes & Jewelry > Men > Uniforms, Work & Safety > Clothing",Food Service,8,2
"Clothing, Shoes & Jewelry > Men > Uniforms, Work & Safety > Clothing > Medical",5,"Clothing, Shoes & Jewelry > Men > Uniforms, Work & Safety > Clothing",Medical,20,0
"Clothing, Shoes & Jewelry > Men > Uniforms, Work & Safety > Clothing > Military",5,"Clothing, Shoes & Jewelry > Men > Uniforms, Work & Safety > Clothing",Military,65,3
"Clothing, Shoes & Jewelry > Men > Uniforms, Work & Safety > Clothing > Work Utility & Safety",5,"Clothing, Shoes & Jewelry > Men > Uniforms, Work & Safety > Clothing",Work Utility & Safety,78,2
"Clothing, Shoes & Jewelry > Men > Uniforms, Work & Safety > Shoes > Health Care & Food Service",5,"Clothing, Shoes & Jewelry > Men > Uniforms, Work & Safety > Shoes",Health Care & Food Service,8,8
"Clothing, Shoes & Jewelry > Men > Uniforms, Work & Safety > Shoes > Military & Tactical",5,"Clothing, Shoes & Jewelry > Men > Uniforms, Work & Safety > Shoes",Military & Tactical,7,7
"Clothing, Shoes & Jewelry > Men > Uniforms, Work & Safety > Shoes > Work & Utility",5,"Clothing, Shoes & Jewelry > Men > Uniforms, Work & Safety > Shoes",Work & Utility,138,0
"Clothing, Shoes & Jewelry > Novelty & More > Clothing > Exotic Apparel > Men",5,"Clothing, Shoes & Jewelry > Novelty & More > Clothing > Exotic Apparel",Men,3,0
"Clothing, Shoes & Jewelry > Novelty & More > Clothing > Exotic Apparel > Women",5,"Clothing, Shoes & Jewelry > Novelty & More > Clothing > Exotic Apparel",Women,78,1
"Clothing, Shoes & Jewelry > Novelty & More > Clothing > Novelty > Boys",5,"Clothing, Shoes & Jewelry > Novelty & More > Clothing > Novelty",Boys,72,1
"Clothing, Shoes & Jewelry > Novelty & More > Clothing > Novelty > Girls",5,"Clothing, Shoes & Jewelry > Novelty & More > Clothing > Novelty",Girls,70,0
"Clothing, Shoes & Jewelry > Novelty & More > Clothing > Novelty > Men",5,"Clothing, Shoes & Jewelry > Novelty & More > Clothing > Novelty",Men,1612,13
"Clothing, Shoes & Jewelry > Novelty & More > Clothing > Novelty > Women",5,"Clothing, Shoes & Jewelry > Novelty & More > Clothing > Novelty",Women,1259,40
"Clothing, Shoes & Jewelry > Shoe, Jewelry & Watch Accessories > Jewelry Accessories > Jewelry Boxes & Organizers > Jewelry Armoires",5,"Clothing, Shoes & Jewelry > Shoe, Jewelry & Watch Accessories > Jewelry Accessories > Jewelry Boxes & Organizers",Jewelry Armoires,12,12
"Clothing, Shoes & Jewelry > Shoe, Jewelry & Watch Accessories > Jewelry Accessories > Jewelry Boxes & Organizers > Jewelry Boxes",5,"Clothing, Shoes & Jewelry > Shoe, Jewelry & Watch Accessories > Jewelry Accessories > Jewelry Boxes & Organizers",Jewelry Boxes,85,85
"Clothing, Shoes & Jewelry > Shoe, Jewelry & Watch Accessories > Jewelry Accessories > Jewelry Boxes & Organizers > Jewelry Rolls",5,"Clothing, Shoes & Jewelry > Shoe, Jewelry & Watch Accessories > Jewelry Accessories > Jewelry Boxes & Organizers",Jewelry Rolls,7,7
"Clothing, Shoes & Jewelry > Shoe, Jewelry & Watch Accessories > Jewelry Accessories > Jewelry Boxes & Organizers > Jewelry Towers",5,"Clothing, Shoes & Jewelry > Shoe, Jewelry & Watch Accessories > Jewelry Accessories > Jewelry Boxes & Organizers",Jewelry Towers,27,27
"Clothing, Shoes & Jewelry > Shoe, Jewelry & Watch Accessories > Jewelry Accessories > Jewelry Boxes & Organizers > Jewelry Trays",5,"Clothing, Shoes & Jewelry > Shoe, Jewelry & Watch Accessories > Jewelry Accessories > Jewelry Boxes & Organizers",Jewelry Trays,29,29
"Clothing, Shoes & Jewelry > Shoe, Jewelry & Watch Accessories > Shoe Care & Accessories > Shoe Care Treatments & Dyes > Shoe Care Kits",5,"Clothing, Shoes & Jewelry > Shoe, Jewelry & Watch Accessories > Shoe Care & Accessories > Shoe Care Treatments & Dyes",Shoe Care Kits,3,3
"Clothing, Shoes & Jewelry > Shoe, Jewelry & Watch Accessories > Shoe Care & Accessories > Shoe Care Treatments & Dyes > Shoe Treatments & Polishes",5,"Clothing, Shoes & Jewelry > Shoe, Jewelry & Watch Accessories > Shoe Care & Accessories > Shoe Care Treatments & Dyes",Shoe Treatments & Polishes,1,1
"Clothing, Shoes & Jewelry > Sport Specific Clothing > American Football > Boys > Jerseys",5,"Clothing, Shoes & Jewelry > Sport Specific Clothing > American Football > Boys",Jerseys,2,2
"Clothing, Shoes & Jewelry > Sport Specific Clothing > American Football > Boys > Pants",5,"Clothing, Shoes & Jewelry > Sport Specific Clothing > American Football > Boys",Pants,1,1
"Clothing, Shoes & Jewelry > Sport Specific Clothing > American Football > Men > Jerseys",5,"Clothing, Shoes & Jewelry > Sport Specific Clothing > American Football > Men",Jerseys,2,2
"Clothing, Shoes & Jewelry > Sport Specific Clothing > American Football > Men > Pants",5,"Clothing, Shoes & Jewelry > Sport Specific Clothing > American Football > Men",Pants,1,1
"Clothing, Shoes & Jewelry > Sport Specific Clothing > Baseball > Boys > Pants",5,"Clothing, Shoes & Jewelry > Sport Specific Clothing > Baseball > Boys",Pants,4,4
"Clothing, Shoes & Jewelry > Sport Specific Clothing > Baseball > Men > Jerseys",5,"Clothing, Shoes & Jewelry > Sport Specific Clothing > Baseball > Men",Jerseys,5,5
"Clothing, Shoes & Jewelry > Sport Specific Clothing > Baseball > Men > Pants",5,"Clothing, Shoes & Jewelry > Sport Specific Clothing > Baseball > Men",Pants,2,2
"Clothing, Shoes & Jewelry > Sport Specific Clothing > Basketball > Boys > Jerseys",5,"Clothing, Shoes & Jewelry > Sport Specific Clothing > Basketball > Boys",Jerseys,1,1
"Clothing, Shoes & Jewelry > Sport Specific Clothing > Basketball > Men > Jerseys",5,"Clothing, Shoes & Jewelry > Sport Specific Clothing > Basketball > Men",Jerseys,5,5
"Clothing, Shoes & Jewelry > Sport Specific Clothing > Basketball > Women > Jerseys",5,"Clothing, Shoes & Jewelry > Sport Specific Clothing > Basketball > Women",Jerseys,1,1
"Clothing, Shoes & Jewelry > Sport Specific Clothing > Boxing > Men > Trunks",5,"Clothing, Shoes & Jewelry > Sport Specific Clothing > Boxing > Men",Trunks,3,3
"Clothing, Shoes & Jewelry > Sport Specific Clothing > Cheerleading > Women > Tops",5,"Clothing, Shoes & Jewelry > Sport Specific Clothing > Cheerleading > Women",Tops,6,6
"Clothing, Shoes & Jewelry > Sport Specific Clothing > Competitive Swimwear > Boys > Briefs",5,"Clothing, Shoes & Jewelry > Sport Specific Clothing > Competitive Swimwear > Boys",Briefs,1,1
"Clothing, Shoes & Jewelry > Sport Specific Clothing > Competitive Swimwear > Boys > Jammers",5,"Clothing, Shoes & Jewelry > Sport Specific Clothing > Competitive Swimwear > Boys",Jammers,4,4
"Clothing, Shoes & Jewelry > Sport Specific Clothing > Competitive Swimwear > Girls > One-Piece Suits",5,"Clothing, Shoes & Jewelry > Sport Specific Clothing > Competitive Swimwear > Girls",One-Piece Suits,2,2
"Clothing, Shoes & Jewelry > Sport Specific Clothing > Competitive Swimwear > Girls > Two-Piece Suits",5,"Clothing, Shoes & Jewelry > Sport Specific Clothing > Competitive Swimwear > Girls",Two-Piece Suits,2,2
"Clothing, Shoes & Jewelry > Sport Specific Clothing > Competitive Swimwear > Men > Bodysuits",5,"Clothing, Shoes & Jewelry > Sport Specific Clothing > Competitive Swimwear > Men",Bodysuits,1,1
"Clothing, Shoes & Jewelry > Sport Specific Clothing > Competitive Swimwear > Men > Briefs",5,"Clothing, Shoes & Jewelry > Sport Specific Clothing > Competitive Swimwear > Men",Briefs,6,6
"Clothing, Shoes & Jewelry > Sport Specific Clothing > Competitive Swimwear > Men > Jammers",5,"Clothing, Shoes & Jewelry > Sport Specific Clothing > Competitive Swimwear > Men",Jammers,12,12
"Clothing, Shoes & Jewelry > Sport Specific Clothing > Competitive Swimwear > Women > Bodysuits",5,"Clothing, Shoes & Jewelry > Sport Specific Clothing > Competitive Swimwear > Women",Bodysuits,1,1
"Clothing, Shoes & Jewelry > Sport Specific Clothing > Competitive Swimwear > Women > One-Piece Suits",5,"Clothing, Shoes & Jewelry > Sport Specific Clothing > Competitive Swimwear > Women",One-Piece Suits,45,45
"Clothing, Shoes & Jewelry > Sport Specific Clothing > Competitive Swimwear > Women > Two-Piece Suits",5,"Clothing, Shoes & Jewelry > Sport Specific Clothing > Competitive Swimwear > Women",Two-Piece Suits,4,4
"Clothing, Shoes & Jewelry > Sport Specific Clothing > Cycling > Boys > Gloves",5,"Clothing, Shoes & Jewelry > Sport Specific Clothing > Cycling > Boys",Gloves,2,2
"Clothing, Shoes & Jewelry > Sport Specific Clothing > Cycling > Boys > Tights, Pants & Shorts",5,"Clothing, Shoes & Jewelry > Sport Specific Clothing > Cycling > Boys","Tights, Pants & Shorts",1,0
"Clothing, Shoes & Jewelry > Sport Specific Clothing > Cycling > Girls > Jerseys",5,"Clothing, Shoes & Jewelry > Sport Specific Clothing > Cycling > Girls",Jerseys,1,1
"Clothing, Shoes & Jewelry > Sport Specific Clothing > Cycling > Men > Gloves",5,"Clothing, Shoes & Jewelry > Sport Specific Clothing > Cycling > Men",Gloves,41,41
"Clothing, Shoes & Jewelry > Sport Specific Clothing > Cycling > Men > Hats & Headwear",5,"Clothing, Shoes & Jewelry > Sport Specific Clothing > Cycling > Men",Hats & Headwear,4,0
"Clothing, Shoes & Jewelry > Sport Specific Clothing > Cycling > Men > Jackets",5,"Clothing, Shoes & Jewelry > Sport Specific Clothing > Cycling > Men",Jackets,6,6
"Clothing, Shoes & Jewelry > Sport Specific Clothing > Cycling > Men > Jerseys",5,"Clothing, Shoes & Jewelry > Sport Specific Clothing > Cycling > Men",Jerseys,50,50
"Clothing, Shoes & Jewelry > Sport Specific Clothing > Cycling > Men > Leg Warmers",5,"Clothing, Shoes & Jewelry > Sport Specific Clothing > Cycling > Men",Leg Warmers,1,1
"Clothing, Shoes & Jewelry > Sport Specific Clothing > Cycling > Men > Sets",5,"Clothing, Shoes & Jewelry > Sport Specific Clothing > Cycling > Men",Sets,4,4
"Clothing, Shoes & Jewelry > Sport Specific Clothing > Cycling > Men > Tights, Pants & Shorts",5,"Clothing, Shoes & Jewelry > Sport Specific Clothing > Cycling > Men","Tights, Pants & Shorts",39,1
"Clothing, Shoes & Jewelry > Sport Specific Clothing > Cycling > Men > Underwear",5,"Clothing, Shoes & Jewelry > Sport Specific Clothing > Cycling > Men",Underwear,5,5
"Clothing, Shoes & Jewelry > Sport Specific Clothing > Cycling > Women > Gloves",5,"Clothing, Shoes & Jewelry > Sport Specific Clothing > Cycling > Women",Gloves,6,6
"Clothing, Shoes & Jewelry > Sport Specific Clothing > Cycling > Women > Jackets",5,"Clothing, Shoes & Jewelry > Sport Specific Clothing > Cycling > Women",Jackets,5,5
"Clothing, Shoes & Jewelry > Sport Specific Clothing > Cycling > Women > Jerseys",5,"Clothing, Shoes & Jewelry > Sport Specific Clothing > Cycling > Women",Jerseys,19,19
"Clothing, Shoes & Jewelry > Sport Specific Clothing > Cycling > Women > Tights, Pants & Shorts",5,"Clothing, Shoes & Jewelry > Sport Specific Clothing > Cycling > Women","Tights, Pants & Shorts",15,0
"Clothing, Shoes & Jewelry > Sport Specific Clothing > Cycling > Women > Underwear",5,"Clothing, Shoes & Jewelry > Sport Specific Clothing > Cycling > Women",Underwear,1,1
"Clothing, Shoes & Jewelry > Sport Specific Clothing > Dance > Girls > Dresses",5,"Clothing, Shoes & Jewelry > Sport Specific Clothing > Dance > Girls",Dresses,7,7
"Clothing, Shoes & Jewelry > Sport Specific Clothing > Dance > Girls > Shorts",5,"Clothing, Shoes & Jewelry > Sport Specific Clothing > Dance > Girls",Shorts,2,2
"Clothing, Shoes & Jewelry > Sport Specific Clothing > Dance > Girls > Skirts",5,"Clothing, Shoes & Jewelry > Sport Specific Clothing > Dance > Girls",Skirts,4,4
"Clothing, Shoes & Jewelry > Sport Specific Clothing > Dance > Girls > Tights",5,"Clothing, Shoes & Jewelry > Sport Specific Clothing > Dance > Girls",Tights,7,7
"Clothing, Shoes & Jewelry > Sport Specific Clothing > Dance > Girls > Tops",5,"Clothing, Shoes & Jewelry > Sport Specific Clothing > Dance > Girls",Tops,4,4
"Clothing, Shoes & Jewelry > Sport Specific Clothing > Dance > Men > Pants",5,"Clothing, Shoes & Jewelry > Sport Specific Clothing > Dance > Men",Pants,1,1
"Clothing, Shoes & Jewelry > Sport Specific Clothing > Dance > Women > Dresses",5,"Clothing, Shoes & Jewelry > Sport Specific Clothing > Dance > Women",Dresses,14,14
"Clothing, Shoes & Jewelry > Sport Specific Clothing > Dance > Women > Skirts",5,"Clothing, Shoes & Jewelry > Sport Specific Clothing > Dance > Women",Skirts,3,3
"Clothing, Shoes & Jewelry > Sport Specific Clothing > Dance > Women > Tights",5,"Clothing, Shoes & Jewelry > Sport Specific Clothing > Dance > Women",Tights,1,1
"Clothing, Shoes & Jewelry > Sport Specific Clothing > Dance > Women > Tops",5,"Clothing, Shoes & Jewelry > Sport Specific Clothing > Dance > Women",Tops,1,1
"Clothing, Shoes & Jewelry > Sport Specific Clothing > Equestrian Sports > Kids > Breeches",5,"Clothing, Shoes & Jewelry > Sport Specific Clothing > Equestrian Sports > Kids",Breeches,4,4
"Clothing, Shoes & Jewelry > Sport Specific Clothing > Equestrian Sports > Men > Shirts",5,"Clothing, Shoes & Jewelry > Sport Specific Clothing > Equestrian Sports > Men",Shirts,1,1
"Clothing, Shoes & Jewelry > Sport Specific Clothing > Equestrian Sports > Women > Breeches",5,"Clothing, Shoes & Jewelry > Sport Specific Clothing > Equestrian Sports > Women",Breeches,4,4
"Clothing, Shoes & Jewelry > Sport Specific Clothing > Equestrian Sports > Women > Shirts",5,"Clothing, Shoes & Jewelry > Sport Specific Clothing > Equestrian Sports > Women",Shirts,7,7
"Clothing, Shoes & Jewelry > Sport Specific Clothing > Golf > Men > Accessories",5,"Clothing, Shoes & Jewelry > Sport Specific Clothing > Golf > Men",Accessories,50,0
"Clothing, Shoes & Jewelry > Sport Specific Clothing > Golf > Men > Pants",5,"Clothing, Shoes & Jewelry > Sport Specific Clothing > Golf > Men",Pants,10,10
"Clothing, Shoes & Jewelry > Sport Specific Clothing > Golf > Men > Shirts",5,"Clothing, Shoes & Jewelry > Sport Specific Clothing > Golf > Men",Shirts,4,4
"Clothing, Shoes & Jewelry > Sport Specific Clothing > Golf > Women > Accessories",5,"Clothing, Shoes & Jewelry > Sport Specific Clothing > Golf > Women",Accessories,39,0
"Clothing, Shoes & Jewelry > Sport Specific Clothing > Golf > Women > Pants",5,"Clothing, Shoes & Jewelry > Sport Specific Clothing > Golf > Women",Pants,2,2
"Clothing, Shoes & Jewelry > Sport Specific Clothing > Golf > Women > Shirts",5,"Clothing, Shoes & Jewelry > Sport Specific Clothing > Golf > Women",Shirts,2,2
"Clothing, Shoes & Jewelry > Sport Specific Clothing > Gymnastics > Girls > Leotards",5,"Clothing, Shoes & Jewelry > Sport Specific Clothing > Gymnastics > Girls",Leotards,4,4
"Clothing, Shoes & Jewelry > Sport Specific Clothing > Hiking & Outdoor Recreation > Men > Jackets",5,"Clothing, Shoes & Jewelry > Sport Specific Clothing > Hiking & Outdoor Recreation > Men",Jackets,1,0
"Clothing, Shoes & Jewelry > Sport Specific Clothing > Hiking & Outdoor Recreation > Men > Pants",5,"Clothing, Shoes & Jewelry > Sport Specific Clothing > Hiking & Outdoor Recreation > Men",Pants,20,20
"Clothing, Shoes & Jewelry > Sport Specific Clothing > Hiking & Outdoor Recreation > Men > Shorts",5,"Clothing, Shoes & Jewelry > Sport Specific Clothing > Hiking & Outdoor Recreation > Men",Shorts,4,4
"Clothing, Shoes & Jewelry > Sport Specific Clothing > Hiking & Outdoor Recreation > Men > Socks",5,"Clothing, Shoes & Jewelry > Sport Specific Clothing > Hiking & Outdoor Recreation > Men",Socks,3,3
"Clothing, Shoes & Jewelry > Sport Specific Clothing > Hiking & Outdoor Recreation > Women > Pants",5,"Clothing, Shoes & Jewelry > Sport Specific Clothing > Hiking & Outdoor Recreation > Women",Pants,22,22
"Clothing, Shoes & Jewelry > Sport Specific Clothing > Hiking & Outdoor Recreation > Women > Shorts",5,"Clothing, Shoes & Jewelry > Sport Specific Clothing > Hiking & Outdoor Recreation > Women",Shorts,5,5
"Clothing, Shoes & Jewelry > Sport Specific Clothing > Hiking & Outdoor Recreation > Women > Socks",5,"Clothing, Shoes & Jewelry > Sport Specific Clothing > Hiking & Outdoor Recreation > Women",Socks,3,3
"Clothing, Shoes & Jewelry > Sport Specific Clothing > Ice Hockey > Men > Jerseys",5,"Clothing, Shoes & Jewelry > Sport Specific Clothing > Ice Hockey > Men",Jerseys,4,4
"Clothing, Shoes & Jewelry > Sport Specific Clothing > Ice Hockey > Men > Socks",5,"Clothing, Shoes & Jewelry > Sport Specific Clothing > Ice Hockey > Men",Socks,1,1
"Clothing, Shoes & Jewelry > Sport Specific Clothing > Ice Skating > Girls > Dresses",5,"Clothing, Shoes & Jewelry > Sport Specific Clothing > Ice Skating > Girls",Dresses,1,1
"Clothing, Shoes & Jewelry > Sport Specific Clothing > Ice Skating > Women > Jackets",5,"Clothing, Shoes & Jewelry > Sport Specific Clothing > Ice Skating > Women",Jackets,1,1
"Clothing, Shoes & Jewelry > Sport Specific Clothing > Ice Skating > Women > Pants",5,"Clothing, Shoes & Jewelry > Sport Specific Clothing > Ice Skating > Women",Pants,1,1
"Clothing, Shoes & Jewelry > Sport Specific Clothing > Martial Arts > Jiu-Jitsu > Belts",5,"Clothing, Shoes & Jewelry > Sport Specific Clothing > Martial Arts > Jiu-Jitsu",Belts,1,1
"Clothing, Shoes & Jewelry > Sport Specific Clothing > Martial Arts > Jiu-Jitsu > Sets",5,"Clothing, Shoes & Jewelry > Sport Specific Clothing > Martial Arts > Jiu-Jitsu",Sets,6,6
"Clothing, Shoes & Jewelry > Sport Specific Clothing > Martial Arts > Karate > Belts",5,"Clothing, Shoes & Jewelry > Sport Specific Clothing > Martial Arts > Karate",Belts,1,1
"Clothing, Shoes & Jewelry > Sport Specific Clothing > Martial Arts > Karate > Bottoms",5,"Clothing, Shoes & Jewelry > Sport Specific Clothing > Martial Arts > Karate",Bottoms,1,1
"Clothing, Shoes & Jewelry > Sport Specific Clothing > Martial Arts > Karate > Sets",5,"Clothing, Shoes & Jewelry > Sport Specific Clothing > Martial Arts > Karate",Sets,2,2
"Clothing, Shoes & Jewelry > Sport Specific Clothing > Martial Arts > Kung Fu > Sets",5,"Clothing, Shoes & Jewelry > Sport Specific Clothing > Martial Arts > Kung Fu",Sets,1,1
"Clothing, Shoes & Jewelry > Sport Specific Clothing > Martial Arts > Taekwondo > Sets",5,"Clothing, Shoes & Jewelry > Sport Specific Clothing > Martial Arts > Taekwondo",Sets,1,1
"Clothing, Shoes & Jewelry > Sport Specific Clothing > Rugby > Men > Jerseys",5,"Clothing, Shoes & Jewelry > Sport Specific Clothing > Rugby > Men",Jerseys,1,1
"Clothing, Shoes & Jewelry > Sport Specific Clothing > Running > Boys > Pants",5,"Clothing, Shoes & Jewelry > Sport Specific Clothing > Running > Boys",Pants,2,2
"Clothing, Shoes & Jewelry > Sport Specific Clothing > Running > Girls > Socks",5,"Clothing, Shoes & Jewelry > Sport Specific Clothing > Running > Girls",Socks,1,1
"Clothing, Shoes & Jewelry > Sport Specific Clothing > Running > Men > Gloves",5,"Clothing, Shoes & Jewelry > Sport Specific Clothing > Running > Men",Gloves,4,4
"Clothing, Shoes & Jewelry > Sport Specific Clothing > Running > Men > Jackets",5,"Clothing, Shoes & Jewelry > Sport Specific Clothing > Running > Men",Jackets,1,1
"Clothing, Shoes & Jewelry > Sport Specific Clothing > Running > Men > Pants",5,"Clothing, Shoes & Jewelry > Sport Specific Clothing > Running > Men",Pants,5,5
"Clothing, Shoes & Jewelry > Sport Specific Clothing > Running > Men > Shirts",5,"Clothing, Shoes & Jewelry > Sport Specific Clothing > Running > Men",Shirts,1,1
"Clothing, Shoes & Jewelry > Sport Specific Clothing > Running > Men > Shorts",5,"Clothing, Shoes & Jewelry > Sport Specific Clothing > Running > Men",Shorts,3,3
"Clothing, Shoes & Jewelry > Sport Specific Clothing > Running > Men > Socks",5,"Clothing, Shoes & Jewelry > Sport Specific Clothing > Running > Men",Socks,10,10
"Clothing, Shoes & Jewelry > Sport Specific Clothing > Running > Women > Gloves",5,"Clothing, Shoes & Jewelry > Sport Specific Clothing > Running > Women",Gloves,1,1
"Clothing, Shoes & Jewelry > Sport Specific Clothing > Running > Women > Jackets",5,"Clothing, Shoes & Jewelry > Sport Specific Clothing > Running > Women",Jackets,4,4
"Clothing, Shoes & Jewelry > Sport Specific Clothing > Running > Women > Pants",5,"Clothing, Shoes & Jewelry > Sport Specific Clothing > Running > Women",Pants,6,6
"Clothing, Shoes & Jewelry > Sport Specific Clothing > Running > Women > Shorts",5,"Clothing, Shoes & Jewelry > Sport Specific Clothing > Running > Women",Shorts,5,5
"Clothing, Shoes & Jewelry > Sport Specific Clothing > Running > Women > Socks",5,"Clothing, Shoes & Jewelry > Sport Specific Clothing > Running > Women",Socks,7,7
"Clothing, Shoes & Jewelry > Sport Specific Clothing > Skiing > Boys > Bibs & Pants",5,"Clothing, Shoes & Jewelry > Sport Specific Clothing > Skiing > Boys",Bibs & Pants,1,0
"Clothing, Shoes & Jewelry > Sport Specific Clothing > Skiing > Boys > Gloves",5,"Clothing, Shoes & Jewelry > Sport Specific Clothing > Skiing > Boys",Gloves,3,3
"Clothing, Shoes & Jewelry > Sport Specific Clothing > Skiing > Boys > Jackets",5,"Clothing, Shoes & Jewelry > Sport Specific Clothing > Skiing > Boys",Jackets,4,4
"Clothing, Shoes & Jewelry > Sport Specific Clothing > Skiing > Girls > Bibs & Pants",5,"Clothing, Shoes & Jewelry > Sport Specific Clothing > Skiing > Girls",Bibs & Pants,1,0
"Clothing, Shoes & Jewelry > Sport Specific Clothing > Skiing > Girls > Gloves",5,"Clothing, Shoes & Jewelry > Sport Specific Clothing > Skiing > Girls",Gloves,1,1
"Clothing, Shoes & Jewelry > Sport Specific Clothing > Skiing > Girls > Jackets",5,"Clothing, Shoes & Jewelry > Sport Specific Clothing > Skiing > Girls",Jackets,2,2
"Clothing, Shoes & Jewelry > Sport Specific Clothing > Skiing > Men > Bibs & Pants",5,"Clothing, Shoes & Jewelry > Sport Specific Clothing > Skiing > Men",Bibs & Pants,7,0
"Clothing, Shoes & Jewelry > Sport Specific Clothing > Skiing > Men > Gloves",5,"Clothing, Shoes & Jewelry > Sport Specific Clothing > Skiing > Men",Gloves,15,15
"Clothing, Shoes & Jewelry > Sport Specific Clothing > Skiing > Men > Jackets",5,"Clothing, Shoes & Jewelry > Sport Specific Clothing > Skiing > Men",Jackets,13,13
"Clothing, Shoes & Jewelry > Sport Specific Clothing > Skiing > Men > Ski Suits",5,"Clothing, Shoes & Jewelry > Sport Specific Clothing > Skiing > Men",Ski Suits,1,1
"Clothing, Shoes & Jewelry > Sport Specific Clothing > Skiing > Men > Socks",5,"Clothing, Shoes & Jewelry > Sport Specific Clothing > Skiing > Men",Socks,2,2
"Clothing, Shoes & Jewelry > Sport Specific Clothing > Skiing > Women > Bibs & Pants",5,"Clothing, Shoes & Jewelry > Sport Specific Clothing > Skiing > Women",Bibs & Pants,8,0
"Clothing, Shoes & Jewelry > Sport Specific Clothing > Skiing > Women > Gloves",5,"Clothing, Shoes & Jewelry > Sport Specific Clothing > Skiing > Women",Gloves,10,10
"Clothing, Shoes & Jewelry > Sport Specific Clothing > Skiing > Women > Jackets",5,"Clothing, Shoes & Jewelry > Sport Specific Clothing > Skiing > Women",Jackets,20,20
"Clothing, Shoes & Jewelry > Sport Specific Clothing > Snowboarding > Boys > Jackets",5,"Clothing, Shoes & Jewelry > Sport Specific Clothing > Snowboarding > Boys",Jackets,1,1
"Clothing, Shoes & Jewelry > Sport Specific Clothing > Snowboarding > Boys > Pants",5,"Clothing, Shoes & Jewelry > Sport Specific Clothing > Snowboarding > Boys",Pants,1,1
"Clothing, Shoes & Jewelry > Sport Specific Clothing > Snowboarding > Men > Jackets",5,"Clothing, Shoes & Jewelry > Sport Specific Clothing > Snowboarding > Men",Jackets,4,4
"Clothing, Shoes & Jewelry > Sport Specific Clothing > Snowboarding > Men > Pants",5,"Clothing, Shoes & Jewelry > Sport Specific Clothing > Snowboarding > Men",Pants,4,4
"Clothing, Shoes & Jewelry > Sport Specific Clothing > Snowboarding > Women > Jackets",5,"Clothing, Shoes & Jewelry > Sport Specific Clothing > Snowboarding > Women",Jackets,5,5
"Clothing, Shoes & Jewelry > Sport Specific Clothing > Snowboarding > Women > Pants",5,"Clothing, Shoes & Jewelry > Sport Specific Clothing > Snowboarding > Women",Pants,7,7
"Clothing, Shoes & Jewelry > Sport Specific Clothing > Soccer & Futsal > Boys > Jerseys",5,"Clothing, Shoes & Jewelry > Sport Specific Clothing > Soccer & Futsal > Boys",Jerseys,3,3
"Clothing, Shoes & Jewelry > Sport Specific Clothing > Soccer & Futsal > Men > Jerseys",5,"Clothing, Shoes & Jewelry > Sport Specific Clothing > Soccer & Futsal > Men",Jerseys,5,5
"Clothing, Shoes & Jewelry > Sport Specific Clothing > Soccer & Futsal > Women > Jerseys",5,"Clothing, Shoes & Jewelry > Sport Specific Clothing > Soccer & Futsal > Women",Jerseys,2,2
"Clothing, Shoes & Jewelry > Sport Specific Clothing > Softball > Boys > Jerseys",5,"Clothing, Shoes & Jewelry > Sport Specific Clothing > Softball > Boys",Jerseys,1,1
"Clothing, Shoes & Jewelry > Sport Specific Clothing > Softball > Girls > Jerseys",5,"Clothing, Shoes & Jewelry > Sport Specific Clothing > Softball > Girls",Jerseys,1,1
"Clothing, Shoes & Jewelry > Sport Specific Clothing > Softball > Women > Jerseys",5,"Clothing, Shoes & Jewelry > Sport Specific Clothing > Softball > Women",Jerseys,3,3
"Clothing, Shoes & Jewelry > Sport Specific Clothing > Tennis > Girls > Shirts",5,"Clothing, Shoes & Jewelry > Sport Specific Clothing > Tennis > Girls",Shirts,1,1
"Clothing, Shoes & Jewelry > Sport Specific Clothing > Tennis > Men > Shorts",5,"Clothing, Shoes & Jewelry > Sport Specific Clothing > Tennis > Men",Shorts,1,1
"Clothing, Shoes & Jewelry > Sport Specific Clothing > Tennis > Women > Dresses",5,"Clothing, Shoes & Jewelry > Sport Specific Clothing > Tennis > Women",Dresses,1,1
"Clothing, Shoes & Jewelry > Sport Specific Clothing > Tennis > Women > Shirts",5,"Clothing, Shoes & Jewelry > Sport Specific Clothing > Tennis > Women",Shirts,2,2
"Clothing, Shoes & Jewelry > Sport Specific Clothing > Tennis > Women > Skirts & Skorts",5,"Clothing, Shoes & Jewelry > Sport Specific Clothing > Tennis > Women",Skirts & Skorts,1,0
"Clothing, Shoes & Jewelry > Sport Specific Clothing > Yoga > Men > Pants",5,"Clothing, Shoes & Jewelry > Sport Specific Clothing > Yoga > Men",Pants,1,1
"Clothing, Shoes & Jewelry > Sport Specific Clothing > Yoga > Women > Leggings",5,"Clothing, Shoes & Jewelry > Sport Specific Clothing > Yoga > Women",Leggings,93,93
"Clothing, Shoes & Jewelry > Sport Specific Clothing > Yoga > Women > Pants",5,"Clothing, Shoes & Jewelry > Sport Specific Clothing > Yoga > Women",Pants,33,33
"Clothing, Shoes & Jewelry > Sport Specific Clothing > Yoga > Women > Socks",5,"Clothing, Shoes & Jewelry > Sport Specific Clothing > Yoga > Women",Socks,9,9
"Clothing, Shoes & Jewelry > Toddler Test > Boys > Tops & Tees > Polos",5,"Clothing, Shoes & Jewelry > Toddler Test > Boys > Tops & Tees",Polos,2,2
"Clothing, Shoes & Jewelry > Toddler Test > Boys > Tops & Tees > Tees",5,"Clothing, Shoes & Jewelry > Toddler Test > Boys > Tops & Tees",Tees,24,24
"Clothing, Shoes & Jewelry > Toddler Test > Girls > Tops & Tees > Tanks & Camis",5,"Clothing, Shoes & Jewelry > Toddler Test > Girls > Tops & Tees",Tanks & Camis,1,1
"Clothing, Shoes & Jewelry > Toddler Test > Girls > Tops & Tees > Tees",5,"Clothing, Shoes & Jewelry > Toddler Test > Girls > Tops & Tees",Tees,21,21
"Clothing, Shoes & Jewelry > Uniforms, Work & Safety > Clothing > Food Service > Aprons",5,"Clothing, Shoes & Jewelry > Uniforms, Work & Safety > Clothing > Food Service",Aprons,10,10
"Clothing, Shoes & Jewelry > Uniforms, Work & Safety > Clothing > Food Service > Hats",5,"Clothing, Shoes & Jewelry > Uniforms, Work & Safety > Clothing > Food Service",Hats,5,5
"Clothing, Shoes & Jewelry > Women > Accessories > Gloves & Mittens > Arm Warmers",5,"Clothing, Shoes & Jewelry > Women > Accessories > Gloves & Mittens",Arm Warmers,11,11
"Clothing, Shoes & Jewelry > Women > Accessories > Gloves & Mittens > Cold Weather Gloves",5,"Clothing, Shoes & Jewelry > Women > Accessories > Gloves & Mittens",Cold Weather Gloves,73,73
"Clothing, Shoes & Jewelry > Women > Accessories > Gloves & Mittens > Mittens",5,"Clothing, Shoes & Jewelry > Women > Accessories > Gloves & Mittens",Mittens,12,12
"Clothing, Shoes & Jewelry > Women > Accessories > Hand Fans > Paddle Fans",5,"Clothing, Shoes & Jewelry > Women > Accessories > Hand Fans",Paddle Fans,1,1
"Clothing, Shoes & Jewelry > Women > Accessories > Handbag Accessories > Handbag Hangers",5,"Clothing, Shoes & Jewelry > Women > Accessories > Handbag Accessories",Handbag Hangers,12,12
"Clothing, Shoes & Jewelry > Women > Accessories > Handbag Accessories > Handbag Organizers",5,"Clothing, Shoes & Jewelry > Women > Accessories > Handbag Accessories",Handbag Organizers,20,20
"Clothing, Shoes & Jewelry > Women > Accessories > Hats & Caps > Balaclavas",5,"Clothing, Shoes & Jewelry > Women > Accessories > Hats & Caps",Balaclavas,45,45
"Clothing, Shoes & Jewelry > Women > Accessories > Hats & Caps > Baseball Caps",5,"Clothing, Shoes & Jewelry > Women > Accessories > Hats & Caps",Baseball Caps,95,95
"Clothing, Shoes & Jewelry > Women > Accessories > Hats & Caps > Berets",5,"Clothing, Shoes & Jewelry > Women > Accessories > Hats & Caps",Berets,10,10
"Clothing, Shoes & Jewelry > Women > Accessories > Hats & Caps > Bomber Hats",5,"Clothing, Shoes & Jewelry > Women > Accessories > Hats & Caps",Bomber Hats,5,5
"Clothing, Shoes & Jewelry > Women > Accessories > Hats & Caps > Bucket Hats",5,"Clothing, Shoes & Jewelry > Women > Accessories > Hats & Caps",Bucket Hats,21,21
"Clothing, Shoes & Jewelry > Women > Accessories > Hats & Caps > Cold Weather Headbands",5,"Clothing, Shoes & Jewelry > Women > Accessories > Hats & Caps",Cold Weather Headbands,12,12
"Clothing, Shoes & Jewelry > Women > Accessories > Hats & Caps > Cowboy Hats",5,"Clothing, Shoes & Jewelry > Women > Accessories > Hats & Caps",Cowboy Hats,13,13
"Clothing, Shoes & Jewelry > Women > Accessories > Hats & Caps > Fedoras",5,"Clothing, Shoes & Jewelry > Women > Accessories > Hats & Caps",Fedoras,16,16
"Clothing, Shoes & Jewelry > Women > Accessories > Hats & Caps > Headbands",5,"Clothing, Shoes & Jewelry > Women > Accessories > Hats & Caps",Headbands,55,55
"Clothing, Shoes & Jewelry > Women > Accessories > Hats & Caps > Newsboy Caps",5,"Clothing, Shoes & Jewelry > Women > Accessories > Hats & Caps",Newsboy Caps,13,13
"Clothing, Shoes & Jewelry > Women > Accessories > Hats & Caps > Rain Hats",5,"Clothing, Shoes & Jewelry > Women > Accessories > Hats & Caps",Rain Hats,1,1
"Clothing, Shoes & Jewelry > Women > Accessories > Hats & Caps > Skullies & Beanies",5,"Clothing, Shoes & Jewelry > Women > Accessories > Hats & Caps",Skullies & Beanies,95,95
"Clothing, Shoes & Jewelry > Women > Accessories > Hats & Caps > Sun Hats",5,"Clothing, Shoes & Jewelry > Women > Accessories > Hats & Caps",Sun Hats,43,43
"Clothing, Shoes & Jewelry > Women > Accessories > Hats & Caps > Visors",5,"Clothing, Shoes & Jewelry > Women > Accessories > Hats & Caps",Visors,5,5
"Clothing, Shoes & Jewelry > Women > Accessories > Scarves & Wraps > Cold Weather Scarves & Wraps",5,"Clothing, Shoes & Jewelry > Women > Accessories > Scarves & Wraps",Cold Weather Scarves & Wraps,42,42
"Clothing, Shoes & Jewelry > Women > Accessories > Scarves & Wraps > Fashion Scarves",5,"Clothing, Shoes & Jewelry > Women > Accessories > Scarves & Wraps",Fashion Scarves,127,127
"Clothing, Shoes & Jewelry > Women > Accessories > Scarves & Wraps > Neck Gaiters",5,"Clothing, Shoes & Jewelry > Women > Accessories > Scarves & Wraps",Neck Gaiters,16,16
"Clothing, Shoes & Jewelry > Women > Accessories > Scarves & Wraps > Wraps & Pashminas",5,"Clothing, Shoes & Jewelry > Women > Accessories > Scarves & Wraps",Wraps & Pashminas,52,52
"Clothing, Shoes & Jewelry > Women > Accessories > Special Occasion Accessories > Bridal Accessories",5,"Clothing, Shoes & Jewelry > Women > Accessories > Special Occasion Accessories",Bridal Accessories,8,0
"Clothing, Shoes & Jewelry > Women > Accessories > Special Occasion Accessories > Fascinators",5,"Clothing, Shoes & Jewelry > Women > Accessories > Special Occasion Accessories",Fascinators,34,34
"Clothing, Shoes & Jewelry > Women > Accessories > Sunglasses & Eyewear Accessories > Eyeglass Cases",5,"Clothing, Shoes & Jewelry > Women > Accessories > Sunglasses & Eyewear Accessories",Eyeglass Cases,19,19
"Clothing, Shoes & Jewelry > Women > Accessories > Sunglasses & Eyewear Accessories > Eyeglass Chains",5,"Clothing, Shoes & Jewelry > Women > Accessories > Sunglasses & Eyewear Accessories",Eyeglass Chains,21,21
"Clothing, Shoes & Jewelry > Women > Accessories > Sunglasses & Eyewear Accessories > Eyewear Frames",5,"Clothing, Shoes & Jewelry > Women > Accessories > Sunglasses & Eyewear Accessories",Eyewear Frames,54,54
"Clothing, Shoes & Jewelry > Women > Accessories > Sunglasses & Eyewear Accessories > Replacement Sunglass Lenses",5,"Clothing, Shoes & Jewelry > Women > Accessories > Sunglasses & Eyewear Accessories",Replacement Sunglass Lenses,7,7
"Clothing, Shoes & Jewelry > Women > Accessories > Sunglasses & Eyewear Accessories > Sunglasses",5,"Clothing, Shoes & Jewelry > Women > Accessories > Sunglasses & Eyewear Accessories",Sunglasses,352,352
"Clothing, Shoes & Jewelry > Women > Accessories > Wallets, Card Cases & Money Organizers > Card & ID Cases",5,"Clothing, Shoes & Jewelry > Women > Accessories > Wallets, Card Cases & Money Organizers",Card & ID Cases,29,0
"Clothing, Shoes & Jewelry > Women > Accessories > Wallets, Card Cases & Money Organizers > Checkbook Covers",5,"Clothing, Shoes & Jewelry > Women > Accessories > Wallets, Card Cases & Money Organizers",Checkbook Covers,9,9
"Clothing, Shoes & Jewelry > Women > Accessories > Wallets, Card Cases & Money Organizers > Coin Purses & Pouches",5,"Clothing, Shoes & Jewelry > Women > Accessories > Wallets, Card Cases & Money Organizers",Coin Purses & Pouches,38,38
"Clothing, Shoes & Jewelry > Women > Accessories > Wallets, Card Cases & Money Organizers > Wallets",5,"Clothing, Shoes & Jewelry > Women > Accessories > Wallets, Card Cases & Money Organizers",Wallets,202,202
"Clothing, Shoes & Jewelry > Women > Clothing > Active > Active Base Layers",5,"Clothing, Shoes & Jewelry > Women > Clothing > Active",Active Base Layers,22,22
"Clothing, Shoes & Jewelry > Women > Clothing > Active > Active Hoodies",5,"Clothing, Shoes & Jewelry > Women > Clothing > Active",Active Hoodies,29,29
"Clothing, Shoes & Jewelry > Women > Clothing > Active > Active Pants",5,"Clothing, Shoes & Jewelry > Women > Clothing > Active",Active Pants,171,87
"Clothing, Shoes & Jewelry > Women > Clothing > Active > Active Shirts & Tees",5,"Clothing, Shoes & Jewelry > Women > Clothing > Active",Active Shirts & Tees,220,123
"Clothing, Shoes & Jewelry > Women > Clothing > Active > Active Shorts",5,"Clothing, Shoes & Jewelry > Women > Clothing > Active",Active Shorts,167,167
"Clothing, Shoes & Jewelry > Women > Clothing > Active > Active Sweatshirts",5,"Clothing, Shoes & Jewelry > Women > Clothing > Active",Active Sweatshirts,26,26
"Clothing, Shoes & Jewelry > Women > Clothing > Active > Active Underwear",5,"Clothing, Shoes & Jewelry > Women > Clothing > Active",Active Underwear,4,4
"Clothing, Shoes & Jewelry > Women > Clothing > Active > Athletic Socks",5,"Clothing, Shoes & Jewelry > Women > Clothing > Active",Athletic Socks,111,111
"Clothing, Shoes & Jewelry > Women > Clothing > Active > Base Layers & Compression",5,"Clothing, Shoes & Jewelry > Women > Clothing > Active",Base Layers & Compression,65,3
"Clothing, Shoes & Jewelry > Women > Clothing > Active > Dresses",5,"Clothing, Shoes & Jewelry > Women > Clothing > Active",Dresses,20,20
"Clothing, Shoes & Jewelry > Women > Clothing > Active > Leggings",5,"Clothing, Shoes & Jewelry > Women > Clothing > Active",Leggings,90,90
"Clothing, Shoes & Jewelry > Women > Clothing > Active > Sets",5,"Clothing, Shoes & Jewelry > Women > Clothing > Active",Sets,153,46
"Clothing, Shoes & Jewelry > Women > Clothing > Active > Skirts & Skorts",5,"Clothing, Shoes & Jewelry > Women > Clothing > Active",Skirts & Skorts,39,1
"Clothing, Shoes & Jewelry > Women > Clothing > Active > Sweaters",5,"Clothing, Shoes & Jewelry > Women > Clothing > Active",Sweaters,5,5
"Clothing, Shoes & Jewelry > Women > Clothing > Active > Track & Active Jackets",5,"Clothing, Shoes & Jewelry > Women > Clothing > Active",Track & Active Jackets,25,25
"Clothing, Shoes & Jewelry > Women > Clothing > Active > Vests",5,"Clothing, Shoes & Jewelry > Women > Clothing > Active",Vests,6,6
"Clothing, Shoes & Jewelry > Women > Clothing > Coats, Jackets & Vests > Active & Performance",5,"Clothing, Shoes & Jewelry > Women > Clothing > Coats, Jackets & Vests",Active & Performance,79,7
"Clothing, Shoes & Jewelry > Women > Clothing > Coats, Jackets & Vests > Casual Jackets",5,"Clothing, Shoes & Jewelry > Women > Clothing > Coats, Jackets & Vests",Casual Jackets,46,46
"Clothing, Shoes & Jewelry > Women > Clothing > Coats, Jackets & Vests > Denim Jackets",5,"Clothing, Shoes & Jewelry > Women > Clothing > Coats, Jackets & Vests",Denim Jackets,21,21
"Clothing, Shoes & Jewelry > Women > Clothing > Coats, Jackets & Vests > Down Jackets & Parkas",5,"Clothing, Shoes & Jewelry > Women > Clothing > Coats, Jackets & Vests",Down Jackets & Parkas,101,101
"Clothing, Shoes & Jewelry > Women > Clothing > Coats, Jackets & Vests > Fur & Faux Fur",5,"Clothing, Shoes & Jewelry > Women > Clothing > Coats, Jackets & Vests",Fur & Faux Fur,42,42
"Clothing, Shoes & Jewelry > Women > Clothing > Coats, Jackets & Vests > Leather & Faux Leather",5,"Clothing, Shoes & Jewelry > Women > Clothing > Coats, Jackets & Vests",Leather & Faux Leather,51,51
"Clothing, Shoes & Jewelry > Women > Clothing > Coats, Jackets & Vests > Quilted Lightweight Jackets",5,"Clothing, Shoes & Jewelry > Women > Clothing > Coats, Jackets & Vests",Quilted Lightweight Jackets,15,15
"Clothing, Shoes & Jewelry > Women > Clothing > Coats, Jackets & Vests > Trench, Rain & Anoraks",5,"Clothing, Shoes & Jewelry > Women > Clothing > Coats, Jackets & Vests","Trench, Rain & Anoraks",83,0
"Clothing, Shoes & Jewelry > Women > Clothing > Coats, Jackets & Vests > Vests",5,"Clothing, Shoes & Jewelry > Women > Clothing > Coats, Jackets & Vests",Vests,50,50
"Clothing, Shoes & Jewelry > Women > Clothing > Coats, Jackets & Vests > Wool & Pea Coats",5,"Clothing, Shoes & Jewelry > Women > Clothing > Coats, Jackets & Vests",Wool & Pea Coats,39,39
"Clothing, Shoes & Jewelry > Women > Clothing > Dresses > Casual",5,"Clothing, Shoes & Jewelry > Women > Clothing > Dresses",Casual,659,659
"Clothing, Shoes & Jewelry > Women > Clothing > Dresses > Club & Night Out",5,"Clothing, Shoes & Jewelry > Women > Clothing > Dresses",Club & Night Out,141,141
"Clothing, Shoes & Jewelry > Women > Clothing > Dresses > Cocktail",5,"Clothing, Shoes & Jewelry > Women > Clothing > Dresses",Cocktail,136,136
"Clothing, Shoes & Jewelry > Women > Clothing > Dresses > Formal",5,"Clothing, Shoes & Jewelry > Women > Clothing > Dresses",Formal,131,131
"Clothing, Shoes & Jewelry > Women > Clothing > Dresses > Wedding Dresses",5,"Clothing, Shoes & Jewelry > Women > Clothing > Dresses",Wedding Dresses,9,9
"Clothing, Shoes & Jewelry > Women > Clothing > Dresses > Work",5,"Clothing, Shoes & Jewelry > Women > Clothing > Dresses",Work,114,114
"Clothing, Shoes & Jewelry > Women > Clothing > Jumpsuits, Rompers & Overalls > Jumpsuits",5,"Clothing, Shoes & Jewelry > Women > Clothing > Jumpsuits, Rompers & Overalls",Jumpsuits,192,192
"Clothing, Shoes & Jewelry > Women > Clothing > Jumpsuits, Rompers & Overalls > Overalls",5,"Clothing, Shoes & Jewelry > Women > Clothing > Jumpsuits, Rompers & Overalls",Overalls,43,43
"Clothing, Shoes & Jewelry > Women > Clothing > Jumpsuits, Rompers & Overalls > Rompers",5,"Clothing, Shoes & Jewelry > Women > Clothing > Jumpsuits, Rompers & Overalls",Rompers,58,58
"Clothing, Shoes & Jewelry > Women > Clothing > Lingerie, Sleep & Lounge > Lingerie",5,"Clothing, Shoes & Jewelry > Women > Clothing > Lingerie, Sleep & Lounge",Lingerie,770,3
"Clothing, Shoes & Jewelry > Women > Clothing > Lingerie, Sleep & Lounge > Sleep & Lounge",5,"Clothing, Shoes & Jewelry > Women > Clothing > Lingerie, Sleep & Lounge",Sleep & Lounge,677,2
"Clothing, Shoes & Jewelry > Women > Clothing > Lingerie, Sleep & Lounge > Thermal Underwear",5,"Clothing, Shoes & Jewelry > Women > Clothing > Lingerie, Sleep & Lounge",Thermal Underwear,29,2
"Clothing, Shoes & Jewelry > Women > Clothing > Pants > Casual",5,"Clothing, Shoes & Jewelry > Women > Clothing > Pants",Casual,104,104
"Clothing, Shoes & Jewelry > Women > Clothing > Pants > Night Out",5,"Clothing, Shoes & Jewelry > Women > Clothing > Pants",Night Out,7,7
"Clothing, Shoes & Jewelry > Women > Clothing > Pants > Wear to Work",5,"Clothing, Shoes & Jewelry > Women > Clothing > Pants",Wear to Work,16,16
"Clothing, Shoes & Jewelry > Women > Clothing > Shorts > Casual",5,"Clothing, Shoes & Jewelry > Women > Clothing > Shorts",Casual,32,32
"Clothing, Shoes & Jewelry > Women > Clothing > Shorts > Denim",5,"Clothing, Shoes & Jewelry > Women > Clothing > Shorts",Denim,31,31
"Clothing, Shoes & Jewelry > Women > Clothing > Skirts > Casual",5,"Clothing, Shoes & Jewelry > Women > Clothing > Skirts",Casual,66,66
"Clothing, Shoes & Jewelry > Women > Clothing > Skirts > Night Out",5,"Clothing, Shoes & Jewelry > Women > Clothing > Skirts",Night Out,10,10
"Clothing, Shoes & Jewelry > Women > Clothing > Skirts > Wear to Work",5,"Clothing, Shoes & Jewelry > Women > Clothing > Skirts",Wear to Work,16,16
"Clothing, Shoes & Jewelry > Women > Clothing > Socks & Hosiery > Leg Warmers",5,"Clothing, Shoes & Jewelry > Women > Clothing > Socks & Hosiery",Leg Warmers,24,24
"Clothing, Shoes & Jewelry > Women > Clothing > Socks & Hosiery > Sheers",5,"Clothing, Shoes & Jewelry > Women > Clothing > Socks & Hosiery",Sheers,30,30
"Clothing, Shoes & Jewelry > Women > Clothing > Socks & Hosiery > Slipper Socks",5,"Clothing, Shoes & Jewelry > Women > Clothing > Socks & Hosiery",Slipper Socks,40,40
"Clothing, Shoes & Jewelry > Women > Clothing > Socks & Hosiery > Socks",5,"Clothing, Shoes & Jewelry > Women > Clothing > Socks & Hosiery",Socks,142,88
"Clothing, Shoes & Jewelry > Women > Clothing > Socks & Hosiery > Tights",5,"Clothing, Shoes & Jewelry > Women > Clothing > Socks & Hosiery",Tights,38,38
"Clothing, Shoes & Jewelry > Women > Clothing > Suiting & Blazers > Blazers",5,"Clothing, Shoes & Jewelry > Women > Clothing > Suiting & Blazers",Blazers,78,78
"Clothing, Shoes & Jewelry > Women > Clothing > Suiting & Blazers > Suit Sets",5,"Clothing, Shoes & Jewelry > Women > Clothing > Suiting & Blazers",Suit Sets,34,34
"Clothing, Shoes & Jewelry > Women > Clothing > Sweaters > Cardigans",5,"Clothing, Shoes & Jewelry > Women > Clothing > Sweaters",Cardigans,294,294
"Clothing, Shoes & Jewelry > Women > Clothing > Sweaters > Pullovers",5,"Clothing, Shoes & Jewelry > Women > Clothing > Sweaters",Pullovers,308,308
"Clothing, Shoes & Jewelry > Women > Clothing > Sweaters > Shrugs",5,"Clothing, Shoes & Jewelry > Women > Clothing > Sweaters",Shrugs,16,16
"Clothing, Shoes & Jewelry > Women > Clothing > Sweaters > Vests",5,"Clothing, Shoes & Jewelry > Women > Clothing > Sweaters",Vests,12,12
"Clothing, Shoes & Jewelry > Women > Clothing > Swimsuits & Cover Ups > Bikinis",5,"Clothing, Shoes & Jewelry > Women > Clothing > Swimsuits & Cover Ups",Bikinis,286,0
"Clothing, Shoes & Jewelry > Women > Clothing > Swimsuits & Cover Ups > Board Shorts",5,"Clothing, Shoes & Jewelry > Women > Clothing > Swimsuits & Cover Ups",Board Shorts,21,21
"Clothing, Shoes & Jewelry > Women > Clothing > Swimsuits & Cover Ups > Cover-Ups",5,"Clothing, Shoes & Jewelry > Women > Clothing > Swimsuits & Cover Ups",Cover-Ups,162,162
"Clothing, Shoes & Jewelry > Women > Clothing > Swimsuits & Cover Ups > One-Pieces",5,"Clothing, Shoes & Jewelry > Women > Clothing > Swimsuits & Cover Ups",One-Pieces,234,234
"Clothing, Shoes & Jewelry > Women > Clothing > Swimsuits & Cover Ups > Rash Guard Shirts",5,"Clothing, Shoes & Jewelry > Women > Clothing > Swimsuits & Cover Ups",Rash Guard Shirts,47,47
"Clothing, Shoes & Jewelry > Women > Clothing > Swimsuits & Cover Ups > Tankinis",5,"Clothing, Shoes & Jewelry > Women > Clothing > Swimsuits & Cover Ups",Tankinis,84,2
"Clothing, Shoes & Jewelry > Women > Clothing > Tops, Tees & Blouses > Blouses & Button-Down Shirts",5,"Clothing, Shoes & Jewelry > Women > Clothing > Tops, Tees & Blouses",Blouses & Button-Down Shirts,672,672
"Clothing, Shoes & Jewelry > Women > Clothing > Tops, Tees & Blouses > Polos",5,"Clothing, Shoes & Jewelry > Women > Clothing > Tops, Tees & Blouses",Polos,42,42
"Clothing, Shoes & Jewelry > Women > Clothing > Tops, Tees & Blouses > T-Shirts",5,"Clothing, Shoes & Jewelry > Women > Clothing > Tops, Tees & Blouses",T-Shirts,680,680
"Clothing, Shoes & Jewelry > Women > Clothing > Tops, Tees & Blouses > Tanks & Camis",5,"Clothing, Shoes & Jewelry > Women > Clothing > Tops, Tees & Blouses",Tanks & Camis,381,381
"Clothing, Shoes & Jewelry > Women > Clothing > Tops, Tees & Blouses > Tunics",5,"Clothing, Shoes & Jewelry > Women > Clothing > Tops, Tees & Blouses",Tunics,519,519
"Clothing, Shoes & Jewelry > Women > Clothing > Tops, Tees & Blouses > Vests",5,"Clothing, Shoes & Jewelry > Women > Clothing > Tops, Tees & Blouses",Vests,2,2
"Clothing, Shoes & Jewelry > Women > Handbags & Wallets > Clutches & Evening Bags > Clutches",5,"Clothing, Shoes & Jewelry > Women > Handbags & Wallets > Clutches & Evening Bags",Clutches,42,42
"Clothing, Shoes & Jewelry > Women > Handbags & Wallets > Clutches & Evening Bags > Evening Bags",5,"Clothing, Shoes & Jewelry > Women > Handbags & Wallets > Clutches & Evening Bags",Evening Bags,70,70
"Clothing, Shoes & Jewelry > Women > Jewelry > Body Jewelry > Body Chains",5,"Clothing, Shoes & Jewelry > Women > Jewelry > Body Jewelry",Body Chains,31,31
"Clothing, Shoes & Jewelry > Women > Jewelry > Body Jewelry > Faux Body Piercing Jewelry",5,"Clothing, Shoes & Jewelry > Women > Jewelry > Body Jewelry",Faux Body Piercing Jewelry,8,8
"Clothing, Shoes & Jewelry > Women > Jewelry > Body Jewelry > Piercing Jewelry",5,"Clothing, Shoes & Jewelry > Women > Jewelry > Body Jewelry",Piercing Jewelry,314,18
"Clothing, Shoes & Jewelry > Women > Jewelry > Body Jewelry > Toe Rings",5,"Clothing, Shoes & Jewelry > Women > Jewelry > Body Jewelry",Toe Rings,19,19
"Clothing, Shoes & Jewelry > Women > Jewelry > Bracelets > Bangle",5,"Clothing, Shoes & Jewelry > Women > Jewelry > Bracelets",Bangle,124,124
"Clothing, Shoes & Jewelry > Women > Jewelry > Bracelets > Charms & Charm Bracelets",5,"Clothing, Shoes & Jewelry > Women > Jewelry > Bracelets",Charms & Charm Bracelets,208,9
"Clothing, Shoes & Jewelry > Women > Jewelry > Bracelets > Cuff",5,"Clothing, Shoes & Jewelry > Women > Jewelry > Bracelets",Cuff,66,66
"Clothing, Shoes & Jewelry > Women > Jewelry > Bracelets > Identification",5,"Clothing, Shoes & Jewelry > Women > Jewelry > Bracelets",Identification,11,11
"Clothing, Shoes & Jewelry > Women > Jewelry > Bracelets > Link",5,"Clothing, Shoes & Jewelry > Women > Jewelry > Bracelets",Link,70,70
"Clothing, Shoes & Jewelry > Women > Jewelry > Bracelets > Strand",5,"Clothing, Shoes & Jewelry > Women > Jewelry > Bracelets",Strand,46,46
"Clothing, Shoes & Jewelry > Women > Jewelry > Bracelets > Stretch",5,"Clothing, Shoes & Jewelry > Women > Jewelry > Bracelets",Stretch,75,75
"Clothing, Shoes & Jewelry > Women > Jewelry > Bracelets > Tennis",5,"Clothing, Shoes & Jewelry > Women > Jewelry > Bracelets",Tennis,15,15
"Clothing, Shoes & Jewelry > Women > Jewelry > Bracelets > Wrap",5,"Clothing, Shoes & Jewelry > Women > Jewelry > Bracelets",Wrap,38,38
"Clothing, Shoes & Jewelry > Women > Jewelry > Earrings > Ball",5,"Clothing, Shoes & Jewelry > Women > Jewelry > Earrings",Ball,11,11
"Clothing, Shoes & Jewelry > Women > Jewelry > Earrings > Clip-Ons",5,"Clothing, Shoes & Jewelry > Women > Jewelry > Earrings",Clip-Ons,23,23
"Clothing, Shoes & Jewelry > Women > Jewelry > Earrings > Cuffs & Wraps",5,"Clothing, Shoes & Jewelry > Women > Jewelry > Earrings",Cuffs & Wraps,38,38
"Clothing, Shoes & Jewelry > Women > Jewelry > Earrings > Drop & Dangle",5,"Clothing, Shoes & Jewelry > Women > Jewelry > Earrings",Drop & Dangle,493,493
"Clothing, Shoes & Jewelry > Women > Jewelry > Earrings > Earring Jackets",5,"Clothing, Shoes & Jewelry > Women > Jewelry > Earrings",Earring Jackets,4,4
"Clothing, Shoes & Jewelry > Women > Jewelry > Earrings > Hoop",5,"Clothing, Shoes & Jewelry > Women > Jewelry > Earrings",Hoop,188,188
"Clothing, Shoes & Jewelry > Women > Jewelry > Earrings > Stud",5,"Clothing, Shoes & Jewelry > Women > Jewelry > Earrings",Stud,329,329
"Clothing, Shoes & Jewelry > Women > Jewelry > Necklaces > Chains",5,"Clothing, Shoes & Jewelry > Women > Jewelry > Necklaces",Chains,116,116
"Clothing, Shoes & Jewelry > Women > Jewelry > Necklaces > Chokers",5,"Clothing, Shoes & Jewelry > Women > Jewelry > Necklaces",Chokers,77,77
"Clothing, Shoes & Jewelry > Women > Jewelry > Necklaces > Collars",5,"Clothing, Shoes & Jewelry > Women > Jewelry > Necklaces",Collars,10,10
"Clothing, Shoes & Jewelry > Women > Jewelry > Necklaces > Lockets",5,"Clothing, Shoes & Jewelry > Women > Jewelry > Necklaces",Lockets,20,20
"Clothing, Shoes & Jewelry > Women > Jewelry > Necklaces > Pearl Strands",5,"Clothing, Shoes & Jewelry > Women > Jewelry > Necklaces",Pearl Strands,18,18
"Clothing, Shoes & Jewelry > Women > Jewelry > Necklaces > Pendant Necklaces",5,"Clothing, Shoes & Jewelry > Women > Jewelry > Necklaces",Pendant Necklaces,531,531
"Clothing, Shoes & Jewelry > Women > Jewelry > Necklaces > Strands",5,"Clothing, Shoes & Jewelry > Women > Jewelry > Necklaces",Strands,29,29
"Clothing, Shoes & Jewelry > Women > Jewelry > Necklaces > Y-Necklaces",5,"Clothing, Shoes & Jewelry > Women > Jewelry > Necklaces",Y-Necklaces,23,23
"Clothing, Shoes & Jewelry > Women > Jewelry > Pendants & Coins > Pendant Enhancers",5,"Clothing, Shoes & Jewelry > Women > Jewelry > Pendants & Coins",Pendant Enhancers,1,1
"Clothing, Shoes & Jewelry > Women > Jewelry > Pendants & Coins > Pendants Only",5,"Clothing, Shoes & Jewelry > Women > Jewelry > Pendants & Coins",Pendants Only,83,83
"Clothing, Shoes & Jewelry > Women > Jewelry > Rings > Bands",5,"Clothing, Shoes & Jewelry > Women > Jewelry > Rings",Bands,100,100
"Clothing, Shoes & Jewelry > Women > Jewelry > Rings > Stacking",5,"Clothing, Shoes & Jewelry > Women > Jewelry > Rings",Stacking,37,37
"Clothing, Shoes & Jewelry > Women > Jewelry > Rings > Statement",5,"Clothing, Shoes & Jewelry > Women > Jewelry > Rings",Statement,249,249
"Clothing, Shoes & Jewelry > Women > Jewelry > Wedding & Engagement > Anniversary Rings",5,"Clothing, Shoes & Jewelry > Women > Jewelry > Wedding & Engagement",Anniversary Rings,3,3
"Clothing, Shoes & Jewelry > Women > Jewelry > Wedding & Engagement > Bridal Sets",5,"Clothing, Shoes & Jewelry > Women > Jewelry > Wedding & Engagement",Bridal Sets,20,20
"Clothing, Shoes & Jewelry > Women > Jewelry > Wedding & Engagement > Engagement Rings",5,"Clothing, Shoes & Jewelry > Women > Jewelry > Wedding & Engagement",Engagement Rings,22,22
"Clothing, Shoes & Jewelry > Women > Jewelry > Wedding & Engagement > Eternity Rings",5,"Clothing, Shoes & Jewelry > Women > Jewelry > Wedding & Engagement",Eternity Rings,16,16
"Clothing, Shoes & Jewelry > Women > Jewelry > Wedding & Engagement > Promise Rings",5,"Clothing, Shoes & Jewelry > Women > Jewelry > Wedding & Engagement",Promise Rings,6,6
"Clothing, Shoes & Jewelry > Women > Jewelry > Wedding & Engagement > Ring Enhancers",5,"Clothing, Shoes & Jewelry > Women > Jewelry > Wedding & Engagement",Ring Enhancers,3,3
"Clothing, Shoes & Jewelry > Women > Jewelry > Wedding & Engagement > Wedding Bands",5,"Clothing, Shoes & Jewelry > Women > Jewelry > Wedding & Engagement",Wedding Bands,27,27
"Clothing, Shoes & Jewelry > Women > Maternity > Dresses > Casual",5,"Clothing, Shoes & Jewelry > Women > Maternity > Dresses",Casual,2,2
"Clothing, Shoes & Jewelry > Women > Maternity > Intimates > Belly Bands",5,"Clothing, Shoes & Jewelry > Women > Maternity > Intimates",Belly Bands,2,2
"Clothing, Shoes & Jewelry > Women > Maternity > Intimates > Nursing & Maternity Bras",5,"Clothing, Shoes & Jewelry > Women > Maternity > Intimates",Nursing & Maternity Bras,3,3
"Clothing, Shoes & Jewelry > Women > Maternity > Intimates > Panties",5,"Clothing, Shoes & Jewelry > Women > Maternity > Intimates",Panties,2,2
"Clothing, Shoes & Jewelry > Women > Maternity > Nursing > Dresses",5,"Clothing, Shoes & Jewelry > Women > Maternity > Nursing",Dresses,16,16
"Clothing, Shoes & Jewelry > Women > Maternity > Nursing > Sleep & Lounge",5,"Clothing, Shoes & Jewelry > Women > Maternity > Nursing",Sleep & Lounge,4,0
"Clothing, Shoes & Jewelry > Women > Maternity > Nursing > Tops & Tees",5,"Clothing, Shoes & Jewelry > Women > Maternity > Nursing",Tops & Tees,8,0
"Clothing, Shoes & Jewelry > Women > Maternity > Tops & Tees > Blouses & Button-Down Shirts",5,"Clothing, Shoes & Jewelry > Women > Maternity > Tops & Tees",Blouses & Button-Down Shirts,2,2
"Clothing, Shoes & Jewelry > Women > Maternity > Tops & Tees > T-Shirts",5,"Clothing, Shoes & Jewelry > Women > Maternity > Tops & Tees",T-Shirts,4,4
"Clothing, Shoes & Jewelry > Women > Maternity > Tops & Tees > Tanks & Camis",5,"Clothing, Shoes & Jewelry > Women > Maternity > Tops & Tees",Tanks & Camis,4,4
"Clothing, Shoes & Jewelry > Women > Maternity > Tops & Tees > Tunics",5,"Clothing, Shoes & Jewelry > Women > Maternity > Tops & Tees",Tunics,2,2
"Clothing, Shoes & Jewelry > Women > Shoes > Athletic > Ballet & Dance",5,"Clothing, Shoes & Jewelry > Women > Shoes > Athletic",Ballet & Dance,38,38
"Clothing, Shoes & Jewelry > Women > Shoes > Athletic > Bowling",5,"Clothing, Shoes & Jewelry > Women > Shoes > Athletic",Bowling,7,7
"Clothing, Shoes & Jewelry > Women > Shoes > Athletic > Cycling",5,"Clothing, Shoes & Jewelry > Women > Shoes > Athletic",Cycling,8,8
"Clothing, Shoes & Jewelry > Women > Shoes > Athletic > Equestrian Sport Boots",5,"Clothing, Shoes & Jewelry > Women > Shoes > Athletic",Equestrian Sport Boots,5,5
"Clothing, Shoes & Jewelry > Women > Shoes > Athletic > Fitness & Cross-Training",5,"Clothing, Shoes & Jewelry > Women > Shoes > Athletic",Fitness & Cross-Training,63,63
"Clothing, Shoes & Jewelry > Women > Shoes > Athletic > Golf",5,"Clothing, Shoes & Jewelry > Women > Shoes > Athletic",Golf,18,18
"Clothing, Shoes & Jewelry > Women > Shoes > Athletic > Running",5,"Clothing, Shoes & Jewelry > Women > Shoes > Athletic",Running,350,50
"Clothing, Shoes & Jewelry > Women > Shoes > Athletic > Skateboarding",5,"Clothing, Shoes & Jewelry > Women > Shoes > Athletic",Skateboarding,13,13
"Clothing, Shoes & Jewelry > Women > Shoes > Athletic > Sport Sandals & Slides",5,"Clothing, Shoes & Jewelry > Women > Shoes > Athletic",Sport Sandals & Slides,78,78
"Clothing, Shoes & Jewelry > Women > Shoes > Athletic > Team Sports",5,"Clothing, Shoes & Jewelry > Women > Shoes > Athletic",Team Sports,18,0
"Clothing, Shoes & Jewelry > Women > Shoes > Athletic > Tennis & Racquet Sports",5,"Clothing, Shoes & Jewelry > Women > Shoes > Athletic",Tennis & Racquet Sports,30,30
"Clothing, Shoes & Jewelry > Women > Shoes > Athletic > Walking",5,"Clothing, Shoes & Jewelry > Women > Shoes > Athletic",Walking,241,241
"Clothing, Shoes & Jewelry > Women > Shoes > Athletic > Water Shoes",5,"Clothing, Shoes & Jewelry > Women > Shoes > Athletic",Water Shoes,106,106
"Clothing, Shoes & Jewelry > Women > Shoes > Boots > Ankle & Bootie",5,"Clothing, Shoes & Jewelry > Women > Shoes > Boots",Ankle & Bootie,382,382
"Clothing, Shoes & Jewelry > Women > Shoes > Boots > Knee-High",5,"Clothing, Shoes & Jewelry > Women > Shoes > Boots",Knee-High,109,109
"Clothing, Shoes & Jewelry > Women > Shoes > Boots > Mid-Calf",5,"Clothing, Shoes & Jewelry > Women > Shoes > Boots",Mid-Calf,137,137
"Clothing, Shoes & Jewelry > Women > Shoes > Boots > Over-the-Knee",5,"Clothing, Shoes & Jewelry > Women > Shoes > Boots",Over-the-Knee,16,16
"Clothing, Shoes & Jewelry > Women > Shoes > Outdoor > Climbing",5,"Clothing, Shoes & Jewelry > Women > Shoes > Outdoor",Climbing,2,2
"Clothing, Shoes & Jewelry > Women > Shoes > Outdoor > Hiking & Trekking",5,"Clothing, Shoes & Jewelry > Women > Shoes > Outdoor",Hiking & Trekking,87,0
"Clothing, Shoes & Jewelry > Women > Shoes > Outdoor > Rain Footwear",5,"Clothing, Shoes & Jewelry > Women > Shoes > Outdoor",Rain Footwear,14,14
"Clothing, Shoes & Jewelry > Women > Shoes > Outdoor > Snow Boots",5,"Clothing, Shoes & Jewelry > Women > Shoes > Outdoor",Snow Boots,2,2
"Clothing, Shoes & Jewelry > Women > Shoes > Sandals > Flats",5,"Clothing, Shoes & Jewelry > Women > Shoes > Sandals",Flats,322,322
"Clothing, Shoes & Jewelry > Women > Shoes > Sandals > Flip-Flops",5,"Clothing, Shoes & Jewelry > Women > Shoes > Sandals",Flip-Flops,245,245
"Clothing, Shoes & Jewelry > Women > Shoes > Sandals > Heeled Sandals",5,"Clothing, Shoes & Jewelry > Women > Shoes > Sandals",Heeled Sandals,325,325
"Clothing, Shoes & Jewelry > Women > Shoes > Sandals > Platforms & Wedges",5,"Clothing, Shoes & Jewelry > Women > Shoes > Sandals",Platforms & Wedges,545,545
"Clothing, Shoes & Jewelry > Women > Shoes > Sandals > Slides",5,"Clothing, Shoes & Jewelry > Women > Shoes > Sandals",Slides,190,190
"Clothing, Shoes & Jewelry > Women > Uniforms, Work & Safety > Clothing > Food Service",5,"Clothing, Shoes & Jewelry > Women > Uniforms, Work & Safety > Clothing",Food Service,5,0
"Clothing, Shoes & Jewelry > Women > Uniforms, Work & Safety > Clothing > Medical",5,"Clothing, Shoes & Jewelry > Women > Uniforms, Work & Safety > Clothing",Medical,113,2
"Clothing, Shoes & Jewelry > Women > Uniforms, Work & Safety > Clothing > Military",5,"Clothing, Shoes & Jewelry > Women > Uniforms, Work & Safety > Clothing",Military,1,1
"Clothing, Shoes & Jewelry > Women > Uniforms, Work & Safety > Clothing > Work & Utility",5,"Clothing, Shoes & Jewelry > Women > Uniforms, Work & Safety > Clothing",Work & Utility,18,0
"Clothing, Shoes & Jewelry > Women > Uniforms, Work & Safety > Shoes > Health Care & Food Service",5,"Clothing, Shoes & Jewelry > Women > Uniforms, Work & Safety > Shoes",Health Care & Food Service,12,12
"Clothing, Shoes & Jewelry > Women > Uniforms, Work & Safety > Shoes > Military & Tactical",5,"Clothing, Shoes & Jewelry > Women > Uniforms, Work & Safety > Shoes",Military & Tactical,1,1
"Clothing, Shoes & Jewelry > Women > Uniforms, Work & Safety > Shoes > Uniform Dress Shoes",5,"Clothing, Shoes & Jewelry > Women > Uniforms, Work & Safety > Shoes",Uniform Dress Shoes,1,1
"Clothing, Shoes & Jewelry > Women > Uniforms, Work & Safety > Shoes > Work & Utility",5,"Clothing, Shoes & Jewelry > Women > Uniforms, Work & Safety > Shoes",Work & Utility,31,0
"Shoe, Jewelry & Watch Accessories > Shoe Care & Accessories > Shoe Care Treatments & Dyes > Shoe Treatments & Polishes > Shoe Polishes",5,"Shoe, Jewelry & Watch Accessories > Shoe Care & Accessories > Shoe Care Treatments & Dyes > Shoe Treatments & Polishes",Shoe Polishes,5,5
"Shoe, Jewelry & Watch Accessories > Shoe Care & Accessories > Shoe Care Treatments & Dyes > Shoe Treatments & Polishes > Water & Stain Treatments",5,"Shoe, Jewelry & Watch Accessories > Shoe Care & Accessories > Shoe Care Treatments & Dyes > Shoe Treatments & Polishes",Water & Stain Treatments,5,5
"Clothing, Shoes & Jewelry > Baby > Baby Boys > Clothing > Bottoms > Jeans",6,"Clothing, Shoes & Jewelry > Baby > Baby Boys > Clothing > Bottoms",Jeans,1,1
"Clothing, Shoes & Jewelry > Baby > Baby Boys > Clothing > Bottoms > Overalls",6,"Clothing, Shoes & Jewelry > Baby > Baby Boys > Clothing > Bottoms",Overalls,3,3
"Clothing, Shoes & Jewelry > Baby > Baby Boys > Clothing > Bottoms > Pants",6,"Clothing, Shoes & Jewelry > Baby > Baby Boys > Clothing > Bottoms",Pants,7,7
"Clothing, Shoes & Jewelry > Baby > Baby Boys > Clothing > Bottoms > Shorts",6,"Clothing, Shoes & Jewelry > Baby > Baby Boys > Clothing > Bottoms",Shorts,3,3
"Clothing, Shoes & Jewelry > Baby > Baby Boys > Clothing > Clothing Sets > Pant Sets",6,"Clothing, Shoes & Jewelry > Baby > Baby Boys > Clothing > Clothing Sets",Pant Sets,40,40
"Clothing, Shoes & Jewelry > Baby > Baby Boys > Clothing > Clothing Sets > Short Sets",6,"Clothing, Shoes & Jewelry > Baby > Baby Boys > Clothing > Clothing Sets",Short Sets,24,24
"Clothing, Shoes & Jewelry > Baby > Baby Boys > Clothing > Footies & Rompers > Footies",6,"Clothing, Shoes & Jewelry > Baby > Baby Boys > Clothing > Footies & Rompers",Footies,2,2
"Clothing, Shoes & Jewelry > Baby > Baby Boys > Clothing > Footies & Rompers > Rompers",6,"Clothing, Shoes & Jewelry > Baby > Baby Boys > Clothing > Footies & Rompers",Rompers,27,27
"Clothing, Shoes & Jewelry > Baby > Baby Boys > Clothing > Jackets & Coats > Down & Down Alternative",6,"Clothing, Shoes & Jewelry > Baby > Baby Boys > Clothing > Jackets & Coats",Down & Down Alternative,1,1
"Clothing, Shoes & Jewelry > Baby > Baby Boys > Clothing > Jackets & Coats > Fleece",6,"Clothing, Shoes & Jewelry > Baby > Baby Boys > Clothing > Jackets & Coats",Fleece,4,4
"Clothing, Shoes & Jewelry > Baby > Baby Boys > Clothing > Jackets & Coats > Jackets",6,"Clothing, Shoes & Jewelry > Baby > Baby Boys > Clothing > Jackets & Coats",Jackets,8,8
"Clothing, Shoes & Jewelry > Baby > Baby Boys > Clothing > Sleepwear & Robes > Blanket Sleepers",6,"Clothing, Shoes & Jewelry > Baby > Baby Boys > Clothing > Sleepwear & Robes",Blanket Sleepers,10,10
"Clothing, Shoes & Jewelry > Baby > Baby Boys > Clothing > Sleepwear & Robes > Nightgowns",6,"Clothing, Shoes & Jewelry > Baby > Baby Boys > Clothing > Sleepwear & Robes",Nightgowns,1,1
"Clothing, Shoes & Jewelry > Baby > Baby Boys > Clothing > Sleepwear & Robes > Pajama Sets",6,"Clothing, Shoes & Jewelry > Baby > Baby Boys > Clothing > Sleepwear & Robes",Pajama Sets,5,5
"Clothing, Shoes & Jewelry > Baby > Baby Boys > Clothing > Sleepwear & Robes > Robes",6,"Clothing, Shoes & Jewelry > Baby > Baby Boys > Clothing > Sleepwear & Robes",Robes,2,2
"Clothing, Shoes & Jewelry > Baby > Baby Boys > Clothing > Snow & Rainwear > Rain Jackets",6,"Clothing, Shoes & Jewelry > Baby > Baby Boys > Clothing > Snow & Rainwear",Rain Jackets,1,1
"Clothing, Shoes & Jewelry > Baby > Baby Boys > Clothing > Snow & Rainwear > Snow Pants & Bibs",6,"Clothing, Shoes & Jewelry > Baby > Baby Boys > Clothing > Snow & Rainwear",Snow Pants & Bibs,2,2
"Clothing, Shoes & Jewelry > Baby > Baby Boys > Clothing > Snow & Rainwear > Snow Suits",6,"Clothing, Shoes & Jewelry > Baby > Baby Boys > Clothing > Snow & Rainwear",Snow Suits,6,6
"Clothing, Shoes & Jewelry > Baby > Baby Boys > Clothing > Suits & Sport Coats > Suits",6,"Clothing, Shoes & Jewelry > Baby > Baby Boys > Clothing > Suits & Sport Coats",Suits,2,2
"Clothing, Shoes & Jewelry > Baby > Baby Boys > Clothing > Suits & Sport Coats > Tuxedos",6,"Clothing, Shoes & Jewelry > Baby > Baby Boys > Clothing > Suits & Sport Coats",Tuxedos,1,1
"Clothing, Shoes & Jewelry > Baby > Baby Boys > Clothing > Swim > One Pieces",6,"Clothing, Shoes & Jewelry > Baby > Baby Boys > Clothing > Swim",One Pieces,1,1
"Clothing, Shoes & Jewelry > Baby > Baby Boys > Clothing > Swim > Rash Guard Shirts",6,"Clothing, Shoes & Jewelry > Baby > Baby Boys > Clothing > Swim",Rash Guard Shirts,1,1
"Clothing, Shoes & Jewelry > Baby > Baby Boys > Clothing > Swim > Sunsuits",6,"Clothing, Shoes & Jewelry > Baby > Baby Boys > Clothing > Swim",Sunsuits,5,5
"Clothing, Shoes & Jewelry > Baby > Baby Boys > Clothing > Swim > Swim Diapers",6,"Clothing, Shoes & Jewelry > Baby > Baby Boys > Clothing > Swim",Swim Diapers,4,4
"Clothing, Shoes & Jewelry > Baby > Baby Boys > Clothing > Swim > Swimwear Sets",6,"Clothing, Shoes & Jewelry > Baby > Baby Boys > Clothing > Swim",Swimwear Sets,2,0
"Clothing, Shoes & Jewelry > Baby > Baby Boys > Clothing > Swim > Trunks & Shorts",6,"Clothing, Shoes & Jewelry > Baby > Baby Boys > Clothing > Swim",Trunks & Shorts,2,0
"Clothing, Shoes & Jewelry > Baby > Baby Boys > Clothing > Tops > Button-Down & Dress Shirts",6,"Clothing, Shoes & Jewelry > Baby > Baby Boys > Clothing > Tops",Button-Down & Dress Shirts,3,3
"Clothing, Shoes & Jewelry > Baby > Baby Boys > Clothing > Tops > Polos",6,"Clothing, Shoes & Jewelry > Baby > Baby Boys > Clothing > Tops",Polos,1,1
"Clothing, Shoes & Jewelry > Baby > Baby Boys > Clothing > Tops > Tees",6,"Clothing, Shoes & Jewelry > Baby > Baby Boys > Clothing > Tops",Tees,23,23
"Clothing, Shoes & Jewelry > Baby > Baby Girls > Clothing > Bloomers, Diaper Covers & Underwear > Bloomers",6,"Clothing, Shoes & Jewelry > Baby > Baby Girls > Clothing > Bloomers, Diaper Covers & Underwear",Bloomers,3,3
"Clothing, Shoes & Jewelry > Baby > Baby Girls > Clothing > Bottoms > Jeans",6,"Clothing, Shoes & Jewelry > Baby > Baby Girls > Clothing > Bottoms",Jeans,2,2
"Clothing, Shoes & Jewelry > Baby > Baby Girls > Clothing > Bottoms > Leggings",6,"Clothing, Shoes & Jewelry > Baby > Baby Girls > Clothing > Bottoms",Leggings,3,3
"Clothing, Shoes & Jewelry > Baby > Baby Girls > Clothing > Bottoms > Overalls",6,"Clothing, Shoes & Jewelry > Baby > Baby Girls > Clothing > Bottoms",Overalls,1,1
"Clothing, Shoes & Jewelry > Baby > Baby Girls > Clothing > Bottoms > Pants",6,"Clothing, Shoes & Jewelry > Baby > Baby Girls > Clothing > Bottoms",Pants,6,6
"Clothing, Shoes & Jewelry > Baby > Baby Girls > Clothing > Bottoms > Shorts",6,"Clothing, Shoes & Jewelry > Baby > Baby Girls > Clothing > Bottoms",Shorts,4,4
"Clothing, Shoes & Jewelry > Baby > Baby Girls > Clothing > Bottoms > Skirts, Skooters & Skorts",6,"Clothing, Shoes & Jewelry > Baby > Baby Girls > Clothing > Bottoms","Skirts, Skooters & Skorts",5,5
"Clothing, Shoes & Jewelry > Baby > Baby Girls > Clothing > Clothing Sets > Pant Sets",6,"Clothing, Shoes & Jewelry > Baby > Baby Girls > Clothing > Clothing Sets",Pant Sets,99,99
"Clothing, Shoes & Jewelry > Baby > Baby Girls > Clothing > Clothing Sets > Short Sets",6,"Clothing, Shoes & Jewelry > Baby > Baby Girls > Clothing > Clothing Sets",Short Sets,24,24
"Clothing, Shoes & Jewelry > Baby > Baby Girls > Clothing > Clothing Sets > Skirt Sets",6,"Clothing, Shoes & Jewelry > Baby > Baby Girls > Clothing > Clothing Sets",Skirt Sets,20,20
"Clothing, Shoes & Jewelry > Baby > Baby Girls > Clothing > Dresses > Playwear",6,"Clothing, Shoes & Jewelry > Baby > Baby Girls > Clothing > Dresses",Playwear,37,37
"Clothing, Shoes & Jewelry > Baby > Baby Girls > Clothing > Dresses > Special Occasion",6,"Clothing, Shoes & Jewelry > Baby > Baby Girls > Clothing > Dresses",Special Occasion,37,37
"Clothing, Shoes & Jewelry > Baby > Baby Girls > Clothing > Footies & Rompers > Footies",6,"Clothing, Shoes & Jewelry > Baby > Baby Girls > Clothing > Footies & Rompers",Footies,11,11
"Clothing, Shoes & Jewelry > Baby > Baby Girls > Clothing > Footies & Rompers > Rompers",6,"Clothing, Shoes & Jewelry > Baby > Baby Girls > Clothing > Footies & Rompers",Rompers,31,31
"Clothing, Shoes & Jewelry > Baby > Baby Girls > Clothing > Jackets & Coats > Down & Down Alternative",6,"Clothing, Shoes & Jewelry > Baby > Baby Girls > Clothing > Jackets & Coats",Down & Down Alternative,3,3
"Clothing, Shoes & Jewelry > Baby > Baby Girls > Clothing > Jackets & Coats > Fleece",6,"Clothing, Shoes & Jewelry > Baby > Baby Girls > Clothing > Jackets & Coats",Fleece,2,2
"Clothing, Shoes & Jewelry > Baby > Baby Girls > Clothing > Jackets & Coats > Jackets",6,"Clothing, Shoes & Jewelry > Baby > Baby Girls > Clothing > Jackets & Coats",Jackets,18,18
"Clothing, Shoes & Jewelry > Baby > Baby Girls > Clothing > Sleepwear & Robes > Blanket Sleepers",6,"Clothing, Shoes & Jewelry > Baby > Baby Girls > Clothing > Sleepwear & Robes",Blanket Sleepers,11,11
"Clothing, Shoes & Jewelry > Baby > Baby Girls > Clothing > Sleepwear & Robes > Nightgowns",6,"Clothing, Shoes & Jewelry > Baby > Baby Girls > Clothing > Sleepwear & Robes",Nightgowns,8,8
"Clothing, Shoes & Jewelry > Baby > Baby Girls > Clothing > Sleepwear & Robes > Pajama Sets",6,"Clothing, Shoes & Jewelry > Baby > Baby Girls > Clothing > Sleepwear & Robes",Pajama Sets,11,11
"Clothing, Shoes & Jewelry > Baby > Baby Girls > Clothing > Snow & Rainwear > Rain Jackets",6,"Clothing, Shoes & Jewelry > Baby > Baby Girls > Clothing > Snow & Rainwear",Rain Jackets,5,5
"Clothing, Shoes & Jewelry > Baby > Baby Girls > Clothing > Snow & Rainwear > Snow Pants & Bibs",6,"Clothing, Shoes & Jewelry > Baby > Baby Girls > Clothing > Snow & Rainwear",Snow Pants & Bibs,1,1
"Clothing, Shoes & Jewelry > Baby > Baby Girls > Clothing > Snow & Rainwear > Snow Suits",6,"Clothing, Shoes & Jewelry > Baby > Baby Girls > Clothing > Snow & Rainwear",Snow Suits,3,3
"Clothing, Shoes & Jewelry > Baby > Baby Girls > Clothing > Swim > Cover-Ups",6,"Clothing, Shoes & Jewelry > Baby > Baby Girls > Clothing > Swim",Cover-Ups,1,1
"Clothing, Shoes & Jewelry > Baby > Baby Girls > Clothing > Swim > One Pieces",6,"Clothing, Shoes & Jewelry > Baby > Baby Girls > Clothing > Swim",One Pieces,19,19
"Clothing, Shoes & Jewelry > Baby > Baby Girls > Clothing > Swim > Swim Diapers",6,"Clothing, Shoes & Jewelry > Baby > Baby Girls > Clothing > Swim",Swim Diapers,2,2
"Clothing, Shoes & Jewelry > Baby > Baby Girls > Clothing > Swim > Swimwear Sets",6,"Clothing, Shoes & Jewelry > Baby > Baby Girls > Clothing > Swim",Swimwear Sets,6,0
"Clothing, Shoes & Jewelry > Baby > Baby Girls > Clothing > Swim > Two-Pieces",6,"Clothing, Shoes & Jewelry > Baby > Baby Girls > Clothing > Swim",Two-Pieces,10,1
"Clothing, Shoes & Jewelry > Baby > Baby Girls > Clothing > Tops > Tank Tops",6,"Clothing, Shoes & Jewelry > Baby > Baby Girls > Clothing > Tops",Tank Tops,2,2
"Clothing, Shoes & Jewelry > Baby > Baby Girls > Clothing > Tops > Tees",6,"Clothing, Shoes & Jewelry > Baby > Baby Girls > Clothing > Tops",Tees,26,26
"Clothing, Shoes & Jewelry > Baby > Baby Girls > Shoes > Flats > Ballet",6,"Clothing, Shoes & Jewelry > Baby > Baby Girls > Shoes > Flats",Ballet,1,1
"Clothing, Shoes & Jewelry > Baby > Baby Girls > Shoes > Flats > Mary Jane",6,"Clothing, Shoes & Jewelry > Baby > Baby Girls > Shoes > Flats",Mary Jane,12,12
"Clothing, Shoes & Jewelry > Baby > Baby Girls > Shoes > Flats > Oxford & Loafer",6,"Clothing, Shoes & Jewelry > Baby > Baby Girls > Shoes > Flats",Oxford & Loafer,3,3
"Clothing, Shoes & Jewelry > Boys > Clothing > Active > Active Pants > Sweatpants",6,"Clothing, Shoes & Jewelry > Boys > Clothing > Active > Active Pants",Sweatpants,2,2
"Clothing, Shoes & Jewelry > Boys > Clothing > Active > Active Pants > Track Pants",6,"Clothing, Shoes & Jewelry > Boys > Clothing > Active > Active Pants",Track Pants,2,2
"Clothing, Shoes & Jewelry > Boys > Clothing > Active > Active Shirts & Tees > T-Shirts",6,"Clothing, Shoes & Jewelry > Boys > Clothing > Active > Active Shirts & Tees",T-Shirts,12,12
"Clothing, Shoes & Jewelry > Boys > Clothing > Active > Base Layers & Compression > Pants",6,"Clothing, Shoes & Jewelry > Boys > Clothing > Active > Base Layers & Compression",Pants,1,1
"Clothing, Shoes & Jewelry > Boys > Clothing > Active > Base Layers & Compression > Shorts",6,"Clothing, Shoes & Jewelry > Boys > Clothing > Active > Base Layers & Compression",Shorts,2,2
"Clothing, Shoes & Jewelry > Boys > Clothing > Active > Sets > Active Tracksuits",6,"Clothing, Shoes & Jewelry > Boys > Clothing > Active > Sets",Active Tracksuits,6,6
"Clothing, Shoes & Jewelry > Boys > Clothing > Socks & Hosiery > Socks > Liners & Ankle Socks",6,"Clothing, Shoes & Jewelry > Boys > Clothing > Socks & Hosiery > Socks",Liners & Ankle Socks,2,2
"Clothing, Shoes & Jewelry > Boys > Clothing > Swim > Shorts & Trunks > Board Shorts",6,"Clothing, Shoes & Jewelry > Boys > Clothing > Swim > Shorts & Trunks",Board Shorts,5,5
"Clothing, Shoes & Jewelry > Boys > Clothing > Swim > Shorts & Trunks > Trunks",6,"Clothing, Shoes & Jewelry > Boys > Clothing > Swim > Shorts & Trunks",Trunks,14,14
"Clothing, Shoes & Jewelry > Boys > Clothing > Swim > Swimwear Sets > Rash Guard Sets",6,"Clothing, Shoes & Jewelry > Boys > Clothing > Swim > Swimwear Sets",Rash Guard Sets,4,4
"Clothing, Shoes & Jewelry > Boys > Clothing > Underwear > Thermal Underwear > Sets",6,"Clothing, Shoes & Jewelry > Boys > Clothing > Underwear > Thermal Underwear",Sets,3,3
"Clothing, Shoes & Jewelry > Boys > Clothing > Underwear > Thermal Underwear > Tops",6,"Clothing, Shoes & Jewelry > Boys > Clothing > Underwear > Thermal Underwear",Tops,1,1
"Clothing, Shoes & Jewelry > Boys > Shoes > Outdoor > Hiking & Trekking > Hiking Boots",6,"Clothing, Shoes & Jewelry > Boys > Shoes > Outdoor > Hiking & Trekking",Hiking Boots,1,1
"Clothing, Shoes & Jewelry > Boys > Shoes > Outdoor > Hiking & Trekking > Hiking Shoes",6,"Clothing, Shoes & Jewelry > Boys > Shoes > Outdoor > Hiking & Trekking",Hiking Shoes,3,3
"Clothing, Shoes & Jewelry > Girls > Clothing > Active > Active Pants > Track Pants",6,"Clothing, Shoes & Jewelry > Girls > Clothing > Active > Active Pants",Track Pants,1,1
"Clothing, Shoes & Jewelry > Girls > Clothing > Active > Active Shirts & Tees > T-Shirts",6,"Clothing, Shoes & Jewelry > Girls > Clothing > Active > Active Shirts & Tees",T-Shirts,5,5
"Clothing, Shoes & Jewelry > Girls > Clothing > Active > Active Shirts & Tees > Tank Tops",6,"Clothing, Shoes & Jewelry > Girls > Clothing > Active > Active Shirts & Tees",Tank Tops,1,1
"Clothing, Shoes & Jewelry > Girls > Clothing > Active > Sets > Active Tracksuits",6,"Clothing, Shoes & Jewelry > Girls > Clothing > Active > Sets",Active Tracksuits,5,5
"Clothing, Shoes & Jewelry > Girls > Clothing > Socks & Tights > Casual & Dress Socks > Knee-High Socks",6,"Clothing, Shoes & Jewelry > Girls > Clothing > Socks & Tights > Casual & Dress Socks",Knee-High Socks,1,1
"Clothing, Shoes & Jewelry > Girls > Clothing > Socks & Tights > Casual & Dress Socks > Liners & Ankle Socks",6,"Clothing, Shoes & Jewelry > Girls > Clothing > Socks & Tights > Casual & Dress Socks",Liners & Ankle Socks,3,3
"Clothing, Shoes & Jewelry > Girls > Clothing > Swim > Swimwear Sets > Cover-Up Sets",6,"Clothing, Shoes & Jewelry > Girls > Clothing > Swim > Swimwear Sets",Cover-Up Sets,1,1
"Clothing, Shoes & Jewelry > Girls > Clothing > Swim > Swimwear Sets > Rash Guard Sets",6,"Clothing, Shoes & Jewelry > Girls > Clothing > Swim > Swimwear Sets",Rash Guard Sets,9,9
"Clothing, Shoes & Jewelry > Girls > Clothing > Swim > Two-Pieces > Bikinis",6,"Clothing, Shoes & Jewelry > Girls > Clothing > Swim > Two-Pieces",Bikinis,14,0
"Clothing, Shoes & Jewelry > Girls > Clothing > Swim > Two-Pieces > Tankinis",6,"Clothing, Shoes & Jewelry > Girls > Clothing > Swim > Two-Pieces",Tankinis,6,2
"Clothing, Shoes & Jewelry > Girls > Shoes > Outdoor > Hiking & Trekking > Hiking Boots",6,"Clothing, Shoes & Jewelry > Girls > Shoes > Outdoor > Hiking & Trekking",Hiking Boots,3,3
"Clothing, Shoes & Jewelry > Girls > Shoes > Outdoor > Hiking & Trekking > Hiking Shoes",6,"Clothing, Shoes & Jewelry > Girls > Shoes > Outdoor > Hiking & Trekking",Hiking Shoes,2,2
"Clothing, Shoes & Jewelry > Men > Accessories > Wallets, Card Cases & Money Organizers > Card & ID Cases > Business Card Cases",6,"Clothing, Shoes & Jewelry > Men > Accessories > Wallets, Card Cases & Money Organizers > Card & ID Cases",Business Card Cases,14,14
"Clothing, Shoes & Jewelry > Men > Accessories > Wallets, Card Cases & Money Organizers > Card & ID Cases > Card Cases",6,"Clothing, Shoes & Jewelry > Men > Accessories > Wallets, Card Cases & Money Organizers > Card & ID Cases",Card Cases,14,14
"Clothing, Shoes & Jewelry > Men > Accessories > Wallets, Card Cases & Money Organizers > Card & ID Cases > ID Cases",6,"Clothing, Shoes & Jewelry > Men > Accessories > Wallets, Card Cases & Money Organizers > Card & ID Cases",ID Cases,3,3
"Clothing, Shoes & Jewelry > Men > Clothing > Active > Active Pants > Sweatpants",6,"Clothing, Shoes & Jewelry > Men > Clothing > Active > Active Pants",Sweatpants,53,53
"Clothing, Shoes & Jewelry > Men > Clothing > Active > Active Pants > Track Pants",6,"Clothing, Shoes & Jewelry > Men > Clothing > Active > Active Pants",Track Pants,22,22
"Clothing, Shoes & Jewelry > Men > Clothing > Active > Active Shirts & Tees > Button-Down Shirts",6,"Clothing, Shoes & Jewelry > Men > Clothing > Active > Active Shirts & Tees",Button-Down Shirts,6,6
"Clothing, Shoes & Jewelry > Men > Clothing > Active > Active Shirts & Tees > Polos",6,"Clothing, Shoes & Jewelry > Men > Clothing > Active > Active Shirts & Tees",Polos,12,12
"Clothing, Shoes & Jewelry > Men > Clothing > Active > Active Shirts & Tees > T-Shirts",6,"Clothing, Shoes & Jewelry > Men > Clothing > Active > Active Shirts & Tees",T-Shirts,64,64
"Clothing, Shoes & Jewelry > Men > Clothing > Active > Active Shirts & Tees > Tank Tops",6,"Clothing, Shoes & Jewelry > Men > Clothing > Active > Active Shirts & Tees",Tank Tops,23,23
"Clothing, Shoes & Jewelry > Men > Clothing > Active > Active Underwear > Undershorts",6,"Clothing, Shoes & Jewelry > Men > Clothing > Active > Active Underwear",Undershorts,1,1
"Clothing, Shoes & Jewelry > Men > Clothing > Active > Base Layers & Compression > Compression Arm Sleeves",6,"Clothing, Shoes & Jewelry > Men > Clothing > Active > Base Layers & Compression",Compression Arm Sleeves,1,1
"Clothing, Shoes & Jewelry > Men > Clothing > Active > Base Layers & Compression > Compression Pants & Tights",6,"Clothing, Shoes & Jewelry > Men > Clothing > Active > Base Layers & Compression",Compression Pants & Tights,28,28
"Clothing, Shoes & Jewelry > Men > Clothing > Active > Base Layers & Compression > Compression Shorts",6,"Clothing, Shoes & Jewelry > Men > Clothing > Active > Base Layers & Compression",Compression Shorts,11,11
"Clothing, Shoes & Jewelry > Men > Clothing > Active > Base Layers & Compression > Compression Socks",6,"Clothing, Shoes & Jewelry > Men > Clothing > Active > Base Layers & Compression",Compression Socks,3,3
"Clothing, Shoes & Jewelry > Men > Clothing > Active > Base Layers & Compression > Shirts",6,"Clothing, Shoes & Jewelry > Men > Clothing > Active > Base Layers & Compression",Shirts,35,35
"Clothing, Shoes & Jewelry > Men > Clothing > Active > Sets > Active Tracksuits",6,"Clothing, Shoes & Jewelry > Men > Clothing > Active > Sets",Active Tracksuits,33,33
"Clothing, Shoes & Jewelry > Men > Clothing > Jackets & Coats > Active & Performance > Insulated",6,"Clothing, Shoes & Jewelry > Men > Clothing > Jackets & Coats > Active & Performance",Insulated,23,23
"Clothing, Shoes & Jewelry > Men > Clothing > Jackets & Coats > Active & Performance > Shells",6,"Clothing, Shoes & Jewelry > Men > Clothing > Jackets & Coats > Active & Performance",Shells,34,34
"Clothing, Shoes & Jewelry > Men > Clothing > Jackets & Coats > Lightweight Jackets > Cotton",6,"Clothing, Shoes & Jewelry > Men > Clothing > Jackets & Coats > Lightweight Jackets",Cotton,28,28
"Clothing, Shoes & Jewelry > Men > Clothing > Jackets & Coats > Lightweight Jackets > Denim",6,"Clothing, Shoes & Jewelry > Men > Clothing > Jackets & Coats > Lightweight Jackets",Denim,13,13
"Clothing, Shoes & Jewelry > Men > Clothing > Jackets & Coats > Lightweight Jackets > Varsity Jackets",6,"Clothing, Shoes & Jewelry > Men > Clothing > Jackets & Coats > Lightweight Jackets",Varsity Jackets,8,8
"Clothing, Shoes & Jewelry > Men > Clothing > Jackets & Coats > Lightweight Jackets > Windbreakers",6,"Clothing, Shoes & Jewelry > Men > Clothing > Jackets & Coats > Lightweight Jackets",Windbreakers,31,31
"Clothing, Shoes & Jewelry > Men > Clothing > Socks & Hosiery > Socks > Calf Socks",6,"Clothing, Shoes & Jewelry > Men > Clothing > Socks & Hosiery > Socks",Calf Socks,31,31
"Clothing, Shoes & Jewelry > Men > Clothing > Socks & Hosiery > Socks > Liners & Ankle Socks",6,"Clothing, Shoes & Jewelry > Men > Clothing > Socks & Hosiery > Socks",Liners & Ankle Socks,12,12
"Clothing, Shoes & Jewelry > Men > Clothing > Suits & Sport Coats > Suit Separates > Suit Jackets",6,"Clothing, Shoes & Jewelry > Men > Clothing > Suits & Sport Coats > Suit Separates",Suit Jackets,6,6
"Clothing, Shoes & Jewelry > Men > Clothing > Suits & Sport Coats > Suit Separates > Suit Pants",6,"Clothing, Shoes & Jewelry > Men > Clothing > Suits & Sport Coats > Suit Separates",Suit Pants,3,3
"Clothing, Shoes & Jewelry > Men > Clothing > Underwear > Thermal Underwear > Bottoms",6,"Clothing, Shoes & Jewelry > Men > Clothing > Underwear > Thermal Underwear",Bottoms,17,17
"Clothing, Shoes & Jewelry > Men > Clothing > Underwear > Thermal Underwear > Tops",6,"Clothing, Shoes & Jewelry > Men > Clothing > Underwear > Thermal Underwear",Tops,14,14
"Clothing, Shoes & Jewelry > Men > Jewelry > Body Jewelry > Piercing Jewelry > Barbells",6,"Clothing, Shoes & Jewelry > Men > Jewelry > Body Jewelry > Piercing Jewelry",Barbells,1,1
"Clothing, Shoes & Jewelry > Men > Jewelry > Body Jewelry > Piercing Jewelry > Rings",6,"Clothing, Shoes & Jewelry > Men > Jewelry > Body Jewelry > Piercing Jewelry",Rings,4,4
"Clothing, Shoes & Jewelry > Men > Jewelry > Body Jewelry > Piercing Jewelry > Studs",6,"Clothing, Shoes & Jewelry > Men > Jewelry > Body Jewelry > Piercing Jewelry",Studs,1,1
"Clothing, Shoes & Jewelry > Men > Jewelry > Body Jewelry > Piercing Jewelry > Tapers",6,"Clothing, Shoes & Jewelry > Men > Jewelry > Body Jewelry > Piercing Jewelry",Tapers,1,1
"Clothing, Shoes & Jewelry > Men > Jewelry > Body Jewelry > Piercing Jewelry > Tunnels",6,"Clothing, Shoes & Jewelry > Men > Jewelry > Body Jewelry > Piercing Jewelry",Tunnels,1,1
"Clothing, Shoes & Jewelry > Men > Shoes > Athletic > Running > Road Running",6,"Clothing, Shoes & Jewelry > Men > Shoes > Athletic > Running",Road Running,271,271
"Clothing, Shoes & Jewelry > Men > Shoes > Athletic > Running > Track & Field & Cross Country",6,"Clothing, Shoes & Jewelry > Men > Shoes > Athletic > Running",Track & Field & Cross Country,12,12
"Clothing, Shoes & Jewelry > Men > Shoes > Athletic > Running > Trail Running",6,"Clothing, Shoes & Jewelry > Men > Shoes > Athletic > Running",Trail Running,91,91
"Clothing, Shoes & Jewelry > Men > Shoes > Athletic > Team Sports > Baseball & Softball",6,"Clothing, Shoes & Jewelry > Men > Shoes > Athletic > Team Sports",Baseball & Softball,11,11
"Clothing, Shoes & Jewelry > Men > Shoes > Athletic > Team Sports > Basketball",6,"Clothing, Shoes & Jewelry > Men > Shoes > Athletic > Team Sports",Basketball,102,102
"Clothing, Shoes & Jewelry > Men > Shoes > Athletic > Team Sports > Field Hockey & Lacrosse",6,"Clothing, Shoes & Jewelry > Men > Shoes > Athletic > Team Sports",Field Hockey & Lacrosse,2,2
"Clothing, Shoes & Jewelry > Men > Shoes > Athletic > Team Sports > Football",6,"Clothing, Shoes & Jewelry > Men > Shoes > Athletic > Team Sports",Football,9,9
"Clothing, Shoes & Jewelry > Men > Shoes > Athletic > Team Sports > Rugby",6,"Clothing, Shoes & Jewelry > Men > Shoes > Athletic > Team Sports",Rugby,1,1
"Clothing, Shoes & Jewelry > Men > Shoes > Athletic > Team Sports > Soccer",6,"Clothing, Shoes & Jewelry > Men > Shoes > Athletic > Team Sports",Soccer,57,57
"Clothing, Shoes & Jewelry > Men > Shoes > Athletic > Team Sports > Volleyball",6,"Clothing, Shoes & Jewelry > Men > Shoes > Athletic > Team Sports",Volleyball,3,3
"Clothing, Shoes & Jewelry > Men > Shoes > Outdoor > Hiking & Trekking > Backpacking Boots",6,"Clothing, Shoes & Jewelry > Men > Shoes > Outdoor > Hiking & Trekking",Backpacking Boots,9,9
"Clothing, Shoes & Jewelry > Men > Shoes > Outdoor > Hiking & Trekking > Hiking Boots",6,"Clothing, Shoes & Jewelry > Men > Shoes > Outdoor > Hiking & Trekking",Hiking Boots,95,95
"Clothing, Shoes & Jewelry > Men > Shoes > Outdoor > Hiking & Trekking > Hiking Shoes",6,"Clothing, Shoes & Jewelry > Men > Shoes > Outdoor > Hiking & Trekking",Hiking Shoes,61,61
"Clothing, Shoes & Jewelry > Men > Uniforms, Work & Safety > Clothing > Food Service > Chef Jackets",6,"Clothing, Shoes & Jewelry > Men > Uniforms, Work & Safety > Clothing > Food Service",Chef Jackets,6,6
"Clothing, Shoes & Jewelry > Men > Uniforms, Work & Safety > Clothing > Medical > Lab Coats",6,"Clothing, Shoes & Jewelry > Men > Uniforms, Work & Safety > Clothing > Medical",Lab Coats,3,3
"Clothing, Shoes & Jewelry > Men > Uniforms, Work & Safety > Clothing > Medical > Scrub Bottoms",6,"Clothing, Shoes & Jewelry > Men > Uniforms, Work & Safety > Clothing > Medical",Scrub Bottoms,9,9
"Clothing, Shoes & Jewelry > Men > Uniforms, Work & Safety > Clothing > Medical > Scrub Jackets",6,"Clothing, Shoes & Jewelry > Men > Uniforms, Work & Safety > Clothing > Medical",Scrub Jackets,1,1
"Clothing, Shoes & Jewelry > Men > Uniforms, Work & Safety > Clothing > Medical > Scrub Tops",6,"Clothing, Shoes & Jewelry > Men > Uniforms, Work & Safety > Clothing > Medical",Scrub Tops,7,7
"Clothing, Shoes & Jewelry > Men > Uniforms, Work & Safety > Clothing > Military > Accessories",6,"Clothing, Shoes & Jewelry > Men > Uniforms, Work & Safety > Clothing > Military",Accessories,30,30
"Clothing, Shoes & Jewelry > Men > Uniforms, Work & Safety > Clothing > Military > Outerwear",6,"Clothing, Shoes & Jewelry > Men > Uniforms, Work & Safety > Clothing > Military",Outerwear,9,9
"Clothing, Shoes & Jewelry > Men > Uniforms, Work & Safety > Clothing > Military > Pants",6,"Clothing, Shoes & Jewelry > Men > Uniforms, Work & Safety > Clothing > Military",Pants,13,13
"Clothing, Shoes & Jewelry > Men > Uniforms, Work & Safety > Clothing > Military > Tops",6,"Clothing, Shoes & Jewelry > Men > Uniforms, Work & Safety > Clothing > Military",Tops,10,10
"Clothing, Shoes & Jewelry > Men > Uniforms, Work & Safety > Clothing > Work Utility & Safety > Outerwear",6,"Clothing, Shoes & Jewelry > Men > Uniforms, Work & Safety > Clothing > Work Utility & Safety",Outerwear,19,19
"Clothing, Shoes & Jewelry > Men > Uniforms, Work & Safety > Clothing > Work Utility & Safety > Overalls & Coveralls",6,"Clothing, Shoes & Jewelry > Men > Uniforms, Work & Safety > Clothing > Work Utility & Safety",Overalls & Coveralls,10,10
"Clothing, Shoes & Jewelry > Men > Uniforms, Work & Safety > Clothing > Work Utility & Safety > Pants",6,"Clothing, Shoes & Jewelry > Men > Uniforms, Work & Safety > Clothing > Work Utility & Safety",Pants,24,24
"Clothing, Shoes & Jewelry > Men > Uniforms, Work & Safety > Clothing > Work Utility & Safety > Shorts",6,"Clothing, Shoes & Jewelry > Men > Uniforms, Work & Safety > Clothing > Work Utility & Safety",Shorts,2,2
"Clothing, Shoes & Jewelry > Men > Uniforms, Work & Safety > Clothing > Work Utility & Safety > Tops",6,"Clothing, Shoes & Jewelry > Men > Uniforms, Work & Safety > Clothing > Work Utility & Safety",Tops,21,21
"Clothing, Shoes & Jewelry > Men > Uniforms, Work & Safety > Shoes > Work & Utility > Industrial & Construction Boots",6,"Clothing, Shoes & Jewelry > Men > Uniforms, Work & Safety > Shoes > Work & Utility",Industrial & Construction Boots,47,47
"Clothing, Shoes & Jewelry > Men > Uniforms, Work & Safety > Shoes > Work & Utility > Shoes",6,"Clothing, Shoes & Jewelry > Men > Uniforms, Work & Safety > Shoes > Work & Utility",Shoes,91,91
"Clothing, Shoes & Jewelry > Novelty & More > Clothing > Exotic Apparel > Men > Boxers",6,"Clothing, Shoes & Jewelry > Novelty & More > Clothing > Exotic Apparel > Men",Boxers,2,2
"Clothing, Shoes & Jewelry > Novelty & More > Clothing > Exotic Apparel > Men > Briefs",6,"Clothing, Shoes & Jewelry > Novelty & More > Clothing > Exotic Apparel > Men",Briefs,1,1
"Clothing, Shoes & Jewelry > Novelty & More > Clothing > Exotic Apparel > Women > Accessories",6,"Clothing, Shoes & Jewelry > Novelty & More > Clothing > Exotic Apparel > Women",Accessories,1,1
"Clothing, Shoes & Jewelry > Novelty & More > Clothing > Exotic Apparel > Women > Bodystockings",6,"Clothing, Shoes & Jewelry > Novelty & More > Clothing > Exotic Apparel > Women",Bodystockings,2,2
"Clothing, Shoes & Jewelry > Novelty & More > Clothing > Exotic Apparel > Women > Bras",6,"Clothing, Shoes & Jewelry > Novelty & More > Clothing > Exotic Apparel > Women",Bras,4,4
"Clothing, Shoes & Jewelry > Novelty & More > Clothing > Exotic Apparel > Women > Bustiers & Corsets",6,"Clothing, Shoes & Jewelry > Novelty & More > Clothing > Exotic Apparel > Women",Bustiers & Corsets,10,10
"Clothing, Shoes & Jewelry > Novelty & More > Clothing > Exotic Apparel > Women > Costumes",6,"Clothing, Shoes & Jewelry > Novelty & More > Clothing > Exotic Apparel > Women",Costumes,19,19
"Clothing, Shoes & Jewelry > Novelty & More > Clothing > Exotic Apparel > Women > Dresses",6,"Clothing, Shoes & Jewelry > Novelty & More > Clothing > Exotic Apparel > Women",Dresses,10,10
"Clothing, Shoes & Jewelry > Novelty & More > Clothing > Exotic Apparel > Women > Hosiery",6,"Clothing, Shoes & Jewelry > Novelty & More > Clothing > Exotic Apparel > Women",Hosiery,4,4
"Clothing, Shoes & Jewelry > Novelty & More > Clothing > Exotic Apparel > Women > Lingerie Sets",6,"Clothing, Shoes & Jewelry > Novelty & More > Clothing > Exotic Apparel > Women",Lingerie Sets,20,20
"Clothing, Shoes & Jewelry > Novelty & More > Clothing > Exotic Apparel > Women > Panties",6,"Clothing, Shoes & Jewelry > Novelty & More > Clothing > Exotic Apparel > Women",Panties,3,3
"Clothing, Shoes & Jewelry > Novelty & More > Clothing > Exotic Apparel > Women > Teddies & Bodysuits",6,"Clothing, Shoes & Jewelry > Novelty & More > Clothing > Exotic Apparel > Women",Teddies & Bodysuits,4,4
"Clothing, Shoes & Jewelry > Novelty & More > Clothing > Novelty > Boys > Accessories",6,"Clothing, Shoes & Jewelry > Novelty & More > Clothing > Novelty > Boys",Accessories,9,1
"Clothing, Shoes & Jewelry > Novelty & More > Clothing > Novelty > Boys > Hoodies",6,"Clothing, Shoes & Jewelry > Novelty & More > Clothing > Novelty > Boys",Hoodies,13,13
"Clothing, Shoes & Jewelry > Novelty & More > Clothing > Novelty > Boys > Sleepwear & Robes",6,"Clothing, Shoes & Jewelry > Novelty & More > Clothing > Novelty > Boys",Sleepwear & Robes,3,0
"Clothing, Shoes & Jewelry > Novelty & More > Clothing > Novelty > Boys > Socks",6,"Clothing, Shoes & Jewelry > Novelty & More > Clothing > Novelty > Boys",Socks,1,1
"Clothing, Shoes & Jewelry > Novelty & More > Clothing > Novelty > Boys > Sweaters",6,"Clothing, Shoes & Jewelry > Novelty & More > Clothing > Novelty > Boys",Sweaters,1,1
"Clothing, Shoes & Jewelry > Novelty & More > Clothing > Novelty > Boys > Sweatshirts",6,"Clothing, Shoes & Jewelry > Novelty & More > Clothing > Novelty > Boys",Sweatshirts,1,1
"Clothing, Shoes & Jewelry > Novelty & More > Clothing > Novelty > Boys > Tops & Tees",6,"Clothing, Shoes & Jewelry > Novelty & More > Clothing > Novelty > Boys",Tops & Tees,43,0
"Clothing, Shoes & Jewelry > Novelty & More > Clothing > Novelty > Girls > Accessories",6,"Clothing, Shoes & Jewelry > Novelty & More > Clothing > Novelty > Girls",Accessories,12,0
"Clothing, Shoes & Jewelry > Novelty & More > Clothing > Novelty > Girls > Clothing Sets",6,"Clothing, Shoes & Jewelry > Novelty & More > Clothing > Novelty > Girls",Clothing Sets,1,1
"Clothing, Shoes & Jewelry > Novelty & More > Clothing > Novelty > Girls > Hoodies",6,"Clothing, Shoes & Jewelry > Novelty & More > Clothing > Novelty > Girls",Hoodies,8,8
"Clothing, Shoes & Jewelry > Novelty & More > Clothing > Novelty > Girls > Sleep & Lounge",6,"Clothing, Shoes & Jewelry > Novelty & More > Clothing > Novelty > Girls",Sleep & Lounge,2,0
"Clothing, Shoes & Jewelry > Novelty & More > Clothing > Novelty > Girls > Socks & Tights",6,"Clothing, Shoes & Jewelry > Novelty & More > Clothing > Novelty > Girls",Socks & Tights,2,0
"Clothing, Shoes & Jewelry > Novelty & More > Clothing > Novelty > Girls > Swimwear",6,"Clothing, Shoes & Jewelry > Novelty & More > Clothing > Novelty > Girls",Swimwear,16,16
"Clothing, Shoes & Jewelry > Novelty & More > Clothing > Novelty > Girls > Tops & Tees",6,"Clothing, Shoes & Jewelry > Novelty & More > Clothing > Novelty > Girls",Tops & Tees,29,0
"Clothing, Shoes & Jewelry > Novelty & More > Clothing > Novelty > Men > Accessories",6,"Clothing, Shoes & Jewelry > Novelty & More > Clothing > Novelty > Men",Accessories,205,10
"Clothing, Shoes & Jewelry > Novelty & More > Clothing > Novelty > Men > Hoodies",6,"Clothing, Shoes & Jewelry > Novelty & More > Clothing > Novelty > Men",Hoodies,167,167
"Clothing, Shoes & Jewelry > Novelty & More > Clothing > Novelty > Men > Jackets & Coats",6,"Clothing, Shoes & Jewelry > Novelty & More > Clothing > Novelty > Men",Jackets & Coats,8,8
"Clothing, Shoes & Jewelry > Novelty & More > Clothing > Novelty > Men > Pants",6,"Clothing, Shoes & Jewelry > Novelty & More > Clothing > Novelty > Men",Pants,6,6
"Clothing, Shoes & Jewelry > Novelty & More > Clothing > Novelty > Men > Shirts",6,"Clothing, Shoes & Jewelry > Novelty & More > Clothing > Novelty > Men",Shirts,1096,3
"Clothing, Shoes & Jewelry > Novelty & More > Clothing > Novelty > Men > Shorts",6,"Clothing, Shoes & Jewelry > Novelty & More > Clothing > Novelty > Men",Shorts,1,1
"Clothing, Shoes & Jewelry > Novelty & More > Clothing > Novelty > Men > Sleep & Lounge",6,"Clothing, Shoes & Jewelry > Novelty & More > Clothing > Novelty > Men",Sleep & Lounge,7,1
"Clothing, Shoes & Jewelry > Novelty & More > Clothing > Novelty > Men > Socks",6,"Clothing, Shoes & Jewelry > Novelty & More > Clothing > Novelty > Men",Socks,64,64
"Clothing, Shoes & Jewelry > Novelty & More > Clothing > Novelty > Men > Sweaters",6,"Clothing, Shoes & Jewelry > Novelty & More > Clothing > Novelty > Men",Sweaters,9,9
"Clothing, Shoes & Jewelry > Novelty & More > Clothing > Novelty > Men > Sweatshirts",6,"Clothing, Shoes & Jewelry > Novelty & More > Clothing > Novelty > Men",Sweatshirts,19,19
"Clothing, Shoes & Jewelry > Novelty & More > Clothing > Novelty > Men > Swimwear",6,"Clothing, Shoes & Jewelry > Novelty & More > Clothing > Novelty > Men",Swimwear,7,7
"Clothing, Shoes & Jewelry > Novelty & More > Clothing > Novelty > Men > Underwear",6,"Clothing, Shoes & Jewelry > Novelty & More > Clothing > Novelty > Men",Underwear,10,0
"Clothing, Shoes & Jewelry > Novelty & More > Clothing > Novelty > Women > Accessories",6,"Clothing, Shoes & Jewelry > Novelty & More > Clothing > Novelty > Women",Accessories,160,6
"Clothing, Shoes & Jewelry > Novelty & More > Clothing > Novelty > Women > Dresses",6,"Clothing, Shoes & Jewelry > Novelty & More > Clothing > Novelty > Women",Dresses,62,62
"Clothing, Shoes & Jewelry > Novelty & More > Clothing > Novelty > Women > Hoodies",6,"Clothing, Shoes & Jewelry > Novelty & More > Clothing > Novelty > Women",Hoodies,64,64
"Clothing, Shoes & Jewelry > Novelty & More > Clothing > Novelty > Women > Jackets & Coats",6,"Clothing, Shoes & Jewelry > Novelty & More > Clothing > Novelty > Women",Jackets & Coats,5,5
"Clothing, Shoes & Jewelry > Novelty & More > Clothing > Novelty > Women > Leggings",6,"Clothing, Shoes & Jewelry > Novelty & More > Clothing > Novelty > Women",Leggings,14,14
"Clothing, Shoes & Jewelry > Novelty & More > Clothing > Novelty > Women > Pants & Capris",6,"Clothing, Shoes & Jewelry > Novelty & More > Clothing > Novelty > Women",Pants & Capris,16,16
"Clothing, Shoes & Jewelry > Novelty & More > Clothing > Novelty > Women > Shorts",6,"Clothing, Shoes & Jewelry > Novelty & More > Clothing > Novelty > Women",Shorts,7,7
"Clothing, Shoes & Jewelry > Novelty & More > Clothing > Novelty > Women > Skirts",6,"Clothing, Shoes & Jewelry > Novelty & More > Clothing > Novelty > Women",Skirts,82,82
"Clothing, Shoes & Jewelry > Novelty & More > Clothing > Novelty > Women > Sleep & Lounge",6,"Clothing, Shoes & Jewelry > Novelty & More > Clothing > Novelty > Women",Sleep & Lounge,38,0
"Clothing, Shoes & Jewelry > Novelty & More > Clothing > Novelty > Women > Socks & Hosiery",6,"Clothing, Shoes & Jewelry > Novelty & More > Clothing > Novelty > Women",Socks & Hosiery,51,0
"Clothing, Shoes & Jewelry > Novelty & More > Clothing > Novelty > Women > Sweaters",6,"Clothing, Shoes & Jewelry > Novelty & More > Clothing > Novelty > Women",Sweaters,4,4
"Clothing, Shoes & Jewelry > Novelty & More > Clothing > Novelty > Women > Sweatshirts",6,"Clothing, Shoes & Jewelry > Novelty & More > Clothing > Novelty > Women",Sweatshirts,27,27
"Clothing, Shoes & Jewelry > Novelty & More > Clothing > Novelty > Women > Swimwear",6,"Clothing, Shoes & Jewelry > Novelty & More > Clothing > Novelty > Women",Swimwear,2,2
"Clothing, Shoes & Jewelry > Novelty & More > Clothing > Novelty > Women > Tops & Tees",6,"Clothing, Shoes & Jewelry > Novelty & More > Clothing > Novelty > Women",Tops & Tees,686,0
"Clothing, Shoes & Jewelry > Novelty & More > Clothing > Novelty > Women > Underwear",6,"Clothing, Shoes & Jewelry > Novelty & More > Clothing > Novelty > Women",Underwear,1,0
"Clothing, Shoes & Jewelry > Sport Specific Clothing > Cycling > Boys > Tights, Pants & Shorts > Shorts",6,"Clothing, Shoes & Jewelry > Sport Specific Clothing > Cycling > Boys > Tights, Pants & Shorts",Shorts,1,1
"Clothing, Shoes & Jewelry > Sport Specific Clothing > Cycling > Men > Hats & Headwear > Caps",6,"Clothing, Shoes & Jewelry > Sport Specific Clothing > Cycling > Men > Hats & Headwear",Caps,4,4
"Clothing, Shoes & Jewelry > Sport Specific Clothing > Cycling > Men > Tights, Pants & Shorts > Bib Pants",6,"Clothing, Shoes & Jewelry > Sport Specific Clothing > Cycling > Men > Tights, Pants & Shorts",Bib Pants,3,3
"Clothing, Shoes & Jewelry > Sport Specific Clothing > Cycling > Men > Tights, Pants & Shorts > Bib Shorts",6,"Clothing, Shoes & Jewelry > Sport Specific Clothing > Cycling > Men > Tights, Pants & Shorts",Bib Shorts,6,6
"Clothing, Shoes & Jewelry > Sport Specific Clothing > Cycling > Men > Tights, Pants & Shorts > Shorts",6,"Clothing, Shoes & Jewelry > Sport Specific Clothing > Cycling > Men > Tights, Pants & Shorts",Shorts,19,19
"Clothing, Shoes & Jewelry > Sport Specific Clothing > Cycling > Men > Tights, Pants & Shorts > Tights & Pants",6,"Clothing, Shoes & Jewelry > Sport Specific Clothing > Cycling > Men > Tights, Pants & Shorts",Tights & Pants,10,10
"Clothing, Shoes & Jewelry > Sport Specific Clothing > Cycling > Women > Tights, Pants & Shorts > Shorts",6,"Clothing, Shoes & Jewelry > Sport Specific Clothing > Cycling > Women > Tights, Pants & Shorts",Shorts,8,8
"Clothing, Shoes & Jewelry > Sport Specific Clothing > Cycling > Women > Tights, Pants & Shorts > Tights & Pants",6,"Clothing, Shoes & Jewelry > Sport Specific Clothing > Cycling > Women > Tights, Pants & Shorts",Tights & Pants,7,7
"Clothing, Shoes & Jewelry > Sport Specific Clothing > Golf > Men > Accessories > Belts",6,"Clothing, Shoes & Jewelry > Sport Specific Clothing > Golf > Men > Accessories",Belts,50,50
"Clothing, Shoes & Jewelry > Sport Specific Clothing > Golf > Women > Accessories > Belts",6,"Clothing, Shoes & Jewelry > Sport Specific Clothing > Golf > Women > Accessories",Belts,39,39
"Clothing, Shoes & Jewelry > Sport Specific Clothing > Hiking & Outdoor Recreation > Men > Jackets > Softshell Jackets",6,"Clothing, Shoes & Jewelry > Sport Specific Clothing > Hiking & Outdoor Recreation > Men > Jackets",Softshell Jackets,1,1
"Clothing, Shoes & Jewelry > Sport Specific Clothing > Skiing > Boys > Bibs & Pants > Pants",6,"Clothing, Shoes & Jewelry > Sport Specific Clothing > Skiing > Boys > Bibs & Pants",Pants,1,1
"Clothing, Shoes & Jewelry > Sport Specific Clothing > Skiing > Girls > Bibs & Pants > Bibs",6,"Clothing, Shoes & Jewelry > Sport Specific Clothing > Skiing > Girls > Bibs & Pants",Bibs,1,1
"Clothing, Shoes & Jewelry > Sport Specific Clothing > Skiing > Men > Bibs & Pants > Bibs",6,"Clothing, Shoes & Jewelry > Sport Specific Clothing > Skiing > Men > Bibs & Pants",Bibs,3,3
"Clothing, Shoes & Jewelry > Sport Specific Clothing > Skiing > Men > Bibs & Pants > Pants",6,"Clothing, Shoes & Jewelry > Sport Specific Clothing > Skiing > Men > Bibs & Pants",Pants,4,4
"Clothing, Shoes & Jewelry > Sport Specific Clothing > Skiing > Women > Bibs & Pants > Bibs",6,"Clothing, Shoes & Jewelry > Sport Specific Clothing > Skiing > Women > Bibs & Pants",Bibs,2,2
"Clothing, Shoes & Jewelry > Sport Specific Clothing > Skiing > Women > Bibs & Pants > Pants",6,"Clothing, Shoes & Jewelry > Sport Specific Clothing > Skiing > Women > Bibs & Pants",Pants,6,6
"Clothing, Shoes & Jewelry > Sport Specific Clothing > Tennis > Women > Skirts & Skorts > Skorts",6,"Clothing, Shoes & Jewelry > Sport Specific Clothing > Tennis > Women > Skirts & Skorts",Skorts,1,1
"Clothing, Shoes & Jewelry > Women > Accessories > Special Occasion Accessories > Bridal Accessories > Bridal Veils",6,"Clothing, Shoes & Jewelry > Women > Accessories > Special Occasion Accessories > Bridal Accessories",Bridal Veils,8,8
"Clothing, Shoes & Jewelry > Women > Accessories > Wallets, Card Cases & Money Organizers > Card & ID Cases > Business Card Cases",6,"Clothing, Shoes & Jewelry > Women > Accessories > Wallets, Card Cases & Money Organizers > Card & ID Cases",Business Card Cases,7,7
"Clothing, Shoes & Jewelry > Women > Accessories > Wallets, Card Cases & Money Organizers > Card & ID Cases > Card Cases",6,"Clothing, Shoes & Jewelry > Women > Accessories > Wallets, Card Cases & Money Organizers > Card & ID Cases",Card Cases,18,18
"Clothing, Shoes & Jewelry > Women > Accessories > Wallets, Card Cases & Money Organizers > Card & ID Cases > Commuter Pass Cases",6,"Clothing, Shoes & Jewelry > Women > Accessories > Wallets, Card Cases & Money Organizers > Card & ID Cases",Commuter Pass Cases,1,1
"Clothing, Shoes & Jewelry > Women > Accessories > Wallets, Card Cases & Money Organizers > Card & ID Cases > ID Cases",6,"Clothing, Shoes & Jewelry > Women > Accessories > Wallets, Card Cases & Money Organizers > Card & ID Cases",ID Cases,3,3
"Clothing, Shoes & Jewelry > Women > Clothing > Active > Active Pants > Sweatpants",6,"Clothing, Shoes & Jewelry > Women > Clothing > Active > Active Pants",Sweatpants,72,72
"Clothing, Shoes & Jewelry > Women > Clothing > Active > Active Pants > Track Pants",6,"Clothing, Shoes & Jewelry > Women > Clothing > Active > Active Pants",Track Pants,12,12
"Clothing, Shoes & Jewelry > Women > Clothing > Active > Active Shirts & Tees > Button-Down Shirts",6,"Clothing, Shoes & Jewelry > Women > Clothing > Active > Active Shirts & Tees",Button-Down Shirts,2,2
"Clothing, Shoes & Jewelry > Women > Clothing > Active > Active Shirts & Tees > Polos",6,"Clothing, Shoes & Jewelry > Women > Clothing > Active > Active Shirts & Tees",Polos,6,6
"Clothing, Shoes & Jewelry > Women > Clothing > Active > Active Shirts & Tees > T-Shirts",6,"Clothing, Shoes & Jewelry > Women > Clothing > Active > Active Shirts & Tees",T-Shirts,43,43
"Clothing, Shoes & Jewelry > Women > Clothing > Active > Active Shirts & Tees > Tank Tops",6,"Clothing, Shoes & Jewelry > Women > Clothing > Active > Active Shirts & Tees",Tank Tops,46,46
"Clothing, Shoes & Jewelry > Women > Clothing > Active > Base Layers & Compression > Compression Pants & Tights",6,"Clothing, Shoes & Jewelry > Women > Clothing > Active > Base Layers & Compression",Compression Pants & Tights,33,33
"Clothing, Shoes & Jewelry > Women > Clothing > Active > Base Layers & Compression > Compression Socks",6,"Clothing, Shoes & Jewelry > Women > Clothing > Active > Base Layers & Compression",Compression Socks,16,16
"Clothing, Shoes & Jewelry > Women > Clothing > Active > Base Layers & Compression > Shirts",6,"Clothing, Shoes & Jewelry > Women > Clothing > Active > Base Layers & Compression",Shirts,6,6
"Clothing, Shoes & Jewelry > Women > Clothing > Active > Base Layers & Compression > Shorts",6,"Clothing, Shoes & Jewelry > Women > Clothing > Active > Base Layers & Compression",Shorts,7,7
"Clothing, Shoes & Jewelry > Women > Clothing > Active > Sets > Active Sweatsuits",6,"Clothing, Shoes & Jewelry > Women > Clothing > Active > Sets",Active Sweatsuits,18,18
"Clothing, Shoes & Jewelry > Women > Clothing > Active > Sets > Tracksuits",6,"Clothing, Shoes & Jewelry > Women > Clothing > Active > Sets",Tracksuits,84,84
"Clothing, Shoes & Jewelry > Women > Clothing > Active > Sets > Workout Top & Bottom Sets",6,"Clothing, Shoes & Jewelry > Women > Clothing > Active > Sets",Workout Top & Bottom Sets,5,5
"Clothing, Shoes & Jewelry > Women > Clothing > Active > Skirts & Skorts > Active Skirts",6,"Clothing, Shoes & Jewelry > Women > Clothing > Active > Skirts & Skorts",Active Skirts,22,22
"Clothing, Shoes & Jewelry > Women > Clothing > Active > Skirts & Skorts > Active Skorts",6,"Clothing, Shoes & Jewelry > Women > Clothing > Active > Skirts & Skorts",Active Skorts,16,16
"Clothing, Shoes & Jewelry > Women > Clothing > Coats, Jackets & Vests > Active & Performance > Fleece",6,"Clothing, Shoes & Jewelry > Women > Clothing > Coats, Jackets & Vests > Active & Performance",Fleece,54,54
"Clothing, Shoes & Jewelry > Women > Clothing > Coats, Jackets & Vests > Active & Performance > Insulated Shells",6,"Clothing, Shoes & Jewelry > Women > Clothing > Coats, Jackets & Vests > Active & Performance",Insulated Shells,14,14
"Clothing, Shoes & Jewelry > Women > Clothing > Coats, Jackets & Vests > Active & Performance > Wind & Rain",6,"Clothing, Shoes & Jewelry > Women > Clothing > Coats, Jackets & Vests > Active & Performance",Wind & Rain,4,4
"Clothing, Shoes & Jewelry > Women > Clothing > Coats, Jackets & Vests > Trench, Rain & Anoraks > Anoraks",6,"Clothing, Shoes & Jewelry > Women > Clothing > Coats, Jackets & Vests > Trench, Rain & Anoraks",Anoraks,9,9
"Clothing, Shoes & Jewelry > Women > Clothing > Coats, Jackets & Vests > Trench, Rain & Anoraks > Raincoats",6,"Clothing, Shoes & Jewelry > Women > Clothing > Coats, Jackets & Vests > Trench, Rain & Anoraks",Raincoats,49,49
"Clothing, Shoes & Jewelry > Women > Clothing > Coats, Jackets & Vests > Trench, Rain & Anoraks > Trench Coats",6,"Clothing, Shoes & Jewelry > Women > Clothing > Coats, Jackets & Vests > Trench, Rain & Anoraks",Trench Coats,25,25
"Clothing, Shoes & Jewelry > Women > Clothing > Lingerie, Sleep & Lounge > Lingerie > Accessories",6,"Clothing, Shoes & Jewelry > Women > Clothing > Lingerie, Sleep & Lounge > Lingerie",Accessories,21,0
"Clothing, Shoes & Jewelry > Women > Clothing > Lingerie, Sleep & Lounge > Lingerie > Baby Dolls & Chemises",6,"Clothing, Shoes & Jewelry > Women > Clothing > Lingerie, Sleep & Lounge > Lingerie",Baby Dolls & Chemises,26,26
"Clothing, Shoes & Jewelry > Women > Clothing > Lingerie, Sleep & Lounge > Lingerie > Bras",6,"Clothing, Shoes & Jewelry > Women > Clothing > Lingerie, Sleep & Lounge > Lingerie",Bras,418,4
"Clothing, Shoes & Jewelry > Women > Clothing > Lingerie, Sleep & Lounge > Lingerie > Bustiers & Corsets",6,"Clothing, Shoes & Jewelry > Women > Clothing > Lingerie, Sleep & Lounge > Lingerie",Bustiers & Corsets,13,13
"Clothing, Shoes & Jewelry > Women > Clothing > Lingerie, Sleep & Lounge > Lingerie > Camisoles & Tanks",6,"Clothing, Shoes & Jewelry > Women > Clothing > Lingerie, Sleep & Lounge > Lingerie",Camisoles & Tanks,37,37
"Clothing, Shoes & Jewelry > Women > Clothing > Lingerie, Sleep & Lounge > Lingerie > Garters & Garter Belts",6,"Clothing, Shoes & Jewelry > Women > Clothing > Lingerie, Sleep & Lounge > Lingerie",Garters & Garter Belts,1,0
"Clothing, Shoes & Jewelry > Women > Clothing > Lingerie, Sleep & Lounge > Lingerie > Lingerie Sets",6,"Clothing, Shoes & Jewelry > Women > Clothing > Lingerie, Sleep & Lounge > Lingerie",Lingerie Sets,2,2
"Clothing, Shoes & Jewelry > Women > Clothing > Lingerie, Sleep & Lounge > Lingerie > Panties",6,"Clothing, Shoes & Jewelry > Women > Clothing > Lingerie, Sleep & Lounge > Lingerie",Panties,146,8
"Clothing, Shoes & Jewelry > Women > Clothing > Lingerie, Sleep & Lounge > Lingerie > Shapewear",6,"Clothing, Shoes & Jewelry > Women > Clothing > Lingerie, Sleep & Lounge > Lingerie",Shapewear,75,1
"Clothing, Shoes & Jewelry > Women > Clothing > Lingerie, Sleep & Lounge > Lingerie > Slips",6,"Clothing, Shoes & Jewelry > Women > Clothing > Lingerie, Sleep & Lounge > Lingerie",Slips,28,0
"Clothing, Shoes & Jewelry > Women > Clothing > Lingerie, Sleep & Lounge > Sleep & Lounge > Bottoms",6,"Clothing, Shoes & Jewelry > Women > Clothing > Lingerie, Sleep & Lounge > Sleep & Lounge",Bottoms,79,79
"Clothing, Shoes & Jewelry > Women > Clothing > Lingerie, Sleep & Lounge > Sleep & Lounge > Nightgowns & Sleepshirts",6,"Clothing, Shoes & Jewelry > Women > Clothing > Lingerie, Sleep & Lounge > Sleep & Lounge",Nightgowns & Sleepshirts,173,173
"Clothing, Shoes & Jewelry > Women > Clothing > Lingerie, Sleep & Lounge > Sleep & Lounge > Robes",6,"Clothing, Shoes & Jewelry > Women > Clothing > Lingerie, Sleep & Lounge > Sleep & Lounge",Robes,135,135
"Clothing, Shoes & Jewelry > Women > Clothing > Lingerie, Sleep & Lounge > Sleep & Lounge > Sets",6,"Clothing, Shoes & Jewelry > Women > Clothing > Lingerie, Sleep & Lounge > Sleep & Lounge",Sets,270,270
"Clothing, Shoes & Jewelry > Women > Clothing > Lingerie, Sleep & Lounge > Sleep & Lounge > Tops",6,"Clothing, Shoes & Jewelry > Women > Clothing > Lingerie, Sleep & Lounge > Sleep & Lounge",Tops,18,18
"Clothing, Shoes & Jewelry > Women > Clothing > Lingerie, Sleep & Lounge > Thermal Underwear > Bottoms",6,"Clothing, Shoes & Jewelry > Women > Clothing > Lingerie, Sleep & Lounge > Thermal Underwear",Bottoms,1,1
"Clothing, Shoes & Jewelry > Women > Clothing > Lingerie, Sleep & Lounge > Thermal Underwear > Sets",6,"Clothing, Shoes & Jewelry > Women > Clothing > Lingerie, Sleep & Lounge > Thermal Underwear",Sets,13,13
"Clothing, Shoes & Jewelry > Women > Clothing > Lingerie, Sleep & Lounge > Thermal Underwear > Tops",6,"Clothing, Shoes & Jewelry > Women > Clothing > Lingerie, Sleep & Lounge > Thermal Underwear",Tops,13,13
"Clothing, Shoes & Jewelry > Women > Clothing > Socks & Hosiery > Socks > Calf Socks",6,"Clothing, Shoes & Jewelry > Women > Clothing > Socks & Hosiery > Socks",Calf Socks,21,21
"Clothing, Shoes & Jewelry > Women > Clothing > Socks & Hosiery > Socks > No Show & Liner Socks",6,"Clothing, Shoes & Jewelry > Women > Clothing > Socks & Hosiery > Socks",No Show & Liner Socks,33,33
"Clothing, Shoes & Jewelry > Women > Clothing > Swimsuits & Cover Ups > Bikinis > Bottoms",6,"Clothing, Shoes & Jewelry > Women > Clothing > Swimsuits & Cover Ups > Bikinis",Bottoms,54,54
"Clothing, Shoes & Jewelry > Women > Clothing > Swimsuits & Cover Ups > Bikinis > Sets",6,"Clothing, Shoes & Jewelry > Women > Clothing > Swimsuits & Cover Ups > Bikinis",Sets,184,184
"Clothing, Shoes & Jewelry > Women > Clothing > Swimsuits & Cover Ups > Bikinis > Tops",6,"Clothing, Shoes & Jewelry > Women > Clothing > Swimsuits & Cover Ups > Bikinis",Tops,48,48
"Clothing, Shoes & Jewelry > Women > Clothing > Swimsuits & Cover Ups > Tankinis > Sets",6,"Clothing, Shoes & Jewelry > Women > Clothing > Swimsuits & Cover Ups > Tankinis",Sets,47,47
"Clothing, Shoes & Jewelry > Women > Clothing > Swimsuits & Cover Ups > Tankinis > Tops",6,"Clothing, Shoes & Jewelry > Women > Clothing > Swimsuits & Cover Ups > Tankinis",Tops,35,35
"Clothing, Shoes & Jewelry > Women > Jewelry > Body Jewelry > Piercing Jewelry > Barbells",6,"Clothing, Shoes & Jewelry > Women > Jewelry > Body Jewelry > Piercing Jewelry",Barbells,82,82
"Clothing, Shoes & Jewelry > Women > Jewelry > Body Jewelry > Piercing Jewelry > Plugs",6,"Clothing, Shoes & Jewelry > Women > Jewelry > Body Jewelry > Piercing Jewelry",Plugs,40,40
"Clothing, Shoes & Jewelry > Women > Jewelry > Body Jewelry > Piercing Jewelry > Retainers",6,"Clothing, Shoes & Jewelry > Women > Jewelry > Body Jewelry > Piercing Jewelry",Retainers,6,6
"Clothing, Shoes & Jewelry > Women > Jewelry > Body Jewelry > Piercing Jewelry > Rings",6,"Clothing, Shoes & Jewelry > Women > Jewelry > Body Jewelry > Piercing Jewelry",Rings,84,84
"Clothing, Shoes & Jewelry > Women > Jewelry > Body Jewelry > Piercing Jewelry > Screws",6,"Clothing, Shoes & Jewelry > Women > Jewelry > Body Jewelry > Piercing Jewelry",Screws,14,14
"Clothing, Shoes & Jewelry > Women > Jewelry > Body Jewelry > Piercing Jewelry > Studs",6,"Clothing, Shoes & Jewelry > Women > Jewelry > Body Jewelry > Piercing Jewelry",Studs,24,24
"Clothing, Shoes & Jewelry > Women > Jewelry > Body Jewelry > Piercing Jewelry > Tapers",6,"Clothing, Shoes & Jewelry > Women > Jewelry > Body Jewelry > Piercing Jewelry",Tapers,10,10
"Clothing, Shoes & Jewelry > Women > Jewelry > Body Jewelry > Piercing Jewelry > Tunnels",6,"Clothing, Shoes & Jewelry > Women > Jewelry > Body Jewelry > Piercing Jewelry",Tunnels,36,36
"Clothing, Shoes & Jewelry > Women > Jewelry > Bracelets > Charms & Charm Bracelets > Charm Bracelets",6,"Clothing, Shoes & Jewelry > Women > Jewelry > Bracelets > Charms & Charm Bracelets",Charm Bracelets,35,15
"Clothing, Shoes & Jewelry > Women > Jewelry > Bracelets > Charms & Charm Bracelets > Charms",6,"Clothing, Shoes & Jewelry > Women > Jewelry > Bracelets > Charms & Charm Bracelets",Charms,164,30
"Clothing, Shoes & Jewelry > Women > Maternity > Nursing > Sleep & Lounge > Nightgowns & Sleepshirts",6,"Clothing, Shoes & Jewelry > Women > Maternity > Nursing > Sleep & Lounge",Nightgowns & Sleepshirts,2,2
"Clothing, Shoes & Jewelry > Women > Maternity > Nursing > Sleep & Lounge > Sets",6,"Clothing, Shoes & Jewelry > Women > Maternity > Nursing > Sleep & Lounge",Sets,2,2
"Clothing, Shoes & Jewelry > Women > Maternity > Nursing > Tops & Tees > Knits & Tees",6,"Clothing, Shoes & Jewelry > Women > Maternity > Nursing > Tops & Tees",Knits & Tees,5,5
"Clothing, Shoes & Jewelry > Women > Maternity > Nursing > Tops & Tees > Tanks & Camis",6,"Clothing, Shoes & Jewelry > Women > Maternity > Nursing > Tops & Tees",Tanks & Camis,3,3
"Clothing, Shoes & Jewelry > Women > Shoes > Athletic > Running > Road Running",6,"Clothing, Shoes & Jewelry > Women > Shoes > Athletic > Running",Road Running,251,251
"Clothing, Shoes & Jewelry > Women > Shoes > Athletic > Running > Track & Field & Cross Country",6,"Clothing, Shoes & Jewelry > Women > Shoes > Athletic > Running",Track & Field & Cross Country,2,2
"Clothing, Shoes & Jewelry > Women > Shoes > Athletic > Running > Trail Running",6,"Clothing, Shoes & Jewelry > Women > Shoes > Athletic > Running",Trail Running,47,47
"Clothing, Shoes & Jewelry > Women > Shoes > Athletic > Team Sports > Basketball",6,"Clothing, Shoes & Jewelry > Women > Shoes > Athletic > Team Sports",Basketball,5,5
"Clothing, Shoes & Jewelry > Women > Shoes > Athletic > Team Sports > Field Hockey & Lacrosse",6,"Clothing, Shoes & Jewelry > Women > Shoes > Athletic > Team Sports",Field Hockey & Lacrosse,1,1
"Clothing, Shoes & Jewelry > Women > Shoes > Athletic > Team Sports > Soccer",6,"Clothing, Shoes & Jewelry > Women > Shoes > Athletic > Team Sports",Soccer,3,3
"Clothing, Shoes & Jewelry > Women > Shoes > Athletic > Team Sports > Softball & Baseball",6,"Clothing, Shoes & Jewelry > Women > Shoes > Athletic > Team Sports",Softball & Baseball,4,4
"Clothing, Shoes & Jewelry > Women > Shoes > Athletic > Team Sports > Volleyball",6,"Clothing, Shoes & Jewelry > Women > Shoes > Athletic > Team Sports",Volleyball,5,5
"Clothing, Shoes & Jewelry > Women > Shoes > Outdoor > Hiking & Trekking > Backpacking Boots",6,"Clothing, Shoes & Jewelry > Women > Shoes > Outdoor > Hiking & Trekking",Backpacking Boots,1,1
"Clothing, Shoes & Jewelry > Women > Shoes > Outdoor > Hiking & Trekking > Hiking Boots",6,"Clothing, Shoes & Jewelry > Women > Shoes > Outdoor > Hiking & Trekking",Hiking Boots,36,36
"Clothing, Shoes & Jewelry > Women > Shoes > Outdoor > Hiking & Trekking > Hiking Shoes",6,"Clothing, Shoes & Jewelry > Women > Shoes > Outdoor > Hiking & Trekking",Hiking Shoes,50,50
"Clothing, Shoes & Jewelry > Women > Uniforms, Work & Safety > Clothing > Food Service > Chef Jackets",6,"Clothing, Shoes & Jewelry > Women > Uniforms, Work & Safety > Clothing > Food Service",Chef Jackets,4,4
"Clothing, Shoes & Jewelry > Women > Uniforms, Work & Safety > Clothing > Food Service > Chef Pants",6,"Clothing, Shoes & Jewelry > Women > Uniforms, Work & Safety > Clothing > Food Service",Chef Pants,1,1
"Clothing, Shoes & Jewelry > Women > Uniforms, Work & Safety > Clothing > Medical > Lab Coats",6,"Clothing, Shoes & Jewelry > Women > Uniforms, Work & Safety > Clothing > Medical",Lab Coats,3,3
"Clothing, Shoes & Jewelry > Women > Uniforms, Work & Safety > Clothing > Medical > Scrub Bottoms",6,"Clothing, Shoes & Jewelry > Women > Uniforms, Work & Safety > Clothing > Medical",Scrub Bottoms,22,22
"Clothing, Shoes & Jewelry > Women > Uniforms, Work & Safety > Clothing > Medical > Scrub Jackets",6,"Clothing, Shoes & Jewelry > Women > Uniforms, Work & Safety > Clothing > Medical",Scrub Jackets,13,13
"Clothing, Shoes & Jewelry > Women > Uniforms, Work & Safety > Clothing > Medical > Scrub Sets",6,"Clothing, Shoes & Jewelry > Women > Uniforms, Work & Safety > Clothing > Medical",Scrub Sets,22,22
"Clothing, Shoes & Jewelry > Women > Uniforms, Work & Safety > Clothing > Medical > Scrub Tops",6,"Clothing, Shoes & Jewelry > Women > Uniforms, Work & Safety > Clothing > Medical",Scrub Tops,51,51
"Clothing, Shoes & Jewelry > Women > Uniforms, Work & Safety > Clothing > Work & Utility > Outerwear",6,"Clothing, Shoes & Jewelry > Women > Uniforms, Work & Safety > Clothing > Work & Utility",Outerwear,6,6
"Clothing, Shoes & Jewelry > Women > Uniforms, Work & Safety > Clothing > Work & Utility > Overalls & Coveralls",6,"Clothing, Shoes & Jewelry > Women > Uniforms, Work & Safety > Clothing > Work & Utility",Overalls & Coveralls,3,3
"Clothing, Shoes & Jewelry > Women > Uniforms, Work & Safety > Clothing > Work & Utility > Pants",6,"Clothing, Shoes & Jewelry > Women > Uniforms, Work & Safety > Clothing > Work & Utility",Pants,5,5
"Clothing, Shoes & Jewelry > Women > Uniforms, Work & Safety > Clothing > Work & Utility > Tops",6,"Clothing, Shoes & Jewelry > Women > Uniforms, Work & Safety > Clothing > Work & Utility",Tops,4,4
"Clothing, Shoes & Jewelry > Women > Uniforms, Work & Safety > Shoes > Work & Utility > Boots",6,"Clothing, Shoes & Jewelry > Women > Uniforms, Work & Safety > Shoes > Work & Utility",Boots,1,1
"Clothing, Shoes & Jewelry > Women > Uniforms, Work & Safety > Shoes > Work & Utility > Shoes",6,"Clothing, Shoes & Jewelry > Women > Uniforms, Work & Safety > Shoes > Work & Utility",Shoes,30,30
"Clothing, Shoes & Jewelry > Baby > Baby Boys > Clothing > Swim > Swimwear Sets > Cover-Up Sets",7,"Clothing, Shoes & Jewelry > Baby > Baby Boys > Clothing > Swim > Swimwear Sets",Cover-Up Sets,1,1
"Clothing, Shoes & Jewelry > Baby > Baby Boys > Clothing > Swim > Swimwear Sets > Rash Guard Sets",7,"Clothing, Shoes & Jewelry > Baby > Baby Boys > Clothing > Swim > Swimwear Sets",Rash Guard Sets,1,1
"Clothing, Shoes & Jewelry > Baby > Baby Boys > Clothing > Swim > Trunks & Shorts > Trunks",7,"Clothing, Shoes & Jewelry > Baby > Baby Boys > Clothing > Swim > Trunks & Shorts",Trunks,2,2
"Clothing, Shoes & Jewelry > Baby > Baby Girls > Clothing > Swim > Swimwear Sets > Cover-Up Sets",7,"Clothing, Shoes & Jewelry > Baby > Baby Girls > Clothing > Swim > Swimwear Sets",Cover-Up Sets,2,2
"Clothing, Shoes & Jewelry > Baby > Baby Girls > Clothing > Swim > Swimwear Sets > Rash Guard Sets",7,"Clothing, Shoes & Jewelry > Baby > Baby Girls > Clothing > Swim > Swimwear Sets",Rash Guard Sets,4,4
"Clothing, Shoes & Jewelry > Baby > Baby Girls > Clothing > Swim > Two-Pieces > Bikinis",7,"Clothing, Shoes & Jewelry > Baby > Baby Girls > Clothing > Swim > Two-Pieces",Bikinis,7,7
"Clothing, Shoes & Jewelry > Baby > Baby Girls > Clothing > Swim > Two-Pieces > Tankinis",7,"Clothing, Shoes & Jewelry > Baby > Baby Girls > Clothing > Swim > Two-Pieces",Tankinis,2,2
"Clothing, Shoes & Jewelry > Girls > Clothing > Swim > Two-Pieces > Bikinis > Bottoms",7,"Clothing, Shoes & Jewelry > Girls > Clothing > Swim > Two-Pieces > Bikinis",Bottoms,1,1
"Clothing, Shoes & Jewelry > Girls > Clothing > Swim > Two-Pieces > Bikinis > Sets",7,"Clothing, Shoes & Jewelry > Girls > Clothing > Swim > Two-Pieces > Bikinis",Sets,13,13
"Clothing, Shoes & Jewelry > Girls > Clothing > Swim > Two-Pieces > Tankinis > Tankini Sets",7,"Clothing, Shoes & Jewelry > Girls > Clothing > Swim > Two-Pieces > Tankinis",Tankini Sets,4,4
"Clothing, Shoes & Jewelry > Novelty & More > Clothing > Novelty > Boys > Accessories > Belts",7,"Clothing, Shoes & Jewelry > Novelty & More > Clothing > Novelty > Boys > Accessories",Belts,1,1
"Clothing, Shoes & Jewelry > Novelty & More > Clothing > Novelty > Boys > Accessories > Gloves & Mittens",7,"Clothing, Shoes & Jewelry > Novelty & More > Clothing > Novelty > Boys > Accessories",Gloves & Mittens,1,1
"Clothing, Shoes & Jewelry > Novelty & More > Clothing > Novelty > Boys > Accessories > Hats & Caps",7,"Clothing, Shoes & Jewelry > Novelty & More > Clothing > Novelty > Boys > Accessories",Hats & Caps,4,0
"Clothing, Shoes & Jewelry > Novelty & More > Clothing > Novelty > Boys > Accessories > Keychains",7,"Clothing, Shoes & Jewelry > Novelty & More > Clothing > Novelty > Boys > Accessories",Keychains,1,1
"Clothing, Shoes & Jewelry > Novelty & More > Clothing > Novelty > Boys > Accessories > Wallets",7,"Clothing, Shoes & Jewelry > Novelty & More > Clothing > Novelty > Boys > Accessories",Wallets,1,1
"Clothing, Shoes & Jewelry > Novelty & More > Clothing > Novelty > Boys > Sleepwear & Robes > One-Piece Pajamas",7,"Clothing, Shoes & Jewelry > Novelty & More > Clothing > Novelty > Boys > Sleepwear & Robes",One-Piece Pajamas,1,1
"Clothing, Shoes & Jewelry > Novelty & More > Clothing > Novelty > Boys > Sleepwear & Robes > Pajama Sets",7,"Clothing, Shoes & Jewelry > Novelty & More > Clothing > Novelty > Boys > Sleepwear & Robes",Pajama Sets,2,2
"Clothing, Shoes & Jewelry > Novelty & More > Clothing > Novelty > Boys > Tops & Tees > T-Shirts",7,"Clothing, Shoes & Jewelry > Novelty & More > Clothing > Novelty > Boys > Tops & Tees",T-Shirts,42,42
"Clothing, Shoes & Jewelry > Novelty & More > Clothing > Novelty > Boys > Tops & Tees > Tanks Tops",7,"Clothing, Shoes & Jewelry > Novelty & More > Clothing > Novelty > Boys > Tops & Tees",Tanks Tops,1,1
"Clothing, Shoes & Jewelry > Novelty & More > Clothing > Novelty > Girls > Accessories > Hats & Caps",7,"Clothing, Shoes & Jewelry > Novelty & More > Clothing > Novelty > Girls > Accessories",Hats & Caps,2,0
"Clothing, Shoes & Jewelry > Novelty & More > Clothing > Novelty > Girls > Accessories > Keychains",7,"Clothing, Shoes & Jewelry > Novelty & More > Clothing > Novelty > Girls > Accessories",Keychains,6,6
"Clothing, Shoes & Jewelry > Novelty & More > Clothing > Novelty > Girls > Accessories > Wallets",7,"Clothing, Shoes & Jewelry > Novelty & More > Clothing > Novelty > Girls > Accessories",Wallets,4,4
"Clothing, Shoes & Jewelry > Novelty & More > Clothing > Novelty > Girls > Sleep & Lounge > One-Piece Pajamas",7,"Clothing, Shoes & Jewelry > Novelty & More > Clothing > Novelty > Girls > Sleep & Lounge",One-Piece Pajamas,2,2
"Clothing, Shoes & Jewelry > Novelty & More > Clothing > Novelty > Girls > Socks & Tights > Socks",7,"Clothing, Shoes & Jewelry > Novelty & More > Clothing > Novelty > Girls > Socks & Tights",Socks,2,2
"Clothing, Shoes & Jewelry > Novelty & More > Clothing > Novelty > Girls > Tops & Tees > T-Shirts",7,"Clothing, Shoes & Jewelry > Novelty & More > Clothing > Novelty > Girls > Tops & Tees",T-Shirts,29,29
"Clothing, Shoes & Jewelry > Novelty & More > Clothing > Novelty > Men > Accessories > Applique Patches",7,"Clothing, Shoes & Jewelry > Novelty & More > Clothing > Novelty > Men > Accessories",Applique Patches,16,16
"Clothing, Shoes & Jewelry > Novelty & More > Clothing > Novelty > Men > Accessories > Bandanas",7,"Clothing, Shoes & Jewelry > Novelty & More > Clothing > Novelty > Men > Accessories",Bandanas,16,16
"Clothing, Shoes & Jewelry > Novelty & More > Clothing > Novelty > Men > Accessories > Belt Buckles",7,"Clothing, Shoes & Jewelry > Novelty & More > Clothing > Novelty > Men > Accessories",Belt Buckles,16,16
"Clothing, Shoes & Jewelry > Novelty & More > Clothing > Novelty > Men > Accessories > Belts",7,"Clothing, Shoes & Jewelry > Novelty & More > Clothing > Novelty > Men > Accessories",Belts,9,9
"Clothing, Shoes & Jewelry > Novelty & More > Clothing > Novelty > Men > Accessories > Bow Ties",7,"Clothing, Shoes & Jewelry > Novelty & More > Clothing > Novelty > Men > Accessories",Bow Ties,1,1
"Clothing, Shoes & Jewelry > Novelty & More > Clothing > Novelty > Men > Accessories > Buttons & Pins",7,"Clothing, Shoes & Jewelry > Novelty & More > Clothing > Novelty > Men > Accessories",Buttons & Pins,37,37
"Clothing, Shoes & Jewelry > Novelty & More > Clothing > Novelty > Men > Accessories > Gloves & Mittens",7,"Clothing, Shoes & Jewelry > Novelty & More > Clothing > Novelty > Men > Accessories",Gloves & Mittens,2,0
"Clothing, Shoes & Jewelry > Novelty & More > Clothing > Novelty > Men > Accessories > Hats & Caps",7,"Clothing, Shoes & Jewelry > Novelty & More > Clothing > Novelty > Men > Accessories",Hats & Caps,48,0
"Clothing, Shoes & Jewelry > Novelty & More > Clothing > Novelty > Men > Accessories > Keychains",7,"Clothing, Shoes & Jewelry > Novelty & More > Clothing > Novelty > Men > Accessories",Keychains,25,25
"Clothing, Shoes & Jewelry > Novelty & More > Clothing > Novelty > Men > Accessories > Neckties",7,"Clothing, Shoes & Jewelry > Novelty & More > Clothing > Novelty > Men > Accessories",Neckties,13,13
"Clothing, Shoes & Jewelry > Novelty & More > Clothing > Novelty > Men > Accessories > Scarves",7,"Clothing, Shoes & Jewelry > Novelty & More > Clothing > Novelty > Men > Accessories",Scarves,3,3
"Clothing, Shoes & Jewelry > Novelty & More > Clothing > Novelty > Men > Accessories > Wallets",7,"Clothing, Shoes & Jewelry > Novelty & More > Clothing > Novelty > Men > Accessories",Wallets,9,9
"Clothing, Shoes & Jewelry > Novelty & More > Clothing > Novelty > Men > Shirts > Button-Down Shirts",7,"Clothing, Shoes & Jewelry > Novelty & More > Clothing > Novelty > Men > Shirts",Button-Down Shirts,5,5
"Clothing, Shoes & Jewelry > Novelty & More > Clothing > Novelty > Men > Shirts > Polos",7,"Clothing, Shoes & Jewelry > Novelty & More > Clothing > Novelty > Men > Shirts",Polos,6,6
"Clothing, Shoes & Jewelry > Novelty & More > Clothing > Novelty > Men > Shirts > T-Shirts",7,"Clothing, Shoes & Jewelry > Novelty & More > Clothing > Novelty > Men > Shirts",T-Shirts,1040,1040
"Clothing, Shoes & Jewelry > Novelty & More > Clothing > Novelty > Men > Shirts > Tanks Tops",7,"Clothing, Shoes & Jewelry > Novelty & More > Clothing > Novelty > Men > Shirts",Tanks Tops,42,42
"Clothing, Shoes & Jewelry > Novelty & More > Clothing > Novelty > Men > Sleep & Lounge > Bottoms",7,"Clothing, Shoes & Jewelry > Novelty & More > Clothing > Novelty > Men > Sleep & Lounge",Bottoms,2,2
"Clothing, Shoes & Jewelry > Novelty & More > Clothing > Novelty > Men > Sleep & Lounge > One-Piece Pajamas",7,"Clothing, Shoes & Jewelry > Novelty & More > Clothing > Novelty > Men > Sleep & Lounge",One-Piece Pajamas,2,2
"Clothing, Shoes & Jewelry > Novelty & More > Clothing > Novelty > Men > Sleep & Lounge > Sets",7,"Clothing, Shoes & Jewelry > Novelty & More > Clothing > Novelty > Men > Sleep & Lounge",Sets,2,2
"Clothing, Shoes & Jewelry > Novelty & More > Clothing > Novelty > Men > Underwear > Boxer Briefs",7,"Clothing, Shoes & Jewelry > Novelty & More > Clothing > Novelty > Men > Underwear",Boxer Briefs,7,7
"Clothing, Shoes & Jewelry > Novelty & More > Clothing > Novelty > Men > Underwear > Boxers",7,"Clothing, Shoes & Jewelry > Novelty & More > Clothing > Novelty > Men > Underwear",Boxers,2,2
"Clothing, Shoes & Jewelry > Novelty & More > Clothing > Novelty > Men > Underwear > Briefs",7,"Clothing, Shoes & Jewelry > Novelty & More > Clothing > Novelty > Men > Underwear",Briefs,1,1
"Clothing, Shoes & Jewelry > Novelty & More > Clothing > Novelty > Women > Accessories > Bandanas",7,"Clothing, Shoes & Jewelry > Novelty & More > Clothing > Novelty > Women > Accessories",Bandanas,17,17
"Clothing, Shoes & Jewelry > Novelty & More > Clothing > Novelty > Women > Accessories > Belt Buckles",7,"Clothing, Shoes & Jewelry > Novelty & More > Clothing > Novelty > Women > Accessories",Belt Buckles,2,2
"Clothing, Shoes & Jewelry > Novelty & More > Clothing > Novelty > Women > Accessories > Buttons & Pins",7,"Clothing, Shoes & Jewelry > Novelty & More > Clothing > Novelty > Women > Accessories",Buttons & Pins,29,29
"Clothing, Shoes & Jewelry > Novelty & More > Clothing > Novelty > Women > Accessories > Gloves & Mittens",7,"Clothing, Shoes & Jewelry > Novelty & More > Clothing > Novelty > Women > Accessories",Gloves & Mittens,13,0
"Clothing, Shoes & Jewelry > Novelty & More > Clothing > Novelty > Women > Accessories > Hats & Caps",7,"Clothing, Shoes & Jewelry > Novelty & More > Clothing > Novelty > Women > Accessories",Hats & Caps,31,0
"Clothing, Shoes & Jewelry > Novelty & More > Clothing > Novelty > Women > Accessories > Keychains",7,"Clothing, Shoes & Jewelry > Novelty & More > Clothing > Novelty > Women > Accessories",Keychains,48,48
"Clothing, Shoes & Jewelry > Novelty & More > Clothing > Novelty > Women > Accessories > Scarves",7,"Clothing, Shoes & Jewelry > Novelty & More > Clothing > Novelty > Women > Accessories",Scarves,4,4
"Clothing, Shoes & Jewelry > Novelty & More > Clothing > Novelty > Women > Accessories > Sunglasses & Eyewear",7,"Clothing, Shoes & Jewelry > Novelty & More > Clothing > Novelty > Women > Accessories",Sunglasses & Eyewear,4,4
"Clothing, Shoes & Jewelry > Novelty & More > Clothing > Novelty > Women > Accessories > Wallets",7,"Clothing, Shoes & Jewelry > Novelty & More > Clothing > Novelty > Women > Accessories",Wallets,6,6
"Clothing, Shoes & Jewelry > Novelty & More > Clothing > Novelty > Women > Sleep & Lounge > Bottoms",7,"Clothing, Shoes & Jewelry > Novelty & More > Clothing > Novelty > Women > Sleep & Lounge",Bottoms,1,1
"Clothing, Shoes & Jewelry > Novelty & More > Clothing > Novelty > Women > Sleep & Lounge > Nightgowns & Sleepshirts",7,"Clothing, Shoes & Jewelry > Novelty & More > Clothing > Novelty > Women > Sleep & Lounge",Nightgowns & Sleepshirts,3,3
"Clothing, Shoes & Jewelry > Novelty & More > Clothing > Novelty > Women > Sleep & Lounge > One-Piece Pajamas",7,"Clothing, Shoes & Jewelry > Novelty & More > Clothing > Novelty > Women > Sleep & Lounge",One-Piece Pajamas,24,24
"Clothing, Shoes & Jewelry > Novelty & More > Clothing > Novelty > Women > Sleep & Lounge > Sets",7,"Clothing, Shoes & Jewelry > Novelty & More > Clothing > Novelty > Women > Sleep & Lounge",Sets,10,10
"Clothing, Shoes & Jewelry > Novelty & More > Clothing > Novelty > Women > Socks & Hosiery > Socks",7,"Clothing, Shoes & Jewelry > Novelty & More > Clothing > Novelty > Women > Socks & Hosiery",Socks,51,51
"Clothing, Shoes & Jewelry > Novelty & More > Clothing > Novelty > Women > Tops & Tees > Blouses & Button-Down Shirts",7,"Clothing, Shoes & Jewelry > Novelty & More > Clothing > Novelty > Women > Tops & Tees",Blouses & Button-Down Shirts,8,8
"Clothing, Shoes & Jewelry > Novelty & More > Clothing > Novelty > Women > Tops & Tees > Polos",7,"Clothing, Shoes & Jewelry > Novelty & More > Clothing > Novelty > Women > Tops & Tees",Polos,1,1
"Clothing, Shoes & Jewelry > Novelty & More > Clothing > Novelty > Women > Tops & Tees > T-Shirts",7,"Clothing, Shoes & Jewelry > Novelty & More > Clothing > Novelty > Women > Tops & Tees",T-Shirts,574,574
"Clothing, Shoes & Jewelry > Novelty & More > Clothing > Novelty > Women > Tops & Tees > Tanks & Camis",7,"Clothing, Shoes & Jewelry > Novelty & More > Clothing > Novelty > Women > Tops & Tees",Tanks & Camis,103,103
"Clothing, Shoes & Jewelry > Novelty & More > Clothing > Novelty > Women > Underwear > Panties",7,"Clothing, Shoes & Jewelry > Novelty & More > Clothing > Novelty > Women > Underwear",Panties,1,0
"Clothing, Shoes & Jewelry > Women > Clothing > Lingerie, Sleep & Lounge > Lingerie > Accessories > Bra Extenders",7,"Clothing, Shoes & Jewelry > Women > Clothing > Lingerie, Sleep & Lounge > Lingerie > Accessories",Bra Extenders,5,5
"Clothing, Shoes & Jewelry > Women > Clothing > Lingerie, Sleep & Lounge > Lingerie > Accessories > Breast Petals",7,"Clothing, Shoes & Jewelry > Women > Clothing > Lingerie, Sleep & Lounge > Lingerie > Accessories",Breast Petals,5,5
"Clothing, Shoes & Jewelry > Women > Clothing > Lingerie, Sleep & Lounge > Lingerie > Accessories > Pads & Enhancers",7,"Clothing, Shoes & Jewelry > Women > Clothing > Lingerie, Sleep & Lounge > Lingerie > Accessories",Pads & Enhancers,9,9
"Clothing, Shoes & Jewelry > Women > Clothing > Lingerie, Sleep & Lounge > Lingerie > Accessories > Straps",7,"Clothing, Shoes & Jewelry > Women > Clothing > Lingerie, Sleep & Lounge > Lingerie > Accessories",Straps,2,2
"Clothing, Shoes & Jewelry > Women > Clothing > Lingerie, Sleep & Lounge > Lingerie > Bras > Adhesive Bras",7,"Clothing, Shoes & Jewelry > Women > Clothing > Lingerie, Sleep & Lounge > Lingerie > Bras",Adhesive Bras,8,8
"Clothing, Shoes & Jewelry > Women > Clothing > Lingerie, Sleep & Lounge > Lingerie > Bras > Everyday Bras",7,"Clothing, Shoes & Jewelry > Women > Clothing > Lingerie, Sleep & Lounge > Lingerie > Bras",Everyday Bras,230,230
"Clothing, Shoes & Jewelry > Women > Clothing > Lingerie, Sleep & Lounge > Lingerie > Bras > Minimizers",7,"Clothing, Shoes & Jewelry > Women > Clothing > Lingerie, Sleep & Lounge > Lingerie > Bras",Minimizers,10,10
"Clothing, Shoes & Jewelry > Women > Clothing > Lingerie, Sleep & Lounge > Lingerie > Bras > Sports Bras",7,"Clothing, Shoes & Jewelry > Women > Clothing > Lingerie, Sleep & Lounge > Lingerie > Bras",Sports Bras,166,166
"Clothing, Shoes & Jewelry > Women > Clothing > Lingerie, Sleep & Lounge > Lingerie > Garters & Garter Belts > Garter Belts",7,"Clothing, Shoes & Jewelry > Women > Clothing > Lingerie, Sleep & Lounge > Lingerie > Garters & Garter Belts",Garter Belts,1,1
"Clothing, Shoes & Jewelry > Women > Clothing > Lingerie, Sleep & Lounge > Lingerie > Panties > Bikinis",7,"Clothing, Shoes & Jewelry > Women > Clothing > Lingerie, Sleep & Lounge > Lingerie > Panties",Bikinis,24,24
"Clothing, Shoes & Jewelry > Women > Clothing > Lingerie, Sleep & Lounge > Lingerie > Panties > Boy Shorts",7,"Clothing, Shoes & Jewelry > Women > Clothing > Lingerie, Sleep & Lounge > Lingerie > Panties",Boy Shorts,27,27
"Clothing, Shoes & Jewelry > Women > Clothing > Lingerie, Sleep & Lounge > Lingerie > Panties > Briefs",7,"Clothing, Shoes & Jewelry > Women > Clothing > Lingerie, Sleep & Lounge > Lingerie > Panties",Briefs,44,44
"Clothing, Shoes & Jewelry > Women > Clothing > Lingerie, Sleep & Lounge > Lingerie > Panties > G-Strings & Thongs",7,"Clothing, Shoes & Jewelry > Women > Clothing > Lingerie, Sleep & Lounge > Lingerie > Panties",G-Strings & Thongs,16,16
"Clothing, Shoes & Jewelry > Women > Clothing > Lingerie, Sleep & Lounge > Lingerie > Panties > Hipsters",7,"Clothing, Shoes & Jewelry > Women > Clothing > Lingerie, Sleep & Lounge > Lingerie > Panties",Hipsters,27,27
"Clothing, Shoes & Jewelry > Women > Clothing > Lingerie, Sleep & Lounge > Lingerie > Shapewear > Bodysuits",7,"Clothing, Shoes & Jewelry > Women > Clothing > Lingerie, Sleep & Lounge > Lingerie > Shapewear",Bodysuits,27,27
"Clothing, Shoes & Jewelry > Women > Clothing > Lingerie, Sleep & Lounge > Lingerie > Shapewear > Control Panties",7,"Clothing, Shoes & Jewelry > Women > Clothing > Lingerie, Sleep & Lounge > Lingerie > Shapewear",Control Panties,24,24
"Clothing, Shoes & Jewelry > Women > Clothing > Lingerie, Sleep & Lounge > Lingerie > Shapewear > Tops",7,"Clothing, Shoes & Jewelry > Women > Clothing > Lingerie, Sleep & Lounge > Lingerie > Shapewear",Tops,6,6
"Clothing, Shoes & Jewelry > Women > Clothing > Lingerie, Sleep & Lounge > Lingerie > Shapewear > Waist Cinchers",7,"Clothing, Shoes & Jewelry > Women > Clothing > Lingerie, Sleep & Lounge > Lingerie > Shapewear",Waist Cinchers,17,17
"Clothing, Shoes & Jewelry > Women > Clothing > Lingerie, Sleep & Lounge > Lingerie > Slips > Full Slips",7,"Clothing, Shoes & Jewelry > Women > Clothing > Lingerie, Sleep & Lounge > Lingerie > Slips",Full Slips,6,6
"Clothing, Shoes & Jewelry > Women > Clothing > Lingerie, Sleep & Lounge > Lingerie > Slips > Half Slips",7,"Clothing, Shoes & Jewelry > Women > Clothing > Lingerie, Sleep & Lounge > Lingerie > Slips",Half Slips,22,22
"Clothing, Shoes & Jewelry > Women > Jewelry > Bracelets > Charms & Charm Bracelets > Charm Bracelets > Italian Style",7,"Clothing, Shoes & Jewelry > Women > Jewelry > Bracelets > Charms & Charm Bracelets > Charm Bracelets",Italian Style,1,1
"Clothing, Shoes & Jewelry > Women > Jewelry > Bracelets > Charms & Charm Bracelets > Charm Bracelets > Link",7,"Clothing, Shoes & Jewelry > Women > Jewelry > Bracelets > Charms & Charm Bracelets > Charm Bracelets",Link,9,9
"Clothing, Shoes & Jewelry > Women > Jewelry > Bracelets > Charms & Charm Bracelets > Charm Bracelets > Snake",7,"Clothing, Shoes & Jewelry > Women > Jewelry > Bracelets > Charms & Charm Bracelets > Charm Bracelets",Snake,10,10
"Clothing, Shoes & Jewelry > Women > Jewelry > Bracelets > Charms & Charm Bracelets > Charms > Bead",7,"Clothing, Shoes & Jewelry > Women > Jewelry > Bracelets > Charms & Charm Bracelets > Charms",Bead,113,113
"Clothing, Shoes & Jewelry > Women > Jewelry > Bracelets > Charms & Charm Bracelets > Charms > Clasp",7,"Clothing, Shoes & Jewelry > Women > Jewelry > Bracelets > Charms & Charm Bracelets > Charms",Clasp,16,16
"Clothing, Shoes & Jewelry > Women > Jewelry > Bracelets > Charms & Charm Bracelets > Charms > Italian Style",7,"Clothing, Shoes & Jewelry > Women > Jewelry > Bracelets > Charms & Charm Bracelets > Charms",Italian Style,5,5
"Clothing, Shoes & Jewelry > Novelty & More > Clothing > Novelty > Boys > Accessories > Hats & Caps > Baseball Caps",8,"Clothing, Shoes & Jewelry > Novelty & More > Clothing > Novelty > Boys > Accessories > Hats & Caps",Baseball Caps,2,2
"Clothing, Shoes & Jewelry > Novelty & More > Clothing > Novelty > Boys > Accessories > Hats & Caps > Beanies & Knit Hats",8,"Clothing, Shoes & Jewelry > Novelty & More > Clothing > Novelty > Boys > Accessories > Hats & Caps",Beanies & Knit Hats,2,2
"Clothing, Shoes & Jewelry > Novelty & More > Clothing > Novelty > Girls > Accessories > Hats & Caps > Baseball Caps",8,"Clothing, Shoes & Jewelry > Novelty & More > Clothing > Novelty > Girls > Accessories > Hats & Caps",Baseball Caps,2,2
"Clothing, Shoes & Jewelry > Novelty & More > Clothing > Novelty > Men > Accessories > Gloves & Mittens > Gloves",8,"Clothing, Shoes & Jewelry > Novelty & More > Clothing > Novelty > Men > Accessories > Gloves & Mittens",Gloves,2,2
"Clothing, Shoes & Jewelry > Novelty & More > Clothing > Novelty > Men > Accessories > Hats & Caps > Baseball Caps",8,"Clothing, Shoes & Jewelry > Novelty & More > Clothing > Novelty > Men > Accessories > Hats & Caps",Baseball Caps,39,39
"Clothing, Shoes & Jewelry > Novelty & More > Clothing > Novelty > Men > Accessories > Hats & Caps > Beanies & Knit Hats",8,"Clothing, Shoes & Jewelry > Novelty & More > Clothing > Novelty > Men > Accessories > Hats & Caps",Beanies & Knit Hats,6,6
"Clothing, Shoes & Jewelry > Novelty & More > Clothing > Novelty > Men > Accessories > Hats & Caps > Sun Hats",8,"Clothing, Shoes & Jewelry > Novelty & More > Clothing > Novelty > Men > Accessories > Hats & Caps",Sun Hats,2,2
"Clothing, Shoes & Jewelry > Novelty & More > Clothing > Novelty > Men > Accessories > Hats & Caps > Visors",8,"Clothing, Shoes & Jewelry > Novelty & More > Clothing > Novelty > Men > Accessories > Hats & Caps",Visors,1,1
"Clothing, Shoes & Jewelry > Novelty & More > Clothing > Novelty > Women > Accessories > Gloves & Mittens > Gloves",8,"Clothing, Shoes & Jewelry > Novelty & More > Clothing > Novelty > Women > Accessories > Gloves & Mittens",Gloves,13,13
"Clothing, Shoes & Jewelry > Novelty & More > Clothing > Novelty > Women > Accessories > Hats & Caps > Baseball Caps",8,"Clothing, Shoes & Jewelry > Novelty & More > Clothing > Novelty > Women > Accessories > Hats & Caps",Baseball Caps,26,26
"Clothing, Shoes & Jewelry > Novelty & More > Clothing > Novelty > Women > Accessories > Hats & Caps > Beanies & Knit Hats",8,"Clothing, Shoes & Jewelry > Novelty & More > Clothing > Novelty > Women > Accessories > Hats & Caps",Beanies & Knit Hats,4,4
"Clothing, Shoes & Jewelry > Novelty & More > Clothing > Novelty > Women > Accessories > Hats & Caps > Cowboy Hats",8,"Clothing, Shoes & Jewelry > Novelty & More > Clothing > Novelty > Women > Accessories > Hats & Caps",Cowboy Hats,1,1
"Clothing, Shoes & Jewelry > Novelty & More > Clothing > Novelty > Women > Underwear > Panties > Boy Shorts",8,"Clothing, Shoes & Jewelry > Novelty & More > Clothing > Novelty > Women > Underwear > Panties",Boy Shorts,1,1
