sample_id,turn,stage,clarification,intent_seed,specificity,category,typed_constraints,negations,profile_tags,asked_attributes,question,question_diagnostic,candidate_pool_size,top_10,latency_ms,oracle_joined_after_freeze,oracle_scenario_type,oracle_target_asin,diagnostic_target_rank
public_0001,1,reranker,fixed_other,buying,specific,Jewelry Necklaces,"[{""explicit"": true, ""hard"": true, ""kind"": ""feature"", ""negated"": false, ""source"": ""explicit_requirement"", ""source_turn"": 1, ""strength"": 1.0, ""value"": ""Material:alloy""}]",[],"[""fit"", ""comfort"", ""durability""]","[""other""]",other,"{""fixed"": true}",50,"[""B0140NWUGE"", ""B072PTLN1L"", ""B017NHP88G"", ""B0046EC1NK"", ""B003UHUPM8"", ""B07CZ2TPVB"", ""B0028N6VFA"", ""B07CVVF3G2"", ""B000UZJVU0"", ""B075KXNBNF""]",21.233700012089685,True,buying,B09PYB7B6Z,
public_0001,2,reranker,fixed_other,buying,specific,Jewelry Necklaces,"[{""explicit"": true, ""hard"": true, ""kind"": ""feature"", ""negated"": false, ""source"": ""explicit_requirement"", ""source_turn"": 1, ""strength"": 1.0, ""value"": ""Material:alloy""}, {""explicit"": false, ""hard"": false, ""kind"": ""feature"", ""negated"": false, ""source"": ""ambiguous_disclosure"", ""source_turn"": 2, ""strength"": 0.7, ""value"": ""Triple Moon Pentagram Symbol""}, {""explicit"": false, ""hard"": false, ""kind"": ""feature"", ""negated"": false, ""source"": ""ambiguous_disclosure"", ""source_turn"": 2, ""strength"": 0.7, ""value"": ""The Triple Moon represents the Phases of the Moon which are linked to the three aspects of the Goddess and the phases of the Life of Women.The Pentagram representing the holistic r""}]",[],"[""fit"", ""comfort"", ""durability""]","[""other""]",other,"{""fixed"": true}",50,"[""B09PYB7B6Z"", ""B0B3MQKT6F"", ""B087CP31XD"", ""B0BG21X73H"", ""B07HRJVGP2"", ""B0817Y931T"", ""B01KXEV2M2"", ""B083SDLMWT"", ""B07JVDM9VX"", ""B000UZJVU0""]",24.321200005942956,True,buying,B09PYB7B6Z,1
public_0003,1,reranker,fixed_other,buying,mixed,Watches Wrist Watches,"[{""explicit"": false, ""hard"": false, ""kind"": ""feature"", ""negated"": true, ""source"": ""ambiguous_disclosure"", ""source_turn"": 1, ""strength"": 0.7, ""value"": ""Stainless Steel Band""}]",[],"[""material"", ""fit""]","[""other""]",other,"{""fixed"": true}",75,"[""B07CYNQZ3Z"", ""B089JY2X5D"", ""B0196A59GY"", ""B01ETFUBCS"", ""B07GPDCGD2"", ""B013W4LCFC"", ""B08R3J6GRL"", ""B07CQHXB6X"", ""B07K2Q1N4B"", ""B07NJFNRG9""]",26.942600001348183,True,intent_override,B09YMTWDXJ,
public_0003,2,reranker,fixed_other,buying,specific,Watches Wrist Watches,"[{""explicit"": false, ""hard"": false, ""kind"": ""feature"", ""negated"": true, ""source"": ""ambiguous_disclosure"", ""source_turn"": 1, ""strength"": 0.7, ""value"": ""Stainless Steel Band""}, {""explicit"": false, ""hard"": false, ""kind"": ""feature"", ""negated"": false, ""source"": ""ambiguous_disclosure"", ""source_turn"": 2, ""strength"": 0.7, ""value"": ""Water Resistant""}, {""explicit"": false, ""hard"": false, ""kind"": ""feature"", ""negated"": false, ""source"": ""ambiguous_disclosure"", ""source_turn"": 2, ""strength"": 0.7, ""value"": ""3 Year Battery""}]",[],"[""material"", ""fit""]","[""other""]",other,"{""fixed"": true}",50,"[""B07CYNQZ3Z"", ""B089JY2X5D"", ""B09H3VT8JH"", ""B09YMTWDXJ"", ""B07GBT82S7"", ""B0007N53K2"", ""B003BGYKYM"", ""B07MXQ9K42"", ""B07VDXF4NP"", ""B07YCH6HLZ""]",22.925199999008328,True,intent_override,B09YMTWDXJ,4
public_0003,3,reranker,fixed_other,buying,specific,Watches Wrist Watches,"[{""explicit"": false, ""hard"": false, ""kind"": ""feature"", ""negated"": false, ""source"": ""ambiguous_disclosure"", ""source_turn"": 2, ""strength"": 0.7, ""value"": ""Water Resistant""}, {""explicit"": false, ""hard"": false, ""kind"": ""feature"", ""negated"": false, ""source"": ""ambiguous_disclosure"", ""source_turn"": 2, ""strength"": 0.7, ""value"": ""3 Year Battery""}]","[{""explicit"": true, ""hard"": true, ""kind"": ""feature"", ""negated"": true, ""source"": ""negation_or_replacement"", ""source_turn"": 3, ""strength"": 1.0, ""value"": ""Stainless Steel Band""}]","[""material"", ""fit""]","[""other""]",other,"{""fixed"": true}",50,"[""B079Q78Q9N"", ""B00IRLC1OC"", ""B001792BWI"", ""B002EZZN4W"", ""B00BR1JGMO"", ""B001XQQXZG"", ""B07GBT82S7"", ""B008W27AKQ"", ""B0BM4WGCJ6"", ""B07XYFXGVL""]",24.80630000354722,True,intent_override,B09YMTWDXJ,
public_0003,4,reranker,fixed_other,buying,specific,Watches Wrist Watches,"[{""explicit"": false, ""hard"": false, ""kind"": ""feature"", ""negated"": false, ""source"": ""ambiguous_disclosure"", ""source_turn"": 2, ""strength"": 0.7, ""value"": ""Water Resistant""}, {""explicit"": false, ""hard"": false, ""kind"": ""feature"", ""negated"": false, ""source"": ""ambiguous_disclosure"", ""source_turn"": 2, ""strength"": 0.7, ""value"": ""3 Year Battery""}, {""explicit"": false, ""hard"": false, ""kind"": ""feature"", ""negated"": false, ""source"": ""ambiguous_disclosure"", ""source_turn"": 4, ""strength"": 0.7, ""value"": ""Day / Date Indicator""}, {""explicit"": false, ""hard"": false, ""kind"": ""feature"", ""negated"": false, ""source"": ""ambiguous_disclosure"", ""source_turn"": 4, ""strength"": 0.7, ""value"": ""Stainless Steel Band""}]","[{""explicit"": true, ""hard"": true, ""kind"": ""feature"", ""negated"": true, ""source"": ""negation_or_replacement"", ""source_turn"": 3, ""strength"": 1.0, ""value"": ""Stainless Steel Band""}]","[""material"", ""fit""]","[""other""]",other,"{""fixed"": true}",50,"[""B09YMTWDXJ"", ""B07CYNQZ3Z"", ""B000EQU0NW"", ""B07MXQ9K42"", ""B07PQK7WC4"", ""B089JY2X5D"", ""B01KIKLVVS"", ""B07GBT82S7"", ""B09H3VT8JH"", ""B07YCH6HLZ""]",255.01860000076704,True,intent_override,B09YMTWDXJ,1
public_0004,1,reranker,fixed_other,buying,mixed,Tops & Tees Tanks & Camis,"[{""explicit"": false, ""hard"": false, ""kind"": ""style"", ""negated"": true, ""source"": ""ambiguous_disclosure"", ""source_turn"": 1, ""strength"": 0.7, ""value"": ""Long torso camisole for extra coverage with spagetti adjustable strap for perfect fit""}]",[],"[""weather"", ""warmth"", ""material"", ""comfort""]","[""other""]",other,"{""fixed"": true}",75,"[""B08GJ7RG8D"", ""B07C2XPZ6D"", ""B08BWZD2FH"", ""B07F3FRGB5"", ""B09H227YL1"", ""B08BC78Y59"", ""B088KD56CJ"", ""B09Z7DBCKQ"", ""B08YJV7B6K"", ""B09ZH7HNCG""]",29.973199998494238,True,intent_override,B07C2XPZ6D,2
public_0004,2,reranker,fixed_other,buying,specific,Tops & Tees Tanks & Camis,"[{""explicit"": false, ""hard"": false, ""kind"": ""style"", ""negated"": true, ""source"": ""ambiguous_disclosure"", ""source_turn"": 1, ""strength"": 0.7, ""value"": ""Long torso camisole for extra coverage with spagetti adjustable strap for perfect fit""}, {""explicit"": false, ""hard"": false, ""kind"": ""material"", ""negated"": false, ""source"": ""ambiguous_disclosure"", ""source_turn"": 2, ""strength"": 0.7, ""value"": ""polyester""}, {""explicit"": false, ""hard"": false, ""kind"": ""material"", ""negated"": false, ""source"": ""ambiguous_disclosure"", ""source_turn"": 2, ""strength"": 0.7, ""value"": ""Polyester,Cotton,Spandex""}]",[],"[""weather"", ""warmth"", ""material"", ""comfort""]","[""other""]",other,"{""fixed"": true}",50,"[""B07C2XPZ6D"", ""B07MMY96CH"", ""B08NDR6878"", ""B088KD56CJ"", ""B09Z7DBCKQ"", ""B09S3C1R7G"", ""B08KRGMNL4"", ""B08QRPR4TM"", ""B09ZH7HNCG"", ""B01KW36C3I""]",29.67630000784993,True,intent_override,B07C2XPZ6D,1
public_0004,3,reranker,fixed_other,buying,specific,Tops & Tees Tanks & Camis,"[{""explicit"": false, ""hard"": false, ""kind"": ""material"", ""negated"": false, ""source"": ""ambiguous_disclosure"", ""source_turn"": 2, ""strength"": 0.7, ""value"": ""polyester""}, {""explicit"": false, ""hard"": false, ""kind"": ""material"", ""negated"": false, ""source"": ""ambiguous_disclosure"", ""source_turn"": 2, ""strength"": 0.7, ""value"": ""Polyester,Cotton,Spandex""}]","[{""explicit"": true, ""hard"": true, ""kind"": ""style"", ""negated"": true, ""source"": ""negation_or_replacement"", ""source_turn"": 3, ""strength"": 1.0, ""value"": ""Long torso camisole for extra coverage with spagetti adjustable strap for perfect fit""}]","[""weather"", ""warmth"", ""material"", ""comfort""]","[""other""]",other,"{""fixed"": true}",50,"[""B011INL1WS"", ""B015LCMLQM"", ""B01MSCZNDL"", ""B016NUQODM"", ""B01H3R4LQ6"", ""B07CMP3PG8"", ""B00L9ZBCV6"", ""B014J9VXLW"", ""B01I9XLXAA"", ""B07Z5S6GHC""]",22.684399998979643,True,intent_override,B07C2XPZ6D,
public_0004,4,reranker,fixed_other,buying,specific,Tops & Tees Tanks & Camis,"[{""explicit"": false, ""hard"": false, ""kind"": ""material"", ""negated"": false, ""source"": ""ambiguous_disclosure"", ""source_turn"": 2, ""strength"": 0.7, ""value"": ""polyester""}, {""explicit"": false, ""hard"": false, ""kind"": ""material"", ""negated"": false, ""source"": ""ambiguous_disclosure"", ""source_turn"": 2, ""strength"": 0.7, ""value"": ""Polyester,Cotton,Spandex""}, {""explicit"": false, ""hard"": false, ""kind"": ""material"", ""negated"": false, ""source"": ""ambiguous_disclosure"", ""source_turn"": 4, ""strength"": 0.7, ""value"": ""Quality soft cottonblend camisole, 95% cotton, 5% spandex, Neon Colors 57% cotton 38% polyester 5% spandex""}, {""explicit"": false, ""hard"": false, ""kind"": ""style"", ""negated"": false, ""source"": ""ambiguous_disclosure"", ""source_turn"": 4, ""strength"": 0.7, ""value"": ""Long torso camisole for extra coverage with spagetti adjustable strap for perfect fit""}]","[{""explicit"": true, ""hard"": true, ""kind"": ""style"", ""negated"": true, ""source"": ""negation_or_replacement"", ""source_turn"": 3, ""strength"": 1.0, ""value"": ""Long torso camisole for extra coverage with spagetti adjustable strap for perfect fit""}]","[""weather"", ""warmth"", ""material"", ""comfort""]","[""other""]",other,"{""fixed"": true}",50,"[""B07C2XPZ6D"", ""B011INL1WS"", ""B015LCMLQM"", ""B01I9XLXAA"", ""B014J9VXLW"", ""B07CNHLYC8"", ""B079GJYRZD"", ""B071GP8417"", ""B088KD56CJ"", ""B07NWXM3XW""]",23.72349999495782,True,intent_override,B07C2XPZ6D,1
public_0005,1,reranker,fixed_other,buying,specific,Outdoor & Work Snow & Cold Weather,"[{""explicit"": true, ""hard"": true, ""kind"": ""material"", ""negated"": false, ""source"": ""explicit_requirement"", ""source_turn"": 1, ""strength"": 1.0, ""value"": ""leather""}]",[],"[""comfort"", ""fit"", ""style"", ""durability""]","[""other""]",other,"{""fixed"": true}",50,"[""B001AO2Y4U"", ""B004LDLVQO"", ""B004KNW8QM"", ""B0031MAI56"", ""B01N6GQYJ5"", ""B098WSZ5KD"", ""B004KNWHGS"", ""B0091GVUEE"", ""B006L2P7A4"", ""B018TA64VQ""]",20.833999995375052,True,buying,B074G1JP8Z,
public_0005,2,reranker,fixed_other,buying,specific,Outdoor & Work Snow & Cold Weather,"[{""explicit"": true, ""hard"": true, ""kind"": ""material"", ""negated"": false, ""source"": ""explicit_requirement"", ""source_turn"": 1, ""strength"": 1.0, ""value"": ""leather""}, {""explicit"": false, ""hard"": false, ""kind"": ""feature"", ""negated"": false, ""source"": ""ambiguous_disclosure"", ""source_turn"": 2, ""strength"": 0.7, ""value"": ""Rubber sole""}, {""explicit"": false, ""hard"": false, ""kind"": ""feature"", ""negated"": false, ""source"": ""ambiguous_disclosure"", ""source_turn"": 2, ""strength"": 0.7, ""value"": ""Shaft measures approximately 8.37\"" from arch""}]",[],"[""comfort"", ""fit"", ""style"", ""durability""]","[""other""]",other,"{""fixed"": true}",50,"[""B01N6GQYJ5"", ""B004KNWHGS"", ""B0031MAI56"", ""B01N4BN77E"", ""B004LKRJ7W"", ""B09FXYPY7T"", ""B074G1JP8Z"", ""B01ALHKQKK"", ""B002N00000"", ""B00HSZ4Q4G""]",24.288799992064014,True,buying,B074G1JP8Z,7
public_0010,1,reranker,fixed_other,buying,specific,Women Bodysuits,"[{""explicit"": true, ""hard"": true, ""kind"": ""material"", ""negated"": false, ""source"": ""explicit_requirement"", ""source_turn"": 1, ""strength"": 1.0, ""value"": ""fabric""}]",[],"[""material"", ""fit"", ""performance"", ""comfort""]","[""other""]",other,"{""fixed"": true}",50,"[""B083GB47SQ"", ""B000QW6LPK"", ""B0C6DQNQK7"", ""B000IM3ICW"", ""B0018R18HS"", ""B074DR42J6"", ""B002V8WPBG"", ""B000VA10MQ"", ""B0BBJ1S5NN"", ""B0B53H6J51""]",25.709199981065467,True,buying,B0929KL5W7,
public_0010,2,reranker,fixed_other,buying,specific,Women Bodysuits,"[{""explicit"": true, ""hard"": true, ""kind"": ""material"", ""negated"": false, ""source"": ""explicit_requirement"", ""source_turn"": 1, ""strength"": 1.0, ""value"": ""fabric""}, {""explicit"": false, ""hard"": false, ""kind"": ""material"", ""negated"": false, ""source"": ""ambiguous_disclosure"", ""source_turn"": 2, ""strength"": 0.7, ""value"": ""Stretchy fabric: 95% modal, 5% spandex""}, {""explicit"": false, ""hard"": false, ""kind"": ""feature"", ""negated"": false, ""source"": ""ambiguous_disclosure"", ""source_turn"": 2, ""strength"": 0.7, ""value"": ""Imported""}]",[],"[""material"", ""fit"", ""performance"", ""comfort""]","[""other""]",other,"{""fixed"": true}",50,"[""B0929KL5W7"", ""B09PMPGNVP"", ""B01GXQPKNG"", ""B00YIUZWBK"", ""B015OHJ1OO"", ""B01I21CI7G"", ""B015CD97KI"", ""B08H2C3NGL"", ""B002V8WPBG"", ""B093JQPT5G""]",23.078500002156943,True,buying,B0929KL5W7,1
public_0013,1,reranker,fixed_other,buying,mixed,Shoes Slippers,"[{""explicit"": false, ""hard"": false, ""kind"": ""style"", ""negated"": true, ""source"": ""ambiguous_disclosure"", ""source_turn"": 1, ""strength"": 0.7, ""value"": ""YOUR NEW FAVORITE SLIPPERS: Slip into divine comfort with Gemma, a plush mule-style spa slipper with an adjustable hook-and-loop closure across the vamp""}]",[],"[""comfort"", ""material""]","[""other""]",other,"{""fixed"": true}",75,"[""B0C65TFM9F"", ""B01N7KMQ0C"", ""B011PTO1VI"", ""B0BY1MFJBZ"", ""B09FSZ3L6Z"", ""B08TM91C69"", ""B078J57PWJ"", ""B07FNMYSD7"", ""B079FDJRPW"", ""B07X5SVSMW""]",25.0967999745626,True,intent_override,B0C65TFM9F,1
public_0013,2,reranker,fixed_other,buying,specific,Shoes Slippers,"[{""explicit"": false, ""hard"": false, ""kind"": ""style"", ""negated"": true, ""source"": ""ambiguous_disclosure"", ""source_turn"": 1, ""strength"": 0.7, ""value"": ""YOUR NEW FAVORITE SLIPPERS: Slip into divine comfort with Gemma, a plush mule-style spa slipper with an adjustable hook-and-loop closure across the vamp""}, {""explicit"": false, ""hard"": false, ""kind"": ""feature"", ""negated"": false, ""source"": ""ambiguous_disclosure"", ""source_turn"": 2, ""strength"": 0.7, ""value"": ""Rubber sole""}, {""explicit"": false, ""hard"": false, ""kind"": ""color"", ""negated"": false, ""source"": ""ambiguous_disclosure"", ""source_turn"": 2, ""strength"": 0.7, ""value"": ""Textile Upper. Textile Covered EVA Footbed. Rubber Outsole""}]",[],"[""comfort"", ""material""]","[""other""]",other,"{""fixed"": true}",50,"[""B0C65TFM9F"", ""B07MBC394L"", ""B0BY1MFJBZ"", ""B08BC7JW4Q"", ""B08DXS1L8L"", ""B07HJ18QRQ"", ""B07X5SVSMW"", ""B07GFCB8QJ"", ""B079FDJRPW"", ""B08C78VZ66""]",25.697300006868318,True,intent_override,B0C65TFM9F,1
public_0013,3,reranker,fixed_other,buying,specific,Shoes Slippers,"[{""explicit"": false, ""hard"": false, ""kind"": ""style"", ""negated"": true, ""source"": ""ambiguous_disclosure"", ""source_turn"": 1, ""strength"": 0.7, ""value"": ""YOUR NEW FAVORITE SLIPPERS: Slip into divine comfort with Gemma, a plush mule-style spa slipper with an adjustable hook-and-loop closure across the vamp""}, {""explicit"": false, ""hard"": false, ""kind"": ""feature"", ""negated"": false, ""source"": ""ambiguous_disclosure"", ""source_turn"": 2, ""strength"": 0.7, ""value"": ""Rubber sole""}, {""explicit"": false, ""hard"": false, ""kind"": ""color"", ""negated"": false, ""source"": ""ambiguous_disclosure"", ""source_turn"": 2, ""strength"": 0.7, ""value"": ""Textile Upper. Textile Covered EVA Footbed. Rubber Outsole""}, {""explicit"": false, ""hard"": false, ""kind"": ""feature"", ""negated"": false, ""source"": ""ambiguous_disclosure"", ""source_turn"": 3, ""strength"": 0.7, ""value"": ""Received APMA (American Podiatric Medical Association) Seal of Acceptance""}]",[],"[""comfort"", ""material""]","[""other""]",other,"{""fixed"": true}",50,"[""B0C65TFM9F"", ""B07MBC394L"", ""B01MUBVR4C"", ""B08C78VZ66"", ""B09W8HSXPT"", ""B0BY1MFJBZ"", ""B018TJC99I"", ""B08BC7JW4Q"", ""B07X5SVSMW"", ""B071X4VZS3""]",29.254799999762326,True,intent_override,B0C65TFM9F,1
public_0013,4,reranker,fixed_other,buying,specific,Shoes Slippers,"[{""explicit"": false, ""hard"": false, ""kind"": ""feature"", ""negated"": false, ""source"": ""ambiguous_disclosure"", ""source_turn"": 2, ""strength"": 0.7, ""value"": ""Rubber sole""}, {""explicit"": false, ""hard"": false, ""kind"": ""color"", ""negated"": false, ""source"": ""ambiguous_disclosure"", ""source_turn"": 2, ""strength"": 0.7, ""value"": ""Textile Upper. Textile Covered EVA Footbed. Rubber Outsole""}, {""explicit"": false, ""hard"": false, ""kind"": ""feature"", ""negated"": false, ""source"": ""ambiguous_disclosure"", ""source_turn"": 3, ""strength"": 0.7, ""value"": ""Received APMA (American Podiatric Medical Association) Seal of Acceptance""}]","[{""explicit"": true, ""hard"": true, ""kind"": ""style"", ""negated"": true, ""source"": ""negation_or_replacement"", ""source_turn"": 4, ""strength"": 1.0, ""value"": ""YOUR NEW FAVORITE SLIPPERS: Slip into divine comfort with Gemma, a plush mule-style spa slipper with an adjustable hook-and-loop closure across the vamp""}]","[""comfort"", ""material""]","[""other""]",other,"{""fixed"": true}",50,"[""B001HENC0S"", ""B014K5Z8SY"", ""B00NJXNC46"", ""B00KWKBZB6"", ""B003ICW4QK"", ""B002MUBEOC"", ""B00KWKMVM8"", ""B0C65TFM9F"", ""B01MUBVR4C"", ""B000F7STY2""]",29.283100011525676,True,intent_override,B0C65TFM9F,8
public_0021,1,reranker,fixed_other,browsing,exploratory,Men Pants,[],[],"[""material"", ""fit""]","[""other""]",other,"{""fixed"": true}",100,"[""B06XRD8TZX"", ""B08C9YTFW9"", ""B0842J3B9N"", ""B07S1LNZZH"", ""B005BVPAH6"", ""B097SM8WDS"", ""B00B6EARX4"", ""B008IW0174"", ""B00JHOP366"", ""B00DIB2IXA""]",22.002499987138435,True,browsing,B07K4FX4WZ,
public_0021,2,reranker,fixed_other,browsing,specific,Men Pants,"[{""explicit"": false, ""hard"": false, ""kind"": ""material"", ""negated"": false, ""source"": ""ambiguous_disclosure"", ""source_turn"": 2, ""strength"": 0.7, ""value"": ""polyester""}, {""explicit"": false, ""hard"": false, ""kind"": ""material"", ""negated"": false, ""source"": ""ambiguous_disclosure"", ""source_turn"": 2, ""strength"": 0.7, ""value"": ""98% Polyester, 2% Spandex""}]",[],"[""material"", ""fit""]","[""other""]",other,"{""fixed"": true}",50,"[""B0B1DRYPR7"", ""B07K4FX4WZ"", ""B003Y3BARC"", ""B088GVMQK8"", ""B07QTKJN1T"", ""B08M5XHWSJ"", ""B0B6VK1XNY"", ""B098RQGZN9"", ""B01C2GN4GG"", ""B09KB88LSH""]",23.709299974143505,True,browsing,B07K4FX4WZ,2
public_0022,1,reranker,fixed_other,buying,specific,Dresses Casual,"[{""explicit"": true, ""hard"": true, ""kind"": ""material"", ""negated"": false, ""source"": ""explicit_requirement"", ""source_turn"": 1, ""strength"": 1.0, ""value"": ""fabric""}]",[],"[""comfort"", ""fit"", ""style"", ""material""]","[""other""]",other,"{""fixed"": true}",50,"[""B07483YC42"", ""B01NBF7O73"", ""B088HDH339"", ""B09CTWQHL1"", ""B07DMDCNYH"", ""B07MTXG184"", ""B07QCKPNG1"", ""B0B64SWL1N"", ""B07CR7TQJV"", ""B07PCHWJFW""]",26.735899999039248,True,buying,B08F5G843H,
public_0022,2,reranker,fixed_other,buying,specific,Dresses Casual,"[{""explicit"": true, ""hard"": true, ""kind"": ""material"", ""negated"": false, ""source"": ""explicit_requirement"", ""source_turn"": 1, ""strength"": 1.0, ""value"": ""fabric""}, {""explicit"": false, ""hard"": false, ""kind"": ""material"", ""negated"": false, ""source"": ""ambiguous_disclosure"", ""source_turn"": 2, ""strength"": 0.7, ""value"": ""Fabric: 100% Cotton, Soft, Comfy, Breathable and keep you cool""}, {""explicit"": false, ""hard"": false, ""kind"": ""feature"", ""negated"": false, ""source"": ""ambiguous_disclosure"", ""source_turn"": 2, ""strength"": 0.7, ""value"": ""Imported""}]",[],"[""comfort"", ""fit"", ""style"", ""material""]","[""other""]",other,"{""fixed"": true}",50,"[""B08F5G843H"", ""B082XV7WPC"", ""B09XF84RFM"", ""B08B8BKPQS"", ""B0B64SWL1N"", ""B07W4K48V5"", ""B07QPM54V7"", ""B09CTWQHL1"", ""B09D75F31V"", ""B08L7VNW2C""]",28.31329999025911,True,buying,B08F5G843H,1
public_0025,1,reranker,fixed_other,browsing,exploratory,Rompers & Overalls Rompers,[],[],"[""material"", ""fit"", ""comfort"", ""style""]","[""other""]",other,"{""fixed"": true}",100,"[""B0859TL6QX"", ""B08DNMTZK6"", ""B09Z9351BN"", ""B09Z945FVX"", ""B078VLQ9PH"", ""B0B3RJYM8C"", ""B088NFV83H"", ""B0899QTXHP"", ""B07TBZGW7R"", ""B0912RNG8S""]",18.943399976706132,True,browsing,B0BRS1DHVQ,
public_0025,2,reranker,fixed_other,browsing,specific,Rompers & Overalls Rompers,"[{""explicit"": false, ""hard"": false, ""kind"": ""material"", ""negated"": false, ""source"": ""ambiguous_disclosure"", ""source_turn"": 2, ""strength"": 0.7, ""value"": ""spandex""}, {""explicit"": false, ""hard"": false, ""kind"": ""material"", ""negated"": false, ""source"": ""ambiguous_disclosure"", ""source_turn"": 2, ""strength"": 0.7, ""value"": ""65%Polyester30%Viscose5%Spandex""}]",[],"[""material"", ""fit"", ""comfort"", ""style""]","[""other""]",other,"{""fixed"": true}",50,"[""B0BRS1DHVQ"", ""B01DEE73S0"", ""B08BP84JD2"", ""B08RNTCWRP"", ""B0BR4PLQGN"", ""B07FNGN37G"", ""B07QMQMKF7"", ""B0052BAMOG"", ""B0BKWBTJ5R"", ""B0C469FVSQ""]",24.220399995101616,True,browsing,B0BRS1DHVQ,1
public_0026,1,reranker,fixed_other,buying,specific,Running Trail Running,"[{""explicit"": true, ""hard"": true, ""kind"": ""feature"", ""negated"": false, ""source"": ""explicit_requirement"", ""source_turn"": 1, ""strength"": 1.0, ""value"": ""100% Synthetic""}]",[],"[""material"", ""fit""]","[""other""]",other,"{""fixed"": true}",50,"[""B073K3Z3JM"", ""B002EQAHR4"", ""B008JEWBAG"", ""B0002M13Q6"", ""B0033PSIHQ"", ""B0039UTDFQ"", ""B00BMLXS0U"", ""B00AO3BMPU"", ""B0056EG9MS"", ""B07CZ862B2""]",20.806999993510544,True,buying,B093R14VP1,
public_0026,2,reranker,fixed_other,buying,specific,Running Trail Running,"[{""explicit"": true, ""hard"": true, ""kind"": ""feature"", ""negated"": false, ""source"": ""explicit_requirement"", ""source_turn"": 1, ""strength"": 1.0, ""value"": ""100% Synthetic""}, {""explicit"": false, ""hard"": false, ""kind"": ""feature"", ""negated"": false, ""source"": ""ambiguous_disclosure"", ""source_turn"": 2, ""strength"": 0.7, ""value"": ""Imported""}, {""explicit"": false, ""hard"": false, ""kind"": ""feature"", ""negated"": false, ""source"": ""ambiguous_disclosure"", ""source_turn"": 2, ""strength"": 0.7, ""value"": ""Rubber sole""}]",[],"[""material"", ""fit""]","[""other""]",other,"{""fixed"": true}",50,"[""B0002M13Q6"", ""B008JEWBAG"", ""B00BMLXS0U"", ""B073K3Z3JM"", ""B093R14VP1"", ""B00B9TVIBQ"", ""B00KXIMWVY"", ""B008JFE84W"", ""B07CZ862B2"", ""B00GUTG3SS""]",24.855800002114847,True,buying,B093R14VP1,5
public_0028,1,reranker,fixed_other,buying,specific,Card Cases & Money Organizers Wallets,"[{""explicit"": true, ""hard"": true, ""kind"": ""material"", ""negated"": false, ""source"": ""explicit_requirement"", ""source_turn"": 1, ""strength"": 1.0, ""value"": ""leather""}]",[],"[""material"", ""fit""]","[""other""]",other,"{""fixed"": true}",50,"[""B0009WOM76"", ""B00BRSVXFK"", ""B008KWRQ48"", ""B00793M0Z4"", ""B006UTCYWM"", ""B0051XTYKI"", ""B00CDWJ3B0"", ""B002JIO3RC"", ""B00AT8IWWQ"", ""B008UZO4KO""]",24.04180000303313,True,buying,B0B9ZYDDZ1,
public_0028,2,reranker,fixed_other,buying,specific,Card Cases & Money Organizers Wallets,"[{""explicit"": true, ""hard"": true, ""kind"": ""material"", ""negated"": false, ""source"": ""explicit_requirement"", ""source_turn"": 1, ""strength"": 1.0, ""value"": ""leather""}, {""explicit"": false, ""hard"": false, ""kind"": ""color"", ""negated"": false, ""source"": ""ambiguous_disclosure"", ""source_turn"": 2, ""strength"": 0.7, ""value"": ""color: black""}, {""explicit"": false, ""hard"": false, ""kind"": ""material"", ""negated"": false, ""source"": ""ambiguous_disclosure"", ""source_turn"": 2, ""strength"": 0.7, ""value"": ""Leather""}]",[],"[""material"", ""fit""]","[""other""]",other,"{""fixed"": true}",50,"[""B00793M0Z4"", ""B008UZO4KO"", ""B008KWRQ48"", ""B007IW47FC"", ""B002JIO3RC"", ""B008LMNKYW"", ""B01NAAWLXP"", ""B014KPGIG0"", ""B00J41RHOI"", ""B0099NSYPM""]",27.44209999218583,True,buying,B0B9ZYDDZ1,
public_0028,3,reranker,fixed_other,buying,specific,Card Cases & Money Organizers Wallets,"[{""explicit"": true, ""hard"": true, ""kind"": ""material"", ""negated"": false, ""source"": ""explicit_requirement"", ""source_turn"": 1, ""strength"": 1.0, ""value"": ""leather""}, {""explicit"": false, ""hard"": false, ""kind"": ""color"", ""negated"": false, ""source"": ""ambiguous_disclosure"", ""source_turn"": 2, ""strength"": 0.7, ""value"": ""color: black""}, {""explicit"": false, ""hard"": false, ""kind"": ""material"", ""negated"": false, ""source"": ""ambiguous_disclosure"", ""source_turn"": 2, ""strength"": 0.7, ""value"": ""Leather""}, {""explicit"": false, ""hard"": false, ""kind"": ""material"", ""negated"": false, ""source"": ""ambiguous_disclosure"", ""source_turn"": 3, ""strength"": 0.7, ""value"": ""Polyester lining""}]",[],"[""material"", ""fit""]","[""other""]",other,"{""fixed"": true}",50,"[""B08172T8MD"", ""B07SQFLSGJ"", ""B008KWRQ48"", ""B00793M0Z4"", ""B008UZO4KO"", ""B014KPGIG0"", ""B07NVXYHLX"", ""B00X6OGGTG"", ""B002JIO3RC"", ""B0099NSYPM""]",27.77110002352856,True,buying,B0B9ZYDDZ1,
public_0028,4,reranker,fixed_other,buying,specific,Card Cases & Money Organizers Wallets,"[{""explicit"": true, ""hard"": true, ""kind"": ""material"", ""negated"": false, ""source"": ""explicit_requirement"", ""source_turn"": 1, ""strength"": 1.0, ""value"": ""leather""}, {""explicit"": false, ""hard"": false, ""kind"": ""color"", ""negated"": false, ""source"": ""ambiguous_disclosure"", ""source_turn"": 2, ""strength"": 0.7, ""value"": ""color: black""}, {""explicit"": false, ""hard"": false, ""kind"": ""material"", ""negated"": false, ""source"": ""ambiguous_disclosure"", ""source_turn"": 2, ""strength"": 0.7, ""value"": ""Leather""}, {""explicit"": false, ""hard"": false, ""kind"": ""material"", ""negated"": false, ""source"": ""ambiguous_disclosure"", ""source_turn"": 3, ""strength"": 0.7, ""value"": ""Polyester lining""}]",[],"[""material"", ""fit""]","[""other""]",other,"{""fixed"": true}",50,"[""B08172T8MD"", ""B07SQFLSGJ"", ""B008KWRQ48"", ""B00793M0Z4"", ""B008UZO4KO"", ""B014KPGIG0"", ""B07NVXYHLX"", ""B00X6OGGTG"", ""B002JIO3RC"", ""B0099NSYPM""]",37.9425999999512,True,buying,B0B9ZYDDZ1,
public_0028,5,reranker,fixed_other,buying,specific,Card Cases & Money Organizers Wallets,"[{""explicit"": true, ""hard"": true, ""kind"": ""material"", ""negated"": false, ""source"": ""explicit_requirement"", ""source_turn"": 1, ""strength"": 1.0, ""value"": ""leather""}, {""explicit"": false, ""hard"": false, ""kind"": ""color"", ""negated"": false, ""source"": ""ambiguous_disclosure"", ""source_turn"": 2, ""strength"": 0.7, ""value"": ""color: black""}, {""explicit"": false, ""hard"": false, ""kind"": ""material"", ""negated"": false, ""source"": ""ambiguous_disclosure"", ""source_turn"": 2, ""strength"": 0.7, ""value"": ""Leather""}, {""explicit"": false, ""hard"": false, ""kind"": ""material"", ""negated"": false, ""source"": ""ambiguous_disclosure"", ""source_turn"": 3, ""strength"": 0.7, ""value"": ""Polyester lining""}]",[],"[""material"", ""fit""]","[""other""]",other,"{""fixed"": true}",50,"[""B08172T8MD"", ""B07SQFLSGJ"", ""B008KWRQ48"", ""B00793M0Z4"", ""B008UZO4KO"", ""B014KPGIG0"", ""B07NVXYHLX"", ""B00X6OGGTG"", ""B002JIO3RC"", ""B0099NSYPM""]",28.24509999481961,True,buying,B0B9ZYDDZ1,
public_0028,6,reranker,fixed_other,buying,specific,Card Cases & Money Organizers Wallets,"[{""explicit"": true, ""hard"": true, ""kind"": ""material"", ""negated"": false, ""source"": ""explicit_requirement"", ""source_turn"": 1, ""strength"": 1.0, ""value"": ""leather""}, {""explicit"": false, ""hard"": false, ""kind"": ""color"", ""negated"": false, ""source"": ""ambiguous_disclosure"", ""source_turn"": 2, ""strength"": 0.7, ""value"": ""color: black""}, {""explicit"": false, ""hard"": false, ""kind"": ""material"", ""negated"": false, ""source"": ""ambiguous_disclosure"", ""source_turn"": 2, ""strength"": 0.7, ""value"": ""Leather""}, {""explicit"": false, ""hard"": false, ""kind"": ""material"", ""negated"": false, ""source"": ""ambiguous_disclosure"", ""source_turn"": 3, ""strength"": 0.7, ""value"": ""Polyester lining""}]",[],"[""material"", ""fit""]","[""other""]",other,"{""fixed"": true}",50,"[""B08172T8MD"", ""B07SQFLSGJ"", ""B008KWRQ48"", ""B00793M0Z4"", ""B008UZO4KO"", ""B014KPGIG0"", ""B07NVXYHLX"", ""B00X6OGGTG"", ""B002JIO3RC"", ""B0099NSYPM""]",31.52119999867864,True,buying,B0B9ZYDDZ1,
public_0028,7,reranker,fixed_other,buying,specific,Card Cases & Money Organizers Wallets,"[{""explicit"": true, ""hard"": true, ""kind"": ""material"", ""negated"": false, ""source"": ""explicit_requirement"", ""source_turn"": 1, ""strength"": 1.0, ""value"": ""leather""}, {""explicit"": false, ""hard"": false, ""kind"": ""color"", ""negated"": false, ""source"": ""ambiguous_disclosure"", ""source_turn"": 2, ""strength"": 0.7, ""value"": ""color: black""}, {""explicit"": false, ""hard"": false, ""kind"": ""material"", ""negated"": false, ""source"": ""ambiguous_disclosure"", ""source_turn"": 2, ""strength"": 0.7, ""value"": ""Leather""}, {""explicit"": false, ""hard"": false, ""kind"": ""material"", ""negated"": false, ""source"": ""ambiguous_disclosure"", ""source_turn"": 3, ""strength"": 0.7, ""value"": ""Polyester lining""}]",[],"[""material"", ""fit""]","[""other""]",other,"{""fixed"": true}",50,"[""B08172T8MD"", ""B07SQFLSGJ"", ""B008KWRQ48"", ""B00793M0Z4"", ""B008UZO4KO"", ""B014KPGIG0"", ""B07NVXYHLX"", ""B00X6OGGTG"", ""B002JIO3RC"", ""B0099NSYPM""]",33.95959999761544,True,buying,B0B9ZYDDZ1,
public_0028,8,reranker,fixed_other,buying,specific,Card Cases & Money Organizers Wallets,"[{""explicit"": true, ""hard"": true, ""kind"": ""material"", ""negated"": false, ""source"": ""explicit_requirement"", ""source_turn"": 1, ""strength"": 1.0, ""value"": ""leather""}, {""explicit"": false, ""hard"": false, ""kind"": ""color"", ""negated"": false, ""source"": ""ambiguous_disclosure"", ""source_turn"": 2, ""strength"": 0.7, ""value"": ""color: black""}, {""explicit"": false, ""hard"": false, ""kind"": ""material"", ""negated"": false, ""source"": ""ambiguous_disclosure"", ""source_turn"": 2, ""strength"": 0.7, ""value"": ""Leather""}, {""explicit"": false, ""hard"": false, ""kind"": ""material"", ""negated"": false, ""source"": ""ambiguous_disclosure"", ""source_turn"": 3, ""strength"": 0.7, ""value"": ""Polyester lining""}]",[],"[""material"", ""fit""]","[""other""]",other,"{""fixed"": true}",50,"[""B08172T8MD"", ""B07SQFLSGJ"", ""B008KWRQ48"", ""B00793M0Z4"", ""B008UZO4KO"", ""B014KPGIG0"", ""B07NVXYHLX"", ""B00X6OGGTG"", ""B002JIO3RC"", ""B0099NSYPM""]",28.885799983981997,True,buying,B0B9ZYDDZ1,
public_0028,9,reranker,fixed_other,buying,specific,Card Cases & Money Organizers Wallets,"[{""explicit"": true, ""hard"": true, ""kind"": ""material"", ""negated"": false, ""source"": ""explicit_requirement"", ""source_turn"": 1, ""strength"": 1.0, ""value"": ""leather""}, {""explicit"": false, ""hard"": false, ""kind"": ""color"", ""negated"": false, ""source"": ""ambiguous_disclosure"", ""source_turn"": 2, ""strength"": 0.7, ""value"": ""color: black""}, {""explicit"": false, ""hard"": false, ""kind"": ""material"", ""negated"": false, ""source"": ""ambiguous_disclosure"", ""source_turn"": 2, ""strength"": 0.7, ""value"": ""Leather""}, {""explicit"": false, ""hard"": false, ""kind"": ""material"", ""negated"": false, ""source"": ""ambiguous_disclosure"", ""source_turn"": 3, ""strength"": 0.7, ""value"": ""Polyester lining""}]",[],"[""material"", ""fit""]","[""other""]",other,"{""fixed"": true}",50,"[""B08172T8MD"", ""B07SQFLSGJ"", ""B008KWRQ48"", ""B00793M0Z4"", ""B008UZO4KO"", ""B014KPGIG0"", ""B07NVXYHLX"", ""B00X6OGGTG"", ""B002JIO3RC"", ""B0099NSYPM""]",24.395899992669,True,buying,B0B9ZYDDZ1,
public_0028,10,reranker,fixed_other,buying,specific,Card Cases & Money Organizers Wallets,"[{""explicit"": true, ""hard"": true, ""kind"": ""material"", ""negated"": false, ""source"": ""explicit_requirement"", ""source_turn"": 1, ""strength"": 1.0, ""value"": ""leather""}, {""explicit"": false, ""hard"": false, ""kind"": ""color"", ""negated"": false, ""source"": ""ambiguous_disclosure"", ""source_turn"": 2, ""strength"": 0.7, ""value"": ""color: black""}, {""explicit"": false, ""hard"": false, ""kind"": ""material"", ""negated"": false, ""source"": ""ambiguous_disclosure"", ""source_turn"": 2, ""strength"": 0.7, ""value"": ""Leather""}, {""explicit"": false, ""hard"": false, ""kind"": ""material"", ""negated"": false, ""source"": ""ambiguous_disclosure"", ""source_turn"": 3, ""strength"": 0.7, ""value"": ""Polyester lining""}]",[],"[""material"", ""fit""]","[""other""]",other,"{""fixed"": true}",50,"[""B08172T8MD"", ""B07SQFLSGJ"", ""B008KWRQ48"", ""B00793M0Z4"", ""B008UZO4KO"", ""B014KPGIG0"", ""B07NVXYHLX"", ""B00X6OGGTG"", ""B002JIO3RC"", ""B0099NSYPM""]",26.362599979620427,True,buying,B0B9ZYDDZ1,
public_0035,1,reranker,fixed_other,browsing,exploratory,Athletic Walking,[],[],"[""material"", ""performance"", ""durability""]","[""other""]",other,"{""fixed"": true}",100,"[""B0925MM7CD"", ""B0B6TPKVHX"", ""B08ZK7NZBX"", ""B09YQCNHZG"", ""B0BLRS4D39"", ""B019ELI8TA"", ""B07L3W74QQ"", ""B08RMT7665"", ""B09D96W56J"", ""B00MES8EIQ""]",20.482299994910136,True,boundary,B0BN6CCHB7,
public_0035,2,reranker,fixed_other,browsing,exploratory,Athletic Walking,[],[],"[""material"", ""performance"", ""durability""]","[""other""]",other,"{""fixed"": true}",100,"[""B0925MM7CD"", ""B0B6TPKVHX"", ""B08ZK7NZBX"", ""B09YQCNHZG"", ""B0BLRS4D39"", ""B019ELI8TA"", ""B07L3W74QQ"", ""B08RMT7665"", ""B09D96W56J"", ""B00MES8EIQ""]",23.562499991385266,True,boundary,B0BN6CCHB7,
public_0035,3,reranker,fixed_other,browsing,specific,Athletic Walking,"[{""explicit"": false, ""hard"": false, ""kind"": ""material"", ""negated"": false, ""source"": ""ambiguous_disclosure"", ""source_turn"": 3, ""strength"": 0.7, ""value"": ""fabric""}, {""explicit"": false, ""hard"": false, ""kind"": ""feature"", ""negated"": false, ""source"": ""ambiguous_disclosure"", ""source_turn"": 3, ""strength"": 0.7, ""value"": ""100% Textile""}]",[],"[""material"", ""performance"", ""durability""]","[""other""]",other,"{""fixed"": true}",50,"[""B00MES8EIQ"", ""B00UZ23FRI"", ""B0BN6CCHB7"", ""B00I9TMYVC"", ""B09JLJP8VS"", ""B078GTVCS6"", ""B09N72WTDH"", ""B01IIZCU56"", ""B00HF5K0XU"", ""B00T9BL8AM""]",34.849699994083494,True,boundary,B0BN6CCHB7,3
public_0039,1,reranker,fixed_other,browsing,exploratory,Women Jerseys,[],[],"[""comfort"", ""performance"", ""durability"", ""style""]","[""other""]",other,"{""fixed"": true}",100,"[""B009GJ6WLM"", ""B09KMX2SZR"", ""B008WICX9S"", ""B077Y6TRFD"", ""B088B5V3D5"", ""B07Y8F4JTC"", ""B01CE5HHAY"", ""B004R1NN4S"", ""B084B4VYMR"", ""B00R8KLOWI""]",26.124299998627976,True,browsing,B07TZCJW9X,
public_0039,2,reranker,fixed_other,browsing,specific,Women Jerseys,"[{""explicit"": false, ""hard"": false, ""kind"": ""material"", ""negated"": false, ""source"": ""ambiguous_disclosure"", ""source_turn"": 2, ""strength"": 0.7, ""value"": ""polyester""}, {""explicit"": false, ""hard"": false, ""kind"": ""material"", ""negated"": false, ""source"": ""ambiguous_disclosure"", ""source_turn"": 2, ""strength"": 0.7, ""value"": ""80% Polyester, 20% Spandex""}]",[],"[""comfort"", ""performance"", ""durability"", ""style""]","[""other""]",other,"{""fixed"": true}",50,"[""B07TZCJW9X"", ""B00R40TA3C"", ""B073WNW7N3"", ""B08KXMJSZK"", ""B084B4VYMR"", ""B06XFVLQPN"", ""B0037252HO"", ""B07BK1F1LB"", ""B009GJ6WLM"", ""B07QWL9PB7""]",226.00860000238754,True,browsing,B07TZCJW9X,1
public_0040,1,reranker,fixed_other,browsing,exploratory,Active Pants Sweatpants,[],[],"[""material"", ""comfort"", ""fit"", ""style""]","[""other""]",other,"{""fixed"": true}",100,"[""B07XXJRC62"", ""B07KSW1CVQ"", ""B08K8N3TGP"", ""B09QGLP7DG"", ""B08938H44N"", ""B09X439MFW"", ""B08DFVFZSP"", ""B087PNX5ZT"", ""B08LQGQY6F"", ""B099FCZVV3""]",21.424300008220598,True,browsing,B08ZJWTCDR,
public_0040,2,reranker,fixed_other,browsing,specific,Active Pants Sweatpants,"[{""explicit"": false, ""hard"": false, ""kind"": ""material"", ""negated"": false, ""source"": ""ambiguous_disclosure"", ""source_turn"": 2, ""strength"": 0.7, ""value"": ""cotton""}, {""explicit"": false, ""hard"": false, ""kind"": ""color"", ""negated"": false, ""source"": ""ambiguous_disclosure"", ""source_turn"": 2, ""strength"": 0.7, ""value"": ""color: black""}]",[],"[""material"", ""comfort"", ""fit"", ""style""]","[""other""]",other,"{""fixed"": true}",50,"[""B08HRF95DQ"", ""B017ZDZ1K8"", ""B00O12O126"", ""B09X439MFW"", ""B09NB7MT7M"", ""B08FL9B9NR"", ""B07XK9FTNR"", ""B01E5C3RLM"", ""B00HQNL47M"", ""B097SM8WDS""]",22.74689998012036,True,browsing,B08ZJWTCDR,
public_0040,3,reranker,fixed_other,browsing,specific,Active Pants Sweatpants,"[{""explicit"": false, ""hard"": false, ""kind"": ""material"", ""negated"": false, ""source"": ""ambiguous_disclosure"", ""source_turn"": 2, ""strength"": 0.7, ""value"": ""cotton""}, {""explicit"": false, ""hard"": false, ""kind"": ""color"", ""negated"": false, ""source"": ""ambiguous_disclosure"", ""source_turn"": 2, ""strength"": 0.7, ""value"": ""color: black""}, {""explicit"": false, ""hard"": false, ""kind"": ""material"", ""negated"": false, ""source"": ""ambiguous_disclosure"", ""source_turn"": 3, ""strength"": 0.7, ""value"": ""100% Cotton""}, {""explicit"": false, ""hard"": false, ""kind"": ""feature"", ""negated"": false, ""source"": ""ambiguous_disclosure"", ""source_turn"": 3, ""strength"": 0.7, ""value"": ""Imported""}]",[],"[""material"", ""comfort"", ""fit"", ""style""]","[""other""]",other,"{""fixed"": true}",50,"[""B08FL9B9NR"", ""B09NB7MT7M"", ""B07L4ZQWLB"", ""B0BYCW1T1C"", ""B07S1LNZZH"", ""B07SXBCKM6"", ""B0B1HLDQ61"", ""B097SM8WDS"", ""B08ZJWTCDR"", ""B093BVDGSK""]",24.874299997463822,True,browsing,B08ZJWTCDR,9
public_0052,1,reranker,fixed_other,buying,mixed,Tees & Blouses Tunics,"[{""explicit"": false, ""hard"": false, ""kind"": ""feature"", ""negated"": true, ""source"": ""ambiguous_disclosure"", ""source_turn"": 1, ""strength"": 0.7, ""value"": ""Hand Wash Only""}]",[],"[""comfort"", ""style"", ""material""]","[""other""]",other,"{""fixed"": true}",75,"[""B00XV4CKDW"", ""B07XBPVLSD"", ""B076M663KT"", ""B09QRMJQ4J"", ""B07L8Y63VB"", ""B09MSY8926"", ""B07R4X4HH7"", ""B097N238QP"", ""B00U9TV0WY"", ""B071HDP43V""]",22.720700013451278,True,intent_override,B09G2ZNZY4,
public_0052,2,reranker,fixed_other,buying,specific,Tees & Blouses Tunics,"[{""explicit"": false, ""hard"": false, ""kind"": ""feature"", ""negated"": true, ""source"": ""ambiguous_disclosure"", ""source_turn"": 1, ""strength"": 0.7, ""value"": ""Hand Wash Only""}, {""explicit"": false, ""hard"": false, ""kind"": ""material"", ""negated"": false, ""source"": ""ambiguous_disclosure"", ""source_turn"": 2, ""strength"": 0.7, ""value"": ""polyester""}, {""explicit"": false, ""hard"": false, ""kind"": ""material"", ""negated"": false, ""source"": ""ambiguous_disclosure"", ""source_turn"": 2, ""strength"": 0.7, ""value"": ""60% polyester""}]",[],"[""comfort"", ""style"", ""material""]","[""other""]",other,"{""fixed"": true}",50,"[""B07W7X9SSR"", ""B07R8JTSL7"", ""B09G2ZNZY4"", ""B08CZ9TVQT"", ""B097N238QP"", ""B07L8Y63VB"", ""B08L4KLZDS"", ""B075YDLHCJ"", ""B089W4ZPWV"", ""B09VY9TD7N""]",32.81350000179373,True,intent_override,B09G2ZNZY4,3
public_0052,3,reranker,fixed_other,buying,specific,Tees & Blouses Tunics,"[{""explicit"": false, ""hard"": false, ""kind"": ""material"", ""negated"": false, ""source"": ""ambiguous_disclosure"", ""source_turn"": 2, ""strength"": 0.7, ""value"": ""polyester""}, {""explicit"": false, ""hard"": false, ""kind"": ""material"", ""negated"": false, ""source"": ""ambiguous_disclosure"", ""source_turn"": 2, ""strength"": 0.7, ""value"": ""60% polyester""}]","[{""explicit"": true, ""hard"": true, ""kind"": ""feature"", ""negated"": true, ""source"": ""negation_or_replacement"", ""source_turn"": 3, ""strength"": 1.0, ""value"": ""Hand Wash Only""}]","[""comfort"", ""style"", ""material""]","[""other""]",other,"{""fixed"": true}",50,"[""B075KWDCN3"", ""B0BD4QJ21V"", ""B095NNNXDN"", ""B0B7VYPTYQ"", ""B07VBZG1WN"", ""B08FYN6CBS"", ""B07WV1SC15"", ""B0BP2CSW2D"", ""B08DXV8WR3"", ""B0713MH94B""]",23.22259999345988,True,intent_override,B09G2ZNZY4,
public_0052,4,reranker,fixed_other,buying,specific,Tees & Blouses Tunics,"[{""explicit"": false, ""hard"": false, ""kind"": ""material"", ""negated"": false, ""source"": ""ambiguous_disclosure"", ""source_turn"": 2, ""strength"": 0.7, ""value"": ""polyester""}, {""explicit"": false, ""hard"": false, ""kind"": ""material"", ""negated"": false, ""source"": ""ambiguous_disclosure"", ""source_turn"": 2, ""strength"": 0.7, ""value"": ""60% polyester""}, {""explicit"": false, ""hard"": false, ""kind"": ""feature"", ""negated"": false, ""source"": ""ambiguous_disclosure"", ""source_turn"": 4, ""strength"": 0.7, ""value"": ""Button closure""}, {""explicit"": false, ""hard"": false, ""kind"": ""feature"", ""negated"": false, ""source"": ""ambiguous_disclosure"", ""source_turn"": 4, ""strength"": 0.7, ""value"": ""Hand Wash Only""}]","[{""explicit"": true, ""hard"": true, ""kind"": ""feature"", ""negated"": true, ""source"": ""negation_or_replacement"", ""source_turn"": 3, ""strength"": 1.0, ""value"": ""Hand Wash Only""}]","[""comfort"", ""style"", ""material""]","[""other""]",other,"{""fixed"": true}",50,"[""B09G2ZNZY4"", ""B075YDLHCJ"", ""B0BP2CSW2D"", ""B07PP1V31X"", ""B08D6BM126"", ""B07R8JTSL7"", ""B07L8Y63VB"", ""B075KWDCN3"", ""B08KRGMNL4"", ""B07Z8NTWVV""]",22.07420000922866,True,intent_override,B09G2ZNZY4,1
public_0053,1,reranker,fixed_other,buying,specific,Travel Accessories Passport Covers,"[{""explicit"": true, ""hard"": true, ""kind"": ""material"", ""negated"": false, ""source"": ""explicit_requirement"", ""source_turn"": 1, ""strength"": 1.0, ""value"": ""leather""}]",[],"[""material"", ""fit""]","[""other""]",other,"{""fixed"": true}",50,"[""B01DKXULIO"", ""B07TZK3GZK"", ""B08KWQR9YN"", ""B00Z91DYPI"", ""B07W4PP3M9"", ""B07ZR88YLW"", ""B000R4JP7S"", ""B099FJP9KP"", ""B001COIINO"", ""B01M2YFAGT""]",23.300000000745058,True,buying,B07TZK3GZK,2
public_0054,1,reranker,fixed_other,buying,specific,Women Fashion Hoodies & Sweatshirts,"[{""explicit"": true, ""hard"": true, ""kind"": ""material"", ""negated"": false, ""source"": ""explicit_requirement"", ""source_turn"": 1, ""strength"": 1.0, ""value"": ""fabric""}]",[],"[""weather"", ""comfort"", ""durability"", ""style""]","[""other""]",other,"{""fixed"": true}",50,"[""B09BJMYCQ8"", ""B07X3CX1C3"", ""B08K3J2XNY"", ""B08P7HS6QL"", ""B0BMLTW4D5"", ""B07RP71WXG"", ""B09L1K3BJT"", ""B07WQX9SM2"", ""B07VSNK5J1"", ""B08KGDSNTR""]",22.811900009401143,True,buying,B08PP1ZJQ5,
public_0054,2,reranker,fixed_other,buying,specific,Women Fashion Hoodies & Sweatshirts,"[{""explicit"": true, ""hard"": true, ""kind"": ""material"", ""negated"": false, ""source"": ""explicit_requirement"", ""source_turn"": 1, ""strength"": 1.0, ""value"": ""fabric""}, {""explicit"": false, ""hard"": false, ""kind"": ""material"", ""negated"": false, ""source"": ""ambiguous_disclosure"", ""source_turn"": 2, ""strength"": 0.7, ""value"": ""Soft Fabric""}, {""explicit"": false, ""hard"": false, ""kind"": ""feature"", ""negated"": false, ""source"": ""ambiguous_disclosure"", ""source_turn"": 2, ""strength"": 0.7, ""value"": ""Pull On closure""}]",[],"[""weather"", ""comfort"", ""durability"", ""style""]","[""other""]",other,"{""fixed"": true}",50,"[""B07X3CX1C3"", ""B0893RM7HK"", ""B07ZVF8S3X"", ""B01879PLQ8"", ""B07VSNK5J1"", ""B09C1Z192C"", ""B08PP1ZJQ5"", ""B08JPVWF9W"", ""B08DD9X139"", ""B07G1TC1X8""]",23.92809998127632,True,buying,B08PP1ZJQ5,7
public_0055,1,reranker,fixed_other,browsing,exploratory,Shoes Mules & Clogs,[],[],"[""fit"", ""comfort"", ""material"", ""style""]","[""other""]",other,"{""fixed"": true}",100,"[""B007IDERHO"", ""B0B74XT5PT"", ""B08DXRGQKS"", ""B082WXH61Q"", ""B091CVBDB2"", ""B094BZMRLZ"", ""B091CTCW83"", ""B096KWG7YN"", ""B0814CS8MN"", ""B000H76YK6""]",21.090299997013062,True,browsing,B0C1TDJ9HZ,
public_0055,2,reranker,fixed_other,browsing,specific,Shoes Mules & Clogs,"[{""explicit"": false, ""hard"": false, ""kind"": ""feature"", ""negated"": false, ""source"": ""ambiguous_disclosure"", ""source_turn"": 2, ""strength"": 0.7, ""value"": ""100% Croslite Foam""}, {""explicit"": false, ""hard"": false, ""kind"": ""feature"", ""negated"": false, ""source"": ""ambiguous_disclosure"", ""source_turn"": 2, ""strength"": 0.7, ""value"": ""Imported""}]",[],"[""fit"", ""comfort"", ""material"", ""style""]","[""other""]",other,"{""fixed"": true}",50,"[""B01A6LZT26"", ""B01A6LZQ60"", ""B00LUOJUE2"", ""B00LUOJCH2"", ""B0014C40B8"", ""B0C1TDJ9HZ"", ""B010WE6VHO"", ""B01HQAMJ8W"", ""B085RX192V"", ""B00LWS1V5W""]",24.872599984519184,True,browsing,B0C1TDJ9HZ,6
public_0060,1,reranker,fixed_other,browsing,exploratory,Sleep & Lounge Sleep Bottoms,[],[],"[""material"", ""fit"", ""style"", ""warmth""]","[""other""]",other,"{""fixed"": true}",100,"[""B00CXWF4P4"", ""B08MCF3LF7"", ""B07TXN5YR4"", ""B08J4CQ72B"", ""B08QZRYN4T"", ""B0897NQF8M"", ""B07DCDQDPV"", ""B08965CTGN"", ""B07WZRWQBF"", ""B08BRDGWL4""]",21.398000011686236,True,browsing,B08R61K9B9,
public_0060,2,reranker,fixed_other,browsing,specific,Sleep & Lounge Sleep Bottoms,"[{""explicit"": false, ""hard"": false, ""kind"": ""material"", ""negated"": false, ""source"": ""ambiguous_disclosure"", ""source_turn"": 2, ""strength"": 0.7, ""value"": ""cotton""}, {""explicit"": false, ""hard"": false, ""kind"": ""material"", ""negated"": false, ""source"": ""ambiguous_disclosure"", ""source_turn"": 2, ""strength"": 0.7, ""value"": ""55% Cotton, 45% Polyester""}]",[],"[""material"", ""fit"", ""style"", ""warmth""]","[""other""]",other,"{""fixed"": true}",50,"[""B01FCG91X8"", ""B08BRDGWL4"", ""B01NA85GL1"", ""B0156YEPZ0"", ""B07QFHTT1C"", ""B08MCF3LF7"", ""B08R61K9B9"", ""B07XCFG3T3"", ""B07TXN5YR4"", ""B06XQ76JYT""]",23.318099993048236,True,browsing,B08R61K9B9,7
public_0061,1,reranker,fixed_other,buying,specific,Piercing Jewelry Rings,"[{""explicit"": true, ""hard"": true, ""kind"": ""feature"", ""negated"": false, ""source"": ""explicit_requirement"", ""source_turn"": 1, ""strength"": 1.0, ""value"": ""Snap closure""}]",[],"[""material"", ""comfort""]","[""other""]",other,"{""fixed"": true}",50,"[""B08J295KCZ"", ""B08HCP9YTV"", ""B00YET4UBI"", ""B09W9CFRYW"", ""B016ZY19PE"", ""B074TTJYBZ"", ""B089DZT2C7"", ""B0C1B2KLTK"", ""B09Q7VYP3Q"", ""B07L5RJF77""]",31.255600013537332,True,buying,B08HCP9YTV,2
public_0065,1,reranker,fixed_other,buying,specific,Bibs & Pants Bibs,"[{""explicit"": true, ""hard"": true, ""kind"": ""material"", ""negated"": false, ""source"": ""explicit_requirement"", ""source_turn"": 1, ""strength"": 1.0, ""value"": ""polyester""}]",[],"[""material"", ""fit"", ""comfort""]","[""other""]",other,"{""fixed"": true}",50,"[""B074BMLZTL"", ""B07N8SGDV8"", ""B0BSQ9TCYC"", ""B01C5FCEHO"", ""B003BLOS1W"", ""B0B6VK1XNY"", ""B088Q72T6J"", ""B07CJ8PTJN"", ""B014VPTTQA"", ""B00JMTNEYY""]",20.946500007994473,True,buying,B0BSQ9TCYC,3
public_0074,1,reranker,fixed_other,browsing,exploratory,Athletic Walking,[],[],"[""style""]","[""other""]",other,"{""fixed"": true}",100,"[""B0925MM7CD"", ""B0B6TPKVHX"", ""B08ZK7NZBX"", ""B09YQCNHZG"", ""B0BLRS4D39"", ""B019ELI8TA"", ""B07L3W74QQ"", ""B08RMT7665"", ""B09D96W56J"", ""B00MES8EIQ""]",30.17899999395013,True,browsing,B07N15QTKC,
public_0074,2,reranker,fixed_other,browsing,specific,Athletic Walking,"[{""explicit"": false, ""hard"": false, ""kind"": ""feature"", ""negated"": false, ""source"": ""ambiguous_disclosure"", ""source_turn"": 2, ""strength"": 0.7, ""value"": ""mesh""}, {""explicit"": false, ""hard"": false, ""kind"": ""feature"", ""negated"": false, ""source"": ""ambiguous_disclosure"", ""source_turn"": 2, ""strength"": 0.7, ""value"": ""Imported""}]",[],"[""style""]","[""other""]",other,"{""fixed"": true}",50,"[""B01HLQEP1U"", ""B00MES8EIQ"", ""B005A97OP0"", ""B005A996E2"", ""B07N15QTKC"", ""B01J2NW0B2"", ""B01J2Q2RC6"", ""B01IJCOZOW"", ""B08SH8GF6K"", ""B00DVOKL6A""]",30.945400008931756,True,browsing,B07N15QTKC,5
public_0076,1,reranker,fixed_other,browsing,exploratory,Women Hoodies,[],[],"[""style"", ""comfort"", ""performance"", ""fit""]","[""other""]",other,"{""fixed"": true}",100,"[""B08JPV5NWY"", ""B0B9WR83YN"", ""B09F2KFNQZ"", ""B08P7HS6QL"", ""B09HCGHMWZ"", ""B07Z41K188"", ""B09BNFRXNS"", ""B07X3CX1C3"", ""B07GKPQGB1"", ""B07H2MMMR3""]",31.951100012520328,True,browsing,B07XT6PLTB,
public_0076,2,reranker,fixed_other,browsing,specific,Women Hoodies,"[{""explicit"": false, ""hard"": false, ""kind"": ""material"", ""negated"": false, ""source"": ""ambiguous_disclosure"", ""source_turn"": 2, ""strength"": 0.7, ""value"": ""cotton""}, {""explicit"": false, ""hard"": false, ""kind"": ""color"", ""negated"": false, ""source"": ""ambiguous_disclosure"", ""source_turn"": 2, ""strength"": 0.7, ""value"": ""color: grey""}]",[],"[""style"", ""comfort"", ""performance"", ""fit""]","[""other""]",other,"{""fixed"": true}",50,"[""B00NUIZHVQ"", ""B07JVQWCCH"", ""B079P33H83"", ""B07RP71WXG"", ""B09NK93CT4"", ""B08JPVWF9W"", ""B09BJMYCQ8"", ""B07DNXYK7D"", ""B09HCGHMWZ"", ""B0BVFSTPH4""]",32.678899995516986,True,browsing,B07XT6PLTB,
public_0076,3,reranker,fixed_other,browsing,specific,Women Hoodies,"[{""explicit"": false, ""hard"": false, ""kind"": ""material"", ""negated"": false, ""source"": ""ambiguous_disclosure"", ""source_turn"": 2, ""strength"": 0.7, ""value"": ""cotton""}, {""explicit"": false, ""hard"": false, ""kind"": ""color"", ""negated"": false, ""source"": ""ambiguous_disclosure"", ""source_turn"": 2, ""strength"": 0.7, ""value"": ""color: grey""}, {""explicit"": false, ""hard"": false, ""kind"": ""material"", ""negated"": false, ""source"": ""ambiguous_disclosure"", ""source_turn"": 3, ""strength"": 0.7, ""value"": ""Solid colors: 80% Cotton, 20% Polyester; Heather Grey: 78% Cotton, 22% Poly; Dark Heather: 50% Cotton, 50% Polyester""}, {""explicit"": false, ""hard"": false, ""kind"": ""feature"", ""negated"": false, ""source"": ""ambiguous_disclosure"", ""source_turn"": 3, ""strength"": 0.7, ""value"": ""Imported""}]",[],"[""style"", ""comfort"", ""performance"", ""fit""]","[""other""]",other,"{""fixed"": true}",50,"[""B079P33H83"", ""B07DNXYK7D"", ""B07BPBR7ZS"", ""B0777Z9JTC"", ""B07FHF73YF"", ""B07DW2THB1"", ""B079JLLMTY"", ""B079786GXZ"", ""B07XT6PLTB"", ""B07FMWFLJH""]",27.16500000678934,True,browsing,B07XT6PLTB,9
public_0081,1,reranker,fixed_other,browsing,exploratory,Underwear Undershirts,[],[],"[""fit"", ""material"", ""style"", ""durability""]","[""other""]",other,"{""fixed"": true}",100,"[""B005CJJHNK"", ""B00M798WWA"", ""B0149B4YHK"", ""B0BXP6MG3X"", ""B00L10BT3A"", ""B07DQSWHWN"", ""B07NCS6DTX"", ""B0891LTVHT"", ""B0036UZNBC"", ""B015Y7J6EY""]",26.543999993009493,True,browsing,B0BSS36XCS,
public_0081,2,reranker,fixed_other,browsing,specific,Underwear Undershirts,"[{""explicit"": false, ""hard"": false, ""kind"": ""material"", ""negated"": false, ""source"": ""ambiguous_disclosure"", ""source_turn"": 2, ""strength"": 0.7, ""value"": ""cotton""}, {""explicit"": false, ""hard"": false, ""kind"": ""material"", ""negated"": false, ""source"": ""ambiguous_disclosure"", ""source_turn"": 2, ""strength"": 0.7, ""value"": ""100% Cotton""}]",[],"[""fit"", ""material"", ""style"", ""durability""]","[""other""]",other,"{""fixed"": true}",50,"[""B019P5WRLK"", ""B0BXP6MG3X"", ""B0036UZNBC"", ""B07CLKVV5K"", ""B004JYCIDU"", ""B07C3J1VSQ"", ""B07DJSPRYY"", ""B008U7KRBW"", ""B0038A1A0I"", ""B0891LTVHT""]",31.477400014409795,True,browsing,B0BSS36XCS,
public_0081,3,reranker,fixed_other,browsing,specific,Underwear Undershirts,"[{""explicit"": false, ""hard"": false, ""kind"": ""material"", ""negated"": false, ""source"": ""ambiguous_disclosure"", ""source_turn"": 2, ""strength"": 0.7, ""value"": ""cotton""}, {""explicit"": false, ""hard"": false, ""kind"": ""material"", ""negated"": false, ""source"": ""ambiguous_disclosure"", ""source_turn"": 2, ""strength"": 0.7, ""value"": ""100% Cotton""}, {""explicit"": false, ""hard"": false, ""kind"": ""feature"", ""negated"": false, ""source"": ""ambiguous_disclosure"", ""source_turn"": 3, ""strength"": 0.7, ""value"": ""Pull On closure""}, {""explicit"": false, ""hard"": false, ""kind"": ""feature"", ""negated"": false, ""source"": ""ambiguous_disclosure"", ""source_turn"": 3, ""strength"": 0.7, ""value"": ""Machine Wash""}]",[],"[""fit"", ""material"", ""style"", ""durability""]","[""other""]",other,"{""fixed"": true}",50,"[""B004JYCIDU"", ""B019P5WRLK"", ""B07DJSPRYY"", ""B0BXP6MG3X"", ""B00W57TS6S"", ""B07DQSWHWN"", ""B008U7KRBW"", ""B0BT8T2FQ3"", ""B07HC5LL2H"", ""B004X0PSV4""]",31.520299991825595,True,browsing,B0BSS36XCS,
public_0081,4,reranker,fixed_other,browsing,specific,Underwear Undershirts,"[{""explicit"": false, ""hard"": false, ""kind"": ""material"", ""negated"": false, ""source"": ""ambiguous_disclosure"", ""source_turn"": 2, ""strength"": 0.7, ""value"": ""cotton""}, {""explicit"": false, ""hard"": false, ""kind"": ""material"", ""negated"": false, ""source"": ""ambiguous_disclosure"", ""source_turn"": 2, ""strength"": 0.7, ""value"": ""100% Cotton""}, {""explicit"": false, ""hard"": false, ""kind"": ""feature"", ""negated"": false, ""source"": ""ambiguous_disclosure"", ""source_turn"": 3, ""strength"": 0.7, ""value"": ""Pull On closure""}, {""explicit"": false, ""hard"": false, ""kind"": ""feature"", ""negated"": false, ""source"": ""ambiguous_disclosure"", ""source_turn"": 3, ""strength"": 0.7, ""value"": ""Machine Wash""}]",[],"[""fit"", ""material"", ""style"", ""durability""]","[""other""]",other,"{""fixed"": true}",50,"[""B004JYCIDU"", ""B019P5WRLK"", ""B07DJSPRYY"", ""B0BXP6MG3X"", ""B00W57TS6S"", ""B07DQSWHWN"", ""B008U7KRBW"", ""B0BT8T2FQ3"", ""B07HC5LL2H"", ""B004X0PSV4""]",33.55680001550354,True,browsing,B0BSS36XCS,
public_0081,5,reranker,fixed_other,browsing,specific,Underwear Undershirts,"[{""explicit"": false, ""hard"": false, ""kind"": ""material"", ""negated"": false, ""source"": ""ambiguous_disclosure"", ""source_turn"": 2, ""strength"": 0.7, ""value"": ""cotton""}, {""explicit"": false, ""hard"": false, ""kind"": ""material"", ""negated"": false, ""source"": ""ambiguous_disclosure"", ""source_turn"": 2, ""strength"": 0.7, ""value"": ""100% Cotton""}, {""explicit"": false, ""hard"": false, ""kind"": ""feature"", ""negated"": false, ""source"": ""ambiguous_disclosure"", ""source_turn"": 3, ""strength"": 0.7, ""value"": ""Pull On closure""}, {""explicit"": false, ""hard"": false, ""kind"": ""feature"", ""negated"": false, ""source"": ""ambiguous_disclosure"", ""source_turn"": 3, ""strength"": 0.7, ""value"": ""Machine Wash""}]",[],"[""fit"", ""material"", ""style"", ""durability""]","[""other""]",other,"{""fixed"": true}",50,"[""B004JYCIDU"", ""B019P5WRLK"", ""B07DJSPRYY"", ""B0BXP6MG3X"", ""B00W57TS6S"", ""B07DQSWHWN"", ""B008U7KRBW"", ""B0BT8T2FQ3"", ""B07HC5LL2H"", ""B004X0PSV4""]",60.77250000089407,True,browsing,B0BSS36XCS,
public_0081,6,reranker,fixed_other,browsing,specific,Underwear Undershirts,"[{""explicit"": false, ""hard"": false, ""kind"": ""material"", ""negated"": false, ""source"": ""ambiguous_disclosure"", ""source_turn"": 2, ""strength"": 0.7, ""value"": ""cotton""}, {""explicit"": false, ""hard"": false, ""kind"": ""material"", ""negated"": false, ""source"": ""ambiguous_disclosure"", ""source_turn"": 2, ""strength"": 0.7, ""value"": ""100% Cotton""}, {""explicit"": false, ""hard"": false, ""kind"": ""feature"", ""negated"": false, ""source"": ""ambiguous_disclosure"", ""source_turn"": 3, ""strength"": 0.7, ""value"": ""Pull On closure""}, {""explicit"": false, ""hard"": false, ""kind"": ""feature"", ""negated"": false, ""source"": ""ambiguous_disclosure"", ""source_turn"": 3, ""strength"": 0.7, ""value"": ""Machine Wash""}]",[],"[""fit"", ""material"", ""style"", ""durability""]","[""other""]",other,"{""fixed"": true}",50,"[""B004JYCIDU"", ""B019P5WRLK"", ""B07DJSPRYY"", ""B0BXP6MG3X"", ""B00W57TS6S"", ""B07DQSWHWN"", ""B008U7KRBW"", ""B0BT8T2FQ3"", ""B07HC5LL2H"", ""B004X0PSV4""]",24.243199994089082,True,browsing,B0BSS36XCS,
public_0081,7,reranker,fixed_other,browsing,specific,Underwear Undershirts,"[{""explicit"": false, ""hard"": false, ""kind"": ""material"", ""negated"": false, ""source"": ""ambiguous_disclosure"", ""source_turn"": 2, ""strength"": 0.7, ""value"": ""cotton""}, {""explicit"": false, ""hard"": false, ""kind"": ""material"", ""negated"": false, ""source"": ""ambiguous_disclosure"", ""source_turn"": 2, ""strength"": 0.7, ""value"": ""100% Cotton""}, {""explicit"": false, ""hard"": false, ""kind"": ""feature"", ""negated"": false, ""source"": ""ambiguous_disclosure"", ""source_turn"": 3, ""strength"": 0.7, ""value"": ""Pull On closure""}, {""explicit"": false, ""hard"": false, ""kind"": ""feature"", ""negated"": false, ""source"": ""ambiguous_disclosure"", ""source_turn"": 3, ""strength"": 0.7, ""value"": ""Machine Wash""}]",[],"[""fit"", ""material"", ""style"", ""durability""]","[""other""]",other,"{""fixed"": true}",50,"[""B004JYCIDU"", ""B019P5WRLK"", ""B07DJSPRYY"", ""B0BXP6MG3X"", ""B00W57TS6S"", ""B07DQSWHWN"", ""B008U7KRBW"", ""B0BT8T2FQ3"", ""B07HC5LL2H"", ""B004X0PSV4""]",26.485599984880537,True,browsing,B0BSS36XCS,
public_0081,8,reranker,fixed_other,browsing,specific,Underwear Undershirts,"[{""explicit"": false, ""hard"": false, ""kind"": ""material"", ""negated"": false, ""source"": ""ambiguous_disclosure"", ""source_turn"": 2, ""strength"": 0.7, ""value"": ""cotton""}, {""explicit"": false, ""hard"": false, ""kind"": ""material"", ""negated"": false, ""source"": ""ambiguous_disclosure"", ""source_turn"": 2, ""strength"": 0.7, ""value"": ""100% Cotton""}, {""explicit"": false, ""hard"": false, ""kind"": ""feature"", ""negated"": false, ""source"": ""ambiguous_disclosure"", ""source_turn"": 3, ""strength"": 0.7, ""value"": ""Pull On closure""}, {""explicit"": false, ""hard"": false, ""kind"": ""feature"", ""negated"": false, ""source"": ""ambiguous_disclosure"", ""source_turn"": 3, ""strength"": 0.7, ""value"": ""Machine Wash""}]",[],"[""fit"", ""material"", ""style"", ""durability""]","[""other""]",other,"{""fixed"": true}",50,"[""B004JYCIDU"", ""B019P5WRLK"", ""B07DJSPRYY"", ""B0BXP6MG3X"", ""B00W57TS6S"", ""B07DQSWHWN"", ""B008U7KRBW"", ""B0BT8T2FQ3"", ""B07HC5LL2H"", ""B004X0PSV4""]",32.31069998582825,True,browsing,B0BSS36XCS,
public_0081,9,reranker,fixed_other,browsing,specific,Underwear Undershirts,"[{""explicit"": false, ""hard"": false, ""kind"": ""material"", ""negated"": false, ""source"": ""ambiguous_disclosure"", ""source_turn"": 2, ""strength"": 0.7, ""value"": ""cotton""}, {""explicit"": false, ""hard"": false, ""kind"": ""material"", ""negated"": false, ""source"": ""ambiguous_disclosure"", ""source_turn"": 2, ""strength"": 0.7, ""value"": ""100% Cotton""}, {""explicit"": false, ""hard"": false, ""kind"": ""feature"", ""negated"": false, ""source"": ""ambiguous_disclosure"", ""source_turn"": 3, ""strength"": 0.7, ""value"": ""Pull On closure""}, {""explicit"": false, ""hard"": false, ""kind"": ""feature"", ""negated"": false, ""source"": ""ambiguous_disclosure"", ""source_turn"": 3, ""strength"": 0.7, ""value"": ""Machine Wash""}]",[],"[""fit"", ""material"", ""style"", ""durability""]","[""other""]",other,"{""fixed"": true}",50,"[""B004JYCIDU"", ""B019P5WRLK"", ""B07DJSPRYY"", ""B0BXP6MG3X"", ""B00W57TS6S"", ""B07DQSWHWN"", ""B008U7KRBW"", ""B0BT8T2FQ3"", ""B07HC5LL2H"", ""B004X0PSV4""]",34.799199987901375,True,browsing,B0BSS36XCS,
public_0081,10,reranker,fixed_other,browsing,specific,Underwear Undershirts,"[{""explicit"": false, ""hard"": false, ""kind"": ""material"", ""negated"": false, ""source"": ""ambiguous_disclosure"", ""source_turn"": 2, ""strength"": 0.7, ""value"": ""cotton""}, {""explicit"": false, ""hard"": false, ""kind"": ""material"", ""negated"": false, ""source"": ""ambiguous_disclosure"", ""source_turn"": 2, ""strength"": 0.7, ""value"": ""100% Cotton""}, {""explicit"": false, ""hard"": false, ""kind"": ""feature"", ""negated"": false, ""source"": ""ambiguous_disclosure"", ""source_turn"": 3, ""strength"": 0.7, ""value"": ""Pull On closure""}, {""explicit"": false, ""hard"": false, ""kind"": ""feature"", ""negated"": false, ""source"": ""ambiguous_disclosure"", ""source_turn"": 3, ""strength"": 0.7, ""value"": ""Machine Wash""}]",[],"[""fit"", ""material"", ""style"", ""durability""]","[""other""]",other,"{""fixed"": true}",50,"[""B004JYCIDU"", ""B019P5WRLK"", ""B07DJSPRYY"", ""B0BXP6MG3X"", ""B00W57TS6S"", ""B07DQSWHWN"", ""B008U7KRBW"", ""B0BT8T2FQ3"", ""B07HC5LL2H"", ""B004X0PSV4""]",27.33689997694455,True,browsing,B0BSS36XCS,
public_0083,1,reranker,fixed_other,buying,specific,Tees & Blouses Blouses & Button-Down Shirts,"[{""explicit"": true, ""hard"": true, ""kind"": ""material"", ""negated"": false, ""source"": ""explicit_requirement"", ""source_turn"": 1, ""strength"": 1.0, ""value"": ""polyester""}]",[],"[""fit"", ""material"", ""comfort"", ""style""]","[""other""]",other,"{""fixed"": true}",50,"[""B0B8J3X7P8"", ""B07GWF5FKS"", ""B07PP1V31X"", ""B07M5SVDQV"", ""B00ID4VAYU"", ""B00638MDSA"", ""B0B1CJXL7D"", ""B07G5T2D5K"", ""B01HAZN0NG"", ""B08DS7Q2RJ""]",19.53340001637116,True,buying,B0BPMCJ1RD,
public_0083,2,reranker,fixed_other,buying,specific,Tees & Blouses Blouses & Button-Down Shirts,"[{""explicit"": true, ""hard"": true, ""kind"": ""material"", ""negated"": false, ""source"": ""explicit_requirement"", ""source_turn"": 1, ""strength"": 1.0, ""value"": ""polyester""}, {""explicit"": false, ""hard"": false, ""kind"": ""material"", ""negated"": false, ""source"": ""ambiguous_disclosure"", ""source_turn"": 2, ""strength"": 0.7, ""value"": ""100% Polyester""}, {""explicit"": false, ""hard"": false, ""kind"": ""feature"", ""negated"": false, ""source"": ""ambiguous_disclosure"", ""source_turn"": 2, ""strength"": 0.7, ""value"": ""Imported""}]",[],"[""fit"", ""material"", ""comfort"", ""style""]","[""other""]",other,"{""fixed"": true}",50,"[""B0B8J3X7P8"", ""B00ID4VAYU"", ""B081VC8KJR"", ""B0762R5YZM"", ""B01MT1K1SC"", ""B00N5TJ4B4"", ""B011VKX5IG"", ""B00902G92W"", ""B008MBMO5S"", ""B08P3695TQ""]",22.54259999608621,True,buying,B0BPMCJ1RD,
public_0083,3,reranker,fixed_other,buying,specific,Tees & Blouses Blouses & Button-Down Shirts,"[{""explicit"": true, ""hard"": true, ""kind"": ""material"", ""negated"": false, ""source"": ""explicit_requirement"", ""source_turn"": 1, ""strength"": 1.0, ""value"": ""polyester""}, {""explicit"": false, ""hard"": false, ""kind"": ""material"", ""negated"": false, ""source"": ""ambiguous_disclosure"", ""source_turn"": 2, ""strength"": 0.7, ""value"": ""100% Polyester""}, {""explicit"": false, ""hard"": false, ""kind"": ""feature"", ""negated"": false, ""source"": ""ambiguous_disclosure"", ""source_turn"": 2, ""strength"": 0.7, ""value"": ""Imported""}, {""explicit"": false, ""hard"": false, ""kind"": ""feature"", ""negated"": false, ""source"": ""ambiguous_disclosure"", ""source_turn"": 3, ""strength"": 0.7, ""value"": ""Button closure""}]",[],"[""fit"", ""material"", ""comfort"", ""style""]","[""other""]",other,"{""fixed"": true}",50,"[""B0B8J3X7P8"", ""B00ID4VAYU"", ""B0762R5YZM"", ""B07GWF5FKS"", ""B00N5TJ4B4"", ""B01MT1K1SC"", ""B008MBMO5S"", ""B07PP1V31X"", ""B0B243L7BR"", ""B08P3695TQ""]",23.045400012051687,True,buying,B0BPMCJ1RD,
public_0083,4,reranker,fixed_other,buying,specific,Tees & Blouses Blouses & Button-Down Shirts,"[{""explicit"": true, ""hard"": true, ""kind"": ""material"", ""negated"": false, ""source"": ""explicit_requirement"", ""source_turn"": 1, ""strength"": 1.0, ""value"": ""polyester""}, {""explicit"": false, ""hard"": false, ""kind"": ""material"", ""negated"": false, ""source"": ""ambiguous_disclosure"", ""source_turn"": 2, ""strength"": 0.7, ""value"": ""100% Polyester""}, {""explicit"": false, ""hard"": false, ""kind"": ""feature"", ""negated"": false, ""source"": ""ambiguous_disclosure"", ""source_turn"": 2, ""strength"": 0.7, ""value"": ""Imported""}, {""explicit"": false, ""hard"": false, ""kind"": ""feature"", ""negated"": false, ""source"": ""ambiguous_disclosure"", ""source_turn"": 3, ""strength"": 0.7, ""value"": ""Button closure""}]",[],"[""fit"", ""material"", ""comfort"", ""style""]","[""other""]",other,"{""fixed"": true}",50,"[""B0B8J3X7P8"", ""B00ID4VAYU"", ""B0762R5YZM"", ""B07GWF5FKS"", ""B00N5TJ4B4"", ""B01MT1K1SC"", ""B008MBMO5S"", ""B07PP1V31X"", ""B0B243L7BR"", ""B08P3695TQ""]",24.100400012684986,True,buying,B0BPMCJ1RD,
public_0083,5,reranker,fixed_other,buying,specific,Tees & Blouses Blouses & Button-Down Shirts,"[{""explicit"": true, ""hard"": true, ""kind"": ""material"", ""negated"": false, ""source"": ""explicit_requirement"", ""source_turn"": 1, ""strength"": 1.0, ""value"": ""polyester""}, {""explicit"": false, ""hard"": false, ""kind"": ""material"", ""negated"": false, ""source"": ""ambiguous_disclosure"", ""source_turn"": 2, ""strength"": 0.7, ""value"": ""100% Polyester""}, {""explicit"": false, ""hard"": false, ""kind"": ""feature"", ""negated"": false, ""source"": ""ambiguous_disclosure"", ""source_turn"": 2, ""strength"": 0.7, ""value"": ""Imported""}, {""explicit"": false, ""hard"": false, ""kind"": ""feature"", ""negated"": false, ""source"": ""ambiguous_disclosure"", ""source_turn"": 3, ""strength"": 0.7, ""value"": ""Button closure""}]",[],"[""fit"", ""material"", ""comfort"", ""style""]","[""other""]",other,"{""fixed"": true}",50,"[""B0B8J3X7P8"", ""B00ID4VAYU"", ""B0762R5YZM"", ""B07GWF5FKS"", ""B00N5TJ4B4"", ""B01MT1K1SC"", ""B008MBMO5S"", ""B07PP1V31X"", ""B0B243L7BR"", ""B08P3695TQ""]",30.749600002309307,True,buying,B0BPMCJ1RD,
public_0083,6,reranker,fixed_other,buying,specific,Tees & Blouses Blouses & Button-Down Shirts,"[{""explicit"": true, ""hard"": true, ""kind"": ""material"", ""negated"": false, ""source"": ""explicit_requirement"", ""source_turn"": 1, ""strength"": 1.0, ""value"": ""polyester""}, {""explicit"": false, ""hard"": false, ""kind"": ""material"", ""negated"": false, ""source"": ""ambiguous_disclosure"", ""source_turn"": 2, ""strength"": 0.7, ""value"": ""100% Polyester""}, {""explicit"": false, ""hard"": false, ""kind"": ""feature"", ""negated"": false, ""source"": ""ambiguous_disclosure"", ""source_turn"": 2, ""strength"": 0.7, ""value"": ""Imported""}, {""explicit"": false, ""hard"": false, ""kind"": ""feature"", ""negated"": false, ""source"": ""ambiguous_disclosure"", ""source_turn"": 3, ""strength"": 0.7, ""value"": ""Button closure""}]",[],"[""fit"", ""material"", ""comfort"", ""style""]","[""other""]",other,"{""fixed"": true}",50,"[""B0B8J3X7P8"", ""B00ID4VAYU"", ""B0762R5YZM"", ""B07GWF5FKS"", ""B00N5TJ4B4"", ""B01MT1K1SC"", ""B008MBMO5S"", ""B07PP1V31X"", ""B0B243L7BR"", ""B08P3695TQ""]",26.303899998310953,True,buying,B0BPMCJ1RD,
public_0083,7,reranker,fixed_other,buying,specific,Tees & Blouses Blouses & Button-Down Shirts,"[{""explicit"": true, ""hard"": true, ""kind"": ""material"", ""negated"": false, ""source"": ""explicit_requirement"", ""source_turn"": 1, ""strength"": 1.0, ""value"": ""polyester""}, {""explicit"": false, ""hard"": false, ""kind"": ""material"", ""negated"": false, ""source"": ""ambiguous_disclosure"", ""source_turn"": 2, ""strength"": 0.7, ""value"": ""100% Polyester""}, {""explicit"": false, ""hard"": false, ""kind"": ""feature"", ""negated"": false, ""source"": ""ambiguous_disclosure"", ""source_turn"": 2, ""strength"": 0.7, ""value"": ""Imported""}, {""explicit"": false, ""hard"": false, ""kind"": ""feature"", ""negated"": false, ""source"": ""ambiguous_disclosure"", ""source_turn"": 3, ""strength"": 0.7, ""value"": ""Button closure""}]",[],"[""fit"", ""material"", ""comfort"", ""style""]","[""other""]",other,"{""fixed"": true}",50,"[""B0B8J3X7P8"", ""B00ID4VAYU"", ""B0762R5YZM"", ""B07GWF5FKS"", ""B00N5TJ4B4"", ""B01MT1K1SC"", ""B008MBMO5S"", ""B07PP1V31X"", ""B0B243L7BR"", ""B08P3695TQ""]",24.054799985606223,True,buying,B0BPMCJ1RD,
public_0083,8,reranker,fixed_other,buying,specific,Tees & Blouses Blouses & Button-Down Shirts,"[{""explicit"": true, ""hard"": true, ""kind"": ""material"", ""negated"": false, ""source"": ""explicit_requirement"", ""source_turn"": 1, ""strength"": 1.0, ""value"": ""polyester""}, {""explicit"": false, ""hard"": false, ""kind"": ""material"", ""negated"": false, ""source"": ""ambiguous_disclosure"", ""source_turn"": 2, ""strength"": 0.7, ""value"": ""100% Polyester""}, {""explicit"": false, ""hard"": false, ""kind"": ""feature"", ""negated"": false, ""source"": ""ambiguous_disclosure"", ""source_turn"": 2, ""strength"": 0.7, ""value"": ""Imported""}, {""explicit"": false, ""hard"": false, ""kind"": ""feature"", ""negated"": false, ""source"": ""ambiguous_disclosure"", ""source_turn"": 3, ""strength"": 0.7, ""value"": ""Button closure""}]",[],"[""fit"", ""material"", ""comfort"", ""style""]","[""other""]",other,"{""fixed"": true}",50,"[""B0B8J3X7P8"", ""B00ID4VAYU"", ""B0762R5YZM"", ""B07GWF5FKS"", ""B00N5TJ4B4"", ""B01MT1K1SC"", ""B008MBMO5S"", ""B07PP1V31X"", ""B0B243L7BR"", ""B08P3695TQ""]",26.76789998076856,True,buying,B0BPMCJ1RD,
public_0083,9,reranker,fixed_other,buying,specific,Tees & Blouses Blouses & Button-Down Shirts,"[{""explicit"": true, ""hard"": true, ""kind"": ""material"", ""negated"": false, ""source"": ""explicit_requirement"", ""source_turn"": 1, ""strength"": 1.0, ""value"": ""polyester""}, {""explicit"": false, ""hard"": false, ""kind"": ""material"", ""negated"": false, ""source"": ""ambiguous_disclosure"", ""source_turn"": 2, ""strength"": 0.7, ""value"": ""100% Polyester""}, {""explicit"": false, ""hard"": false, ""kind"": ""feature"", ""negated"": false, ""source"": ""ambiguous_disclosure"", ""source_turn"": 2, ""strength"": 0.7, ""value"": ""Imported""}, {""explicit"": false, ""hard"": false, ""kind"": ""feature"", ""negated"": false, ""source"": ""ambiguous_disclosure"", ""source_turn"": 3, ""strength"": 0.7, ""value"": ""Button closure""}]",[],"[""fit"", ""material"", ""comfort"", ""style""]","[""other""]",other,"{""fixed"": true}",50,"[""B0B8J3X7P8"", ""B00ID4VAYU"", ""B0762R5YZM"", ""B07GWF5FKS"", ""B00N5TJ4B4"", ""B01MT1K1SC"", ""B008MBMO5S"", ""B07PP1V31X"", ""B0B243L7BR"", ""B08P3695TQ""]",25.453400012338534,True,buying,B0BPMCJ1RD,
public_0083,10,reranker,fixed_other,buying,specific,Tees & Blouses Blouses & Button-Down Shirts,"[{""explicit"": true, ""hard"": true, ""kind"": ""material"", ""negated"": false, ""source"": ""explicit_requirement"", ""source_turn"": 1, ""strength"": 1.0, ""value"": ""polyester""}, {""explicit"": false, ""hard"": false, ""kind"": ""material"", ""negated"": false, ""source"": ""ambiguous_disclosure"", ""source_turn"": 2, ""strength"": 0.7, ""value"": ""100% Polyester""}, {""explicit"": false, ""hard"": false, ""kind"": ""feature"", ""negated"": false, ""source"": ""ambiguous_disclosure"", ""source_turn"": 2, ""strength"": 0.7, ""value"": ""Imported""}, {""explicit"": false, ""hard"": false, ""kind"": ""feature"", ""negated"": false, ""source"": ""ambiguous_disclosure"", ""source_turn"": 3, ""strength"": 0.7, ""value"": ""Button closure""}]",[],"[""fit"", ""material"", ""comfort"", ""style""]","[""other""]",other,"{""fixed"": true}",50,"[""B0B8J3X7P8"", ""B00ID4VAYU"", ""B0762R5YZM"", ""B07GWF5FKS"", ""B00N5TJ4B4"", ""B01MT1K1SC"", ""B008MBMO5S"", ""B07PP1V31X"", ""B0B243L7BR"", ""B08P3695TQ""]",89.79299999191426,True,buying,B0BPMCJ1RD,
public_0087,1,reranker,fixed_other,browsing,exploratory,Shirts Casual Button-Down Shirts,[],[],"[""material"", ""fit"", ""comfort""]","[""other""]",other,"{""fixed"": true}",100,"[""B07QZFJTLW"", ""B07Y5273ZJ"", ""B00FN6D1IE"", ""B09CSXKYX7"", ""B07F34WT5S"", ""B07F1VQ3N6"", ""B09NN4WPYJ"", ""B06VXNJ4YH"", ""B07RHCPC69"", ""B076Q5XWSC""]",38.91309999744408,True,browsing,B0BT158RRR,
public_0087,2,reranker,fixed_other,browsing,specific,Shirts Casual Button-Down Shirts,"[{""explicit"": false, ""hard"": false, ""kind"": ""material"", ""negated"": false, ""source"": ""ambiguous_disclosure"", ""source_turn"": 2, ""strength"": 0.7, ""value"": ""cotton""}, {""explicit"": false, ""hard"": false, ""kind"": ""material"", ""negated"": false, ""source"": ""ambiguous_disclosure"", ""source_turn"": 2, ""strength"": 0.7, ""value"": ""100% Cotton""}]",[],"[""material"", ""fit"", ""comfort""]","[""other""]",other,"{""fixed"": true}",50,"[""B00FN6D1IE"", ""B0057XA406"", ""B0083VPQBQ"", ""B0788L9M7W"", ""B00EV1NESO"", ""B09NN4WPYJ"", ""B083ZPTRRF"", ""B00OYJQNKY"", ""B075F615WT"", ""B07Y5273ZJ""]",34.51990001485683,True,browsing,B0BT158RRR,
public_0087,3,reranker,fixed_other,browsing,specific,Shirts Casual Button-Down Shirts,"[{""explicit"": false, ""hard"": false, ""kind"": ""material"", ""negated"": false, ""source"": ""ambiguous_disclosure"", ""source_turn"": 2, ""strength"": 0.7, ""value"": ""cotton""}, {""explicit"": false, ""hard"": false, ""kind"": ""material"", ""negated"": false, ""source"": ""ambiguous_disclosure"", ""source_turn"": 2, ""strength"": 0.7, ""value"": ""100% Cotton""}, {""explicit"": false, ""hard"": false, ""kind"": ""feature"", ""negated"": false, ""source"": ""ambiguous_disclosure"", ""source_turn"": 3, ""strength"": 0.7, ""value"": ""Imported""}, {""explicit"": false, ""hard"": false, ""kind"": ""feature"", ""negated"": false, ""source"": ""ambiguous_disclosure"", ""source_turn"": 3, ""strength"": 0.7, ""value"": ""Button closure""}]",[],"[""material"", ""fit"", ""comfort""]","[""other""]",other,"{""fixed"": true}",50,"[""B0083VPQBQ"", ""B00MLPDFL8"", ""B083ZPTRRF"", ""B07KQ4PF54"", ""B0788L9M7W"", ""B00FN6D1IE"", ""B009FWGUO4"", ""B07F16G1TF"", ""B004R1I3YS"", ""B07Y5273ZJ""]",25.25690000038594,True,browsing,B0BT158RRR,
public_0087,4,reranker,fixed_other,browsing,specific,Shirts Casual Button-Down Shirts,"[{""explicit"": false, ""hard"": false, ""kind"": ""material"", ""negated"": false, ""source"": ""ambiguous_disclosure"", ""source_turn"": 2, ""strength"": 0.7, ""value"": ""cotton""}, {""explicit"": false, ""hard"": false, ""kind"": ""material"", ""negated"": false, ""source"": ""ambiguous_disclosure"", ""source_turn"": 2, ""strength"": 0.7, ""value"": ""100% Cotton""}, {""explicit"": false, ""hard"": false, ""kind"": ""feature"", ""negated"": false, ""source"": ""ambiguous_disclosure"", ""source_turn"": 3, ""strength"": 0.7, ""value"": ""Imported""}, {""explicit"": false, ""hard"": false, ""kind"": ""feature"", ""negated"": false, ""source"": ""ambiguous_disclosure"", ""source_turn"": 3, ""strength"": 0.7, ""value"": ""Button closure""}]",[],"[""material"", ""fit"", ""comfort""]","[""other""]",other,"{""fixed"": true}",50,"[""B0083VPQBQ"", ""B00MLPDFL8"", ""B083ZPTRRF"", ""B07KQ4PF54"", ""B0788L9M7W"", ""B00FN6D1IE"", ""B009FWGUO4"", ""B07F16G1TF"", ""B004R1I3YS"", ""B07Y5273ZJ""]",24.805399996694177,True,browsing,B0BT158RRR,
public_0087,5,reranker,fixed_other,browsing,specific,Shirts Casual Button-Down Shirts,"[{""explicit"": false, ""hard"": false, ""kind"": ""material"", ""negated"": false, ""source"": ""ambiguous_disclosure"", ""source_turn"": 2, ""strength"": 0.7, ""value"": ""cotton""}, {""explicit"": false, ""hard"": false, ""kind"": ""material"", ""negated"": false, ""source"": ""ambiguous_disclosure"", ""source_turn"": 2, ""strength"": 0.7, ""value"": ""100% Cotton""}, {""explicit"": false, ""hard"": false, ""kind"": ""feature"", ""negated"": false, ""source"": ""ambiguous_disclosure"", ""source_turn"": 3, ""strength"": 0.7, ""value"": ""Imported""}, {""explicit"": false, ""hard"": false, ""kind"": ""feature"", ""negated"": false, ""source"": ""ambiguous_disclosure"", ""source_turn"": 3, ""strength"": 0.7, ""value"": ""Button closure""}]",[],"[""material"", ""fit"", ""comfort""]","[""other""]",other,"{""fixed"": true}",50,"[""B0083VPQBQ"", ""B00MLPDFL8"", ""B083ZPTRRF"", ""B07KQ4PF54"", ""B0788L9M7W"", ""B00FN6D1IE"", ""B009FWGUO4"", ""B07F16G1TF"", ""B004R1I3YS"", ""B07Y5273ZJ""]",24.956900015240535,True,browsing,B0BT158RRR,
public_0087,6,reranker,fixed_other,browsing,specific,Shirts Casual Button-Down Shirts,"[{""explicit"": false, ""hard"": false, ""kind"": ""material"", ""negated"": false, ""source"": ""ambiguous_disclosure"", ""source_turn"": 2, ""strength"": 0.7, ""value"": ""cotton""}, {""explicit"": false, ""hard"": false, ""kind"": ""material"", ""negated"": false, ""source"": ""ambiguous_disclosure"", ""source_turn"": 2, ""strength"": 0.7, ""value"": ""100% Cotton""}, {""explicit"": false, ""hard"": false, ""kind"": ""feature"", ""negated"": false, ""source"": ""ambiguous_disclosure"", ""source_turn"": 3, ""strength"": 0.7, ""value"": ""Imported""}, {""explicit"": false, ""hard"": false, ""kind"": ""feature"", ""negated"": false, ""source"": ""ambiguous_disclosure"", ""source_turn"": 3, ""strength"": 0.7, ""value"": ""Button closure""}]",[],"[""material"", ""fit"", ""comfort""]","[""other""]",other,"{""fixed"": true}",50,"[""B0083VPQBQ"", ""B00MLPDFL8"", ""B083ZPTRRF"", ""B07KQ4PF54"", ""B0788L9M7W"", ""B00FN6D1IE"", ""B009FWGUO4"", ""B07F16G1TF"", ""B004R1I3YS"", ""B07Y5273ZJ""]",23.994199989829212,True,browsing,B0BT158RRR,
public_0087,7,reranker,fixed_other,browsing,specific,Shirts Casual Button-Down Shirts,"[{""explicit"": false, ""hard"": false, ""kind"": ""material"", ""negated"": false, ""source"": ""ambiguous_disclosure"", ""source_turn"": 2, ""strength"": 0.7, ""value"": ""cotton""}, {""explicit"": false, ""hard"": false, ""kind"": ""material"", ""negated"": false, ""source"": ""ambiguous_disclosure"", ""source_turn"": 2, ""strength"": 0.7, ""value"": ""100% Cotton""}, {""explicit"": false, ""hard"": false, ""kind"": ""feature"", ""negated"": false, ""source"": ""ambiguous_disclosure"", ""source_turn"": 3, ""strength"": 0.7, ""value"": ""Imported""}, {""explicit"": false, ""hard"": false, ""kind"": ""feature"", ""negated"": false, ""source"": ""ambiguous_disclosure"", ""source_turn"": 3, ""strength"": 0.7, ""value"": ""Button closure""}]",[],"[""material"", ""fit"", ""comfort""]","[""other""]",other,"{""fixed"": true}",50,"[""B0083VPQBQ"", ""B00MLPDFL8"", ""B083ZPTRRF"", ""B07KQ4PF54"", ""B0788L9M7W"", ""B00FN6D1IE"", ""B009FWGUO4"", ""B07F16G1TF"", ""B004R1I3YS"", ""B07Y5273ZJ""]",29.73429998382926,True,browsing,B0BT158RRR,
public_0087,8,reranker,fixed_other,browsing,specific,Shirts Casual Button-Down Shirts,"[{""explicit"": false, ""hard"": false, ""kind"": ""material"", ""negated"": false, ""source"": ""ambiguous_disclosure"", ""source_turn"": 2, ""strength"": 0.7, ""value"": ""cotton""}, {""explicit"": false, ""hard"": false, ""kind"": ""material"", ""negated"": false, ""source"": ""ambiguous_disclosure"", ""source_turn"": 2, ""strength"": 0.7, ""value"": ""100% Cotton""}, {""explicit"": false, ""hard"": false, ""kind"": ""feature"", ""negated"": false, ""source"": ""ambiguous_disclosure"", ""source_turn"": 3, ""strength"": 0.7, ""value"": ""Imported""}, {""explicit"": false, ""hard"": false, ""kind"": ""feature"", ""negated"": false, ""source"": ""ambiguous_disclosure"", ""source_turn"": 3, ""strength"": 0.7, ""value"": ""Button closure""}]",[],"[""material"", ""fit"", ""comfort""]","[""other""]",other,"{""fixed"": true}",50,"[""B0083VPQBQ"", ""B00MLPDFL8"", ""B083ZPTRRF"", ""B07KQ4PF54"", ""B0788L9M7W"", ""B00FN6D1IE"", ""B009FWGUO4"", ""B07F16G1TF"", ""B004R1I3YS"", ""B07Y5273ZJ""]",30.661400000099093,True,browsing,B0BT158RRR,
public_0087,9,reranker,fixed_other,browsing,specific,Shirts Casual Button-Down Shirts,"[{""explicit"": false, ""hard"": false, ""kind"": ""material"", ""negated"": false, ""source"": ""ambiguous_disclosure"", ""source_turn"": 2, ""strength"": 0.7, ""value"": ""cotton""}, {""explicit"": false, ""hard"": false, ""kind"": ""material"", ""negated"": false, ""source"": ""ambiguous_disclosure"", ""source_turn"": 2, ""strength"": 0.7, ""value"": ""100% Cotton""}, {""explicit"": false, ""hard"": false, ""kind"": ""feature"", ""negated"": false, ""source"": ""ambiguous_disclosure"", ""source_turn"": 3, ""strength"": 0.7, ""value"": ""Imported""}, {""explicit"": false, ""hard"": false, ""kind"": ""feature"", ""negated"": false, ""source"": ""ambiguous_disclosure"", ""source_turn"": 3, ""strength"": 0.7, ""value"": ""Button closure""}]",[],"[""material"", ""fit"", ""comfort""]","[""other""]",other,"{""fixed"": true}",50,"[""B0083VPQBQ"", ""B00MLPDFL8"", ""B083ZPTRRF"", ""B07KQ4PF54"", ""B0788L9M7W"", ""B00FN6D1IE"", ""B009FWGUO4"", ""B07F16G1TF"", ""B004R1I3YS"", ""B07Y5273ZJ""]",20.9675999940373,True,browsing,B0BT158RRR,
public_0087,10,reranker,fixed_other,browsing,specific,Shirts Casual Button-Down Shirts,"[{""explicit"": false, ""hard"": false, ""kind"": ""material"", ""negated"": false, ""source"": ""ambiguous_disclosure"", ""source_turn"": 2, ""strength"": 0.7, ""value"": ""cotton""}, {""explicit"": false, ""hard"": false, ""kind"": ""material"", ""negated"": false, ""source"": ""ambiguous_disclosure"", ""source_turn"": 2, ""strength"": 0.7, ""value"": ""100% Cotton""}, {""explicit"": false, ""hard"": false, ""kind"": ""feature"", ""negated"": false, ""source"": ""ambiguous_disclosure"", ""source_turn"": 3, ""strength"": 0.7, ""value"": ""Imported""}, {""explicit"": false, ""hard"": false, ""kind"": ""feature"", ""negated"": false, ""source"": ""ambiguous_disclosure"", ""source_turn"": 3, ""strength"": 0.7, ""value"": ""Button closure""}]",[],"[""material"", ""fit"", ""comfort""]","[""other""]",other,"{""fixed"": true}",50,"[""B0083VPQBQ"", ""B00MLPDFL8"", ""B083ZPTRRF"", ""B07KQ4PF54"", ""B0788L9M7W"", ""B00FN6D1IE"", ""B009FWGUO4"", ""B07F16G1TF"", ""B004R1I3YS"", ""B07Y5273ZJ""]",28.868200024589896,True,browsing,B0BT158RRR,
public_0092,1,reranker,fixed_other,browsing,exploratory,Sleep & Lounge Sets,[],[],"[""material"", ""comfort"", ""fit"", ""style""]","[""other""]",other,"{""fixed"": true}",100,"[""B08GSJTVPJ"", ""B08965CTGN"", ""B0897NQF8M"", ""B093C8JCDG"", ""B06XRM47TL"", ""B08F73Y81V"", ""B08QRQGWWV"", ""B08JD8PVQ8"", ""B07DCDQDPV"", ""B08BLKPKJD""]",21.483800024725497,True,browsing,B07FKNZC43,
public_0092,2,reranker,fixed_other,browsing,specific,Sleep & Lounge Sets,"[{""explicit"": false, ""hard"": false, ""kind"": ""material"", ""negated"": false, ""source"": ""ambiguous_disclosure"", ""source_turn"": 2, ""strength"": 0.7, ""value"": ""polyester""}, {""explicit"": false, ""hard"": false, ""kind"": ""material"", ""negated"": false, ""source"": ""ambiguous_disclosure"", ""source_turn"": 2, ""strength"": 0.7, ""value"": ""95% Polyester, 5% Spandex""}]",[],"[""material"", ""comfort"", ""fit"", ""style""]","[""other""]",other,"{""fixed"": true}",50,"[""B08LDKWB1F"", ""B096X9M1TT"", ""B08889Q88B"", ""B09M3YXM5G"", ""B08TQBPJVS"", ""B08QJ5K69H"", ""B08DKLS5D8"", ""B08GKN3D9B"", ""B08QRQGWWV"", ""B07MBQ4WGP""]",27.4587000021711,True,browsing,B07FKNZC43,
public_0092,3,reranker,fixed_other,browsing,specific,Sleep & Lounge Sets,"[{""explicit"": false, ""hard"": false, ""kind"": ""material"", ""negated"": false, ""source"": ""ambiguous_disclosure"", ""source_turn"": 2, ""strength"": 0.7, ""value"": ""polyester""}, {""explicit"": false, ""hard"": false, ""kind"": ""material"", ""negated"": false, ""source"": ""ambiguous_disclosure"", ""source_turn"": 2, ""strength"": 0.7, ""value"": ""95% Polyester, 5% Spandex""}, {""explicit"": false, ""hard"": false, ""kind"": ""feature"", ""negated"": false, ""source"": ""ambiguous_disclosure"", ""source_turn"": 3, ""strength"": 0.7, ""value"": ""Imported""}, {""explicit"": false, ""hard"": false, ""kind"": ""feature"", ""negated"": false, ""source"": ""ambiguous_disclosure"", ""source_turn"": 3, ""strength"": 0.7, ""value"": ""Button closure""}]",[],"[""material"", ""comfort"", ""fit"", ""style""]","[""other""]",other,"{""fixed"": true}",50,"[""B096X9M1TT"", ""B08TN2HT6X"", ""B06XQ76JYT"", ""B09M3YXM5G"", ""B074X7S7GZ"", ""B08L5M573Q"", ""B08MS48KHQ"", ""B08QRQGWWV"", ""B07FKNZC43"", ""B089DXH39C""]",33.1638999923598,True,browsing,B07FKNZC43,9
public_0094,1,reranker,fixed_other,buying,specific,Boots Mid-Calf,"[{""explicit"": true, ""hard"": true, ""kind"": ""material"", ""negated"": false, ""source"": ""explicit_requirement"", ""source_turn"": 1, ""strength"": 1.0, ""value"": ""leather""}]",[],"[""fit"", ""comfort"", ""material"", ""performance""]","[""other""]",other,"{""fixed"": true}",50,"[""B00NI6BALQ"", ""B0098BNL58"", ""B08S6SXF31"", ""B00MOTXUC0"", ""B00BWBLXIE"", ""B09FSX9NMW"", ""B000Q6N0XW"", ""B00Q9NPS18"", ""B08FSTW789"", ""B00R54V2IS""]",32.3476999765262,True,buying,B01L99SW78,
public_0094,2,reranker,fixed_other,buying,specific,Boots Mid-Calf,"[{""explicit"": true, ""hard"": true, ""kind"": ""material"", ""negated"": false, ""source"": ""explicit_requirement"", ""source_turn"": 1, ""strength"": 1.0, ""value"": ""leather""}, {""explicit"": false, ""hard"": false, ""kind"": ""feature"", ""negated"": false, ""source"": ""ambiguous_disclosure"", ""source_turn"": 2, ""strength"": 0.7, ""value"": ""Synthetic sole""}, {""explicit"": false, ""hard"": false, ""kind"": ""feature"", ""negated"": false, ""source"": ""ambiguous_disclosure"", ""source_turn"": 2, ""strength"": 0.7, ""value"": ""Shaft measures approximately 8\"" from arch""}]",[],"[""fit"", ""comfort"", ""material"", ""performance""]","[""other""]",other,"{""fixed"": true}",50,"[""B00OFOZ61U"", ""B01KORH54W"", ""B00NI6BALQ"", ""B07WZDN4PH"", ""B0098BNL58"", ""B00BU1BYD0"", ""B0074O30F2"", ""B00OEMFYF6"", ""B00R54V2IS"", ""B012U81A62""]",29.89000000525266,True,buying,B01L99SW78,
public_0094,3,reranker,fixed_other,buying,specific,Boots Mid-Calf,"[{""explicit"": true, ""hard"": true, ""kind"": ""material"", ""negated"": false, ""source"": ""explicit_requirement"", ""source_turn"": 1, ""strength"": 1.0, ""value"": ""leather""}, {""explicit"": false, ""hard"": false, ""kind"": ""feature"", ""negated"": false, ""source"": ""ambiguous_disclosure"", ""source_turn"": 2, ""strength"": 0.7, ""value"": ""Synthetic sole""}, {""explicit"": false, ""hard"": false, ""kind"": ""feature"", ""negated"": false, ""source"": ""ambiguous_disclosure"", ""source_turn"": 2, ""strength"": 0.7, ""value"": ""Shaft measures approximately 8\"" from arch""}, {""explicit"": false, ""hard"": false, ""kind"": ""feature"", ""negated"": false, ""source"": ""ambiguous_disclosure"", ""source_turn"": 3, ""strength"": 0.7, ""value"": ""SUPPORTIVE AND CUSHIONED: Featuring the 4LR technology for support and cushioning, these western boots make sure you have the most comfortable boot possible, whether you\u2019re in the""}]",[],"[""fit"", ""comfort"", ""material"", ""performance""]","[""other""]",other,"{""fixed"": true}",50,"[""B01L99SW78"", ""B00NI6BALQ"", ""B012U81A62"", ""B0B71QDCHC"", ""B00OFOZ61U"", ""B00OEMFYF6"", ""B000MJX39E"", ""B07FKDHCCL"", ""B0B8YZ9HMD"", ""B07WZDN4PH""]",32.23789998446591,True,buying,B01L99SW78,1
public_0098,1,reranker,fixed_other,browsing,exploratory,Running Road Running,[],[],"[""performance"", ""comfort"", ""style"", ""material""]","[""other""]",other,"{""fixed"": true}",100,"[""B0B9Z8PP99"", ""B07XCFQF4N"", ""B07G3PJYXB"", ""B08JKBXWT1"", ""B00AJNRM4K"", ""B08WNSM4KN"", ""B0B37HBXHC"", ""B07PRQMGJ6"", ""B0044DF2G6"", ""B019J0V4D8""]",23.690399975748733,True,browsing,B08CZ34D75,
public_0098,2,reranker,fixed_other,browsing,specific,Running Road Running,"[{""explicit"": false, ""hard"": false, ""kind"": ""material"", ""negated"": false, ""source"": ""ambiguous_disclosure"", ""source_turn"": 2, ""strength"": 0.7, ""value"": ""polyester""}, {""explicit"": false, ""hard"": false, ""kind"": ""feature"", ""negated"": false, ""source"": ""ambiguous_disclosure"", ""source_turn"": 2, ""strength"": 0.7, ""value"": ""100% Rubber""}]",[],"[""performance"", ""comfort"", ""style"", ""material""]","[""other""]",other,"{""fixed"": true}",50,"[""B08CZ34D75"", ""B0012HR4QI"", ""B00AK9B66S"", ""B07GWF1N28"", ""B00MVRL59K"", ""B00AFCUO72"", ""B00BLQ99G8"", ""B07GW8588C"", ""B07F976XKZ"", ""B00AJNRM4K""]",31.092700024601072,True,browsing,B08CZ34D75,1
public_0099,1,reranker,fixed_other,browsing,exploratory,Active Pants Sweatpants,[],[],"[""fit"", ""comfort"", ""material"", ""durability""]","[""other""]",other,"{""fixed"": true}",100,"[""B07XXJRC62"", ""B07KSW1CVQ"", ""B08K8N3TGP"", ""B09QGLP7DG"", ""B08938H44N"", ""B09X439MFW"", ""B08DFVFZSP"", ""B087PNX5ZT"", ""B08LQGQY6F"", ""B099FCZVV3""]",28.687300015008077,True,browsing,B0971YMPCR,
public_0099,2,reranker,fixed_other,browsing,specific,Active Pants Sweatpants,"[{""explicit"": false, ""hard"": false, ""kind"": ""material"", ""negated"": false, ""source"": ""ambiguous_disclosure"", ""source_turn"": 2, ""strength"": 0.7, ""value"": ""cotton""}, {""explicit"": false, ""hard"": false, ""kind"": ""material"", ""negated"": false, ""source"": ""ambiguous_disclosure"", ""source_turn"": 2, ""strength"": 0.7, ""value"": ""60% Cotton, 40% Polyester""}]",[],"[""fit"", ""comfort"", ""material"", ""durability""]","[""other""]",other,"{""fixed"": true}",50,"[""B084GFK3GR"", ""B0716XGGKN"", ""B09X439MFW"", ""B07CGLPT17"", ""B08SMP2MMB"", ""B01E5C3RLM"", ""B009VHH6WI"", ""B0971YMPCR"", ""B08SQRKPBB"", ""B09GL65W9V""]",27.740799996536225,True,browsing,B0971YMPCR,8
public_0103,1,reranker,fixed_other,buying,mixed,Underwear Undershirts,"[{""explicit"": false, ""hard"": false, ""kind"": ""feature"", ""negated"": true, ""source"": ""ambiguous_disclosure"", ""source_turn"": 1, ""strength"": 0.7, ""value"": ""Imported""}]",[],"[""material"", ""comfort"", ""fit"", ""style""]","[""other""]",other,"{""fixed"": true}",75,"[""B0149B4YHK"", ""B07C3J1VSQ"", ""B00M798WWA"", ""B0BXP6MG3X"", ""B00L10BT3A"", ""B07DQSWHWN"", ""B07DJSPRYY"", ""B07YF1THQ6"", ""B07HYJZKW4"", ""B000TGPTOC""]",23.06549999048002,True,intent_override,B0BT8T2FQ3,
public_0103,2,reranker,fixed_other,buying,specific,Underwear Undershirts,"[{""explicit"": false, ""hard"": false, ""kind"": ""feature"", ""negated"": true, ""source"": ""ambiguous_disclosure"", ""source_turn"": 1, ""strength"": 0.7, ""value"": ""Imported""}, {""explicit"": false, ""hard"": false, ""kind"": ""material"", ""negated"": false, ""source"": ""ambiguous_disclosure"", ""source_turn"": 2, ""strength"": 0.7, ""value"": ""cotton""}, {""explicit"": false, ""hard"": false, ""kind"": ""color"", ""negated"": false, ""source"": ""ambiguous_disclosure"", ""source_turn"": 2, ""strength"": 0.7, ""value"": ""color: white""}]",[],"[""material"", ""comfort"", ""fit"", ""style""]","[""other""]",other,"{""fixed"": true}",50,"[""B07C3J1VSQ"", ""B07CLKVV5K"", ""B07HYJZKW4"", ""B07HC5LL2H"", ""B008U7KRBW"", ""B09PRTSYLJ"", ""B0BT8T2FQ3"", ""B017HY3OH2"", ""B00KDC6VVW"", ""B0BH113WW9""]",28.904199978569523,True,intent_override,B0BT8T2FQ3,7
public_0103,3,reranker,fixed_other,buying,specific,Underwear Undershirts,"[{""explicit"": false, ""hard"": false, ""kind"": ""feature"", ""negated"": true, ""source"": ""ambiguous_disclosure"", ""source_turn"": 1, ""strength"": 0.7, ""value"": ""Imported""}, {""explicit"": false, ""hard"": false, ""kind"": ""material"", ""negated"": false, ""source"": ""ambiguous_disclosure"", ""source_turn"": 2, ""strength"": 0.7, ""value"": ""cotton""}, {""explicit"": false, ""hard"": false, ""kind"": ""color"", ""negated"": false, ""source"": ""ambiguous_disclosure"", ""source_turn"": 2, ""strength"": 0.7, ""value"": ""color: white""}, {""explicit"": false, ""hard"": false, ""kind"": ""material"", ""negated"": false, ""source"": ""ambiguous_disclosure"", ""source_turn"": 3, ""strength"": 0.7, ""value"": ""100% Cotton""}]",[],"[""material"", ""comfort"", ""fit"", ""style""]","[""other""]",other,"{""fixed"": true}",50,"[""B07C3J1VSQ"", ""B07CLKVV5K"", ""B07HC5LL2H"", ""B017HY3OH2"", ""B09PRTSYLJ"", ""B008U7KRBW"", ""B0BH113WW9"", ""B0BT8T2FQ3"", ""B0BXP6MG3X"", ""B088QF5G58""]",25.99460000055842,True,intent_override,B0BT8T2FQ3,8
public_0103,4,reranker,fixed_other,buying,specific,Underwear Undershirts,"[{""explicit"": false, ""hard"": false, ""kind"": ""material"", ""negated"": false, ""source"": ""ambiguous_disclosure"", ""source_turn"": 2, ""strength"": 0.7, ""value"": ""cotton""}, {""explicit"": false, ""hard"": false, ""kind"": ""color"", ""negated"": false, ""source"": ""ambiguous_disclosure"", ""source_turn"": 2, ""strength"": 0.7, ""value"": ""color: white""}, {""explicit"": false, ""hard"": false, ""kind"": ""material"", ""negated"": false, ""source"": ""ambiguous_disclosure"", ""source_turn"": 3, ""strength"": 0.7, ""value"": ""100% Cotton""}]","[{""explicit"": true, ""hard"": true, ""kind"": ""feature"", ""negated"": true, ""source"": ""negation_or_replacement"", ""source_turn"": 4, ""strength"": 1.0, ""value"": ""Imported""}]","[""material"", ""comfort"", ""fit"", ""style""]","[""other""]",other,"{""fixed"": true}",50,"[""B0891LTVHT"", ""B019P5WRLK"", ""B004X0PSV4"", ""B004JYCIDU"", ""B0038A1A0I"", ""B09WCYC17X"", ""B00LOUG25C"", ""B076DLTYP3"", ""B07TTLTSQB"", ""B083P49XBY""]",29.23769998596981,True,intent_override,B0BT8T2FQ3,
public_0103,5,reranker,fixed_other,buying,specific,Underwear Undershirts,"[{""explicit"": false, ""hard"": false, ""kind"": ""material"", ""negated"": false, ""source"": ""ambiguous_disclosure"", ""source_turn"": 2, ""strength"": 0.7, ""value"": ""cotton""}, {""explicit"": false, ""hard"": false, ""kind"": ""color"", ""negated"": false, ""source"": ""ambiguous_disclosure"", ""source_turn"": 2, ""strength"": 0.7, ""value"": ""color: white""}, {""explicit"": false, ""hard"": false, ""kind"": ""material"", ""negated"": false, ""source"": ""ambiguous_disclosure"", ""source_turn"": 3, ""strength"": 0.7, ""value"": ""100% Cotton""}]","[{""explicit"": true, ""hard"": true, ""kind"": ""feature"", ""negated"": true, ""source"": ""negation_or_replacement"", ""source_turn"": 4, ""strength"": 1.0, ""value"": ""Imported""}]","[""material"", ""comfort"", ""fit"", ""style""]","[""other""]",other,"{""fixed"": true}",50,"[""B0891LTVHT"", ""B019P5WRLK"", ""B004X0PSV4"", ""B004JYCIDU"", ""B0038A1A0I"", ""B09WCYC17X"", ""B00LOUG25C"", ""B076DLTYP3"", ""B07TTLTSQB"", ""B083P49XBY""]",25.60639998409897,True,intent_override,B0BT8T2FQ3,
public_0103,6,reranker,fixed_other,buying,specific,Underwear Undershirts,"[{""explicit"": false, ""hard"": false, ""kind"": ""material"", ""negated"": false, ""source"": ""ambiguous_disclosure"", ""source_turn"": 2, ""strength"": 0.7, ""value"": ""cotton""}, {""explicit"": false, ""hard"": false, ""kind"": ""color"", ""negated"": false, ""source"": ""ambiguous_disclosure"", ""source_turn"": 2, ""strength"": 0.7, ""value"": ""color: white""}, {""explicit"": false, ""hard"": false, ""kind"": ""material"", ""negated"": false, ""source"": ""ambiguous_disclosure"", ""source_turn"": 3, ""strength"": 0.7, ""value"": ""100% Cotton""}]","[{""explicit"": true, ""hard"": true, ""kind"": ""feature"", ""negated"": true, ""source"": ""negation_or_replacement"", ""source_turn"": 4, ""strength"": 1.0, ""value"": ""Imported""}]","[""material"", ""comfort"", ""fit"", ""style""]","[""other""]",other,"{""fixed"": true}",50,"[""B0891LTVHT"", ""B019P5WRLK"", ""B004X0PSV4"", ""B004JYCIDU"", ""B0038A1A0I"", ""B09WCYC17X"", ""B00LOUG25C"", ""B076DLTYP3"", ""B07TTLTSQB"", ""B083P49XBY""]",26.612100016791373,True,intent_override,B0BT8T2FQ3,
public_0103,7,reranker,fixed_other,buying,specific,Underwear Undershirts,"[{""explicit"": false, ""hard"": false, ""kind"": ""material"", ""negated"": false, ""source"": ""ambiguous_disclosure"", ""source_turn"": 2, ""strength"": 0.7, ""value"": ""cotton""}, {""explicit"": false, ""hard"": false, ""kind"": ""color"", ""negated"": false, ""source"": ""ambiguous_disclosure"", ""source_turn"": 2, ""strength"": 0.7, ""value"": ""color: white""}, {""explicit"": false, ""hard"": false, ""kind"": ""material"", ""negated"": false, ""source"": ""ambiguous_disclosure"", ""source_turn"": 3, ""strength"": 0.7, ""value"": ""100% Cotton""}]","[{""explicit"": true, ""hard"": true, ""kind"": ""feature"", ""negated"": true, ""source"": ""negation_or_replacement"", ""source_turn"": 4, ""strength"": 1.0, ""value"": ""Imported""}]","[""material"", ""comfort"", ""fit"", ""style""]","[""other""]",other,"{""fixed"": true}",50,"[""B0891LTVHT"", ""B019P5WRLK"", ""B004X0PSV4"", ""B004JYCIDU"", ""B0038A1A0I"", ""B09WCYC17X"", ""B00LOUG25C"", ""B076DLTYP3"", ""B07TTLTSQB"", ""B083P49XBY""]",23.08189999894239,True,intent_override,B0BT8T2FQ3,
public_0103,8,reranker,fixed_other,buying,specific,Underwear Undershirts,"[{""explicit"": false, ""hard"": false, ""kind"": ""material"", ""negated"": false, ""source"": ""ambiguous_disclosure"", ""source_turn"": 2, ""strength"": 0.7, ""value"": ""cotton""}, {""explicit"": false, ""hard"": false, ""kind"": ""color"", ""negated"": false, ""source"": ""ambiguous_disclosure"", ""source_turn"": 2, ""strength"": 0.7, ""value"": ""color: white""}, {""explicit"": false, ""hard"": false, ""kind"": ""material"", ""negated"": false, ""source"": ""ambiguous_disclosure"", ""source_turn"": 3, ""strength"": 0.7, ""value"": ""100% Cotton""}]","[{""explicit"": true, ""hard"": true, ""kind"": ""feature"", ""negated"": true, ""source"": ""negation_or_replacement"", ""source_turn"": 4, ""strength"": 1.0, ""value"": ""Imported""}]","[""material"", ""comfort"", ""fit"", ""style""]","[""other""]",other,"{""fixed"": true}",50,"[""B0891LTVHT"", ""B019P5WRLK"", ""B004X0PSV4"", ""B004JYCIDU"", ""B0038A1A0I"", ""B09WCYC17X"", ""B00LOUG25C"", ""B076DLTYP3"", ""B07TTLTSQB"", ""B083P49XBY""]",27.004400006262586,True,intent_override,B0BT8T2FQ3,
public_0103,9,reranker,fixed_other,buying,specific,Underwear Undershirts,"[{""explicit"": false, ""hard"": false, ""kind"": ""material"", ""negated"": false, ""source"": ""ambiguous_disclosure"", ""source_turn"": 2, ""strength"": 0.7, ""value"": ""cotton""}, {""explicit"": false, ""hard"": false, ""kind"": ""color"", ""negated"": false, ""source"": ""ambiguous_disclosure"", ""source_turn"": 2, ""strength"": 0.7, ""value"": ""color: white""}, {""explicit"": false, ""hard"": false, ""kind"": ""material"", ""negated"": false, ""source"": ""ambiguous_disclosure"", ""source_turn"": 3, ""strength"": 0.7, ""value"": ""100% Cotton""}]","[{""explicit"": true, ""hard"": true, ""kind"": ""feature"", ""negated"": true, ""source"": ""negation_or_replacement"", ""source_turn"": 4, ""strength"": 1.0, ""value"": ""Imported""}]","[""material"", ""comfort"", ""fit"", ""style""]","[""other""]",other,"{""fixed"": true}",50,"[""B0891LTVHT"", ""B019P5WRLK"", ""B004X0PSV4"", ""B004JYCIDU"", ""B0038A1A0I"", ""B09WCYC17X"", ""B00LOUG25C"", ""B076DLTYP3"", ""B07TTLTSQB"", ""B083P49XBY""]",22.01240000431426,True,intent_override,B0BT8T2FQ3,
public_0103,10,reranker,fixed_other,buying,specific,Underwear Undershirts,"[{""explicit"": false, ""hard"": false, ""kind"": ""material"", ""negated"": false, ""source"": ""ambiguous_disclosure"", ""source_turn"": 2, ""strength"": 0.7, ""value"": ""cotton""}, {""explicit"": false, ""hard"": false, ""kind"": ""color"", ""negated"": false, ""source"": ""ambiguous_disclosure"", ""source_turn"": 2, ""strength"": 0.7, ""value"": ""color: white""}, {""explicit"": false, ""hard"": false, ""kind"": ""material"", ""negated"": false, ""source"": ""ambiguous_disclosure"", ""source_turn"": 3, ""strength"": 0.7, ""value"": ""100% Cotton""}]","[{""explicit"": true, ""hard"": true, ""kind"": ""feature"", ""negated"": true, ""source"": ""negation_or_replacement"", ""source_turn"": 4, ""strength"": 1.0, ""value"": ""Imported""}]","[""material"", ""comfort"", ""fit"", ""style""]","[""other""]",other,"{""fixed"": true}",50,"[""B0891LTVHT"", ""B019P5WRLK"", ""B004X0PSV4"", ""B004JYCIDU"", ""B0038A1A0I"", ""B09WCYC17X"", ""B00LOUG25C"", ""B076DLTYP3"", ""B07TTLTSQB"", ""B083P49XBY""]",19.54839998506941,True,intent_override,B0BT8T2FQ3,
public_0108,1,reranker,fixed_other,buying,specific,Pants & Shorts Shorts,"[{""explicit"": true, ""hard"": true, ""kind"": ""material"", ""negated"": false, ""source"": ""explicit_requirement"", ""source_turn"": 1, ""strength"": 1.0, ""value"": ""cotton""}]",[],"[""material"", ""comfort"", ""fit"", ""style""]","[""other""]",other,"{""fixed"": true}",50,"[""B00LXU7LVW"", ""B004HHNN9M"", ""B07P66B5YC"", ""B0994GQDYM"", ""B0B6VK1XNY"", ""B08311BJQ2"", ""B01I21CI7G"", ""B07T36CDD3"", ""B01GRO80GI"", ""B00JJR82U0""]",18.75700001255609,True,buying,B01I21CI7G,7
public_0115,1,reranker,fixed_other,browsing,exploratory,Sleep & Lounge Nightgowns & Sleepshirts,[],[],"[""comfort"", ""fit"", ""durability"", ""style""]","[""other""]",other,"{""fixed"": true}",100,"[""B07WZRWQBF"", ""B082TXYP5R"", ""B088DF8BPZ"", ""B0897NQF8M"", ""B07X3922XV"", ""B07KLQFHBP"", ""B098T73R3K"", ""B0883VHCMN"", ""B0734SHQH9"", ""B08FR11WBL""]",16.153200005646795,True,browsing,B08VWZBYPY,
public_0115,2,reranker,fixed_other,browsing,specific,Sleep & Lounge Nightgowns & Sleepshirts,"[{""explicit"": false, ""hard"": false, ""kind"": ""material"", ""negated"": false, ""source"": ""ambiguous_disclosure"", ""source_turn"": 2, ""strength"": 0.7, ""value"": ""rayon""}, {""explicit"": false, ""hard"": false, ""kind"": ""material"", ""negated"": false, ""source"": ""ambiguous_disclosure"", ""source_turn"": 2, ""strength"": 0.7, ""value"": ""95% Rayon, 5% Spandex""}]",[],"[""comfort"", ""fit"", ""durability"", ""style""]","[""other""]",other,"{""fixed"": true}",50,"[""B07KLQFHBP"", ""B01N2OTLIC"", ""B07X7ND7T7"", ""B07RWB95CX"", ""B08M43YMR9"", ""B093SQWKKH"", ""B07G9WTD32"", ""B07N39GNNY"", ""B087RK8QF2"", ""B08786GMGG""]",16.69469999615103,True,browsing,B08VWZBYPY,
public_0115,3,reranker,fixed_other,browsing,specific,Sleep & Lounge Nightgowns & Sleepshirts,"[{""explicit"": false, ""hard"": false, ""kind"": ""material"", ""negated"": false, ""source"": ""ambiguous_disclosure"", ""source_turn"": 2, ""strength"": 0.7, ""value"": ""rayon""}, {""explicit"": false, ""hard"": false, ""kind"": ""material"", ""negated"": false, ""source"": ""ambiguous_disclosure"", ""source_turn"": 2, ""strength"": 0.7, ""value"": ""95% Rayon, 5% Spandex""}, {""explicit"": false, ""hard"": false, ""kind"": ""feature"", ""negated"": false, ""source"": ""ambiguous_disclosure"", ""source_turn"": 3, ""strength"": 0.7, ""value"": ""Imported""}, {""explicit"": false, ""hard"": false, ""kind"": ""feature"", ""negated"": false, ""source"": ""ambiguous_disclosure"", ""source_turn"": 3, ""strength"": 0.7, ""value"": ""Machine Wash""}]",[],"[""comfort"", ""fit"", ""durability"", ""style""]","[""other""]",other,"{""fixed"": true}",50,"[""B093SQWKKH"", ""B08VWZBYPY"", ""B0B5PNNHYQ"", ""B09WYRRB9Q"", ""B00TTQ62WG"", ""B01MRKYVL8"", ""B01N591VOO"", ""B07KLQFHBP"", ""B07X7ND7T7"", ""B06Y25TJ59""]",18.42830001260154,True,browsing,B08VWZBYPY,2
public_0116,1,reranker,fixed_other,buying,specific,Shoes Fashion Sneakers,"[{""explicit"": true, ""hard"": true, ""kind"": ""feature"", ""negated"": false, ""source"": ""explicit_requirement"", ""source_turn"": 1, ""strength"": 1.0, ""value"": ""100% Canvas""}]",[],"[""material"", ""comfort""]","[""other""]",other,"{""fixed"": true}",50,"[""B009T1FT4S"", ""B07FP3CFKK"", ""B07PFSX4S5"", ""B00NPLTC5U"", ""B005AEG4KG"", ""B00F1BR6GE"", ""B0015MGMSG"", ""B00K21F9BC"", ""B07FNYX15W"", ""B01EV7WDGG""]",20.408000011229888,True,buying,B07S2Y3THP,
public_0116,2,reranker,fixed_other,buying,specific,Shoes Fashion Sneakers,"[{""explicit"": true, ""hard"": true, ""kind"": ""feature"", ""negated"": false, ""source"": ""explicit_requirement"", ""source_turn"": 1, ""strength"": 1.0, ""value"": ""100% Canvas""}, {""explicit"": false, ""hard"": false, ""kind"": ""feature"", ""negated"": false, ""source"": ""ambiguous_disclosure"", ""source_turn"": 2, ""strength"": 0.7, ""value"": ""Rubber sole""}, {""explicit"": false, ""hard"": false, ""kind"": ""feature"", ""negated"": false, ""source"": ""ambiguous_disclosure"", ""source_turn"": 2, ""strength"": 0.7, ""value"": ""Cushioned Insole for added comfort""}]",[],"[""material"", ""comfort""]","[""other""]",other,"{""fixed"": true}",50,"[""B07S2Y3THP"", ""B07CSP2GKF"", ""B07CSR2724"", ""B07CVH5Y1T"", ""B089CT2MXD"", ""B0863QQ14C"", ""B07H137L57"", ""B002MUBEOC"", ""B07QN744VQ"", ""B00L8IXKGY""]",21.190899977227673,True,buying,B07S2Y3THP,1
public_0118,1,reranker,fixed_other,buying,specific,Bikinis Sets,"[{""explicit"": true, ""hard"": true, ""kind"": ""material"", ""negated"": false, ""source"": ""explicit_requirement"", ""source_turn"": 1, ""strength"": 1.0, ""value"": ""nylon""}]",[],"[""comfort"", ""fit"", ""material"", ""style""]","[""other""]",other,"{""fixed"": true}",50,"[""B07QKXC38L"", ""B091H1653X"", ""B08DF9F8KG"", ""B07QR1MM48"", ""B0793GYL9T"", ""B07PPN6L4T"", ""B09JS72K73"", ""B086L9P9SX"", ""B07RBN2CBL"", ""B082R1852R""]",16.948699980275705,True,buying,B09M72C8PG,
public_0118,2,reranker,fixed_other,buying,specific,Bikinis Sets,"[{""explicit"": true, ""hard"": true, ""kind"": ""material"", ""negated"": false, ""source"": ""explicit_requirement"", ""source_turn"": 1, ""strength"": 1.0, ""value"": ""nylon""}, {""explicit"": false, ""hard"": false, ""kind"": ""material"", ""negated"": false, ""source"": ""ambiguous_disclosure"", ""source_turn"": 2, ""strength"": 0.7, ""value"": ""Nylon,Spandex""}, {""explicit"": false, ""hard"": false, ""kind"": ""feature"", ""negated"": false, ""source"": ""ambiguous_disclosure"", ""source_turn"": 2, ""strength"": 0.7, ""value"": ""Imported""}]",[],"[""comfort"", ""fit"", ""material"", ""style""]","[""other""]",other,"{""fixed"": true}",50,"[""B09M72C8PG"", ""B07QKXC38L"", ""B0793GYL9T"", ""B07QR1MM48"", ""B07WGS2LD8"", ""B0BVM2N2DX"", ""B08P39LG2Q"", ""B00HKR129Y"", ""B09GC1ZHD2"", ""B09PDV687N""]",20.162700006039813,True,buying,B09M72C8PG,1
public_0120,1,reranker,fixed_other,browsing,exploratory,Card Cases & Money Organizers Wallets,[],[],"[""comfort""]","[""other""]",other,"{""fixed"": true}",100,"[""B081QZ36XJ"", ""B088BD894S"", ""B07CK8SCYN"", ""B00BRSVXFK"", ""B01N1SJO9G"", ""B08FFWL6N1"", ""B007IW47FC"", ""B00IPP1RFY"", ""B07H8W9MW7"", ""B00HLS5KZE""]",17.92419998673722,True,browsing,B08GPGX2QG,
public_0120,2,reranker,fixed_other,browsing,specific,Card Cases & Money Organizers Wallets,"[{""explicit"": false, ""hard"": false, ""kind"": ""material"", ""negated"": false, ""source"": ""ambiguous_disclosure"", ""source_turn"": 2, ""strength"": 0.7, ""value"": ""leather""}, {""explicit"": false, ""hard"": false, ""kind"": ""color"", ""negated"": false, ""source"": ""ambiguous_disclosure"", ""source_turn"": 2, ""strength"": 0.7, ""value"": ""color: red""}]",[],"[""comfort""]","[""other""]",other,"{""fixed"": true}",50,"[""B006UTCYWM"", ""B0099NSYPM"", ""B004D9CUWU"", ""B00CORDTWI"", ""B013AWNW7W"", ""B000LZ02YS"", ""B0009WOM76"", ""B07CK73QNS"", ""B00T1TORAA"", ""B017IIU8X0""]",19.61349998600781,True,browsing,B08GPGX2QG,
public_0120,3,reranker,fixed_other,browsing,specific,Card Cases & Money Organizers Wallets,"[{""explicit"": false, ""hard"": false, ""kind"": ""material"", ""negated"": false, ""source"": ""ambiguous_disclosure"", ""source_turn"": 2, ""strength"": 0.7, ""value"": ""leather""}, {""explicit"": false, ""hard"": false, ""kind"": ""color"", ""negated"": false, ""source"": ""ambiguous_disclosure"", ""source_turn"": 2, ""strength"": 0.7, ""value"": ""color: red""}, {""explicit"": false, ""hard"": false, ""kind"": ""material"", ""negated"": false, ""source"": ""ambiguous_disclosure"", ""source_turn"": 3, ""strength"": 0.7, ""value"": ""Leather lining""}, {""explicit"": false, ""hard"": false, ""kind"": ""feature"", ""negated"": false, ""source"": ""ambiguous_disclosure"", ""source_turn"": 3, ""strength"": 0.7, ""value"": ""Snap closure""}]",[],"[""comfort""]","[""other""]",other,"{""fixed"": true}",50,"[""B008UZO4KO"", ""B089RXP8K2"", ""B01FFNDNUA"", ""B019JTI5C2"", ""B07H8W9MW7"", ""B07VPDFRJB"", ""B000LZ02YS"", ""B01MZYASZ2"", ""B06XJ5ZTN5"", ""B07CK73QNS""]",17.840699991211295,True,browsing,B08GPGX2QG,
public_0120,4,reranker,fixed_other,browsing,specific,Card Cases & Money Organizers Wallets,"[{""explicit"": false, ""hard"": false, ""kind"": ""material"", ""negated"": false, ""source"": ""ambiguous_disclosure"", ""source_turn"": 2, ""strength"": 0.7, ""value"": ""leather""}, {""explicit"": false, ""hard"": false, ""kind"": ""color"", ""negated"": false, ""source"": ""ambiguous_disclosure"", ""source_turn"": 2, ""strength"": 0.7, ""value"": ""color: red""}, {""explicit"": false, ""hard"": false, ""kind"": ""material"", ""negated"": false, ""source"": ""ambiguous_disclosure"", ""source_turn"": 3, ""strength"": 0.7, ""value"": ""Leather lining""}, {""explicit"": false, ""hard"": false, ""kind"": ""feature"", ""negated"": false, ""source"": ""ambiguous_disclosure"", ""source_turn"": 3, ""strength"": 0.7, ""value"": ""Snap closure""}]",[],"[""comfort""]","[""other""]",other,"{""fixed"": true}",50,"[""B008UZO4KO"", ""B089RXP8K2"", ""B01FFNDNUA"", ""B019JTI5C2"", ""B07H8W9MW7"", ""B07VPDFRJB"", ""B000LZ02YS"", ""B01MZYASZ2"", ""B06XJ5ZTN5"", ""B07CK73QNS""]",21.161100012250245,True,browsing,B08GPGX2QG,
public_0120,5,reranker,fixed_other,browsing,specific,Card Cases & Money Organizers Wallets,"[{""explicit"": false, ""hard"": false, ""kind"": ""material"", ""negated"": false, ""source"": ""ambiguous_disclosure"", ""source_turn"": 2, ""strength"": 0.7, ""value"": ""leather""}, {""explicit"": false, ""hard"": false, ""kind"": ""color"", ""negated"": false, ""source"": ""ambiguous_disclosure"", ""source_turn"": 2, ""strength"": 0.7, ""value"": ""color: red""}, {""explicit"": false, ""hard"": false, ""kind"": ""material"", ""negated"": false, ""source"": ""ambiguous_disclosure"", ""source_turn"": 3, ""strength"": 0.7, ""value"": ""Leather lining""}, {""explicit"": false, ""hard"": false, ""kind"": ""feature"", ""negated"": false, ""source"": ""ambiguous_disclosure"", ""source_turn"": 3, ""strength"": 0.7, ""value"": ""Snap closure""}]",[],"[""comfort""]","[""other""]",other,"{""fixed"": true}",50,"[""B008UZO4KO"", ""B089RXP8K2"", ""B01FFNDNUA"", ""B019JTI5C2"", ""B07H8W9MW7"", ""B07VPDFRJB"", ""B000LZ02YS"", ""B01MZYASZ2"", ""B06XJ5ZTN5"", ""B07CK73QNS""]",18.977200001245365,True,browsing,B08GPGX2QG,
public_0120,6,reranker,fixed_other,browsing,specific,Card Cases & Money Organizers Wallets,"[{""explicit"": false, ""hard"": false, ""kind"": ""material"", ""negated"": false, ""source"": ""ambiguous_disclosure"", ""source_turn"": 2, ""strength"": 0.7, ""value"": ""leather""}, {""explicit"": false, ""hard"": false, ""kind"": ""color"", ""negated"": false, ""source"": ""ambiguous_disclosure"", ""source_turn"": 2, ""strength"": 0.7, ""value"": ""color: red""}, {""explicit"": false, ""hard"": false, ""kind"": ""material"", ""negated"": false, ""source"": ""ambiguous_disclosure"", ""source_turn"": 3, ""strength"": 0.7, ""value"": ""Leather lining""}, {""explicit"": false, ""hard"": false, ""kind"": ""feature"", ""negated"": false, ""source"": ""ambiguous_disclosure"", ""source_turn"": 3, ""strength"": 0.7, ""value"": ""Snap closure""}]",[],"[""comfort""]","[""other""]",other,"{""fixed"": true}",50,"[""B008UZO4KO"", ""B089RXP8K2"", ""B01FFNDNUA"", ""B019JTI5C2"", ""B07H8W9MW7"", ""B07VPDFRJB"", ""B000LZ02YS"", ""B01MZYASZ2"", ""B06XJ5ZTN5"", ""B07CK73QNS""]",19.908999995095655,True,browsing,B08GPGX2QG,
public_0120,7,reranker,fixed_other,browsing,specific,Card Cases & Money Organizers Wallets,"[{""explicit"": false, ""hard"": false, ""kind"": ""material"", ""negated"": false, ""source"": ""ambiguous_disclosure"", ""source_turn"": 2, ""strength"": 0.7, ""value"": ""leather""}, {""explicit"": false, ""hard"": false, ""kind"": ""color"", ""negated"": false, ""source"": ""ambiguous_disclosure"", ""source_turn"": 2, ""strength"": 0.7, ""value"": ""color: red""}, {""explicit"": false, ""hard"": false, ""kind"": ""material"", ""negated"": false, ""source"": ""ambiguous_disclosure"", ""source_turn"": 3, ""strength"": 0.7, ""value"": ""Leather lining""}, {""explicit"": false, ""hard"": false, ""kind"": ""feature"", ""negated"": false, ""source"": ""ambiguous_disclosure"", ""source_turn"": 3, ""strength"": 0.7, ""value"": ""Snap closure""}]",[],"[""comfort""]","[""other""]",other,"{""fixed"": true}",50,"[""B008UZO4KO"", ""B089RXP8K2"", ""B01FFNDNUA"", ""B019JTI5C2"", ""B07H8W9MW7"", ""B07VPDFRJB"", ""B000LZ02YS"", ""B01MZYASZ2"", ""B06XJ5ZTN5"", ""B07CK73QNS""]",21.862200024770573,True,browsing,B08GPGX2QG,
public_0120,8,reranker,fixed_other,browsing,specific,Card Cases & Money Organizers Wallets,"[{""explicit"": false, ""hard"": false, ""kind"": ""material"", ""negated"": false, ""source"": ""ambiguous_disclosure"", ""source_turn"": 2, ""strength"": 0.7, ""value"": ""leather""}, {""explicit"": false, ""hard"": false, ""kind"": ""color"", ""negated"": false, ""source"": ""ambiguous_disclosure"", ""source_turn"": 2, ""strength"": 0.7, ""value"": ""color: red""}, {""explicit"": false, ""hard"": false, ""kind"": ""material"", ""negated"": false, ""source"": ""ambiguous_disclosure"", ""source_turn"": 3, ""strength"": 0.7, ""value"": ""Leather lining""}, {""explicit"": false, ""hard"": false, ""kind"": ""feature"", ""negated"": false, ""source"": ""ambiguous_disclosure"", ""source_turn"": 3, ""strength"": 0.7, ""value"": ""Snap closure""}]",[],"[""comfort""]","[""other""]",other,"{""fixed"": true}",50,"[""B008UZO4KO"", ""B089RXP8K2"", ""B01FFNDNUA"", ""B019JTI5C2"", ""B07H8W9MW7"", ""B07VPDFRJB"", ""B000LZ02YS"", ""B01MZYASZ2"", ""B06XJ5ZTN5"", ""B07CK73QNS""]",19.38839998911135,True,browsing,B08GPGX2QG,
public_0120,9,reranker,fixed_other,browsing,specific,Card Cases & Money Organizers Wallets,"[{""explicit"": false, ""hard"": false, ""kind"": ""material"", ""negated"": false, ""source"": ""ambiguous_disclosure"", ""source_turn"": 2, ""strength"": 0.7, ""value"": ""leather""}, {""explicit"": false, ""hard"": false, ""kind"": ""color"", ""negated"": false, ""source"": ""ambiguous_disclosure"", ""source_turn"": 2, ""strength"": 0.7, ""value"": ""color: red""}, {""explicit"": false, ""hard"": false, ""kind"": ""material"", ""negated"": false, ""source"": ""ambiguous_disclosure"", ""source_turn"": 3, ""strength"": 0.7, ""value"": ""Leather lining""}, {""explicit"": false, ""hard"": false, ""kind"": ""feature"", ""negated"": false, ""source"": ""ambiguous_disclosure"", ""source_turn"": 3, ""strength"": 0.7, ""value"": ""Snap closure""}]",[],"[""comfort""]","[""other""]",other,"{""fixed"": true}",50,"[""B008UZO4KO"", ""B089RXP8K2"", ""B01FFNDNUA"", ""B019JTI5C2"", ""B07H8W9MW7"", ""B07VPDFRJB"", ""B000LZ02YS"", ""B01MZYASZ2"", ""B06XJ5ZTN5"", ""B07CK73QNS""]",20.440599997527897,True,browsing,B08GPGX2QG,
public_0120,10,reranker,fixed_other,browsing,specific,Card Cases & Money Organizers Wallets,"[{""explicit"": false, ""hard"": false, ""kind"": ""material"", ""negated"": false, ""source"": ""ambiguous_disclosure"", ""source_turn"": 2, ""strength"": 0.7, ""value"": ""leather""}, {""explicit"": false, ""hard"": false, ""kind"": ""color"", ""negated"": false, ""source"": ""ambiguous_disclosure"", ""source_turn"": 2, ""strength"": 0.7, ""value"": ""color: red""}, {""explicit"": false, ""hard"": false, ""kind"": ""material"", ""negated"": false, ""source"": ""ambiguous_disclosure"", ""source_turn"": 3, ""strength"": 0.7, ""value"": ""Leather lining""}, {""explicit"": false, ""hard"": false, ""kind"": ""feature"", ""negated"": false, ""source"": ""ambiguous_disclosure"", ""source_turn"": 3, ""strength"": 0.7, ""value"": ""Snap closure""}]",[],"[""comfort""]","[""other""]",other,"{""fixed"": true}",50,"[""B008UZO4KO"", ""B089RXP8K2"", ""B01FFNDNUA"", ""B019JTI5C2"", ""B07H8W9MW7"", ""B07VPDFRJB"", ""B000LZ02YS"", ""B01MZYASZ2"", ""B06XJ5ZTN5"", ""B07CK73QNS""]",19.3794000078924,True,browsing,B08GPGX2QG,
public_0125,1,reranker,fixed_other,buying,mixed,Hats & Caps Baseball Caps,"[{""explicit"": false, ""hard"": false, ""kind"": ""size"", ""negated"": true, ""source"": ""ambiguous_disclosure"", ""source_turn"": 1, ""strength"": 0.7, ""value"": ""HOOK & LOOP CLOSURE: Our hats for women and men feature a strap closure in the back letting you easily adjust the size for a perfect fit""}]",[],"[""material"", ""fit""]","[""other""]",other,"{""fixed"": true}",75,"[""B07VCYFB5D"", ""B08HGL5MTV"", ""B07WZQ2WF9"", ""B07WZQ3C6Y"", ""B084VQPTYL"", ""B0822ZYJT4"", ""B08231D4N7"", ""B08YQGGS8F"", ""B0919PK6CC"", ""B07CSRP62N""]",23.316300008445978,True,intent_override,B07VCYFB5D,1
public_0125,2,reranker,fixed_other,buying,specific,Hats & Caps Baseball Caps,"[{""explicit"": false, ""hard"": false, ""kind"": ""size"", ""negated"": true, ""source"": ""ambiguous_disclosure"", ""source_turn"": 1, ""strength"": 0.7, ""value"": ""HOOK & LOOP CLOSURE: Our hats for women and men feature a strap closure in the back letting you easily adjust the size for a perfect fit""}, {""explicit"": false, ""hard"": false, ""kind"": ""feature"", ""negated"": false, ""source"": ""ambiguous_disclosure"", ""source_turn"": 2, ""strength"": 0.7, ""value"": ""100% Acrylic""}, {""explicit"": false, ""hard"": false, ""kind"": ""feature"", ""negated"": false, ""source"": ""ambiguous_disclosure"", ""source_turn"": 2, ""strength"": 0.7, ""value"": ""Hook and Loop closure""}]",[],"[""material"", ""fit""]","[""other""]",other,"{""fixed"": true}",50,"[""B07VCYFB5D"", ""B08HGL5MTV"", ""B07WZQ2WF9"", ""B07WZQ3C6Y"", ""B07CHXLG33"", ""B0822ZYJT4"", ""B08231D4N7"", ""B079Q7VD3H"", ""B0919PK6CC"", ""B00PCZ3OO2""]",20.974700018996373,True,intent_override,B07VCYFB5D,1
public_0125,3,reranker,fixed_other,buying,specific,Hats & Caps Baseball Caps,"[{""explicit"": false, ""hard"": false, ""kind"": ""size"", ""negated"": true, ""source"": ""ambiguous_disclosure"", ""source_turn"": 1, ""strength"": 0.7, ""value"": ""HOOK & LOOP CLOSURE: Our hats for women and men feature a strap closure in the back letting you easily adjust the size for a perfect fit""}, {""explicit"": false, ""hard"": false, ""kind"": ""feature"", ""negated"": false, ""source"": ""ambiguous_disclosure"", ""source_turn"": 2, ""strength"": 0.7, ""value"": ""100% Acrylic""}, {""explicit"": false, ""hard"": false, ""kind"": ""feature"", ""negated"": false, ""source"": ""ambiguous_disclosure"", ""source_turn"": 2, ""strength"": 0.7, ""value"": ""Hook and Loop closure""}, {""explicit"": false, ""hard"": false, ""kind"": ""color"", ""negated"": false, ""source"": ""ambiguous_disclosure"", ""source_turn"": 3, ""strength"": 0.7, ""value"": ""PREMIUM QUALITY: Take your outfit to the next level with our 100% acrylic 6 panels mid-profile structured baseball hat that provides maximum comfort. Fits men and women!""}]",[],"[""material"", ""fit""]","[""other""]",other,"{""fixed"": true}",50,"[""B07VCYFB5D"", ""B07WZQ2WF9"", ""B07WZQ3C6Y"", ""B08HGL5MTV"", ""B07CHXLG33"", ""B0822ZYJT4"", ""B08231D4N7"", ""B0919PK6CC"", ""B07SRFPDDT"", ""B0BQZJ93W2""]",22.170000011101365,True,intent_override,B07VCYFB5D,1
public_0125,4,reranker,fixed_other,buying,specific,Hats & Caps Baseball Caps,"[{""explicit"": false, ""hard"": false, ""kind"": ""feature"", ""negated"": false, ""source"": ""ambiguous_disclosure"", ""source_turn"": 2, ""strength"": 0.7, ""value"": ""100% Acrylic""}, {""explicit"": false, ""hard"": false, ""kind"": ""feature"", ""negated"": false, ""source"": ""ambiguous_disclosure"", ""source_turn"": 2, ""strength"": 0.7, ""value"": ""Hook and Loop closure""}, {""explicit"": false, ""hard"": false, ""kind"": ""color"", ""negated"": false, ""source"": ""ambiguous_disclosure"", ""source_turn"": 3, ""strength"": 0.7, ""value"": ""PREMIUM QUALITY: Take your outfit to the next level with our 100% acrylic 6 panels mid-profile structured baseball hat that provides maximum comfort. Fits men and women!""}]","[{""explicit"": true, ""hard"": true, ""kind"": ""size"", ""negated"": true, ""source"": ""negation_or_replacement"", ""source_turn"": 4, ""strength"": 1.0, ""value"": ""HOOK & LOOP CLOSURE: Our hats for women and men feature a strap closure in the back letting you easily adjust the size for a perfect fit""}]","[""material"", ""fit""]","[""other""]",other,"{""fixed"": true}",50,"[""B07VCYFB5D"", ""B07WZQ3C6Y"", ""B00PCZ3OO2"", ""B07CMFNBVX"", ""B07WZQ2WF9"", ""B08HGL5MTV"", ""B072HHGYWC"", ""B0852WW7W1"", ""B07C88R9YP"", ""B0081XI8YS""]",22.252599999774247,True,intent_override,B07VCYFB5D,1
public_0126,1,reranker,fixed_other,browsing,exploratory,Tees & Blouses Blouses & Button-Down Shirts,[],[],"[""material"", ""fit""]","[""other""]",other,"{""fixed"": true}",100,"[""B07ZHYSWZY"", ""B099F52NT8"", ""B07M5SVDQV"", ""B089DGDY8Y"", ""B09QS9WM59"", ""B0B8J3X7P8"", ""B07DC3QK75"", ""B0B1CJXL7D"", ""B092ZJB6BJ"", ""B0BR3NQKTN""]",21.24900001217611,True,browsing,B09M84R91V,
public_0126,2,reranker,fixed_other,browsing,specific,Tees & Blouses Blouses & Button-Down Shirts,"[{""explicit"": false, ""hard"": false, ""kind"": ""material"", ""negated"": false, ""source"": ""ambiguous_disclosure"", ""source_turn"": 2, ""strength"": 0.7, ""value"": ""polyester""}, {""explicit"": false, ""hard"": false, ""kind"": ""material"", ""negated"": false, ""source"": ""ambiguous_disclosure"", ""source_turn"": 2, ""strength"": 0.7, ""value"": ""95% Polyester, 5% Spandex""}]",[],"[""material"", ""fit""]","[""other""]",other,"{""fixed"": true}",50,"[""B0B1CJXL7D"", ""B07D27LD5D"", ""B07TZPFQ9N"", ""B06Y2QHMKT"", ""B078K2LZM6"", ""B07TJR942W"", ""B07BRQSP88"", ""B0919V82Z6"", ""B07SD35K7G"", ""B07117RBPS""]",20.495700009632856,True,browsing,B09M84R91V,
public_0126,3,reranker,fixed_other,browsing,specific,Tees & Blouses Blouses & Button-Down Shirts,"[{""explicit"": false, ""hard"": false, ""kind"": ""material"", ""negated"": false, ""source"": ""ambiguous_disclosure"", ""source_turn"": 2, ""strength"": 0.7, ""value"": ""polyester""}, {""explicit"": false, ""hard"": false, ""kind"": ""material"", ""negated"": false, ""source"": ""ambiguous_disclosure"", ""source_turn"": 2, ""strength"": 0.7, ""value"": ""95% Polyester, 5% Spandex""}, {""explicit"": false, ""hard"": false, ""kind"": ""feature"", ""negated"": false, ""source"": ""ambiguous_disclosure"", ""source_turn"": 3, ""strength"": 0.7, ""value"": ""Imported""}, {""explicit"": false, ""hard"": false, ""kind"": ""feature"", ""negated"": false, ""source"": ""ambiguous_disclosure"", ""source_turn"": 3, ""strength"": 0.7, ""value"": ""Pull On closure""}]",[],"[""material"", ""fit""]","[""other""]",other,"{""fixed"": true}",50,"[""B07TZPFQ9N"", ""B09KY6NW2D"", ""B087B4KKX7"", ""B09M84R91V"", ""B07L5JS7HZ"", ""B07BRVF979"", ""B0B4RW6DF2"", ""B08L6BB77C"", ""B0B18MM3RR"", ""B0B3RC268V""]",21.01199998287484,True,browsing,B09M84R91V,4
public_0132,1,reranker,fixed_other,buying,specific,Shoes Slippers,"[{""explicit"": true, ""hard"": true, ""kind"": ""material"", ""negated"": false, ""source"": ""explicit_requirement"", ""source_turn"": 1, ""strength"": 1.0, ""value"": ""cotton""}]",[],"[""comfort"", ""warmth"", ""style""]","[""other""]",other,"{""fixed"": true}",50,"[""B00XM230JQ"", ""B075Q53F27"", ""B07H33Y11B"", ""B09KLT34T8"", ""B08DHVLKXJ"", ""B08DXS1L8L"", ""B07H88B814"", ""B0006N53TY"", ""B07WVWK85G"", ""B0876VKK4K""]",21.78239999921061,True,buying,B08X2X83DW,
public_0132,2,reranker,fixed_other,buying,specific,Shoes Slippers,"[{""explicit"": true, ""hard"": true, ""kind"": ""material"", ""negated"": false, ""source"": ""explicit_requirement"", ""source_turn"": 1, ""strength"": 1.0, ""value"": ""cotton""}, {""explicit"": false, ""hard"": false, ""kind"": ""material"", ""negated"": false, ""source"": ""ambiguous_disclosure"", ""source_turn"": 2, ""strength"": 0.7, ""value"": ""80% Cotton, 20% Polyester""}, {""explicit"": false, ""hard"": false, ""kind"": ""feature"", ""negated"": false, ""source"": ""ambiguous_disclosure"", ""source_turn"": 2, ""strength"": 0.7, ""value"": ""Imported""}]",[],"[""comfort"", ""warmth"", ""style""]","[""other""]",other,"{""fixed"": true}",50,"[""B08X2X83DW"", ""B00DQYT7LA"", ""B08FHYNR7J"", ""B00B7IPKFE"", ""B08DHVLKXJ"", ""B00N5WNTGM"", ""B08K8HVG2F"", ""B00HZV58YU"", ""B0BPHMWG6S"", ""B08CY151NM""]",23.352400021394715,True,buying,B08X2X83DW,1
public_0134,1,reranker,fixed_other,browsing,exploratory,Piercing Jewelry Tunnels,[],[],"[""style"", ""fit"", ""comfort""]","[""other""]",other,"{""fixed"": true}",100,"[""B07QY12ZQC"", ""B018LTY6HY"", ""B07N38CB41"", ""B07JNVT2NL"", ""B07K245NDC"", ""B07JXS7DXW"", ""B017O10SDG"", ""B01M355OGJ"", ""B017NPT5XM"", ""B07JPXMWQV""]",21.519900008570403,True,browsing,B081SF3QRL,
public_0134,2,reranker,fixed_other,browsing,specific,Piercing Jewelry Tunnels,"[{""explicit"": false, ""hard"": false, ""kind"": ""feature"", ""negated"": false, ""source"": ""ambiguous_disclosure"", ""source_turn"": 2, ""strength"": 0.7, ""value"": ""Gauge in Choice: 8g(3mm), 6g(4mm), 4g(5mm), 2g(6mm), 0g(8mm), 00g(10mm), 1/2\""(12mm), 9/16\""(14mm)""}, {""explicit"": false, ""hard"": false, ""kind"": ""color"", ""negated"": false, ""source"": ""ambiguous_disclosure"", ""source_turn"": 2, ""strength"": 0.7, ""value"": ""You will get 3 pairs fashion gem double flare screw-fit tunnels in same size, in same color""}]",[],"[""style"", ""fit"", ""comfort""]","[""other""]",other,"{""fixed"": true}",50,"[""B081SF3QRL"", ""B07JNVT2NL"", ""B07JXS7DXW"", ""B07T19MBKK"", ""B0811DGPJP"", ""B07QLLB5LD"", ""B019XQCVV2"", ""B0BDR1FYG1"", ""B07N38CB41"", ""B07DQ8RJ7B""]",22.07720000296831,True,browsing,B081SF3QRL,1
public_0147,1,reranker,fixed_other,browsing,exploratory,Sleep & Lounge Lingerie,[],[],"[""material"", ""comfort"", ""fit"", ""style""]","[""other""]",other,"{""fixed"": true}",100,"[""B01LYL557B"", ""B08965CTGN"", ""B098T73R3K"", ""B07WZRWQBF"", ""B0897NQF8M"", ""B07C4V7FWW"", ""B0734SHQH9"", ""B08FHQT82T"", ""B082TXYP5R"", ""B00IE050Z8""]",16.319100017426535,True,browsing,B077276QGC,
public_0147,2,reranker,fixed_other,browsing,specific,Sleep & Lounge Lingerie,"[{""explicit"": false, ""hard"": false, ""kind"": ""material"", ""negated"": false, ""source"": ""ambiguous_disclosure"", ""source_turn"": 2, ""strength"": 0.7, ""value"": ""cotton""}, {""explicit"": false, ""hard"": false, ""kind"": ""material"", ""negated"": false, ""source"": ""ambiguous_disclosure"", ""source_turn"": 2, ""strength"": 0.7, ""value"": ""95% Combed Cotton, 5% Spandex of Women's 4-PACK High Waisted Underwear. Machine Wash with laundry bag (30\u00b0C)""}]",[],"[""material"", ""comfort"", ""fit"", ""style""]","[""other""]",other,"{""fixed"": true}",50,"[""B06ZYBLW3L"", ""B077276QGC"", ""B07XC165FX"", ""B07YKCL6XT"", ""B0897FWZG1"", ""B093STRF2L"", ""B088YP2LW8"", ""B08MPZFHCY"", ""B0792TWF7C"", ""B07WTC11SR""]",19.60590001544915,True,browsing,B077276QGC,2
public_0152,1,reranker,fixed_other,buying,specific,Watches Wrist Watches,"[{""explicit"": true, ""hard"": true, ""kind"": ""material"", ""negated"": false, ""source"": ""explicit_requirement"", ""source_turn"": 1, ""strength"": 1.0, ""value"": ""leather""}]",[],"[""comfort"", ""fit"", ""durability"", ""style""]","[""other""]",other,"{""fixed"": true}",50,"[""B08MW9ZKJH"", ""B01ETFUBCS"", ""B00H40O794"", ""B07FS7JNFZ"", ""B01ETH7FNY"", ""B09L668B8V"", ""B0007X9F7O"", ""9999666671"", ""B000VNC4BO"", ""B07S9W25K8""]",18.82539998041466,True,buying,B000EQU0NW,
public_0152,2,reranker,fixed_other,buying,specific,Watches Wrist Watches,"[{""explicit"": true, ""hard"": true, ""kind"": ""material"", ""negated"": false, ""source"": ""explicit_requirement"", ""source_turn"": 1, ""strength"": 1.0, ""value"": ""leather""}, {""explicit"": false, ""hard"": false, ""kind"": ""color"", ""negated"": false, ""source"": ""ambiguous_disclosure"", ""source_turn"": 2, ""strength"": 0.7, ""value"": ""color: brown""}, {""explicit"": false, ""hard"": false, ""kind"": ""material"", ""negated"": false, ""source"": ""ambiguous_disclosure"", ""source_turn"": 2, ""strength"": 0.7, ""value"": ""Gold-tone watch in stainless steel featuring black two-step dial with date window at 3 o'clock and croco-embossed leather band. Case diameter : 36 mm""}]",[],"[""comfort"", ""fit"", ""durability"", ""style""]","[""other""]",other,"{""fixed"": true}",50,"[""B000EQU0NW"", ""B0083EKZ1Y"", ""B017ZK1D7Q"", ""B0144B26NE"", ""B07G7G5JY1"", ""B07QKXK9CN"", ""B00L059500"", ""B00BCY8ZVY"", ""B013CFHJSK"", ""B07PCRXPQ6""]",20.226399996317923,True,buying,B000EQU0NW,1
public_0153,1,reranker,fixed_other,browsing,exploratory,Boots Ankle & Bootie,[],[],"[""comfort"", ""fit"", ""style"", ""durability""]","[""other""]",other,"{""fixed"": true}",100,"[""B004I5H0P6"", ""B07HSQPSGY"", ""B07HT5CCPJ"", ""B01LZEAR41"", ""B004OT4HBG"", ""B01L2MR1SS"", ""B01LXKGS5C"", ""B01LVXT4B5"", ""B007TJAXTI"", ""B00ENHXFI0""]",19.993800000520423,True,browsing,B07BMJ77FR,
public_0153,2,reranker,fixed_other,browsing,specific,Boots Ankle & Bootie,"[{""explicit"": false, ""hard"": false, ""kind"": ""material"", ""negated"": false, ""source"": ""ambiguous_disclosure"", ""source_turn"": 2, ""strength"": 0.7, ""value"": ""leather""}, {""explicit"": false, ""hard"": false, ""kind"": ""material"", ""negated"": false, ""source"": ""ambiguous_disclosure"", ""source_turn"": 2, ""strength"": 0.7, ""value"": ""PU Leather""}]",[],"[""comfort"", ""fit"", ""style"", ""durability""]","[""other""]",other,"{""fixed"": true}",50,"[""B08T1K6N3G"", ""B07VQH6L7M"", ""B07BMJ77FR"", ""B007PSLZ18"", ""B07MN8PJR5"", ""B001B78AH6"", ""B015DFPMFE"", ""B07HSQPSGY"", ""B07HT5CCPJ"", ""B004LYLVKO""]",18.474799988325685,True,browsing,B07BMJ77FR,3
public_0154,1,reranker,fixed_other,buying,specific,Bras Everyday Bras,"[{""explicit"": true, ""hard"": true, ""kind"": ""material"", ""negated"": false, ""source"": ""explicit_requirement"", ""source_turn"": 1, ""strength"": 1.0, ""value"": ""cotton""}]",[],"[""material"", ""comfort"", ""fit"", ""style""]","[""other""]",other,"{""fixed"": true}",50,"[""B0023ZZAXW"", ""B005BT6C4I"", ""B01M252VTU"", ""B01002MKDM"", ""B00L4XWG36"", ""B07W37H54W"", ""B082P7KLHF"", ""B005MPHN1C"", ""B00SHY706I"", ""B0020A0TZY""]",18.928200006484985,True,buying,B00CYNKSTE,
public_0154,2,reranker,fixed_other,buying,specific,Bras Everyday Bras,"[{""explicit"": true, ""hard"": true, ""kind"": ""material"", ""negated"": false, ""source"": ""explicit_requirement"", ""source_turn"": 1, ""strength"": 1.0, ""value"": ""cotton""}, {""explicit"": false, ""hard"": false, ""kind"": ""color"", ""negated"": false, ""source"": ""ambiguous_disclosure"", ""source_turn"": 2, ""strength"": 0.7, ""value"": ""color: white""}, {""explicit"": false, ""hard"": false, ""kind"": ""feature"", ""negated"": false, ""source"": ""ambiguous_disclosure"", ""source_turn"": 2, ""strength"": 0.7, ""value"": ""Hand Wash Only""}]",[],"[""material"", ""comfort"", ""fit"", ""style""]","[""other""]",other,"{""fixed"": true}",50,"[""B0023ZZAXW"", ""B00CYNKSTE"", ""B01MUZ2UM8"", ""B098NRHGMZ"", ""B08B3CHZX3"", ""B00SHY706I"", ""B094BGFS5R"", ""B005MPHN1C"", ""B07S29GVK2"", ""B00ZZMT2AC""]",20.533900009468198,True,buying,B00CYNKSTE,2
public_0155,1,reranker,fixed_other,buying,specific,Hats & Caps Sun Hats,"[{""explicit"": true, ""hard"": true, ""kind"": ""material"", ""negated"": false, ""source"": ""explicit_requirement"", ""source_turn"": 1, ""strength"": 1.0, ""value"": ""polyester""}]",[],"[""style"", ""fit"", ""comfort"", ""material""]","[""other""]",other,"{""fixed"": true}",50,"[""B08576BP9W"", ""B003TOAFPY"", ""B06XXJCVCR"", ""B00I16OKKQ"", ""B00HPWSJZY"", ""B000OIUPTE"", ""B0C4VLWWYY"", ""B0B4KH11PV"", ""B002NSM3PC"", ""B084VQPTYL""]",18.511500005843118,True,buying,B0C4VLWWYY,7
public_0160,1,reranker,fixed_other,buying,specific,Travel Accessories Packing Organizers,"[{""explicit"": true, ""hard"": true, ""kind"": ""material"", ""negated"": false, ""source"": ""explicit_requirement"", ""source_turn"": 1, ""strength"": 1.0, ""value"": ""fabric""}]",[],"[""material"", ""fit""]","[""other""]",other,"{""fixed"": true}",50,"[""B01AAANF2Y"", ""B075ZQTV39"", ""B07MKGFSK2"", ""B07FCGDBJF"", ""B01IJBD8XW"", ""B071CWNJWY"", ""B0834HJ8TS"", ""B08P4PSWTZ"", ""B07ZBC1249"", ""B06ZZYJ46M""]",18.67250000941567,True,buying,B01AAANF2Y,1
public_0165,1,reranker,fixed_other,buying,specific,Watches Watch Bands,"[{""explicit"": true, ""hard"": true, ""kind"": ""material"", ""negated"": false, ""source"": ""explicit_requirement"", ""source_turn"": 1, ""strength"": 1.0, ""value"": ""leather""}]",[],"[""material"", ""comfort"", ""fit"", ""style""]","[""other""]",other,"{""fixed"": true}",50,"[""B000RNK9QK"", ""B07CRJRKZD"", ""B004S7Z9IO"", ""B001H5KB60"", ""B098NJJTYZ"", ""B077KGJ6SG"", ""B003LUKMNQ"", ""B018AKIC2Y"", ""B00MHZHVZ8"", ""B00PHNKMPI""]",19.138300005579367,True,buying,B09XHSLX4X,
public_0165,2,reranker,fixed_other,buying,specific,Watches Watch Bands,"[{""explicit"": true, ""hard"": true, ""kind"": ""material"", ""negated"": false, ""source"": ""explicit_requirement"", ""source_turn"": 1, ""strength"": 1.0, ""value"": ""leather""}, {""explicit"": false, ""hard"": false, ""kind"": ""material"", ""negated"": false, ""source"": ""ambiguous_disclosure"", ""source_turn"": 2, ""strength"": 0.7, ""value"": ""Watch Band Material: Made of good quality crazy-horse leather, they are durable that they may take some breaking in when you first start get them. But once you start wearing them,""}, {""explicit"": false, ""hard"": false, ""kind"": ""feature"", ""negated"": false, ""source"": ""ambiguous_disclosure"", ""source_turn"": 2, ""strength"": 0.7, ""value"": ""Vintage Design: Equipped with classic buckle, neat stitching and proper padding, creating a simple yet charming look, adding a retro vibe to any occasion. Please avoid soaking the""}]",[],"[""material"", ""comfort"", ""fit"", ""style""]","[""other""]",other,"{""fixed"": true}",50,"[""B09XHSLX4X"", ""B076BNX4YM"", ""B077KGJ6SG"", ""B079LSDK7Y"", ""B0B3189V5T"", ""B098NJJTYZ"", ""B07S1C2MNK"", ""B01CCOYMD2"", ""B07CRJRKZD"", ""B0C61FG7GL""]",28.942299977643415,True,buying,B09XHSLX4X,1
public_0166,1,reranker,fixed_other,buying,mixed,Boots Rain,"[{""explicit"": false, ""hard"": false, ""kind"": ""feature"", ""negated"": true, ""source"": ""ambiguous_disclosure"", ""source_turn"": 1, ""strength"": 0.7, ""value"": ""Women's-specific last is designed to match the contours of women's feet""}]",[],"[""comfort"", ""fit"", ""style""]","[""other""]",other,"{""fixed"": true}",75,"[""B00IHW88W0"", ""B099JMRVGF"", ""B00J57W9ZS"", ""B07XCTXV2T"", ""B076MF8C6H"", ""B07ZR2XC1R"", ""B09PFZY848"", ""B07VCQT55H"", ""B01MQND07Z"", ""B08FBW62T5""]",22.343699994962662,True,intent_override,B00IHW88W0,1
public_0166,2,reranker,fixed_other,buying,specific,Boots Rain,"[{""explicit"": false, ""hard"": false, ""kind"": ""feature"", ""negated"": true, ""source"": ""ambiguous_disclosure"", ""source_turn"": 1, ""strength"": 0.7, ""value"": ""Women's-specific last is designed to match the contours of women's feet""}, {""explicit"": false, ""hard"": false, ""kind"": ""use_case"", ""negated"": false, ""source"": ""ambiguous_disclosure"", ""source_turn"": 2, ""strength"": 0.7, ""value"": ""100% waterproof women's boots are suitable for any season and any outdoor activity""}, {""explicit"": false, ""hard"": false, ""kind"": ""color"", ""negated"": false, ""source"": ""ambiguous_disclosure"", ""source_turn"": 2, ""strength"": 0.7, ""value"": ""color: black""}]",[],"[""comfort"", ""fit"", ""style""]","[""other""]",other,"{""fixed"": true}",50,"[""B00IHW88W0"", ""B09YTZ1H4D"", ""B09HKM9RLD"", ""B09C28WWN5"", ""B07BST51FS"", ""B07JH3HTR4"", ""B08NPDF7W5"", ""B09Y5GF1GL"", ""B0BGQBLKY8"", ""B00PY4XCIO""]",22.8419000050053,True,intent_override,B00IHW88W0,1
public_0166,3,reranker,fixed_other,buying,specific,Boots Rain,"[{""explicit"": false, ""hard"": false, ""kind"": ""feature"", ""negated"": true, ""source"": ""ambiguous_disclosure"", ""source_turn"": 1, ""strength"": 0.7, ""value"": ""Women's-specific last is designed to match the contours of women's feet""}, {""explicit"": false, ""hard"": false, ""kind"": ""use_case"", ""negated"": false, ""source"": ""ambiguous_disclosure"", ""source_turn"": 2, ""strength"": 0.7, ""value"": ""100% waterproof women's boots are suitable for any season and any outdoor activity""}, {""explicit"": false, ""hard"": false, ""kind"": ""color"", ""negated"": false, ""source"": ""ambiguous_disclosure"", ""source_turn"": 2, ""strength"": 0.7, ""value"": ""color: black""}, {""explicit"": false, ""hard"": false, ""kind"": ""feature"", ""negated"": false, ""source"": ""ambiguous_disclosure"", ""source_turn"": 3, ""strength"": 0.7, ""value"": ""Lightweight and breathable mesh lining keeps feet well ventilated for long-wearing dryness; comfort rated from subfreezing to 65 \u00b0F/18 \u00b0C""}]",[],"[""comfort"", ""fit"", ""style""]","[""other""]",other,"{""fixed"": true}",50,"[""B00IHW88W0"", ""B07BST51FS"", ""B09YTZ1H4D"", ""B09HKM9RLD"", ""B08NPDF7W5"", ""B07JH3HTR4"", ""B09Y5GF1GL"", ""B08FBW62T5"", ""B07HSQPSGY"", ""B09C28WWN5""]",21.370400005253032,True,intent_override,B00IHW88W0,1
public_0166,4,reranker,fixed_other,buying,specific,Boots Rain,"[{""explicit"": false, ""hard"": false, ""kind"": ""use_case"", ""negated"": false, ""source"": ""ambiguous_disclosure"", ""source_turn"": 2, ""strength"": 0.7, ""value"": ""100% waterproof women's boots are suitable for any season and any outdoor activity""}, {""explicit"": false, ""hard"": false, ""kind"": ""color"", ""negated"": false, ""source"": ""ambiguous_disclosure"", ""source_turn"": 2, ""strength"": 0.7, ""value"": ""color: black""}, {""explicit"": false, ""hard"": false, ""kind"": ""feature"", ""negated"": false, ""source"": ""ambiguous_disclosure"", ""source_turn"": 3, ""strength"": 0.7, ""value"": ""Lightweight and breathable mesh lining keeps feet well ventilated for long-wearing dryness; comfort rated from subfreezing to 65 \u00b0F/18 \u00b0C""}]","[{""explicit"": true, ""hard"": true, ""kind"": ""feature"", ""negated"": true, ""source"": ""negation_or_replacement"", ""source_turn"": 4, ""strength"": 1.0, ""value"": ""Women's-specific last is designed to match the contours of women's feet""}]","[""comfort"", ""fit"", ""style""]","[""other""]",other,"{""fixed"": true}",50,"[""B00IHW88W0"", ""B07BST51FS"", ""B09YTZ1H4D"", ""B07JH3HTR4"", ""B08NPDF7W5"", ""B09HKM9RLD"", ""B08FBW62T5"", ""B09C28WWN5"", ""B09Y5GF1GL"", ""B005I3C05M""]",19.882799999322742,True,intent_override,B00IHW88W0,1
public_0169,1,reranker,fixed_other,browsing,exploratory,Women Jeans,[],[],"[""material"", ""comfort""]","[""other""]",other,"{""fixed"": true}",100,"[""B08PF186G7"", ""B076J13CQH"", ""B0116L9MVO"", ""B095H8JKTR"", ""B079KZQMD6"", ""B01M310J8J"", ""B01EI8XEKM"", ""B00PKYCIU6"", ""B09C5FGK9Z"", ""B078C8STKK""]",19.783600000664592,True,boundary,B0829R9M5G,
public_0169,2,reranker,fixed_other,browsing,exploratory,Women Jeans,[],[],"[""material"", ""comfort""]","[""other""]",other,"{""fixed"": true}",100,"[""B08PF186G7"", ""B076J13CQH"", ""B0116L9MVO"", ""B095H8JKTR"", ""B079KZQMD6"", ""B01M310J8J"", ""B01EI8XEKM"", ""B00PKYCIU6"", ""B09C5FGK9Z"", ""B078C8STKK""]",19.816899992292747,True,boundary,B0829R9M5G,
public_0169,3,reranker,fixed_other,browsing,specific,Women Jeans,"[{""explicit"": false, ""hard"": false, ""kind"": ""material"", ""negated"": false, ""source"": ""ambiguous_disclosure"", ""source_turn"": 3, ""strength"": 0.7, ""value"": ""cotton""}, {""explicit"": false, ""hard"": false, ""kind"": ""material"", ""negated"": false, ""source"": ""ambiguous_disclosure"", ""source_turn"": 3, ""strength"": 0.7, ""value"": ""57% Cotton, 26% Polyester, 10% Other Fibers, 7% Elastane""}]",[],"[""material"", ""comfort""]","[""other""]",other,"{""fixed"": true}",50,"[""B0829R9M5G"", ""B07YJP7N3M"", ""B07T7J78G2"", ""B07654QV8W"", ""B095VYFR42"", ""B0994GQDYM"", ""B01I21CI7G"", ""B081TS7SSC"", ""B07YLGX2VF"", ""B07PYB8F1G""]",20.945099997334182,True,boundary,B0829R9M5G,1
public_0170,1,reranker,fixed_other,browsing,exploratory,Fashion Combat,[],[],"[""material"", ""fit""]","[""other""]",other,"{""fixed"": true}",100,"[""B07DCCZFGQ"", ""B08ZJC4LS8"", ""B09FYX8GD1"", ""B0BHYH5DV4"", ""B01N9HFEBW"", ""B01KACI6XA"", ""B07NS57MQ1"", ""B0BWD9T482"", ""B00P8J8OHE"", ""B07HGDQZNY""]",20.419200009200722,True,browsing,B08LRQX5RH,
public_0170,2,reranker,fixed_other,browsing,specific,Fashion Combat,"[{""explicit"": false, ""hard"": false, ""kind"": ""material"", ""negated"": false, ""source"": ""ambiguous_disclosure"", ""source_turn"": 2, ""strength"": 0.7, ""value"": ""leather""}, {""explicit"": false, ""hard"": false, ""kind"": ""material"", ""negated"": false, ""source"": ""ambiguous_disclosure"", ""source_turn"": 2, ""strength"": 0.7, ""value"": ""100% Leather""}]",[],"[""material"", ""fit""]","[""other""]",other,"{""fixed"": true}",50,"[""B006ZIH158"", ""B004KNWPHE"", ""B003OBZSZE"", ""B002CSS15O"", ""B00AZL4VT0"", ""B00JLZH99U"", ""B007KD3ONA"", ""B00J6OD0RQ"", ""B00JC33QVQ"", ""B08LRQX5RH""]",26.713999977800995,True,browsing,B08LRQX5RH,10
public_0176,1,reranker,fixed_other,browsing,exploratory,Luggage & Travel Gear Waist Packs,[],[],"[""fit"", ""style"", ""material"", ""comfort""]","[""other""]",other,"{""fixed"": true}",100,"[""B0B56SVFRZ"", ""B000XJOFZ4"", ""B00JQL1RV0"", ""B07ZBC1249"", ""B076LP154C"", ""B07FCGDBJF"", ""B0BC7WWSCT"", ""B0BS22KZN7"", ""B075ZQTV39"", ""B00RRK8EQI""]",24.814900010824203,True,browsing,B0C3MKNZJN,
public_0176,2,reranker,fixed_other,browsing,specific,Luggage & Travel Gear Waist Packs,"[{""explicit"": false, ""hard"": false, ""kind"": ""material"", ""negated"": false, ""source"": ""ambiguous_disclosure"", ""source_turn"": 2, ""strength"": 0.7, ""value"": ""polyester""}, {""explicit"": false, ""hard"": false, ""kind"": ""material"", ""negated"": false, ""source"": ""ambiguous_disclosure"", ""source_turn"": 2, ""strength"": 0.7, ""value"": ""93% Polyester, 3% Natural Latex Rubber, 2% Spandex, 2% Nylon""}]",[],"[""fit"", ""style"", ""material"", ""comfort""]","[""other""]",other,"{""fixed"": true}",50,"[""B0C3MKNZJN"", ""B07C8HG5MY"", ""B0BC7WWSCT"", ""B07MTQRY6M"", ""B09J55BZJH"", ""B003M4MFG8"", ""B09JBZMQ6D"", ""B00P91MBA2"", ""B085NHFS8Z"", ""B0B3BWL8R8""]",26.741900015622377,True,browsing,B0C3MKNZJN,1
public_0179,1,reranker,fixed_other,buying,specific,Tees & Blouses Tunics,"[{""explicit"": true, ""hard"": true, ""kind"": ""material"", ""negated"": false, ""source"": ""explicit_requirement"", ""source_turn"": 1, ""strength"": 1.0, ""value"": ""spandex""}]",[],"[""warmth"", ""comfort"", ""material"", ""fit""]","[""other""]",other,"{""fixed"": true}",50,"[""B00IV59FN4"", ""B00VQKEG08"", ""B0713MH94B"", ""B01B8BV4GI"", ""B01I24HM92"", ""B07BB28L5G"", ""B00W0UIC76"", ""B010P0AAJ0"", ""B074YZPGJ8"", ""B0BD4QJ21V""]",23.736300005111843,True,buying,B08JK818ZD,
public_0179,2,reranker,fixed_other,buying,specific,Tees & Blouses Tunics,"[{""explicit"": true, ""hard"": true, ""kind"": ""material"", ""negated"": false, ""source"": ""explicit_requirement"", ""source_turn"": 1, ""strength"": 1.0, ""value"": ""spandex""}, {""explicit"": false, ""hard"": false, ""kind"": ""material"", ""negated"": false, ""source"": ""ambiguous_disclosure"", ""source_turn"": 2, ""strength"": 0.7, ""value"": ""5% spandex""}, {""explicit"": false, ""hard"": false, ""kind"": ""feature"", ""negated"": false, ""source"": ""ambiguous_disclosure"", ""source_turn"": 2, ""strength"": 0.7, ""value"": ""Made in the USA""}]",[],"[""warmth"", ""comfort"", ""material"", ""fit""]","[""other""]",other,"{""fixed"": true}",50,"[""B01ICF4B68"", ""B07BB28L5G"", ""B00W0UIC76"", ""B01B8BV4GI"", ""B07B132RD2"", ""B01BLVH0NG"", ""B00X5Y6U9S"", ""B01BMEJTLI"", ""B00IV59FN4"", ""B01BO1IIOS""]",35.75890001957305,True,buying,B08JK818ZD,
public_0179,3,reranker,fixed_other,buying,specific,Tees & Blouses Tunics,"[{""explicit"": true, ""hard"": true, ""kind"": ""material"", ""negated"": false, ""source"": ""explicit_requirement"", ""source_turn"": 1, ""strength"": 1.0, ""value"": ""spandex""}, {""explicit"": false, ""hard"": false, ""kind"": ""material"", ""negated"": false, ""source"": ""ambiguous_disclosure"", ""source_turn"": 2, ""strength"": 0.7, ""value"": ""5% spandex""}, {""explicit"": false, ""hard"": false, ""kind"": ""feature"", ""negated"": false, ""source"": ""ambiguous_disclosure"", ""source_turn"": 2, ""strength"": 0.7, ""value"": ""Made in the USA""}, {""explicit"": false, ""hard"": false, ""kind"": ""feature"", ""negated"": false, ""source"": ""ambiguous_disclosure"", ""source_turn"": 3, ""strength"": 0.7, ""value"": ""Pull On closure""}]",[],"[""warmth"", ""comfort"", ""material"", ""fit""]","[""other""]",other,"{""fixed"": true}",50,"[""B01K2LYOYO"", ""B00IV59FN4"", ""B06XDS81J9"", ""B00W0UIC76"", ""B00X5Y6U9S"", ""B01B8BV4GI"", ""B01MY6UDTX"", ""B01FRB4R64"", ""B01DL7UBT8"", ""B0155EFUUK""]",29.657899984158576,True,buying,B08JK818ZD,
public_0179,4,reranker,fixed_other,buying,specific,Tees & Blouses Tunics,"[{""explicit"": true, ""hard"": true, ""kind"": ""material"", ""negated"": false, ""source"": ""explicit_requirement"", ""source_turn"": 1, ""strength"": 1.0, ""value"": ""spandex""}, {""explicit"": false, ""hard"": false, ""kind"": ""material"", ""negated"": false, ""source"": ""ambiguous_disclosure"", ""source_turn"": 2, ""strength"": 0.7, ""value"": ""5% spandex""}, {""explicit"": false, ""hard"": false, ""kind"": ""feature"", ""negated"": false, ""source"": ""ambiguous_disclosure"", ""source_turn"": 2, ""strength"": 0.7, ""value"": ""Made in the USA""}, {""explicit"": false, ""hard"": false, ""kind"": ""feature"", ""negated"": false, ""source"": ""ambiguous_disclosure"", ""source_turn"": 3, ""strength"": 0.7, ""value"": ""Pull On closure""}]",[],"[""warmth"", ""comfort"", ""material"", ""fit""]","[""other""]",other,"{""fixed"": true}",50,"[""B01K2LYOYO"", ""B00IV59FN4"", ""B06XDS81J9"", ""B00W0UIC76"", ""B00X5Y6U9S"", ""B01B8BV4GI"", ""B01MY6UDTX"", ""B01FRB4R64"", ""B01DL7UBT8"", ""B0155EFUUK""]",28.85989999049343,True,buying,B08JK818ZD,
public_0179,5,reranker,fixed_other,buying,specific,Tees & Blouses Tunics,"[{""explicit"": true, ""hard"": true, ""kind"": ""material"", ""negated"": false, ""source"": ""explicit_requirement"", ""source_turn"": 1, ""strength"": 1.0, ""value"": ""spandex""}, {""explicit"": false, ""hard"": false, ""kind"": ""material"", ""negated"": false, ""source"": ""ambiguous_disclosure"", ""source_turn"": 2, ""strength"": 0.7, ""value"": ""5% spandex""}, {""explicit"": false, ""hard"": false, ""kind"": ""feature"", ""negated"": false, ""source"": ""ambiguous_disclosure"", ""source_turn"": 2, ""strength"": 0.7, ""value"": ""Made in the USA""}, {""explicit"": false, ""hard"": false, ""kind"": ""feature"", ""negated"": false, ""source"": ""ambiguous_disclosure"", ""source_turn"": 3, ""strength"": 0.7, ""value"": ""Pull On closure""}]",[],"[""warmth"", ""comfort"", ""material"", ""fit""]","[""other""]",other,"{""fixed"": true}",50,"[""B01K2LYOYO"", ""B00IV59FN4"", ""B06XDS81J9"", ""B00W0UIC76"", ""B00X5Y6U9S"", ""B01B8BV4GI"", ""B01MY6UDTX"", ""B01FRB4R64"", ""B01DL7UBT8"", ""B0155EFUUK""]",36.79829998873174,True,buying,B08JK818ZD,
public_0179,6,reranker,fixed_other,buying,specific,Tees & Blouses Tunics,"[{""explicit"": true, ""hard"": true, ""kind"": ""material"", ""negated"": false, ""source"": ""explicit_requirement"", ""source_turn"": 1, ""strength"": 1.0, ""value"": ""spandex""}, {""explicit"": false, ""hard"": false, ""kind"": ""material"", ""negated"": false, ""source"": ""ambiguous_disclosure"", ""source_turn"": 2, ""strength"": 0.7, ""value"": ""5% spandex""}, {""explicit"": false, ""hard"": false, ""kind"": ""feature"", ""negated"": false, ""source"": ""ambiguous_disclosure"", ""source_turn"": 2, ""strength"": 0.7, ""value"": ""Made in the USA""}, {""explicit"": false, ""hard"": false, ""kind"": ""feature"", ""negated"": false, ""source"": ""ambiguous_disclosure"", ""source_turn"": 3, ""strength"": 0.7, ""value"": ""Pull On closure""}]",[],"[""warmth"", ""comfort"", ""material"", ""fit""]","[""other""]",other,"{""fixed"": true}",50,"[""B01K2LYOYO"", ""B00IV59FN4"", ""B06XDS81J9"", ""B00W0UIC76"", ""B00X5Y6U9S"", ""B01B8BV4GI"", ""B01MY6UDTX"", ""B01FRB4R64"", ""B01DL7UBT8"", ""B0155EFUUK""]",28.10909997788258,True,buying,B08JK818ZD,
public_0179,7,reranker,fixed_other,buying,specific,Tees & Blouses Tunics,"[{""explicit"": true, ""hard"": true, ""kind"": ""material"", ""negated"": false, ""source"": ""explicit_requirement"", ""source_turn"": 1, ""strength"": 1.0, ""value"": ""spandex""}, {""explicit"": false, ""hard"": false, ""kind"": ""material"", ""negated"": false, ""source"": ""ambiguous_disclosure"", ""source_turn"": 2, ""strength"": 0.7, ""value"": ""5% spandex""}, {""explicit"": false, ""hard"": false, ""kind"": ""feature"", ""negated"": false, ""source"": ""ambiguous_disclosure"", ""source_turn"": 2, ""strength"": 0.7, ""value"": ""Made in the USA""}, {""explicit"": false, ""hard"": false, ""kind"": ""feature"", ""negated"": false, ""source"": ""ambiguous_disclosure"", ""source_turn"": 3, ""strength"": 0.7, ""value"": ""Pull On closure""}]",[],"[""warmth"", ""comfort"", ""material"", ""fit""]","[""other""]",other,"{""fixed"": true}",50,"[""B01K2LYOYO"", ""B00IV59FN4"", ""B06XDS81J9"", ""B00W0UIC76"", ""B00X5Y6U9S"", ""B01B8BV4GI"", ""B01MY6UDTX"", ""B01FRB4R64"", ""B01DL7UBT8"", ""B0155EFUUK""]",31.46480000577867,True,buying,B08JK818ZD,
public_0179,8,reranker,fixed_other,buying,specific,Tees & Blouses Tunics,"[{""explicit"": true, ""hard"": true, ""kind"": ""material"", ""negated"": false, ""source"": ""explicit_requirement"", ""source_turn"": 1, ""strength"": 1.0, ""value"": ""spandex""}, {""explicit"": false, ""hard"": false, ""kind"": ""material"", ""negated"": false, ""source"": ""ambiguous_disclosure"", ""source_turn"": 2, ""strength"": 0.7, ""value"": ""5% spandex""}, {""explicit"": false, ""hard"": false, ""kind"": ""feature"", ""negated"": false, ""source"": ""ambiguous_disclosure"", ""source_turn"": 2, ""strength"": 0.7, ""value"": ""Made in the USA""}, {""explicit"": false, ""hard"": false, ""kind"": ""feature"", ""negated"": false, ""source"": ""ambiguous_disclosure"", ""source_turn"": 3, ""strength"": 0.7, ""value"": ""Pull On closure""}]",[],"[""warmth"", ""comfort"", ""material"", ""fit""]","[""other""]",other,"{""fixed"": true}",50,"[""B01K2LYOYO"", ""B00IV59FN4"", ""B06XDS81J9"", ""B00W0UIC76"", ""B00X5Y6U9S"", ""B01B8BV4GI"", ""B01MY6UDTX"", ""B01FRB4R64"", ""B01DL7UBT8"", ""B0155EFUUK""]",32.09349999087863,True,buying,B08JK818ZD,
public_0179,9,reranker,fixed_other,buying,specific,Tees & Blouses Tunics,"[{""explicit"": true, ""hard"": true, ""kind"": ""material"", ""negated"": false, ""source"": ""explicit_requirement"", ""source_turn"": 1, ""strength"": 1.0, ""value"": ""spandex""}, {""explicit"": false, ""hard"": false, ""kind"": ""material"", ""negated"": false, ""source"": ""ambiguous_disclosure"", ""source_turn"": 2, ""strength"": 0.7, ""value"": ""5% spandex""}, {""explicit"": false, ""hard"": false, ""kind"": ""feature"", ""negated"": false, ""source"": ""ambiguous_disclosure"", ""source_turn"": 2, ""strength"": 0.7, ""value"": ""Made in the USA""}, {""explicit"": false, ""hard"": false, ""kind"": ""feature"", ""negated"": false, ""source"": ""ambiguous_disclosure"", ""source_turn"": 3, ""strength"": 0.7, ""value"": ""Pull On closure""}]",[],"[""warmth"", ""comfort"", ""material"", ""fit""]","[""other""]",other,"{""fixed"": true}",50,"[""B01K2LYOYO"", ""B00IV59FN4"", ""B06XDS81J9"", ""B00W0UIC76"", ""B00X5Y6U9S"", ""B01B8BV4GI"", ""B01MY6UDTX"", ""B01FRB4R64"", ""B01DL7UBT8"", ""B0155EFUUK""]",32.90339998784475,True,buying,B08JK818ZD,
public_0179,10,reranker,fixed_other,buying,specific,Tees & Blouses Tunics,"[{""explicit"": true, ""hard"": true, ""kind"": ""material"", ""negated"": false, ""source"": ""explicit_requirement"", ""source_turn"": 1, ""strength"": 1.0, ""value"": ""spandex""}, {""explicit"": false, ""hard"": false, ""kind"": ""material"", ""negated"": false, ""source"": ""ambiguous_disclosure"", ""source_turn"": 2, ""strength"": 0.7, ""value"": ""5% spandex""}, {""explicit"": false, ""hard"": false, ""kind"": ""feature"", ""negated"": false, ""source"": ""ambiguous_disclosure"", ""source_turn"": 2, ""strength"": 0.7, ""value"": ""Made in the USA""}, {""explicit"": false, ""hard"": false, ""kind"": ""feature"", ""negated"": false, ""source"": ""ambiguous_disclosure"", ""source_turn"": 3, ""strength"": 0.7, ""value"": ""Pull On closure""}]",[],"[""warmth"", ""comfort"", ""material"", ""fit""]","[""other""]",other,"{""fixed"": true}",50,"[""B01K2LYOYO"", ""B00IV59FN4"", ""B06XDS81J9"", ""B00W0UIC76"", ""B00X5Y6U9S"", ""B01B8BV4GI"", ""B01MY6UDTX"", ""B01FRB4R64"", ""B01DL7UBT8"", ""B0155EFUUK""]",24.356799985980615,True,buying,B08JK818ZD,
public_0181,1,reranker,fixed_other,browsing,exploratory,Sets Tracksuits,[],[],"[""warmth"", ""comfort"", ""material"", ""fit""]","[""other""]",other,"{""fixed"": true}",100,"[""B07Z86NS99"", ""B08Q3QM5H2"", ""B088FF738P"", ""B091HWVN21"", ""B07TQGKRR2"", ""B076B3H3YN"", ""B08R62715B"", ""B0BLBNQCVG"", ""B08HQC57W8"", ""B08HQP81MP""]",25.611499993829057,True,browsing,B08M3WKDFJ,
public_0181,2,reranker,fixed_other,browsing,specific,Sets Tracksuits,"[{""explicit"": false, ""hard"": false, ""kind"": ""material"", ""negated"": false, ""source"": ""ambiguous_disclosure"", ""source_turn"": 2, ""strength"": 0.7, ""value"": ""polyester""}, {""explicit"": false, ""hard"": false, ""kind"": ""feature"", ""negated"": false, ""source"": ""ambiguous_disclosure"", ""source_turn"": 2, ""strength"": 0.7, ""value"": ""Drawstring closure""}]",[],"[""warmth"", ""comfort"", ""material"", ""fit""]","[""other""]",other,"{""fixed"": true}",50,"[""B088FHB31Q"", ""B09BKYS7HX"", ""B08M3WKDFJ"", ""B09MKFFG8L"", ""B08DX9JPV1"", ""B08ZBZ51KY"", ""B092ZPZZFK"", ""B093NVYM9F"", ""B09G6KVRSG"", ""B092DD2LQP""]",29.44680000655353,True,browsing,B08M3WKDFJ,3
public_0184,1,reranker,fixed_other,browsing,exploratory,Sunglasses & Eyewear Accessories Sunglasses,[],[],"[""fit"", ""material"", ""comfort"", ""style""]","[""other""]",other,"{""fixed"": true}",100,"[""B01G5NVDKG"", ""B000R2YZGQ"", ""B07BLSLJYB"", ""B00U4BJE6G"", ""B012HL3IW6"", ""B000R2JLGK"", ""B002JINQAC"", ""B00UT4AAES"", ""B002JINQMA"", ""B011K2C2IY""]",21.687000000383705,True,browsing,B0BWLFCTTF,
public_0184,2,reranker,fixed_other,browsing,specific,Sunglasses & Eyewear Accessories Sunglasses,"[{""explicit"": false, ""hard"": false, ""kind"": ""material"", ""negated"": false, ""source"": ""ambiguous_disclosure"", ""source_turn"": 2, ""strength"": 0.7, ""value"": ""nylon""}, {""explicit"": false, ""hard"": false, ""kind"": ""color"", ""negated"": false, ""source"": ""ambiguous_disclosure"", ""source_turn"": 2, ""strength"": 0.7, ""value"": ""color: black""}]",[],"[""fit"", ""material"", ""comfort"", ""style""]","[""other""]",other,"{""fixed"": true}",50,"[""B004KDXE1A"", ""B085FQPRF7"", ""B00K5AYSHQ"", ""B01AJQSYI4"", ""B07H7215PV"", ""B006HSXG4G"", ""B077N7MSWV"", ""B08CBKHMJ2"", ""B00PA4COCS"", ""B00USO9NCY""]",31.5077000122983,True,browsing,B0BWLFCTTF,
public_0184,3,reranker,fixed_other,browsing,specific,Sunglasses & Eyewear Accessories Sunglasses,"[{""explicit"": false, ""hard"": false, ""kind"": ""material"", ""negated"": false, ""source"": ""ambiguous_disclosure"", ""source_turn"": 2, ""strength"": 0.7, ""value"": ""nylon""}, {""explicit"": false, ""hard"": false, ""kind"": ""color"", ""negated"": false, ""source"": ""ambiguous_disclosure"", ""source_turn"": 2, ""strength"": 0.7, ""value"": ""color: black""}, {""explicit"": false, ""hard"": false, ""kind"": ""feature"", ""negated"": false, ""source"": ""ambiguous_disclosure"", ""source_turn"": 3, ""strength"": 0.7, ""value"": ""Composite/Plastic Frame""}, {""explicit"": false, ""hard"": false, ""kind"": ""feature"", ""negated"": false, ""source"": ""ambiguous_disclosure"", ""source_turn"": 3, ""strength"": 0.7, ""value"": ""Imported""}]",[],"[""fit"", ""material"", ""comfort"", ""style""]","[""other""]",other,"{""fixed"": true}",50,"[""B004KDXE1A"", ""B0BWLFCTTF"", ""B085FQPRF7"", ""B01NCQWMNU"", ""B014J2QKGW"", ""B00XQDT7V6"", ""B094LJTYNK"", ""B08CBKHMJ2"", ""B00C4UQ1Q6"", ""B00NVQMWS8""]",29.287699988344684,True,browsing,B0BWLFCTTF,2
public_0185,1,reranker,fixed_other,buying,specific,Panties Boy Shorts,"[{""explicit"": true, ""hard"": true, ""kind"": ""material"", ""negated"": false, ""source"": ""explicit_requirement"", ""source_turn"": 1, ""strength"": 1.0, ""value"": ""cotton""}]",[],"[""comfort"", ""style"", ""material"", ""fit""]","[""other""]",other,"{""fixed"": true}",50,"[""B00FZR0YZE"", ""B005H4YCDA"", ""B00VSKWQLM"", ""B0BCW4QKV5"", ""B09ZDZ3ZZJ"", ""B0176YUJ1M"", ""B005GVBU2K"", ""B01GSMQ8ZO"", ""B09ZP39Z7S"", ""B00R56FD7W""]",24.159399996278808,True,buying,B0BCW4QKV5,4
public_0186,1,reranker,fixed_other,buying,mixed,Running Road Running,"[{""explicit"": false, ""hard"": false, ""kind"": ""color"", ""negated"": true, ""source"": ""ambiguous_disclosure"", ""source_turn"": 1, ""strength"": 0.7, ""value"": ""Ortholite Sockliner: Moisture management (Ortholite is a registered trademark of O2 Partners LLC)""}]",[],"[""material"", ""comfort"", ""fit"", ""style""]","[""other""]",other,"{""fixed"": true}",75,"[""B07XPLHXC1"", ""B07M9SLF2Q"", ""B00KI3PRKW"", ""B00GXEHEN8"", ""B077BCYG46"", ""B00GWKPQPG"", ""B07HMDGFQG"", ""B00ZB0CZ6Q"", ""B00AO3EY3C"", ""B010N12QKW""]",31.247400009306148,True,intent_override,B07XPLHXC1,1
public_0186,2,reranker,fixed_other,buying,specific,Running Road Running,"[{""explicit"": false, ""hard"": false, ""kind"": ""color"", ""negated"": true, ""source"": ""ambiguous_disclosure"", ""source_turn"": 1, ""strength"": 0.7, ""value"": ""Ortholite Sockliner: Moisture management (Ortholite is a registered trademark of O2 Partners LLC)""}, {""explicit"": false, ""hard"": false, ""kind"": ""feature"", ""negated"": false, ""source"": ""ambiguous_disclosure"", ""source_turn"": 2, ""strength"": 0.7, ""value"": ""100% Synthetic""}, {""explicit"": false, ""hard"": false, ""kind"": ""feature"", ""negated"": false, ""source"": ""ambiguous_disclosure"", ""source_turn"": 2, ""strength"": 0.7, ""value"": ""Rubber sole""}]",[],"[""material"", ""comfort"", ""fit"", ""style""]","[""other""]",other,"{""fixed"": true}",50,"[""B07XPLHXC1"", ""B00GWKPQPG"", ""B005AV3D9O"", ""B00GXEHEN8"", ""B00D45PJ4K"", ""B00KI3PRKW"", ""B004KSQH0A"", ""B00KPU58ZC"", ""B018GVSYFW"", ""B00YBEHHHU""]",30.113999993773177,True,intent_override,B07XPLHXC1,1
public_0186,3,reranker,fixed_other,buying,specific,Running Road Running,"[{""explicit"": false, ""hard"": false, ""kind"": ""feature"", ""negated"": false, ""source"": ""ambiguous_disclosure"", ""source_turn"": 2, ""strength"": 0.7, ""value"": ""100% Synthetic""}, {""explicit"": false, ""hard"": false, ""kind"": ""feature"", ""negated"": false, ""source"": ""ambiguous_disclosure"", ""source_turn"": 2, ""strength"": 0.7, ""value"": ""Rubber sole""}]","[{""explicit"": true, ""hard"": true, ""kind"": ""color"", ""negated"": true, ""source"": ""negation_or_replacement"", ""source_turn"": 3, ""strength"": 1.0, ""value"": ""Ortholite Sockliner: Moisture management (Ortholite is a registered trademark of O2 Partners LLC)""}]","[""material"", ""comfort"", ""fit"", ""style""]","[""other""]",other,"{""fixed"": true}",50,"[""B00BLQ99G8"", ""B00AJNRM4K"", ""B00GUTG3SS"", ""B004DEQP1W"", ""B003X4K5V4"", ""B00B5JXA2A"", ""B0044DF2G6"", ""B00C9WD8W4"", ""B01FH5OSVO"", ""B00UVQWXXU""]",30.475500010652468,True,intent_override,B07XPLHXC1,
public_0186,4,reranker,fixed_other,buying,specific,Running Road Running,"[{""explicit"": false, ""hard"": false, ""kind"": ""feature"", ""negated"": false, ""source"": ""ambiguous_disclosure"", ""source_turn"": 2, ""strength"": 0.7, ""value"": ""100% Synthetic""}, {""explicit"": false, ""hard"": false, ""kind"": ""feature"", ""negated"": false, ""source"": ""ambiguous_disclosure"", ""source_turn"": 2, ""strength"": 0.7, ""value"": ""Rubber sole""}, {""explicit"": false, ""hard"": false, ""kind"": ""color"", ""negated"": false, ""source"": ""ambiguous_disclosure"", ""source_turn"": 4, ""strength"": 0.7, ""value"": ""AmpliFoam Midsole: Engineered to maintain durability at softer densities, providing better flexibility, comfort, and platform adaptability ideal for natural running""}, {""explicit"": false, ""hard"": false, ""kind"": ""color"", ""negated"": false, ""source"": ""ambiguous_disclosure"", ""source_turn"": 4, ""strength"": 0.7, ""value"": ""Ortholite Sockliner: Moisture management (Ortholite is a registered trademark of O2 Partners LLC)""}]","[{""explicit"": true, ""hard"": true, ""kind"": ""color"", ""negated"": true, ""source"": ""negation_or_replacement"", ""source_turn"": 3, ""strength"": 1.0, ""value"": ""Ortholite Sockliner: Moisture management (Ortholite is a registered trademark of O2 Partners LLC)""}]","[""material"", ""comfort"", ""fit"", ""style""]","[""other""]",other,"{""fixed"": true}",50,"[""B07XPLHXC1"", ""B00BLQ99G8"", ""B07G3PJYXB"", ""B07DDND5YC"", ""B00YE1F5TM"", ""B0983577HQ"", ""B01FH5OSVO"", ""B06XX26GSX"", ""B004DEQP1W"", ""B004KSQH0A""]",31.508299987763166,True,intent_override,B07XPLHXC1,1
public_0187,1,reranker,fixed_other,browsing,exploratory,Shoes Loafers & Slip-Ons,[],[],"[""weather"", ""comfort"", ""style""]","[""other""]",other,"{""fixed"": true}",100,"[""B07Q9PNNB5"", ""B07FML83G6"", ""B083TRSXV1"", ""B0BQHWYCPS"", ""B00MMYD5FE"", ""B0090X4PWC"", ""B0BD8Z9LGG"", ""B08ZJ6GDLR"", ""B0924JF9ST"", ""B07Y8TTXX8""]",28.494900005171075,True,boundary,B000GQ1F3O,
public_0187,2,reranker,fixed_other,browsing,exploratory,Shoes Loafers & Slip-Ons,[],[],"[""weather"", ""comfort"", ""style""]","[""other""]",other,"{""fixed"": true}",100,"[""B07Q9PNNB5"", ""B07FML83G6"", ""B083TRSXV1"", ""B0BQHWYCPS"", ""B00MMYD5FE"", ""B0090X4PWC"", ""B0BD8Z9LGG"", ""B08ZJ6GDLR"", ""B0924JF9ST"", ""B07Y8TTXX8""]",25.938000006135553,True,boundary,B000GQ1F3O,
public_0187,3,reranker,fixed_other,browsing,specific,Shoes Loafers & Slip-Ons,"[{""explicit"": false, ""hard"": false, ""kind"": ""material"", ""negated"": false, ""source"": ""ambiguous_disclosure"", ""source_turn"": 3, ""strength"": 0.7, ""value"": ""leather""}, {""explicit"": false, ""hard"": false, ""kind"": ""material"", ""negated"": false, ""source"": ""ambiguous_disclosure"", ""source_turn"": 3, ""strength"": 0.7, ""value"": ""100% Leather""}]",[],"[""weather"", ""comfort"", ""style""]","[""other""]",other,"{""fixed"": true}",50,"[""B0010ERDSC"", ""B09MFKBSV8"", ""B006PBS7SA"", ""B07CWL6FFR"", ""B0090X4PWC"", ""B00S25TOE8"", ""B000GQ1F3O"", ""B000ML01G0"", ""B010XF96VK"", ""B001FRAZR0""]",28.867999993963167,True,boundary,B000GQ1F3O,7
public_0188,1,reranker,fixed_other,buying,specific,Handbags & Wallets Crossbody Bags,"[{""explicit"": true, ""hard"": true, ""kind"": ""material"", ""negated"": false, ""source"": ""explicit_requirement"", ""source_turn"": 1, ""strength"": 1.0, ""value"": ""leather""}]",[],"[""material"", ""fit""]","[""other""]",other,"{""fixed"": true}",50,"[""B01IFU2L26"", ""B07G6WBSX9"", ""B00FQZB09O"", ""B0C3GP1BG9"", ""B07S8NW7PV"", ""B00AEIMO16"", ""B00JUILN3G"", ""B00JUILICW"", ""B015VNVBDK"", ""B0BNL5B54Z""]",25.439900025958195,True,buying,B0B5ZS2J2W,
public_0188,2,reranker,fixed_other,buying,specific,Handbags & Wallets Crossbody Bags,"[{""explicit"": true, ""hard"": true, ""kind"": ""material"", ""negated"": false, ""source"": ""explicit_requirement"", ""source_turn"": 1, ""strength"": 1.0, ""value"": ""leather""}, {""explicit"": false, ""hard"": false, ""kind"": ""material"", ""negated"": false, ""source"": ""ambiguous_disclosure"", ""source_turn"": 2, ""strength"": 0.7, ""value"": ""Artificial Leather,Leather,Pu Leather""}, {""explicit"": false, ""hard"": false, ""kind"": ""feature"", ""negated"": false, ""source"": ""ambiguous_disclosure"", ""source_turn"": 2, ""strength"": 0.7, ""value"": ""Imported""}]",[],"[""material"", ""fit""]","[""other""]",other,"{""fixed"": true}",50,"[""B0B5ZS2J2W"", ""B0BNL5B54Z"", ""B07Q8VPHJJ"", ""B09JWBKRLX"", ""B0BZRCYNCG"", ""B088M19KJ3"", ""B08SBJ4HD6"", ""B08ZXTQC8P"", ""B07T6G3W5Y"", ""B0C3GP1BG9""]",27.138200006447732,True,buying,B0B5ZS2J2W,1
public_0196,1,reranker,fixed_other,browsing,exploratory,Shoes Flats,[],[],"[""material"", ""fit"", ""comfort"", ""style""]","[""other""]",other,"{""fixed"": true}",100,"[""B06XW5H35Q"", ""B016O9V8OM"", ""B081TLKRD4"", ""B089CWJF8D"", ""B07Y8CPZMS"", ""B095J2HZ35"", ""B08D8992KZ"", ""B08516Z84X"", ""B01EFVYAPK"", ""B09P347HN8""]",22.87469999282621,True,browsing,B073T364MM,
public_0196,2,reranker,fixed_other,browsing,specific,Shoes Flats,"[{""explicit"": false, ""hard"": false, ""kind"": ""feature"", ""negated"": false, ""source"": ""ambiguous_disclosure"", ""source_turn"": 2, ""strength"": 0.7, ""value"": ""Rubber sole""}, {""explicit"": false, ""hard"": false, ""kind"": ""feature"", ""negated"": false, ""source"": ""ambiguous_disclosure"", ""source_turn"": 2, ""strength"": 0.7, ""value"": ""Design in USA""}]",[],"[""material"", ""fit"", ""comfort"", ""style""]","[""other""]",other,"{""fixed"": true}",50,"[""B073T364MM"", ""B08D8992KZ"", ""B081TLKRD4"", ""B077XL9DC8"", ""B07VWRNGFQ"", ""B06XW5H35Q"", ""B00L4DRUKA"", ""B07Y8CPZMS"", ""B016O9V8OM"", ""B071KGG6BT""]",28.16660000826232,True,browsing,B073T364MM,1
public_0198,1,reranker,fixed_other,buying,mixed,Handbags & Wallets Crossbody Bags,"[{""explicit"": false, ""hard"": false, ""kind"": ""feature"", ""negated"": true, ""source"": ""ambiguous_disclosure"", ""source_turn"": 1, ""strength"": 0.7, ""value"": ""Imported""}]",[],"[""material"", ""durability"", ""fit"", ""comfort""]","[""other""]",other,"{""fixed"": true}",75,"[""B0BZRCYNCG"", ""B09JWBKRLX"", ""B0758SP79D"", ""B08ZXTQC8P"", ""B0BY2LM1KR"", ""B00FQZB09O"", ""B01I1ISOQ4"", ""B088M19KJ3"", ""B08RNHKLVX"", ""B088WWXD2P""]",29.040499997790903,True,intent_override,B08K1ZJZ4N,
public_0198,2,reranker,fixed_other,buying,specific,Handbags & Wallets Crossbody Bags,"[{""explicit"": false, ""hard"": false, ""kind"": ""feature"", ""negated"": true, ""source"": ""ambiguous_disclosure"", ""source_turn"": 1, ""strength"": 0.7, ""value"": ""Imported""}, {""explicit"": false, ""hard"": false, ""kind"": ""material"", ""negated"": false, ""source"": ""ambiguous_disclosure"", ""source_turn"": 2, ""strength"": 0.7, ""value"": ""leather""}, {""explicit"": false, ""hard"": false, ""kind"": ""color"", ""negated"": false, ""source"": ""ambiguous_disclosure"", ""source_turn"": 2, ""strength"": 0.7, ""value"": ""color: black""}]",[],"[""material"", ""durability"", ""fit"", ""comfort""]","[""other""]",other,"{""fixed"": true}",50,"[""B0BY2LM1KR"", ""B07Q8VPHJJ"", ""B07YB5NK8W"", ""B08ZXTQC8P"", ""B07YB6K599"", ""B0BZRCYNCG"", ""B018FSPJZE"", ""B07791KH2D"", ""B083VHP6BM"", ""B0BJBG6YZX""]",30.910200002836064,True,intent_override,B08K1ZJZ4N,
public_0198,3,reranker,fixed_other,buying,specific,Handbags & Wallets Crossbody Bags,"[{""explicit"": false, ""hard"": false, ""kind"": ""feature"", ""negated"": true, ""source"": ""ambiguous_disclosure"", ""source_turn"": 1, ""strength"": 0.7, ""value"": ""Imported""}, {""explicit"": false, ""hard"": false, ""kind"": ""material"", ""negated"": false, ""source"": ""ambiguous_disclosure"", ""source_turn"": 2, ""strength"": 0.7, ""value"": ""leather""}, {""explicit"": false, ""hard"": false, ""kind"": ""color"", ""negated"": false, ""source"": ""ambiguous_disclosure"", ""source_turn"": 2, ""strength"": 0.7, ""value"": ""color: black""}, {""explicit"": false, ""hard"": false, ""kind"": ""feature"", ""negated"": false, ""source"": ""ambiguous_disclosure"", ""source_turn"": 3, ""strength"": 0.7, ""value"": ""PU""}]",[],"[""material"", ""durability"", ""fit"", ""comfort""]","[""other""]",other,"{""fixed"": true}",50,"[""B0BY2LM1KR"", ""B07Q8VPHJJ"", ""B088M19KJ3"", ""B0BZRCYNCG"", ""B09JWBKRLX"", ""B0BNL5B54Z"", ""B08SBJ4HD6"", ""B08RNHKLVX"", ""B07G743XMW"", ""B07791KH2D""]",31.30050000618212,True,intent_override,B08K1ZJZ4N,
public_0198,4,reranker,fixed_other,buying,specific,Handbags & Wallets Crossbody Bags,"[{""explicit"": false, ""hard"": false, ""kind"": ""material"", ""negated"": false, ""source"": ""ambiguous_disclosure"", ""source_turn"": 2, ""strength"": 0.7, ""value"": ""leather""}, {""explicit"": false, ""hard"": false, ""kind"": ""color"", ""negated"": false, ""source"": ""ambiguous_disclosure"", ""source_turn"": 2, ""strength"": 0.7, ""value"": ""color: black""}, {""explicit"": false, ""hard"": false, ""kind"": ""feature"", ""negated"": false, ""source"": ""ambiguous_disclosure"", ""source_turn"": 3, ""strength"": 0.7, ""value"": ""PU""}]","[{""explicit"": true, ""hard"": true, ""kind"": ""feature"", ""negated"": true, ""source"": ""negation_or_replacement"", ""source_turn"": 4, ""strength"": 1.0, ""value"": ""Imported""}]","[""material"", ""durability"", ""fit"", ""comfort""]","[""other""]",other,"{""fixed"": true}",50,"[""B0832WHYH3"", ""B019F0SN0O"", ""B0BGHFFFTJ"", ""B07M774DH5"", ""B07B2S1XWM"", ""B09GXCZQLV"", ""B07XJ7496T"", ""B07Y5QHFKZ"", ""B07YJNJYK6"", ""B07XKRM2XD""]",62.83909999183379,True,intent_override,B08K1ZJZ4N,
public_0198,5,reranker,fixed_other,buying,specific,Handbags & Wallets Crossbody Bags,"[{""explicit"": false, ""hard"": false, ""kind"": ""material"", ""negated"": false, ""source"": ""ambiguous_disclosure"", ""source_turn"": 2, ""strength"": 0.7, ""value"": ""leather""}, {""explicit"": false, ""hard"": false, ""kind"": ""color"", ""negated"": false, ""source"": ""ambiguous_disclosure"", ""source_turn"": 2, ""strength"": 0.7, ""value"": ""color: black""}, {""explicit"": false, ""hard"": false, ""kind"": ""feature"", ""negated"": false, ""source"": ""ambiguous_disclosure"", ""source_turn"": 3, ""strength"": 0.7, ""value"": ""PU""}]","[{""explicit"": true, ""hard"": true, ""kind"": ""feature"", ""negated"": true, ""source"": ""negation_or_replacement"", ""source_turn"": 4, ""strength"": 1.0, ""value"": ""Imported""}]","[""material"", ""durability"", ""fit"", ""comfort""]","[""other""]",other,"{""fixed"": true}",50,"[""B0832WHYH3"", ""B019F0SN0O"", ""B0BGHFFFTJ"", ""B07M774DH5"", ""B07B2S1XWM"", ""B09GXCZQLV"", ""B07XJ7496T"", ""B07Y5QHFKZ"", ""B07YJNJYK6"", ""B07XKRM2XD""]",26.17119997739792,True,intent_override,B08K1ZJZ4N,
public_0198,6,reranker,fixed_other,buying,specific,Handbags & Wallets Crossbody Bags,"[{""explicit"": false, ""hard"": false, ""kind"": ""material"", ""negated"": false, ""source"": ""ambiguous_disclosure"", ""source_turn"": 2, ""strength"": 0.7, ""value"": ""leather""}, {""explicit"": false, ""hard"": false, ""kind"": ""color"", ""negated"": false, ""source"": ""ambiguous_disclosure"", ""source_turn"": 2, ""strength"": 0.7, ""value"": ""color: black""}, {""explicit"": false, ""hard"": false, ""kind"": ""feature"", ""negated"": false, ""source"": ""ambiguous_disclosure"", ""source_turn"": 3, ""strength"": 0.7, ""value"": ""PU""}]","[{""explicit"": true, ""hard"": true, ""kind"": ""feature"", ""negated"": true, ""source"": ""negation_or_replacement"", ""source_turn"": 4, ""strength"": 1.0, ""value"": ""Imported""}]","[""material"", ""durability"", ""fit"", ""comfort""]","[""other""]",other,"{""fixed"": true}",50,"[""B0832WHYH3"", ""B019F0SN0O"", ""B0BGHFFFTJ"", ""B07M774DH5"", ""B07B2S1XWM"", ""B09GXCZQLV"", ""B07XJ7496T"", ""B07Y5QHFKZ"", ""B07YJNJYK6"", ""B07XKRM2XD""]",24.61110000149347,True,intent_override,B08K1ZJZ4N,
public_0198,7,reranker,fixed_other,buying,specific,Handbags & Wallets Crossbody Bags,"[{""explicit"": false, ""hard"": false, ""kind"": ""material"", ""negated"": false, ""source"": ""ambiguous_disclosure"", ""source_turn"": 2, ""strength"": 0.7, ""value"": ""leather""}, {""explicit"": false, ""hard"": false, ""kind"": ""color"", ""negated"": false, ""source"": ""ambiguous_disclosure"", ""source_turn"": 2, ""strength"": 0.7, ""value"": ""color: black""}, {""explicit"": false, ""hard"": false, ""kind"": ""feature"", ""negated"": false, ""source"": ""ambiguous_disclosure"", ""source_turn"": 3, ""strength"": 0.7, ""value"": ""PU""}]","[{""explicit"": true, ""hard"": true, ""kind"": ""feature"", ""negated"": true, ""source"": ""negation_or_replacement"", ""source_turn"": 4, ""strength"": 1.0, ""value"": ""Imported""}]","[""material"", ""durability"", ""fit"", ""comfort""]","[""other""]",other,"{""fixed"": true}",50,"[""B0832WHYH3"", ""B019F0SN0O"", ""B0BGHFFFTJ"", ""B07M774DH5"", ""B07B2S1XWM"", ""B09GXCZQLV"", ""B07XJ7496T"", ""B07Y5QHFKZ"", ""B07YJNJYK6"", ""B07XKRM2XD""]",26.736500003607944,True,intent_override,B08K1ZJZ4N,
public_0198,8,reranker,fixed_other,buying,specific,Handbags & Wallets Crossbody Bags,"[{""explicit"": false, ""hard"": false, ""kind"": ""material"", ""negated"": false, ""source"": ""ambiguous_disclosure"", ""source_turn"": 2, ""strength"": 0.7, ""value"": ""leather""}, {""explicit"": false, ""hard"": false, ""kind"": ""color"", ""negated"": false, ""source"": ""ambiguous_disclosure"", ""source_turn"": 2, ""strength"": 0.7, ""value"": ""color: black""}, {""explicit"": false, ""hard"": false, ""kind"": ""feature"", ""negated"": false, ""source"": ""ambiguous_disclosure"", ""source_turn"": 3, ""strength"": 0.7, ""value"": ""PU""}]","[{""explicit"": true, ""hard"": true, ""kind"": ""feature"", ""negated"": true, ""source"": ""negation_or_replacement"", ""source_turn"": 4, ""strength"": 1.0, ""value"": ""Imported""}]","[""material"", ""durability"", ""fit"", ""comfort""]","[""other""]",other,"{""fixed"": true}",50,"[""B0832WHYH3"", ""B019F0SN0O"", ""B0BGHFFFTJ"", ""B07M774DH5"", ""B07B2S1XWM"", ""B09GXCZQLV"", ""B07XJ7496T"", ""B07Y5QHFKZ"", ""B07YJNJYK6"", ""B07XKRM2XD""]",24.52370000537485,True,intent_override,B08K1ZJZ4N,
public_0198,9,reranker,fixed_other,buying,specific,Handbags & Wallets Crossbody Bags,"[{""explicit"": false, ""hard"": false, ""kind"": ""material"", ""negated"": false, ""source"": ""ambiguous_disclosure"", ""source_turn"": 2, ""strength"": 0.7, ""value"": ""leather""}, {""explicit"": false, ""hard"": false, ""kind"": ""color"", ""negated"": false, ""source"": ""ambiguous_disclosure"", ""source_turn"": 2, ""strength"": 0.7, ""value"": ""color: black""}, {""explicit"": false, ""hard"": false, ""kind"": ""feature"", ""negated"": false, ""source"": ""ambiguous_disclosure"", ""source_turn"": 3, ""strength"": 0.7, ""value"": ""PU""}]","[{""explicit"": true, ""hard"": true, ""kind"": ""feature"", ""negated"": true, ""source"": ""negation_or_replacement"", ""source_turn"": 4, ""strength"": 1.0, ""value"": ""Imported""}]","[""material"", ""durability"", ""fit"", ""comfort""]","[""other""]",other,"{""fixed"": true}",50,"[""B0832WHYH3"", ""B019F0SN0O"", ""B0BGHFFFTJ"", ""B07M774DH5"", ""B07B2S1XWM"", ""B09GXCZQLV"", ""B07XJ7496T"", ""B07Y5QHFKZ"", ""B07YJNJYK6"", ""B07XKRM2XD""]",26.589599990984425,True,intent_override,B08K1ZJZ4N,
public_0198,10,reranker,fixed_other,buying,specific,Handbags & Wallets Crossbody Bags,"[{""explicit"": false, ""hard"": false, ""kind"": ""material"", ""negated"": false, ""source"": ""ambiguous_disclosure"", ""source_turn"": 2, ""strength"": 0.7, ""value"": ""leather""}, {""explicit"": false, ""hard"": false, ""kind"": ""color"", ""negated"": false, ""source"": ""ambiguous_disclosure"", ""source_turn"": 2, ""strength"": 0.7, ""value"": ""color: black""}, {""explicit"": false, ""hard"": false, ""kind"": ""feature"", ""negated"": false, ""source"": ""ambiguous_disclosure"", ""source_turn"": 3, ""strength"": 0.7, ""value"": ""PU""}]","[{""explicit"": true, ""hard"": true, ""kind"": ""feature"", ""negated"": true, ""source"": ""negation_or_replacement"", ""source_turn"": 4, ""strength"": 1.0, ""value"": ""Imported""}]","[""material"", ""durability"", ""fit"", ""comfort""]","[""other""]",other,"{""fixed"": true}",50,"[""B0832WHYH3"", ""B019F0SN0O"", ""B0BGHFFFTJ"", ""B07M774DH5"", ""B07B2S1XWM"", ""B09GXCZQLV"", ""B07XJ7496T"", ""B07Y5QHFKZ"", ""B07YJNJYK6"", ""B07XKRM2XD""]",26.040099997771904,True,intent_override,B08K1ZJZ4N,
public_0001,1,reranker,entropy,buying,specific,Jewelry Necklaces,"[{""explicit"": true, ""hard"": true, ""kind"": ""feature"", ""negated"": false, ""source"": ""explicit_requirement"", ""source_turn"": 1, ""strength"": 1.0, ""value"": ""Material:alloy""}]",[],"[""fit"", ""comfort"", ""durability""]","[""feature""]",feature,"{""entropy"": 5.13082650068666, ""value_counts"": {""100% alloy"": 1, ""100% brand new and high quality."": 1, ""100% brand new and high quality. quantity: 1pc gender: girl."": 1, ""100% brand new, never used, high quality"": 1, ""all our diamond suppliers confirm that they comply with the "": 2, ""chain material: stainless steel. pendant material: alloy wit"": 1, ""crafted in .925 sterling silver"": 1, ""cute couple necklace for cat lovers.original designed by wev"": 1, ""dead's head moth necklace"": 1, ""design concept: boho style coin necklace is made of alloy, n"": 1, ""domestic"": 2, ""gemstones may have been treated to improve their appearance "": 1, ""genuine pearls : experts at win pearl go to pearl farms and "": 1, ""imported"": 7, ""karat gold jewelry is not filled, dipped or plated. karat go"": 1, ""long necklace in sterling silver featuring circle links of v"": 1, ""lotus pendant necklace in sterling silver featuring diamond "": 1, ""made in canada"": 1, ""made in india"": 1, ""material of leather choker necklaces : leather, alloy. size "": 1, ""material: alloy & glass"": 1, ""material: alloy + lace + ribbon"": 1, ""material: alloy and glass"": 1, ""material: tibet silver alloy"": 1, ""material:alloy"": 2, ""material:alloy + natural stone;chain size:32cm(12.6\"");satell"": 1, ""material:alloy zinc"": 1, ""material:alloy+enamel;cute colorful rainbow necklace for wom"": 1, ""necklace type:torques"": 1, ""pendant material: premium alloy in gold finish"": 1, ""pendant size: 6cm x 7cm."": 1, ""quantity: 1pc, inlcuding 19\"" chain"": 1, ""show mom you love her, with this on-trend mom and child key "": 1, ""simple necklace is made of alloy,it will not fade and break."": 1, ""sister necklace:big little sisters necklace;pendant size:3.2"": 1, ""sterling silver necklace featuring mobius circle pendant of "": 1, ""sterling silver necklace featuring small origami crane penda"": 1, ""the best way to wear handcuffs - as a piece of jewelry!"": 1, ""the novel classic movie necklace mix"": 1, ""women fashion rhinestone long tassel pendant necklace"": 1, ""\ud83c\udf81material: alloy ,acrylic."": 1}}",50,"[""B0140NWUGE"", ""B072PTLN1L"", ""B017NHP88G"", ""B0046EC1NK"", ""B003UHUPM8"", ""B07CZ2TPVB"", ""B0028N6VFA"", ""B07CVVF3G2"", ""B000UZJVU0"", ""B075KXNBNF""]",25.698899989947677,True,buying,B09PYB7B6Z,
public_0001,2,reranker,entropy,buying,specific,Jewelry Necklaces,"[{""explicit"": true, ""hard"": true, ""kind"": ""feature"", ""negated"": false, ""source"": ""explicit_requirement"", ""source_turn"": 1, ""strength"": 1.0, ""value"": ""Material:alloy""}, {""explicit"": false, ""hard"": false, ""kind"": ""feature"", ""negated"": false, ""source"": ""ambiguous_disclosure"", ""source_turn"": 2, ""strength"": 0.7, ""value"": ""Triple Moon Pentagram Symbol""}, {""explicit"": false, ""hard"": false, ""kind"": ""feature"", ""negated"": false, ""source"": ""ambiguous_disclosure"", ""source_turn"": 2, ""strength"": 0.7, ""value"": ""The Triple Moon represents the Phases of the Moon which are linked to the three aspects of the Goddess and the phases of the Life of Women.The Pentagram representing the holistic r""}]",[],"[""fit"", ""comfort"", ""durability""]","[""feature"", ""brand""]",brand,"{""entropy"": 5.068758439731455, ""value_counts"": {""alex and ani"": 1, ""amazon collection"": 8, ""aoboco"": 1, ""artist unknown"": 1, ""bekech"": 1, ""chuyun"": 1, ""cvravo"": 1, ""dephini"": 1, ""ebros gift"": 1, ""elobeth"": 1, ""epoch world"": 1, ""furongwang"": 1, ""glbcc"": 1, ""gungneer"": 3, ""hicarer"": 1, ""htstyle"": 1, ""jemplestic"": 1, ""jewpark"": 1, ""jovivi"": 1, ""joya gift"": 1, ""klke"": 1, ""lonago"": 1, ""loving family"": 1, ""loyallook"": 1, ""lwryzaw"": 1, ""mealguet"": 1, ""melupa"": 1, ""my shape"": 1, ""pangrui"": 1, ""pj jewelry"": 1, ""qian0813"": 1, ""re style"": 1, ""sanlan"": 1, ""sllaiss"": 1, ""suyi"": 1, ""the silver dragon"": 1, ""urieo"": 1, ""veecas"": 1, ""waysles"": 1, ""yydsbba"": 1, ""zhaoge"": 1}}",50,"[""B09PYB7B6Z"", ""B0B3MQKT6F"", ""B087CP31XD"", ""B0BG21X73H"", ""B07HRJVGP2"", ""B0817Y931T"", ""B01KXEV2M2"", ""B083SDLMWT"", ""B07JVDM9VX"", ""B000UZJVU0""]",21.11900001182221,True,buying,B09PYB7B6Z,1
public_0003,1,reranker,entropy,buying,mixed,Watches Wrist Watches,"[{""explicit"": false, ""hard"": false, ""kind"": ""feature"", ""negated"": true, ""source"": ""ambiguous_disclosure"", ""source_turn"": 1, ""strength"": 0.7, ""value"": ""Stainless Steel Band""}]",[],"[""material"", ""fit""]","[""feature""]",feature,"{""entropy"": 5.696837906682999, ""value_counts"": {""100% brand new"": 1, ""3-hand movement with date"": 1, ""42mm round stainless steel watch case with quartz movement a"": 1, ""ballistic nylon replacement watch strap with precision laser"": 1, ""band width (mm.):20"": 1, ""buckle closure"": 2, ""business women watches: gold watches, diamond watches, showi"": 1, ""case"": 1, ""case diameter - 37 mm"": 1, ""curren original good quality waterproof watch"": 1, ""dual display: dual-precision al35 japanese quartz and digita"": 1, ""fashion extravagance: for the man looking to feel and look h"": 1, ""features: dial colour: blue | case colour: chrome with blue "": 1, ""featuring a band, case, scratch resistant mineral crystal"": 1, ""featuring a silver-tone band, silver-tone case, scratch resi"": 3, ""featuring a two-tone (silver-tone and blue-plated) band, blu"": 1, ""gold tone stainless steel case 38mm diameter x 11mm thick; g"": 1, ""gold tone stainless steel case 40mm diameter x 14mm thick; e"": 1, ""gold-tone watch in stainless steel featuring black two-step "": 1, ""great addition to your collection"": 1, ""high-hardness glass mirror surface, lightweight 316l stainle"": 1, ""imported"": 7, ""imported movement : offers analog japanese quartz movement a"": 1, ""japan original quartz movement with date at the 3 o'clock po"": 1, ""japanese analog quartz chronograph movement with sweeping se"": 1, ""japanese quartz movement"": 1, ""made in cn"": 1, ""mens unique design: fine finishing matte band and bezel desi"": 1, ""minimalism: simple and clean, we pursuit simple to extreme. "": 1, ""movement (caliber): precision japanese quartz"": 1, ""movement: multifunction"": 1, ""movement: quartz,display: analog,clasp type:buckle, band col"": 1, ""padded with white stitching?genuine nubuck lining"": 1, ""precise japan quartz movement (caliber 7n42)"": 1, ""precise swiss-quartz movement"": 1, ""precise time keeping: japanese quartz movement, provide prec"": 1, ""quality japanese-quartz movement"": 1, ""quartz"": 1, ""quartz movement"": 2, ""rectangular stainless steel bracelet watch with black dial f"": 1, ""seiko chronogarp alarm watch"": 1, ""shipping: standard shipping:12-22 days. expedited shipping:3"": 1, ""silver stainless steel strap"": 1, ""stainless steel & leather"": 1, ""stainless steel back and metal case"": 1, ""stainless steel bracelet watch with polished bezel featuring"": 1, ""stainless steel case"": 1, ""super quality watch:protective hard mineral crystal lens,sta"": 1, ""swiss analog quartz movement"": 1, ""top fashion: stainless steel, metal watch band with straight"": 1, ""two-tone rectangle watch with diamond-accented bezel and hou"": 1, ""two-tone watch featuring sunray dial with logo hour markers "": 1, ""water resistance"": 1, ""\u221a luxury design - smooth stainless steel watch band, classic"": 1, ""\u25baimported-mens watches,classic fashion design men's slim wat"": 1, ""\u2605high quality material\u2605 high quality quartz movement provide"": 1, ""\u2605luxury simple design: ultra-thin case with ip plating, crea"": 1, ""\u2605simple style design\u2605 minimalist white dial with classic han"": 1, ""\u2605watches for women perfect gift\u2605: this versatile watch blend"": 1}}",75,"[""B07CYNQZ3Z"", ""B089JY2X5D"", ""B0196A59GY"", ""B01ETFUBCS"", ""B07GPDCGD2"", ""B013W4LCFC"", ""B08R3J6GRL"", ""B07CQHXB6X"", ""B07K2Q1N4B"", ""B07NJFNRG9""]",17.37490002415143,True,intent_override,B09YMTWDXJ,
public_0003,2,reranker,entropy,buying,specific,Watches Wrist Watches,"[{""explicit"": false, ""hard"": false, ""kind"": ""feature"", ""negated"": true, ""source"": ""ambiguous_disclosure"", ""source_turn"": 1, ""strength"": 0.7, ""value"": ""Stainless Steel Band""}, {""explicit"": false, ""hard"": false, ""kind"": ""feature"", ""negated"": false, ""source"": ""ambiguous_disclosure"", ""source_turn"": 2, ""strength"": 0.7, ""value"": ""Water Resistant""}, {""explicit"": false, ""hard"": false, ""kind"": ""feature"", ""negated"": false, ""source"": ""ambiguous_disclosure"", ""source_turn"": 2, ""strength"": 0.7, ""value"": ""3 Year Battery""}]",[],"[""material"", ""fit""]","[""feature"", ""brand""]",brand,"{""entropy"": 4.888367439558378, ""value_counts"": {""aibi"": 1, ""akribos xxiv"": 1, ""aqua force"": 1, ""a|x armani exchange"": 1, ""biden"": 1, ""bulova"": 1, ""burei"": 1, ""casio"": 6, ""citizen"": 4, ""comio"": 1, ""croton"": 1, ""curren"": 1, ""dkny"": 1, ""esq"": 1, ""fossil"": 1, ""guess"": 1, ""haiqin"": 1, ""harley-davidson"": 1, ""invicta"": 3, ""kenneth cole"": 1, ""kimomt"": 1, ""lige"": 1, ""luminox"": 1, ""nixon"": 1, ""olmeca"": 1, ""orient"": 1, ""philip persio"": 1, ""sangdo"": 1, ""seiko"": 3, ""skagen"": 1, ""st moritz"": 1, ""swiss legend"": 1, ""tag heuer"": 1, ""timex"": 1, ""tommy hilfiger"": 3, ""zwm-de"": 1}}",50,"[""B07CYNQZ3Z"", ""B089JY2X5D"", ""B09H3VT8JH"", ""B09YMTWDXJ"", ""B07GBT82S7"", ""B0007N53K2"", ""B003BGYKYM"", ""B07MXQ9K42"", ""B07VDXF4NP"", ""B07YCH6HLZ""]",20.268799999030307,True,intent_override,B09YMTWDXJ,4
public_0003,3,reranker,entropy,buying,specific,Watches Wrist Watches,"[{""explicit"": false, ""hard"": false, ""kind"": ""feature"", ""negated"": false, ""source"": ""ambiguous_disclosure"", ""source_turn"": 2, ""strength"": 0.7, ""value"": ""Water Resistant""}, {""explicit"": false, ""hard"": false, ""kind"": ""feature"", ""negated"": false, ""source"": ""ambiguous_disclosure"", ""source_turn"": 2, ""strength"": 0.7, ""value"": ""3 Year Battery""}]","[{""explicit"": true, ""hard"": true, ""kind"": ""feature"", ""negated"": true, ""source"": ""negation_or_replacement"", ""source_turn"": 3, ""strength"": 1.0, ""value"": ""Stainless Steel Band""}]","[""material"", ""fit""]","[""feature"", ""brand"", ""budget""]",budget,"{""entropy"": 2.6635327548042547, ""value_counts"": {""under_100"": 2, ""under_25"": 1, ""under_250"": 2, ""under_300"": 1, ""under_475"": 1, ""under_50"": 3, ""under_75"": 1}}",50,"[""B079Q78Q9N"", ""B00IRLC1OC"", ""B001792BWI"", ""B002EZZN4W"", ""B00BR1JGMO"", ""B001XQQXZG"", ""B07GBT82S7"", ""B008W27AKQ"", ""B0BM4WGCJ6"", ""B07XYFXGVL""]",19.041999999899417,True,intent_override,B09YMTWDXJ,
public_0003,4,reranker,entropy,buying,specific,Watches Wrist Watches,"[{""explicit"": false, ""hard"": false, ""kind"": ""feature"", ""negated"": false, ""source"": ""ambiguous_disclosure"", ""source_turn"": 2, ""strength"": 0.7, ""value"": ""Water Resistant""}, {""explicit"": false, ""hard"": false, ""kind"": ""feature"", ""negated"": false, ""source"": ""ambiguous_disclosure"", ""source_turn"": 2, ""strength"": 0.7, ""value"": ""3 Year Battery""}]","[{""explicit"": true, ""hard"": true, ""kind"": ""feature"", ""negated"": true, ""source"": ""negation_or_replacement"", ""source_turn"": 3, ""strength"": 1.0, ""value"": ""Stainless Steel Band""}]","[""material"", ""fit""]","[""feature"", ""brand"", ""budget"", ""use_case""]",use_case,"{""entropy"": 2.4284930703645586, ""value_counts"": {""casual"": 6, ""hiking"": 5, ""outdoor"": 3, ""running"": 4, ""sports"": 6, ""work"": 1}}",50,"[""B079Q78Q9N"", ""B00IRLC1OC"", ""B001792BWI"", ""B002EZZN4W"", ""B00BR1JGMO"", ""B001XQQXZG"", ""B07GBT82S7"", ""B008W27AKQ"", ""B0BM4WGCJ6"", ""B07XYFXGVL""]",18.18199999979697,True,intent_override,B09YMTWDXJ,
public_0003,5,reranker,entropy,buying,specific,Watches Wrist Watches,"[{""explicit"": false, ""hard"": false, ""kind"": ""feature"", ""negated"": false, ""source"": ""ambiguous_disclosure"", ""source_turn"": 2, ""strength"": 0.7, ""value"": ""Water Resistant""}, {""explicit"": false, ""hard"": false, ""kind"": ""feature"", ""negated"": false, ""source"": ""ambiguous_disclosure"", ""source_turn"": 2, ""strength"": 0.7, ""value"": ""3 Year Battery""}]","[{""explicit"": true, ""hard"": true, ""kind"": ""feature"", ""negated"": true, ""source"": ""negation_or_replacement"", ""source_turn"": 3, ""strength"": 1.0, ""value"": ""Stainless Steel Band""}]","[""material"", ""fit""]","[""feature"", ""brand"", ""budget"", ""use_case"", ""color""]",color,"{""entropy"": 1.6513792982845024, ""value_counts"": {""black"": 24, ""blue"": 4, ""brown"": 1, ""green"": 1, ""grey"": 2, ""white"": 5}}",50,"[""B079Q78Q9N"", ""B00IRLC1OC"", ""B001792BWI"", ""B002EZZN4W"", ""B00BR1JGMO"", ""B001XQQXZG"", ""B07GBT82S7"", ""B008W27AKQ"", ""B0BM4WGCJ6"", ""B07XYFXGVL""]",17.760399990947917,True,intent_override,B09YMTWDXJ,
public_0003,6,reranker,entropy,buying,specific,Watches Wrist Watches,"[{""explicit"": false, ""hard"": false, ""kind"": ""feature"", ""negated"": false, ""source"": ""ambiguous_disclosure"", ""source_turn"": 2, ""strength"": 0.7, ""value"": ""Water Resistant""}, {""explicit"": false, ""hard"": false, ""kind"": ""feature"", ""negated"": false, ""source"": ""ambiguous_disclosure"", ""source_turn"": 2, ""strength"": 0.7, ""value"": ""3 Year Battery""}]","[{""explicit"": true, ""hard"": true, ""kind"": ""feature"", ""negated"": true, ""source"": ""negation_or_replacement"", ""source_turn"": 3, ""strength"": 1.0, ""value"": ""Stainless Steel Band""}]","[""material"", ""fit""]","[""feature"", ""brand"", ""budget"", ""use_case"", ""color"", ""style""]",style,"{""entropy"": 1.4579426892504854, ""value_counts"": {""digital,vintage"": 1, ""mens"": 24, ""mud resistant stainless steel quartz watch"": 1, ""unisex-adult"": 2, ""womens"": 17}}",50,"[""B079Q78Q9N"", ""B00IRLC1OC"", ""B001792BWI"", ""B002EZZN4W"", ""B00BR1JGMO"", ""B001XQQXZG"", ""B07GBT82S7"", ""B008W27AKQ"", ""B0BM4WGCJ6"", ""B07XYFXGVL""]",16.18939999025315,True,intent_override,B09YMTWDXJ,
public_0003,7,reranker,entropy,buying,specific,Watches Wrist Watches,"[{""explicit"": false, ""hard"": false, ""kind"": ""feature"", ""negated"": false, ""source"": ""ambiguous_disclosure"", ""source_turn"": 2, ""strength"": 0.7, ""value"": ""Water Resistant""}, {""explicit"": false, ""hard"": false, ""kind"": ""feature"", ""negated"": false, ""source"": ""ambiguous_disclosure"", ""source_turn"": 2, ""strength"": 0.7, ""value"": ""3 Year Battery""}]","[{""explicit"": true, ""hard"": true, ""kind"": ""feature"", ""negated"": true, ""source"": ""negation_or_replacement"", ""source_turn"": 3, ""strength"": 1.0, ""value"": ""Stainless Steel Band""}]","[""material"", ""fit""]","[""feature"", ""brand"", ""budget"", ""use_case"", ""color"", ""style"", ""size""]",size,"{""entropy"": 1.0, ""value_counts"": {""adult"": 1, ""one size"": 1}}",50,"[""B079Q78Q9N"", ""B00IRLC1OC"", ""B001792BWI"", ""B002EZZN4W"", ""B00BR1JGMO"", ""B001XQQXZG"", ""B07GBT82S7"", ""B008W27AKQ"", ""B0BM4WGCJ6"", ""B07XYFXGVL""]",18.2308999937959,True,intent_override,B09YMTWDXJ,
public_0003,8,reranker,entropy,buying,specific,Watches Wrist Watches,"[{""explicit"": false, ""hard"": false, ""kind"": ""feature"", ""negated"": false, ""source"": ""ambiguous_disclosure"", ""source_turn"": 2, ""strength"": 0.7, ""value"": ""Water Resistant""}, {""explicit"": false, ""hard"": false, ""kind"": ""feature"", ""negated"": false, ""source"": ""ambiguous_disclosure"", ""source_turn"": 2, ""strength"": 0.7, ""value"": ""3 Year Battery""}]","[{""explicit"": true, ""hard"": true, ""kind"": ""feature"", ""negated"": true, ""source"": ""negation_or_replacement"", ""source_turn"": 3, ""strength"": 1.0, ""value"": ""Stainless Steel Band""}]","[""material"", ""fit""]","[""feature"", ""brand"", ""budget"", ""use_case"", ""color"", ""style"", ""size"", ""material""]",material,"{""entropy"": 0.9637459942073318, ""value_counts"": {""fabric"": 1, ""leather"": 16, ""nylon"": 4}}",50,"[""B079Q78Q9N"", ""B00IRLC1OC"", ""B001792BWI"", ""B002EZZN4W"", ""B00BR1JGMO"", ""B001XQQXZG"", ""B07GBT82S7"", ""B008W27AKQ"", ""B0BM4WGCJ6"", ""B07XYFXGVL""]",17.632999981287867,True,intent_override,B09YMTWDXJ,
public_0003,9,reranker,entropy,buying,specific,Watches Wrist Watches,"[{""explicit"": false, ""hard"": false, ""kind"": ""feature"", ""negated"": false, ""source"": ""ambiguous_disclosure"", ""source_turn"": 2, ""strength"": 0.7, ""value"": ""Water Resistant""}, {""explicit"": false, ""hard"": false, ""kind"": ""feature"", ""negated"": false, ""source"": ""ambiguous_disclosure"", ""source_turn"": 2, ""strength"": 0.7, ""value"": ""3 Year Battery""}]","[{""explicit"": true, ""hard"": true, ""kind"": ""feature"", ""negated"": true, ""source"": ""negation_or_replacement"", ""source_turn"": 3, ""strength"": 1.0, ""value"": ""Stainless Steel Band""}]","[""material"", ""fit""]","[""feature"", ""brand"", ""budget"", ""use_case"", ""color"", ""style"", ""size"", ""material"", ""other""]",other,"{""fallback"": ""fewer_than_two_meaningful_values""}",50,"[""B079Q78Q9N"", ""B00IRLC1OC"", ""B001792BWI"", ""B002EZZN4W"", ""B00BR1JGMO"", ""B001XQQXZG"", ""B07GBT82S7"", ""B008W27AKQ"", ""B0BM4WGCJ6"", ""B07XYFXGVL""]",24.093300016829744,True,intent_override,B09YMTWDXJ,
public_0003,10,reranker,entropy,buying,specific,Watches Wrist Watches,"[{""explicit"": false, ""hard"": false, ""kind"": ""feature"", ""negated"": false, ""source"": ""ambiguous_disclosure"", ""source_turn"": 2, ""strength"": 0.7, ""value"": ""Water Resistant""}, {""explicit"": false, ""hard"": false, ""kind"": ""feature"", ""negated"": false, ""source"": ""ambiguous_disclosure"", ""source_turn"": 2, ""strength"": 0.7, ""value"": ""3 Year Battery""}, {""explicit"": false, ""hard"": false, ""kind"": ""feature"", ""negated"": false, ""source"": ""ambiguous_disclosure"", ""source_turn"": 10, ""strength"": 0.7, ""value"": ""Day / Date Indicator""}, {""explicit"": false, ""hard"": false, ""kind"": ""feature"", ""negated"": false, ""source"": ""ambiguous_disclosure"", ""source_turn"": 10, ""strength"": 0.7, ""value"": ""Stainless Steel Band""}]","[{""explicit"": true, ""hard"": true, ""kind"": ""feature"", ""negated"": true, ""source"": ""negation_or_replacement"", ""source_turn"": 3, ""strength"": 1.0, ""value"": ""Stainless Steel Band""}]","[""material"", ""fit""]","[""feature"", ""brand"", ""budget"", ""use_case"", ""color"", ""style"", ""size"", ""material"", ""other""]",other,"{""fallback"": ""fewer_than_two_meaningful_values""}",50,"[""B09YMTWDXJ"", ""B07CYNQZ3Z"", ""B000EQU0NW"", ""B07MXQ9K42"", ""B07PQK7WC4"", ""B089JY2X5D"", ""B01KIKLVVS"", ""B07GBT82S7"", ""B09H3VT8JH"", ""B07YCH6HLZ""]",23.244200012413785,True,intent_override,B09YMTWDXJ,1
public_0004,1,reranker,entropy,buying,mixed,Tops & Tees Tanks & Camis,"[{""explicit"": false, ""hard"": false, ""kind"": ""style"", ""negated"": true, ""source"": ""ambiguous_disclosure"", ""source_turn"": 1, ""strength"": 0.7, ""value"": ""Long torso camisole for extra coverage with spagetti adjustable strap for perfect fit""}]",[],"[""weather"", ""warmth"", ""material"", ""comfort""]","[""brand""]",brand,"{""entropy"": 5.988818690495881, ""value_counts"": {""aclocod"": 1, ""active products"": 1, ""alove"": 1, ""amvelop"": 1, ""anyfitting"": 1, ""awesome21"": 1, ""babsue"": 1, ""belle donne"": 1, ""beocut"": 1, ""blencot"": 1, ""bluetime"": 1, ""born of water"": 1, ""canikat"": 2, ""d r detroit rebels"": 1, ""ddsol"": 1, ""dealwell"": 1, ""dellytop"": 1, ""disbest"": 1, ""doublju"": 1, ""ekousn"": 1, ""elf queen"": 1, ""emmalise"": 1, ""fensace"": 1, ""fittin"": 1, ""forthery"": 1, ""generic"": 1, ""haase unlimited"": 1, ""happiere"": 1, ""heatal"": 1, ""hilltichu"": 1, ""hopshape"": 1, ""huusa"": 1, ""imily bela"": 1, ""joellyus"": 2, ""kamissy"": 1, ""klousilover"": 2, ""kuiolypoer"": 1, ""kyerivs"": 2, ""lotucy"": 1, ""luranee"": 1, ""meladyan"": 1, ""milumia"": 1, ""missactiver"": 1, ""mitid"": 1, ""mizoci"": 1, ""namektch"": 1, ""peiqi"": 1, ""pepochic"": 1, ""pier 17"": 1, ""popheartgo"": 1, ""rosemia"": 1, ""ruhiku gw"": 1, ""shein"": 1, ""star vibe"": 1, ""store indya"": 1, ""tcombo"": 1, ""tee hunt"": 1, ""tiksawon"": 1, ""tough cookie clothing"": 4, ""uideazone"": 1, ""v for city"": 1, ""verdusa"": 1, ""vialumi"": 1, ""weeso"": 2, ""wslife"": 1, ""zeagoo"": 1, ""zumba"": 1}}",75,"[""B08GJ7RG8D"", ""B07C2XPZ6D"", ""B08BWZD2FH"", ""B07F3FRGB5"", ""B09H227YL1"", ""B08BC78Y59"", ""B088KD56CJ"", ""B09Z7DBCKQ"", ""B08YJV7B6K"", ""B09ZH7HNCG""]",25.970600021537393,True,intent_override,B07C2XPZ6D,2
public_0004,2,reranker,entropy,buying,mixed,Tops & Tees Tanks & Camis,"[{""explicit"": false, ""hard"": false, ""kind"": ""style"", ""negated"": true, ""source"": ""ambiguous_disclosure"", ""source_turn"": 1, ""strength"": 0.7, ""value"": ""Long torso camisole for extra coverage with spagetti adjustable strap for perfect fit""}]",[],"[""weather"", ""warmth"", ""material"", ""comfort""]","[""brand"", ""feature""]",feature,"{""entropy"": 5.263186898661611, ""value_counts"": {""100% cotton"": 5, ""100% polyester"": 7, ""100% silk"": 1, ""100% spandex"": 1, ""45% viscose, 35% nylon, 20% polyester"": 2, ""5% spandex"": 2, ""50% polyester, 25% cotton, 25% rayon"": 1, ""50% polyester, 38% cotton, 12% rayon"": 1, ""50% polyester, 50% cotton"": 1, ""60% cotton, 40% polyester"": 3, ""60% polyester"": 1, ""65% cotton, 30% polyester, 5% spandex"": 1, ""65% cozy,35% polyester"": 1, ""65% polyester, 35% cotton"": 1, ""78% polyester,22% spandex"": 1, ""90% cotton"": 1, ""90% polyester, 10% spandex"": 1, ""95% cotton, 5% spandex"": 1, ""95% cotton, 5% spandex (run large!!! size down for a great f"": 1, ""95% modal, 5% spandex"": 1, ""95% polyester, 5% spandex"": 1, ""95%modal 5%spandex"": 1, ""95%rayon, 5%spandex"": 1, ""aawtkv0036 (92% nylon 8% spandex)"": 1, ""button closure"": 1, ""cotton blend"": 3, ""cotton blend,lace"": 1, ""cotton,spandex"": 1, ""drawstring closure"": 1, ""hand wash only"": 2, ""lace"": 2, ""lace,polyester,spandex"": 1, ""machine wash"": 2, ""material: 95% polyester and 5% spandex.super comfortable and"": 1, ""material: 95%rayon,5%spandex, ultra soft, stretchy, skin-fri"": 1, ""material: cotton and polyester"": 1, ""modal,spandex"": 1, ""please refer to our size suggestion description carefully (n"": 1, ""polyamide,polyester,spandex"": 1, ""polyester + spandex"": 2, ""polyester, rayon, spandex"": 1, ""polyester,cotton,spandex"": 1, ""polyester,spandex"": 1, ""polyester,spandex,lace"": 1, ""pull on closure"": 7, ""racerback style workout running yoga fitness tank top ,moist"": 1, ""summer tops material\uff1apolyester + spandex\uff0c1*women tank tops"": 1, ""\u270c one or two size up: not us size,please do not refer to ama"": 1, ""\u2765size\uff1aplease check our size chart in the picture before orde"": 1}}",75,"[""B08GJ7RG8D"", ""B07C2XPZ6D"", ""B08BWZD2FH"", ""B07F3FRGB5"", ""B09H227YL1"", ""B08BC78Y59"", ""B088KD56CJ"", ""B09Z7DBCKQ"", ""B08YJV7B6K"", ""B09ZH7HNCG""]",21.810200007166713,True,intent_override,B07C2XPZ6D,2
public_0004,3,reranker,entropy,buying,specific,Tops & Tees Tanks & Camis,"[{""explicit"": true, ""hard"": true, ""kind"": ""material"", ""negated"": false, ""source"": ""explicit_requirement"", ""source_turn"": 3, ""strength"": 1.0, ""value"": ""polyester""}]","[{""explicit"": true, ""hard"": true, ""kind"": ""style"", ""negated"": true, ""source"": ""negation_or_replacement"", ""source_turn"": 3, ""strength"": 1.0, ""value"": ""Long torso camisole for extra coverage with spagetti adjustable strap for perfect fit""}]","[""weather"", ""warmth"", ""material"", ""comfort""]","[""brand"", ""feature"", ""color""]",color,"{""entropy"": 2.3720946377956236, ""value_counts"": {""black"": 7, ""blue"": 3, ""gray"": 1, ""green"": 1, ""pink"": 1, ""purple"": 1, ""white"": 3}}",50,"[""B016NUQODM"", ""B01H3R4LQ6"", ""B07CMP3PG8"", ""B00L9ZBCV6"", ""B015LCMLQM"", ""B00HA8565E"", ""B011INL1WS"", ""B014J9VXLW"", ""B07Z5S6GHC"", ""B01MSCZNDL""]",234.83180001494475,True,intent_override,B07C2XPZ6D,
public_0004,4,reranker,entropy,buying,specific,Tops & Tees Tanks & Camis,"[{""explicit"": true, ""hard"": true, ""kind"": ""material"", ""negated"": false, ""source"": ""explicit_requirement"", ""source_turn"": 3, ""strength"": 1.0, ""value"": ""polyester""}]","[{""explicit"": true, ""hard"": true, ""kind"": ""style"", ""negated"": true, ""source"": ""negation_or_replacement"", ""source_turn"": 3, ""strength"": 1.0, ""value"": ""Long torso camisole for extra coverage with spagetti adjustable strap for perfect fit""}]","[""weather"", ""warmth"", ""material"", ""comfort""]","[""brand"", ""feature"", ""color"", ""use_case""]",use_case,"{""entropy"": 2.1149798205164814, ""value_counts"": {""casual"": 2, ""gym"": 5, ""running"": 9, ""sports"": 1, ""winter"": 1, ""work"": 2}}",50,"[""B016NUQODM"", ""B01H3R4LQ6"", ""B07CMP3PG8"", ""B00L9ZBCV6"", ""B015LCMLQM"", ""B00HA8565E"", ""B011INL1WS"", ""B014J9VXLW"", ""B07Z5S6GHC"", ""B01MSCZNDL""]",33.20740000344813,True,intent_override,B07C2XPZ6D,
public_0004,5,reranker,entropy,buying,specific,Tops & Tees Tanks & Camis,"[{""explicit"": true, ""hard"": true, ""kind"": ""material"", ""negated"": false, ""source"": ""explicit_requirement"", ""source_turn"": 3, ""strength"": 1.0, ""value"": ""polyester""}]","[{""explicit"": true, ""hard"": true, ""kind"": ""style"", ""negated"": true, ""source"": ""negation_or_replacement"", ""source_turn"": 3, ""strength"": 1.0, ""value"": ""Long torso camisole for extra coverage with spagetti adjustable strap for perfect fit""}]","[""weather"", ""warmth"", ""material"", ""comfort""]","[""brand"", ""feature"", ""color"", ""use_case"", ""material""]",material,"{""entropy"": 0.9426831892554922, ""value_counts"": {""cotton"": 32, ""polyester"": 18}}",50,"[""B016NUQODM"", ""B01H3R4LQ6"", ""B07CMP3PG8"", ""B00L9ZBCV6"", ""B015LCMLQM"", ""B00HA8565E"", ""B011INL1WS"", ""B014J9VXLW"", ""B07Z5S6GHC"", ""B01MSCZNDL""]",22.530500020366162,True,intent_override,B07C2XPZ6D,
public_0004,6,reranker,entropy,buying,specific,Tops & Tees Tanks & Camis,"[{""explicit"": true, ""hard"": true, ""kind"": ""material"", ""negated"": false, ""source"": ""explicit_requirement"", ""source_turn"": 3, ""strength"": 1.0, ""value"": ""polyester""}, {""explicit"": false, ""hard"": false, ""kind"": ""material"", ""negated"": false, ""source"": ""ambiguous_disclosure"", ""source_turn"": 6, ""strength"": 0.7, ""value"": ""Polyester,Cotton,Spandex""}, {""explicit"": false, ""hard"": false, ""kind"": ""material"", ""negated"": false, ""source"": ""ambiguous_disclosure"", ""source_turn"": 6, ""strength"": 0.7, ""value"": ""Quality soft cottonblend camisole, 95% cotton, 5% spandex, Neon Colors 57% cotton 38% polyester 5% spandex""}]","[{""explicit"": true, ""hard"": true, ""kind"": ""style"", ""negated"": true, ""source"": ""negation_or_replacement"", ""source_turn"": 3, ""strength"": 1.0, ""value"": ""Long torso camisole for extra coverage with spagetti adjustable strap for perfect fit""}]","[""weather"", ""warmth"", ""material"", ""comfort""]","[""brand"", ""feature"", ""color"", ""use_case"", ""material"", ""style""]",style,"{""entropy"": 0.6715467579919209, ""value_counts"": {""baby-girls"": 1, ""comfortable"": 1, ""mens"": 2, ""womens"": 44, ""womens summer tops"": 1}}",50,"[""B08FC1WB1X"", ""B07DCB85D3"", ""B011INL1WS"", ""B015LCMLQM"", ""B01I9XLXAA"", ""B014J9VXLW"", ""B08R3PDQHG"", ""B07C2XPZ6D"", ""B07CMP3PG8"", ""B08922HTZB""]",196.0325000109151,True,intent_override,B07C2XPZ6D,8
public_0005,1,reranker,entropy,buying,specific,Outdoor & Work Snow & Cold Weather,"[{""explicit"": true, ""hard"": true, ""kind"": ""material"", ""negated"": false, ""source"": ""explicit_requirement"", ""source_turn"": 1, ""strength"": 1.0, ""value"": ""leather""}]",[],"[""comfort"", ""fit"", ""style"", ""durability""]","[""brand""]",brand,"{""entropy"": 4.393269689515108, ""value_counts"": {""aldo"": 1, ""aphnus"": 1, ""askelly"": 1, ""ausland"": 1, ""b beasur"": 1, ""baretraps"": 1, ""bearpaw"": 1, ""columbia"": 6, ""crevo"": 1, ""dadawen"": 1, ""el naturalista"": 1, ""fivestorescity"": 1, ""fung-wong"": 1, ""globalwin"": 2, ""helly-hansen"": 1, ""iceface"": 1, ""keen"": 2, ""khombu"": 1, ""labo"": 1, ""lm"": 1, ""ludxf"": 1, ""merrell"": 1, ""odouk"": 1, ""patagonia"": 1, ""prop\u00e9t"": 1, ""ryka"": 1, ""sorel"": 12, ""susanny"": 1, ""teva"": 1, ""timberland"": 1, ""ugg"": 1, ""wolverine"": 1}}",50,"[""B001AO2Y4U"", ""B004LDLVQO"", ""B004KNW8QM"", ""B0031MAI56"", ""B01N6GQYJ5"", ""B098WSZ5KD"", ""B004KNWHGS"", ""B0091GVUEE"", ""B006L2P7A4"", ""B018TA64VQ""]",34.10099999746308,True,buying,B074G1JP8Z,
public_0005,2,reranker,entropy,buying,specific,Outdoor & Work Snow & Cold Weather,"[{""explicit"": true, ""hard"": true, ""kind"": ""material"", ""negated"": false, ""source"": ""explicit_requirement"", ""source_turn"": 1, ""strength"": 1.0, ""value"": ""leather""}]",[],"[""comfort"", ""fit"", ""style"", ""durability""]","[""brand"", ""feature""]",feature,"{""entropy"": 3.5416666666666665, ""value_counts"": {""1"": 1, ""100% full grain leather"": 2, ""100% leather"": 18, ""100% leather and fabric"": 1, ""100% leather and synthetic"": 3, ""100% leather and textile"": 3, ""100% leather-and-rubber"": 1, ""100% leather-and-synthetic"": 1, ""100% leather/textile"": 1, ""100% suede"": 1, ""100% suede/full grain leather"": 1, ""100% synthetic"": 1, ""fabric-and-leather"": 1, ""imported"": 3, ""leather and synthetic textile"": 1, ""leather and textile"": 2, ""polyurethane/leather/felt"": 1, ""pu leather"": 1, ""rubber sole"": 3, ""synthetic rubber sole"": 1, ""upper vanp:cow leather+rabbit fur+raccoon fur"": 1}}",50,"[""B001AO2Y4U"", ""B004LDLVQO"", ""B004KNW8QM"", ""B0031MAI56"", ""B01N6GQYJ5"", ""B098WSZ5KD"", ""B004KNWHGS"", ""B0091GVUEE"", ""B006L2P7A4"", ""B018TA64VQ""]",25.335999991511926,True,buying,B074G1JP8Z,
public_0005,3,reranker,entropy,buying,specific,Outdoor & Work Snow & Cold Weather,"[{""explicit"": true, ""hard"": true, ""kind"": ""material"", ""negated"": false, ""source"": ""explicit_requirement"", ""source_turn"": 1, ""strength"": 1.0, ""value"": ""leather""}, {""explicit"": false, ""hard"": false, ""kind"": ""feature"", ""negated"": false, ""source"": ""ambiguous_disclosure"", ""source_turn"": 3, ""strength"": 0.7, ""value"": ""Rubber sole""}, {""explicit"": false, ""hard"": false, ""kind"": ""feature"", ""negated"": false, ""source"": ""ambiguous_disclosure"", ""source_turn"": 3, ""strength"": 0.7, ""value"": ""Shaft measures approximately 8.37\"" from arch""}]",[],"[""comfort"", ""fit"", ""style"", ""durability""]","[""brand"", ""feature"", ""color""]",color,"{""entropy"": 2.113283334294875, ""value_counts"": {""black"": 3, ""brown"": 3, ""grey"": 1, ""pink"": 1, ""white"": 1}}",50,"[""B01N6GQYJ5"", ""B004KNWHGS"", ""B0031MAI56"", ""B01N4BN77E"", ""B004LKRJ7W"", ""B09FXYPY7T"", ""B074G1JP8Z"", ""B01ALHKQKK"", ""B002N00000"", ""B00HSZ4Q4G""]",21.07749998685904,True,buying,B074G1JP8Z,7
public_0010,1,reranker,entropy,buying,specific,Women Bodysuits,"[{""explicit"": true, ""hard"": true, ""kind"": ""material"", ""negated"": false, ""source"": ""explicit_requirement"", ""source_turn"": 1, ""strength"": 1.0, ""value"": ""fabric""}]",[],"[""material"", ""fit"", ""performance"", ""comfort""]","[""brand""]",brand,"{""entropy"": 5.388758439731455, ""value_counts"": {""2021"": 1, ""ababc"": 1, ""adidas"": 1, ""aihihe"": 1, ""apfopard"": 1, ""bali"": 1, ""berryou"": 1, ""champion"": 1, ""cherokee"": 1, ""clarks"": 1, ""daniel green"": 1, ""devon-aire"": 1, ""didk"": 1, ""doad"": 1, ""dogmoon"": 1, ""dyexces"": 1, ""faja mia"": 1, ""florno"": 1, ""fqzwong"": 1, ""generic"": 2, ""grasshoppers"": 1, ""island slipper"": 1, ""jockey"": 1, ""joyshaper"": 1, ""leoy88 women dress"": 1, ""levi's"": 2, ""makemechic"": 1, ""mangdiup"": 2, ""mangopop"": 3, ""meichang"": 1, ""mihoio"": 1, ""munro"": 1, ""naturalizer"": 1, ""pandoratees"": 1, ""roomtour"": 1, ""skd anfibios"": 1, ""squeem"": 1, ""sunro"": 1, ""the drop"": 1, ""timex"": 1, ""trecento"": 1, ""uyisj"": 1, ""vaneli"": 1, ""weuie"": 2}}",50,"[""B083GB47SQ"", ""B000QW6LPK"", ""B0C6DQNQK7"", ""B000IM3ICW"", ""B0018R18HS"", ""B074DR42J6"", ""B002V8WPBG"", ""B000VA10MQ"", ""B0BBJ1S5NN"", ""B0B53H6J51""]",28.991600003791973,True,buying,B0929KL5W7,
public_0010,2,reranker,entropy,buying,specific,Women Bodysuits,"[{""explicit"": true, ""hard"": true, ""kind"": ""material"", ""negated"": false, ""source"": ""explicit_requirement"", ""source_turn"": 1, ""strength"": 1.0, ""value"": ""fabric""}]",[],"[""material"", ""fit"", ""performance"", ""comfort""]","[""brand"", ""feature""]",feature,"{""entropy"": 5.078562939644916, ""value_counts"": {""100% cotton"": 3, ""100% cotton blend"": 1, ""100% cotton. machine wash and dry. imported."": 1, ""100% fabric"": 3, ""100% leather"": 1, ""100% microfiber"": 1, ""100% polyester"": 4, ""55% acrylic, 45% cotton"": 1, ""78% polyester, 20% rayon, 2% spandex"": 1, ""78% viscose, 19% polyester, 3% spandex"": 1, ""84%nylon+16%spandex"": 1, ""92% nylon/8% spandex/"": 1, ""92.6%viscose,7.4%spandex"": 1, ""95% cotton, 5% spandex"": 3, ""95% polyester, 5% elastane"": 1, ""amazon warehouse deals liquidation"": 1, ""best gifts for women/mom/girls/friends(sweatshirt clearance "": 1, ""blusas de mujer elegantes"": 1, ""body: 91% nylon, 9% spandex inner cup: 87% nylon, 13% lycra "": 1, ""cheap items under 1 dollar free shipping"": 1, ""cup: 100% nylon; back: 82% nylon, 18% spandex"": 1, ""fabric content varies by color. please select color above to"": 2, ""great stretchy fabric: 95% rayon, 5% spandex"": 1, ""hand wash only"": 1, ""latex"": 1, ""leather and synthetic"": 1, ""polyester,spandex"": 2, ""quartz movement"": 1, ""rubber sole"": 1, ""spandex"": 1, ""stretchy fabric: 95% gossypium, 5% spandex"": 1, ""stretchy fabric: 95% modal, 5% spandex"": 1, ""style: loose sweatshirt tops for women/juniors/teen girls.th"": 1, ""\u2764comfy material - will quickly become your favorite. the sof"": 1, ""\u2764material: soft and comfortable fabric,this dress some is st"": 1, ""\u2765size: please check our size chart in the picture before ord"": 2, ""\u3010material\u3011high-quality cotton, polyester.\u3010note\u3011size runs sma"": 1, ""\ud83d\udc9a 100% organic cotton \u2013 our baby bodysuits are made without "": 1}}",50,"[""B083GB47SQ"", ""B000QW6LPK"", ""B0C6DQNQK7"", ""B000IM3ICW"", ""B0018R18HS"", ""B074DR42J6"", ""B002V8WPBG"", ""B000VA10MQ"", ""B0BBJ1S5NN"", ""B0B53H6J51""]",25.595400016754866,True,buying,B0929KL5W7,
public_0010,3,reranker,entropy,buying,specific,Women Bodysuits,"[{""explicit"": true, ""hard"": true, ""kind"": ""material"", ""negated"": false, ""source"": ""explicit_requirement"", ""source_turn"": 1, ""strength"": 1.0, ""value"": ""fabric""}, {""explicit"": false, ""hard"": false, ""kind"": ""feature"", ""negated"": false, ""source"": ""ambiguous_disclosure"", ""source_turn"": 3, ""strength"": 0.7, ""value"": ""Imported""}, {""explicit"": false, ""hard"": false, ""kind"": ""feature"", ""negated"": false, ""source"": ""ambiguous_disclosure"", ""source_turn"": 3, ""strength"": 0.7, ""value"": ""Snap closure""}]",[],"[""material"", ""fit"", ""performance"", ""comfort""]","[""brand"", ""feature"", ""use_case""]",use_case,"{""entropy"": 2.4885252948977485, ""value_counts"": {""casual"": 1, ""hiking"": 4, ""outdoor"": 2, ""running"": 4, ""sports"": 1, ""winter"": 6, ""work"": 8}}",50,"[""B08VXJ2C3W"", ""B0929KL5W7"", ""B09PMPGNVP"", ""B0936ZJJ68"", ""B00AZO9Q4W"", ""B0B7DWBL9Y"", ""B0B53H6J51"", ""B08H2C3NGL"", ""B00L6EJUOQ"", ""B0B97JNGGY""]",199.54390000202693,True,buying,B0929KL5W7,2
public_0013,1,reranker,entropy,buying,mixed,Shoes Slippers,"[{""explicit"": false, ""hard"": false, ""kind"": ""style"", ""negated"": true, ""source"": ""ambiguous_disclosure"", ""source_turn"": 1, ""strength"": 0.7, ""value"": ""YOUR NEW FAVORITE SLIPPERS: Slip into divine comfort with Gemma, a plush mule-style spa slipper with an adjustable hook-and-loop closure across the vamp""}]",[],"[""comfort"", ""material""]","[""brand""]",brand,"{""entropy"": 5.85062498414121, ""value_counts"": {""acorn"": 1, ""aerusi"": 1, ""aselu"": 1, ""bebe"": 1, ""chaychax"": 2, ""clobeau"": 1, ""comfies"": 1, ""copper fit"": 2, ""dasein"": 1, ""daydaygo"": 1, ""dearfoams"": 2, ""dlgjpa"": 1, ""dr. comfort"": 1, ""dream pairs"": 1, ""easy spirit"": 2, ""ehyseli"": 1, ""everfoams"": 1, ""evshine"": 1, ""fakeface"": 1, ""favorite characters"": 1, ""floopi"": 1, ""forfoot"": 1, ""garatia"": 1, ""git-up"": 1, ""guoluofei"": 1, ""haojiali"": 1, ""holly"": 1, ""hometop"": 2, ""homitem"": 1, ""journei"": 1, ""keen"": 1, ""kemi footwear"": 1, ""kensie girl"": 1, ""komyufa"": 1, ""kubua"": 1, ""laura ashley"": 1, ""longbay"": 3, ""maamgic"": 1, ""memon"": 1, ""morecome"": 1, ""mudd"": 1, ""mysoft"": 1, ""ninecifun"": 1, ""nothers"": 1, ""oncai"": 2, ""osvino"": 1, ""puhibuox"": 1, ""pull & snail"": 1, ""rosyclo"": 1, ""rungion"": 1, ""seeyan"": 1, ""seranoma"": 1, ""snug leaves"": 1, ""sosushoe"": 1, ""taidor"": 1, ""territory"": 1, ""u-lite"": 1, ""vifuur"": 1, ""vionic"": 5, ""vizahho"": 1, ""watelves"": 1, ""zizor"": 1, ""zolice"": 1}}",75,"[""B0C65TFM9F"", ""B01N7KMQ0C"", ""B011PTO1VI"", ""B0BY1MFJBZ"", ""B09FSZ3L6Z"", ""B08TM91C69"", ""B078J57PWJ"", ""B07FNMYSD7"", ""B079FDJRPW"", ""B07X5SVSMW""]",32.024200016167015,True,intent_override,B0C65TFM9F,1
public_0013,2,reranker,entropy,buying,mixed,Shoes Slippers,"[{""explicit"": false, ""hard"": false, ""kind"": ""style"", ""negated"": true, ""source"": ""ambiguous_disclosure"", ""source_turn"": 1, ""strength"": 0.7, ""value"": ""YOUR NEW FAVORITE SLIPPERS: Slip into divine comfort with Gemma, a plush mule-style spa slipper with an adjustable hook-and-loop closure across the vamp""}]",[],"[""comfort"", ""material""]","[""brand"", ""feature""]",feature,"{""entropy"": 3.7715105635717836, ""value_counts"": {""100% cotton"": 1, ""100% polyester"": 2, ""100% synthetic"": 2, ""100% textile"": 2, ""classic and simple design: no cumbersome lines and luxurious"": 1, ""cotton fabric"": 1, ""ethylene vinyl acetate sole"": 4, ""fabric sole"": 1, ""faux fur"": 1, ""faux suede"": 1, ""faux suede,polyster"": 1, ""faux-fur"": 2, ""fleece"": 1, ""foam sole"": 6, ""imported"": 7, ""knit"": 1, ""manmade"": 1, ""md sole"": 1, ""memory foam sole"": 1, ""microfiber"": 1, ""polyester-blend"": 1, ""premium kids slipper shoes :the unisex slipper booties made "": 1, ""rubber"": 1, ""rubber sole"": 27, ""shower shoes for women material: made of high grade elastic "": 1, ""soft and comfortable"": 1, ""suede sole"": 1, ""synthetic rubber sole"": 1, ""synthetic sole"": 3}}",75,"[""B0C65TFM9F"", ""B01N7KMQ0C"", ""B011PTO1VI"", ""B0BY1MFJBZ"", ""B09FSZ3L6Z"", ""B08TM91C69"", ""B078J57PWJ"", ""B07FNMYSD7"", ""B079FDJRPW"", ""B07X5SVSMW""]",27.532200008863583,True,intent_override,B0C65TFM9F,1
public_0013,3,reranker,entropy,buying,specific,Shoes Slippers,"[{""explicit"": false, ""hard"": false, ""kind"": ""style"", ""negated"": true, ""source"": ""ambiguous_disclosure"", ""source_turn"": 1, ""strength"": 0.7, ""value"": ""YOUR NEW FAVORITE SLIPPERS: Slip into divine comfort with Gemma, a plush mule-style spa slipper with an adjustable hook-and-loop closure across the vamp""}, {""explicit"": false, ""hard"": false, ""kind"": ""feature"", ""negated"": false, ""source"": ""ambiguous_disclosure"", ""source_turn"": 3, ""strength"": 0.7, ""value"": ""Rubber sole""}, {""explicit"": false, ""hard"": false, ""kind"": ""feature"", ""negated"": false, ""source"": ""ambiguous_disclosure"", ""source_turn"": 3, ""strength"": 0.7, ""value"": ""Received APMA (American Podiatric Medical Association) Seal of Acceptance""}]",[],"[""comfort"", ""material""]","[""brand"", ""feature"", ""use_case""]",use_case,"{""entropy"": 2.115647532994898, ""value_counts"": {""casual"": 3, ""gym"": 2, ""outdoor"": 9, ""running"": 7, ""winter"": 21, ""work"": 3}}",50,"[""B0C65TFM9F"", ""B07H88B814"", ""B08C78VZ66"", ""B07X5SVSMW"", ""B09B9PS72Z"", ""B075MHMZ8R"", ""B07MBC394L"", ""B09KLT34T8"", ""B00LM8K69E"", ""B00LM8PDZG""]",176.81579999043606,True,intent_override,B0C65TFM9F,1
public_0013,4,reranker,entropy,buying,specific,Shoes Slippers,"[{""explicit"": false, ""hard"": false, ""kind"": ""feature"", ""negated"": false, ""source"": ""ambiguous_disclosure"", ""source_turn"": 3, ""strength"": 0.7, ""value"": ""Rubber sole""}, {""explicit"": false, ""hard"": false, ""kind"": ""feature"", ""negated"": false, ""source"": ""ambiguous_disclosure"", ""source_turn"": 3, ""strength"": 0.7, ""value"": ""Received APMA (American Podiatric Medical Association) Seal of Acceptance""}]","[{""explicit"": true, ""hard"": true, ""kind"": ""style"", ""negated"": true, ""source"": ""negation_or_replacement"", ""source_turn"": 4, ""strength"": 1.0, ""value"": ""YOUR NEW FAVORITE SLIPPERS: Slip into divine comfort with Gemma, a plush mule-style spa slipper with an adjustable hook-and-loop closure across the vamp""}]","[""comfort"", ""material""]","[""brand"", ""feature"", ""use_case"", ""color""]",color,"{""entropy"": 1.8763576394898522, ""value_counts"": {""black"": 9, ""blue"": 1, ""brown"": 1, ""pink"": 3, ""white"": 4}}",50,"[""B003ICW4QK"", ""B09WG2J6RW"", ""B0C65TFM9F"", ""B002MUBEOC"", ""B000F7STY2"", ""B075PF4PM3"", ""B0056E6IHY"", ""B00CX9U132"", ""B001D1Q83I"", ""B00KWKMVM8""]",185.27539999922737,True,intent_override,B0C65TFM9F,3
public_0021,1,reranker,entropy,browsing,exploratory,Men Pants,[],[],"[""material"", ""fit""]","[""brand""]",brand,"{""entropy"": 6.1761471904430545, ""value_counts"": {""5.11"": 1, ""abbyabbie.li"": 1, ""abendedian"": 1, ""adidas"": 7, ""aloodor"": 2, ""amazon essentials"": 1, ""american trends"": 1, ""antarctica"": 2, ""aoyog"": 1, ""army universe"": 1, ""ashworth"": 1, ""atb"": 1, ""balyuee"": 1, ""ben hogan"": 1, ""benefit wear"": 1, ""bwdbhd"": 1, ""calvin klein"": 3, ""camelsports"": 1, ""canghpgin"": 1, ""canis"": 1, ""canrulo"": 1, ""champion"": 1, ""cherokee"": 1, ""columbia"": 1, ""cyclingdeal"": 1, ""dcohmch"": 1, ""dickies"": 1, ""dockers"": 3, ""dofaoo"": 1, ""dutch harbor"": 1, ""ethanol"": 1, ""evaless"": 1, ""excellent elite spanker"": 1, ""garwoden"": 1, ""gkvk"": 1, ""goodstoworld"": 1, ""gracewom"": 1, ""hanes"": 1, ""hot from hollywood"": 1, ""huge sports"": 1, ""inflation"": 1, ""international baggyz"": 1, ""jessie kidden"": 1, ""lanbaosi"": 1, ""levi's"": 1, ""lexiart"": 1, ""magcomsen"": 1, ""manhong"": 1, ""match"": 5, ""mens swim trunks"": 1, ""merrell"": 1, ""molecule"": 1, ""mous one"": 1, ""n/ d"": 1, ""nj19"": 1, ""olly and ally"": 1, ""ouber"": 1, ""outdoor research"": 2, ""pinkpum"": 1, ""plaid&plain"": 1, ""poriff"": 1, ""py-bigg"": 1, ""reshe"": 1, ""ryannology"": 1, ""sejardin"": 1, ""sigawn"": 1, ""silkworld"": 1, ""smilily"": 1, ""spaceline"": 1, ""superbody"": 1, ""sweatyrocks"": 1, ""taddlee"": 1, ""tapulco"": 1, ""trailside supply co."": 1, ""tru-spec"": 1, ""trurendi"": 1, ""uninard"": 1, ""unknown"": 1, ""wrangler"": 1, ""wudodo"": 1, ""yamadan"": 1, ""yimeim"": 1, ""zity"": 1}}",100,"[""B06XRD8TZX"", ""B08C9YTFW9"", ""B0842J3B9N"", ""B07S1LNZZH"", ""B005BVPAH6"", ""B097SM8WDS"", ""B00B6EARX4"", ""B008IW0174"", ""B00JHOP366"", ""B00DIB2IXA""]",28.338200005237013,True,browsing,B07K4FX4WZ,
public_0021,2,reranker,entropy,browsing,exploratory,Men Pants,[],[],"[""material"", ""fit""]","[""brand"", ""feature""]",feature,"{""entropy"": 5.006903967512909, ""value_counts"": {""100% cotton"": 16, ""100% nylon"": 2, ""100% nylon,water resistant"": 1, ""100% other fibers"": 1, ""100% polyester"": 10, ""57% cotton, 41% polyester, 2% elastane"": 1, ""65% cotton, 35% polyester"": 1, ""65% cotton;32% polyester;3% spandex"": 1, ""65% polyester, 35% cotton"": 2, ""69% cotton, 26% polyester, 5% spandex"": 1, ""76% cotton, 23% polyester, 1% elastane"": 1, ""76% polyester / 19% rayon / 5% spandex"": 1, ""88% polyester, 12% elastane"": 1, ""90% cotton and 10% corduroy"": 1, ""90% nylon, 10% spandex"": 1, ""90%cotton, 10%polyster"": 1, ""92% polyester, 8% spandex"": 1, ""97% cotton, 3% elastane"": 1, ""97% cotton, 3% spandex"": 2, ""98% cotton / 2% elastane"": 1, ""98% cotton, 2% elastane"": 1, ""98% cotton, 2% lyrca"": 1, ""98% cotton, 2% spandex"": 1, ""99% cotton, 1% spandex"": 1, ""belt closure"": 1, ""black"": 1, ""button closure"": 7, ""combed cotton,cotton"": 1, ""cotton-blend"": 1, ""drawstring closure"": 5, ""elastic closure"": 1, ""elastic,linen,cotton,mesh"": 1, ""from china size, pls select 2 sizes bigger or contact seller"": 1, ""imported"": 2, ""knitted polyester with polyurethane coating"": 1, ""machine wash"": 1, ""made in usa"": 1, ""poly/cotton"": 1, ""polyester, cotton"": 1, ""polyester/cotton"": 1, ""pull on closure"": 2, ""slim fit"": 1, ""slip on closure"": 1, ""snap closure"": 1, ""sweat-absorbent,wear and stain resistant"": 1, ""sweatpants for men with pockets"": 1, ""the product size is asian size, please try to choose a large"": 1, ""type: golf pants"": 1, ""zipper closure"": 4, ""\u2605premium mens jogger sweatpants, 55% cotton and 45% polyeste"": 1, ""\u266b pull on closure"": 1, ""\u27b8 100%polyeste.comfy material\uff1amens sweatpants are made of su"": 2}}",100,"[""B06XRD8TZX"", ""B08C9YTFW9"", ""B0842J3B9N"", ""B07S1LNZZH"", ""B005BVPAH6"", ""B097SM8WDS"", ""B00B6EARX4"", ""B008IW0174"", ""B00JHOP366"", ""B00DIB2IXA""]",16.784000006737188,True,browsing,B07K4FX4WZ,
public_0021,3,reranker,entropy,browsing,specific,Men Pants,"[{""explicit"": false, ""hard"": false, ""kind"": ""feature"", ""negated"": false, ""source"": ""ambiguous_disclosure"", ""source_turn"": 3, ""strength"": 0.7, ""value"": ""Imported""}, {""explicit"": false, ""hard"": false, ""kind"": ""feature"", ""negated"": false, ""source"": ""ambiguous_disclosure"", ""source_turn"": 3, ""strength"": 0.7, ""value"": ""Zipper closure""}]",[],"[""material"", ""fit""]","[""brand"", ""feature"", ""budget""]",budget,"{""entropy"": 2.2988252450030506, ""value_counts"": {""under_100"": 1, ""under_150"": 3, ""under_200"": 1, ""under_25"": 3, ""under_50"": 5, ""under_75"": 1}}",50,"[""B0BF8WFXSY"", ""B00RGANJFA"", ""B002PU9T4Q"", ""B07BMCB4LC"", ""B0C4NH42NH"", ""B087R8WNF6"", ""B09LKK71J2"", ""B08X9KBY42"", ""B00FU5DMYG"", ""B01010XX0M""]",174.53820002265275,True,browsing,B07K4FX4WZ,
public_0021,4,reranker,entropy,browsing,specific,Men Pants,"[{""explicit"": false, ""hard"": false, ""kind"": ""feature"", ""negated"": false, ""source"": ""ambiguous_disclosure"", ""source_turn"": 3, ""strength"": 0.7, ""value"": ""Imported""}, {""explicit"": false, ""hard"": false, ""kind"": ""feature"", ""negated"": false, ""source"": ""ambiguous_disclosure"", ""source_turn"": 3, ""strength"": 0.7, ""value"": ""Zipper closure""}]",[],"[""material"", ""fit""]","[""brand"", ""feature"", ""budget"", ""use_case""]",use_case,"{""entropy"": 2.148632428674087, ""value_counts"": {""casual"": 13, ""hiking"": 14, ""outdoor"": 1, ""running"": 5, ""sports"": 1, ""winter"": 1, ""work"": 3}}",50,"[""B0BF8WFXSY"", ""B00RGANJFA"", ""B002PU9T4Q"", ""B07BMCB4LC"", ""B0C4NH42NH"", ""B087R8WNF6"", ""B09LKK71J2"", ""B08X9KBY42"", ""B00FU5DMYG"", ""B01010XX0M""]",30.83830000832677,True,browsing,B07K4FX4WZ,
public_0021,5,reranker,entropy,browsing,specific,Men Pants,"[{""explicit"": false, ""hard"": false, ""kind"": ""feature"", ""negated"": false, ""source"": ""ambiguous_disclosure"", ""source_turn"": 3, ""strength"": 0.7, ""value"": ""Imported""}, {""explicit"": false, ""hard"": false, ""kind"": ""feature"", ""negated"": false, ""source"": ""ambiguous_disclosure"", ""source_turn"": 3, ""strength"": 0.7, ""value"": ""Zipper closure""}]",[],"[""material"", ""fit""]","[""brand"", ""feature"", ""budget"", ""use_case"", ""color""]",color,"{""entropy"": 1.7709505944546686, ""value_counts"": {""black"": 6, ""green"": 1, ""orange"": 1, ""red"": 1, ""white"": 1}}",50,"[""B0BF8WFXSY"", ""B00RGANJFA"", ""B002PU9T4Q"", ""B07BMCB4LC"", ""B0C4NH42NH"", ""B087R8WNF6"", ""B09LKK71J2"", ""B08X9KBY42"", ""B00FU5DMYG"", ""B01010XX0M""]",18.865599995478988,True,browsing,B07K4FX4WZ,
public_0021,6,reranker,entropy,browsing,specific,Men Pants,"[{""explicit"": false, ""hard"": false, ""kind"": ""feature"", ""negated"": false, ""source"": ""ambiguous_disclosure"", ""source_turn"": 3, ""strength"": 0.7, ""value"": ""Imported""}, {""explicit"": false, ""hard"": false, ""kind"": ""feature"", ""negated"": false, ""source"": ""ambiguous_disclosure"", ""source_turn"": 3, ""strength"": 0.7, ""value"": ""Zipper closure""}]",[],"[""material"", ""fit""]","[""brand"", ""feature"", ""budget"", ""use_case"", ""color"", ""material""]",material,"{""entropy"": 1.5431146731162972, ""value_counts"": {""cotton"": 23, ""fabric"": 2, ""nylon"": 2, ""polyester"": 18, ""spandex"": 1}}",50,"[""B0BF8WFXSY"", ""B00RGANJFA"", ""B002PU9T4Q"", ""B07BMCB4LC"", ""B0C4NH42NH"", ""B087R8WNF6"", ""B09LKK71J2"", ""B08X9KBY42"", ""B00FU5DMYG"", ""B01010XX0M""]",23.42399998451583,True,browsing,B07K4FX4WZ,
public_0021,7,reranker,entropy,browsing,specific,Men Pants,"[{""explicit"": false, ""hard"": false, ""kind"": ""feature"", ""negated"": false, ""source"": ""ambiguous_disclosure"", ""source_turn"": 3, ""strength"": 0.7, ""value"": ""Imported""}, {""explicit"": false, ""hard"": false, ""kind"": ""feature"", ""negated"": false, ""source"": ""ambiguous_disclosure"", ""source_turn"": 3, ""strength"": 0.7, ""value"": ""Zipper closure""}, {""explicit"": false, ""hard"": false, ""kind"": ""material"", ""negated"": false, ""source"": ""ambiguous_disclosure"", ""source_turn"": 7, ""strength"": 0.7, ""value"": ""polyester""}, {""explicit"": false, ""hard"": false, ""kind"": ""material"", ""negated"": false, ""source"": ""ambiguous_disclosure"", ""source_turn"": 7, ""strength"": 0.7, ""value"": ""98% Polyester, 2% Spandex""}]",[],"[""material"", ""fit""]","[""brand"", ""feature"", ""budget"", ""use_case"", ""color"", ""material"", ""style""]",style,"{""entropy"": 1.405773299511472, ""value_counts"": {""baby-boys"": 1, ""boys"": 1, ""industrial and scientific"": 1, ""men's"": 1, ""mens"": 33, ""unisex adult"": 1, ""womens"": 9}}",50,"[""B07K4FX4WZ"", ""B00WB99UL8"", ""B0C4NH42NH"", ""B002GHCE3Q"", ""B07HR1B7TS"", ""B0B7BR44DR"", ""B08M5XHWSJ"", ""B00QPO13HO"", ""B07BQGXVVW"", ""B01KCPKHSM""]",156.93590001319535,True,browsing,B07K4FX4WZ,1
public_0022,1,reranker,entropy,buying,specific,Dresses Casual,"[{""explicit"": true, ""hard"": true, ""kind"": ""material"", ""negated"": false, ""source"": ""explicit_requirement"", ""source_turn"": 1, ""strength"": 1.0, ""value"": ""fabric""}]",[],"[""comfort"", ""fit"", ""style"", ""material""]","[""brand""]",brand,"{""entropy"": 5.323856189774724, ""value_counts"": {""alki'i"": 1, ""annabelle"": 2, ""auhegn"": 1, ""berydress"": 1, ""bigyonger"": 1, ""bokaly"": 2, ""btfbm"": 1, ""cooki"": 1, ""cooki women dresses"": 1, ""daily ritual"": 1, ""dana kay"": 1, ""dress depot"": 1, ""elescat"": 1, ""fairylove"": 1, ""generic"": 1, ""i2crazy"": 1, ""ikdxuf"": 1, ""ilover"": 1, ""ingear"": 1, ""iooiooi"": 1, ""keedone"": 1, ""krisp"": 1, ""kyleon"": 1, ""la leela"": 2, ""lol\u00eb"": 2, ""lrosey"": 1, ""mckol"": 1, ""melynnco"": 1, ""mikilon women dress"": 1, ""milan style"": 1, ""modaioo"": 1, ""moddeals"": 1, ""nlomoct"": 1, ""outline"": 1, ""poseshe"": 1, ""prana"": 1, ""sakkas"": 4, ""styleword"": 1, ""swiusd"": 1, ""teedesign"": 1, ""yathon"": 1, ""yesno"": 1, ""yonywa"": 1}}",50,"[""B07483YC42"", ""B01NBF7O73"", ""B088HDH339"", ""B09CTWQHL1"", ""B07DMDCNYH"", ""B07MTXG184"", ""B07QCKPNG1"", ""B0B64SWL1N"", ""B07CR7TQJV"", ""B07PCHWJFW""]",28.256499994313344,True,buying,B08F5G843H,
public_0022,2,reranker,entropy,buying,specific,Dresses Casual,"[{""explicit"": true, ""hard"": true, ""kind"": ""material"", ""negated"": false, ""source"": ""explicit_requirement"", ""source_turn"": 1, ""strength"": 1.0, ""value"": ""fabric""}]",[],"[""comfort"", ""fit"", ""style"", ""material""]","[""brand"", ""feature""]",feature,"{""entropy"": 5.103465189601647, ""value_counts"": {""100% cotton"": 2, ""100% polyester"": 2, ""100% rayon"": 1, ""44% nylon/ 44% polyester/10% lycra"": 1, ""45recycpoly/45poly/10spandex"": 1, ""46% modal/46%cotton/8%elastane"": 1, ""60% cotton 35% polyamide 5% spandex"": 1, ""65% cotton, 35% polyester"": 1, ""70%viscose 30%polyester"": 1, ""95% polyester, 5% elastane"": 1, ""95% polyester, 5% spandex"": 2, ""95% rayon, 5% spandex"": 1, ""95% viscose, 5% elastane"": 1, ""96% polyester & 6% spandex"": 1, ""96% rayon / 4% spandex"": 1, ""96% rayon, 4% spandex"": 1, ""button closure"": 3, ""comfortable great quality material : 95%polyester, 5%spandex"": 1, ""elastic closure"": 1, ""fabric: 100% cotton, soft, comfy, breathable and keep you co"": 1, ""hand wash only"": 3, ""material: polyester. premium quality fabric, stretchy,soft a"": 1, ""material\uff1a75% cotton, 20% elastane, 5% polyester"": 1, ""polyester and spandex"": 1, ""pull on closure"": 3, ""quality fabric: 95% polyester + 5% spandex, silk feeling fab"": 1, ""sale today, save 5% when purchase 1 ,save 10% when purchase "": 1, ""shell: 100% linen. lining: 100% polyesters. high quality & b"": 1, ""sleeveless dress features floral pattern, neckline and hem e"": 1, ""soft smooth lightweight non sheer fabric, good for light tra"": 1, ""soft smooth rayon non sheer fabric, good for travel and no s"": 1, ""summer dresses for women. clearance! hot sale! buy 2 get 5% "": 1, ""tie closure"": 3, ""valentine's day best gifts for her/women/mom/friends today's"": 1, ""wrap closure"": 1, ""\u265b material:85% cotton,15% linen, relaxed and breathable fabr"": 1, ""\ud83d\udc95today's deals!!! hot sale summer dresses for women \ud83d\udc95best gi"": 1, ""\ud83d\udc98\u3010comfortable soft material\u3011: 95%polyester + 5%spandex. wome"": 2}}",50,"[""B07483YC42"", ""B01NBF7O73"", ""B088HDH339"", ""B09CTWQHL1"", ""B07DMDCNYH"", ""B07MTXG184"", ""B07QCKPNG1"", ""B0B64SWL1N"", ""B07CR7TQJV"", ""B07PCHWJFW""]",21.135999995749444,True,buying,B08F5G843H,
public_0022,3,reranker,entropy,buying,specific,Dresses Casual,"[{""explicit"": true, ""hard"": true, ""kind"": ""material"", ""negated"": false, ""source"": ""explicit_requirement"", ""source_turn"": 1, ""strength"": 1.0, ""value"": ""fabric""}, {""explicit"": false, ""hard"": false, ""kind"": ""feature"", ""negated"": false, ""source"": ""ambiguous_disclosure"", ""source_turn"": 3, ""strength"": 0.7, ""value"": ""Imported""}, {""explicit"": false, ""hard"": false, ""kind"": ""feature"", ""negated"": false, ""source"": ""ambiguous_disclosure"", ""source_turn"": 3, ""strength"": 0.7, ""value"": ""Pull On closure""}]",[],"[""comfort"", ""fit"", ""style"", ""material""]","[""brand"", ""feature"", ""color""]",color,"{""entropy"": 2.298852726158181, ""value_counts"": {""black"": 7, ""blue"": 2, ""green"": 3, ""purple"": 2, ""white"": 2, ""yellow"": 1}}",50,"[""B072WJ1GWL"", ""B09D75F31V"", ""B07K7B7CRF"", ""B01M1LATYH"", ""B07FCKXH14"", ""B0BYT47WQR"", ""B00JBOV0AA"", ""B075CCQMW5"", ""B08L5XP1H9"", ""B0B7NJNR76""]",254.61199998972006,True,buying,B08F5G843H,
public_0022,4,reranker,entropy,buying,specific,Dresses Casual,"[{""explicit"": true, ""hard"": true, ""kind"": ""material"", ""negated"": false, ""source"": ""explicit_requirement"", ""source_turn"": 1, ""strength"": 1.0, ""value"": ""fabric""}, {""explicit"": false, ""hard"": false, ""kind"": ""feature"", ""negated"": false, ""source"": ""ambiguous_disclosure"", ""source_turn"": 3, ""strength"": 0.7, ""value"": ""Imported""}, {""explicit"": false, ""hard"": false, ""kind"": ""feature"", ""negated"": false, ""source"": ""ambiguous_disclosure"", ""source_turn"": 3, ""strength"": 0.7, ""value"": ""Pull On closure""}]",[],"[""comfort"", ""fit"", ""style"", ""material""]","[""brand"", ""feature"", ""color"", ""material""]",material,"{""entropy"": 2.0582849995616566, ""value_counts"": {""cotton"": 18, ""fabric"": 7, ""polyester"": 18, ""rayon"": 3, ""silk"": 1, ""spandex"": 3}}",50,"[""B072WJ1GWL"", ""B09D75F31V"", ""B07K7B7CRF"", ""B01M1LATYH"", ""B07FCKXH14"", ""B0BYT47WQR"", ""B00JBOV0AA"", ""B075CCQMW5"", ""B08L5XP1H9"", ""B0B7NJNR76""]",35.76580001390539,True,buying,B08F5G843H,
public_0022,5,reranker,entropy,buying,specific,Dresses Casual,"[{""explicit"": true, ""hard"": true, ""kind"": ""material"", ""negated"": false, ""source"": ""explicit_requirement"", ""source_turn"": 1, ""strength"": 1.0, ""value"": ""fabric""}, {""explicit"": false, ""hard"": false, ""kind"": ""feature"", ""negated"": false, ""source"": ""ambiguous_disclosure"", ""source_turn"": 3, ""strength"": 0.7, ""value"": ""Imported""}, {""explicit"": false, ""hard"": false, ""kind"": ""feature"", ""negated"": false, ""source"": ""ambiguous_disclosure"", ""source_turn"": 3, ""strength"": 0.7, ""value"": ""Pull On closure""}, {""explicit"": false, ""hard"": false, ""kind"": ""material"", ""negated"": false, ""source"": ""ambiguous_disclosure"", ""source_turn"": 5, ""strength"": 0.7, ""value"": ""Fabric: 100% Cotton, Soft, Comfy, Breathable and keep you cool""}]",[],"[""comfort"", ""fit"", ""style"", ""material""]","[""brand"", ""feature"", ""color"", ""material"", ""use_case""]",use_case,"{""entropy"": 2.0716751737217094, ""value_counts"": {""casual"": 20, ""outdoor"": 6, ""running"": 1, ""sports"": 1, ""winter"": 9, ""work"": 10}}",50,"[""B08F5G843H"", ""B09D75F31V"", ""B09XF84RFM"", ""B07W4K48V5"", ""B08B8BKPQS"", ""B0BYT47WQR"", ""B0B4NT91ZR"", ""B0B6ZY9MMV"", ""B00J0834R4"", ""B07B8N5S5L""]",230.89190002065152,True,buying,B08F5G843H,1
public_0025,1,reranker,entropy,browsing,exploratory,Rompers & Overalls Rompers,[],[],"[""material"", ""fit"", ""comfort"", ""style""]","[""brand""]",brand,"{""entropy"": 6.023856189774724, ""value_counts"": {""aimcoo"": 1, ""american bazi"": 1, ""angashion"": 2, ""anrabess"": 4, ""bcbgeneration"": 2, ""beaurex"": 1, ""billabong"": 1, ""boarnseorl"": 1, ""btfbm"": 1, ""burt's bees baby"": 2, ""cairn"": 1, ""calvin klein"": 1, ""carol wright gifts"": 2, ""carter's"": 4, ""cfanny"": 1, ""coscoach"": 1, ""ddsol"": 1, ""deemers"": 1, ""devious apparel"": 1, ""doubauen"": 1, ""ensanrt"": 1, ""faatoop"": 1, ""ferenyi"": 1, ""fufucaillm"": 1, ""gamisote"": 1, ""grnshts"": 1, ""hemarisle"": 1, ""hihihi"": 1, ""honglin"": 1, ""in'voland"": 1, ""izod"": 1, ""judanzy"": 1, ""jw-fashion"": 1, ""kalftine"": 1, ""kimsummerja"": 1, ""laiyivic"": 1, ""lillusory"": 1, ""linsery"": 2, ""lvyinli"": 1, ""maroway"": 1, ""merokeety"": 1, ""miholl"": 1, ""misfay"": 1, ""moonhey"": 1, ""odanel"": 1, ""oeteo"": 1, ""olive & oak"": 1, ""omoone"": 1, ""parade"": 2, ""perzeal"": 1, ""plumberry"": 1, ""qeesmei"": 1, ""rare editions"": 1, ""reoria"": 1, ""romwe"": 8, ""runcati"": 1, ""senserise"": 1, ""shayu"": 2, ""shein"": 1, ""silly apples"": 1, ""snugwind"": 1, ""srendarky"": 1, ""sunnyme"": 1, ""sweatyrocks"": 4, ""sxclub"": 1, ""tearmer"": 1, ""thefound"": 1, ""tnyker"": 1, ""tob"": 1, ""tommy hilfiger"": 1, ""toogoo(r)"": 1, ""topgood"": 1, ""vamjump"": 1, ""weuie"": 1, ""yibock"": 1, ""yoins"": 1, ""zoiuytrg"": 1}}",100,"[""B0859TL6QX"", ""B08DNMTZK6"", ""B09Z9351BN"", ""B09Z945FVX"", ""B078VLQ9PH"", ""B0B3RJYM8C"", ""B088NFV83H"", ""B0899QTXHP"", ""B07TBZGW7R"", ""B0912RNG8S""]",29.120599996531382,True,browsing,B0BRS1DHVQ,
public_0025,2,reranker,entropy,browsing,exploratory,Rompers & Overalls Rompers,[],[],"[""material"", ""fit"", ""comfort"", ""style""]","[""brand"", ""feature""]",feature,"{""entropy"": 5.016365849924416, ""value_counts"": {""100% cotton"": 7, ""100% linen"": 1, ""100% polyester"": 10, ""30%polyester+70%rayon"": 1, ""50%viscose, 30%polyamide, 20%polyester"": 1, ""60% cotton, 40% polyester"": 3, ""64% cotton, 36% rayon"": 1, ""85% rayon, 15% nylon"": 1, ""95% cotton, 5% other fibers"": 1, ""95% polyester +5% cotton"": 1, ""95% polyester, 5% spandex"": 2, ""97% cotton, 3% spandex"": 1, ""97%cotton, 3%spandex"": 1, ""acrylic and cotton"": 1, ""buckle closure"": 1, ""button closure"": 5, ""cotton"": 2, ""cotton blend"": 1, ""cotton/polyester"": 1, ""denim"": 1, ""denim,cotton"": 1, ""drawstring closure"": 7, ""elastic waist closure"": 1, ""elastic,cotton"": 1, ""everyone's figure is different, please refer to size chart b"": 1, ""hand wash only"": 1, ""item type: women jumpsuit & rompers"": 1, ""lace"": 1, ""machine wash"": 5, ""material: 90% cotton+10% viscose"": 1, ""material: cotton blended, made of high quality. soft and bre"": 1, ""material: cotton. this womens romper is 100% brand new and h"": 1, ""organic cotton"": 1, ""polyester"": 2, ""polyester + cotton"": 1, ""polyester,cotton"": 1, ""polyester,rayon"": 1, ""premium material: made of high quality material, durable and"": 2, ""pull on closure"": 4, ""self: 100% polyester; contrast: 100% polyester"": 1, ""snap closure"": 1, ""style a / style b: cotton and linen / polyester-cotton blend"": 1, ""terry cloth"": 1, ""women's casual sexy deep v-neck short sleeve backless party "": 1, ""zipper closure"": 3, ""\u2605material: 97% polyester, 3% spandex"": 1}}",100,"[""B0859TL6QX"", ""B08DNMTZK6"", ""B09Z9351BN"", ""B09Z945FVX"", ""B078VLQ9PH"", ""B0B3RJYM8C"", ""B088NFV83H"", ""B0899QTXHP"", ""B07TBZGW7R"", ""B0912RNG8S""]",21.355200005928054,True,browsing,B0BRS1DHVQ,
public_0025,3,reranker,entropy,browsing,specific,Rompers & Overalls Rompers,"[{""explicit"": false, ""hard"": false, ""kind"": ""feature"", ""negated"": false, ""source"": ""ambiguous_disclosure"", ""source_turn"": 3, ""strength"": 0.7, ""value"": ""Imported""}, {""explicit"": false, ""hard"": false, ""kind"": ""feature"", ""negated"": false, ""source"": ""ambiguous_disclosure"", ""source_turn"": 3, ""strength"": 0.7, ""value"": ""Hook and Eye closure""}]",[],"[""material"", ""fit"", ""comfort"", ""style""]","[""brand"", ""feature"", ""use_case""]",use_case,"{""entropy"": 2.2617608164864147, ""value_counts"": {""casual"": 14, ""gym"": 3, ""outdoor"": 5, ""sports"": 2, ""winter"": 3, ""work"": 7}}",50,"[""B0BRS1DHVQ"", ""B07DPNFST4"", ""B07BLMLLVW"", ""B09NPTS7SV"", ""B09ZJNQ64X"", ""B086755PW7"", ""B09YHKC651"", ""B0BP6MDDKN"", ""B0C85DLG1F"", ""B09WQD14BT""]",232.7960999973584,True,browsing,B0BRS1DHVQ,1
public_0026,1,reranker,entropy,buying,specific,Running Trail Running,"[{""explicit"": true, ""hard"": true, ""kind"": ""feature"", ""negated"": false, ""source"": ""explicit_requirement"", ""source_turn"": 1, ""strength"": 1.0, ""value"": ""100% Synthetic""}]",[],"[""material"", ""fit""]","[""brand""]",brand,"{""entropy"": 3.1894154236665506, ""value_counts"": {""adidas"": 4, ""asics"": 9, ""brooks"": 1, ""hoka one one"": 1, ""merrell"": 5, ""mizuno"": 1, ""new balance"": 4, ""reebok"": 1, ""ryka"": 1, ""salomon"": 11, ""saucony"": 9, ""skechers"": 1, ""teva"": 1, ""the north face"": 1}}",50,"[""B073K3Z3JM"", ""B002EQAHR4"", ""B008JEWBAG"", ""B0002M13Q6"", ""B0033PSIHQ"", ""B0039UTDFQ"", ""B00BMLXS0U"", ""B00AO3BMPU"", ""B0056EG9MS"", ""B07CZ862B2""]",19.908599992049858,True,buying,B093R14VP1,
public_0026,2,reranker,entropy,buying,specific,Running Trail Running,"[{""explicit"": true, ""hard"": true, ""kind"": ""feature"", ""negated"": false, ""source"": ""explicit_requirement"", ""source_turn"": 1, ""strength"": 1.0, ""value"": ""100% Synthetic""}]",[],"[""material"", ""fit""]","[""brand"", ""feature""]",feature,"{""entropy"": 2.6865978472532923, ""value_counts"": {""100% fabric, mesh, tpu"": 1, ""100% leather_textile"": 1, ""100% mesh"": 1, ""100% mesh and synthetic"": 2, ""100% nylon and synthetic"": 1, ""100% synthetic"": 26, ""100% synthetic and fabric"": 2, ""100% synthetic and mesh"": 7, ""100% synthetic and nylon"": 1, ""100% textile and synthetic"": 1, ""100% textile/synthetic"": 1, ""50% synthetic, 50% mesh"": 2, ""75% synthetic, 25% mesh"": 1, ""mesh"": 1, ""synthetic and mesh"": 1, ""synthetic-and-mesh"": 1}}",50,"[""B073K3Z3JM"", ""B002EQAHR4"", ""B008JEWBAG"", ""B0002M13Q6"", ""B0033PSIHQ"", ""B0039UTDFQ"", ""B00BMLXS0U"", ""B00AO3BMPU"", ""B0056EG9MS"", ""B07CZ862B2""]",19.012400007341057,True,buying,B093R14VP1,
public_0026,3,reranker,entropy,buying,specific,Running Trail Running,"[{""explicit"": true, ""hard"": true, ""kind"": ""feature"", ""negated"": false, ""source"": ""explicit_requirement"", ""source_turn"": 1, ""strength"": 1.0, ""value"": ""100% Synthetic""}, {""explicit"": false, ""hard"": false, ""kind"": ""feature"", ""negated"": false, ""source"": ""ambiguous_disclosure"", ""source_turn"": 3, ""strength"": 0.7, ""value"": ""Imported""}, {""explicit"": false, ""hard"": false, ""kind"": ""feature"", ""negated"": false, ""source"": ""ambiguous_disclosure"", ""source_turn"": 3, ""strength"": 0.7, ""value"": ""Rubber sole""}]",[],"[""material"", ""fit""]","[""brand"", ""feature"", ""color""]",color,"{""entropy"": 1.584962500721156, ""value_counts"": {""black"": 1, ""blue"": 1, ""white"": 1}}",50,"[""B0002M13Q6"", ""B008JEWBAG"", ""B00BMLXS0U"", ""B073K3Z3JM"", ""B093R14VP1"", ""B00B9TVIBQ"", ""B00KXIMWVY"", ""B008JFE84W"", ""B07CZ862B2"", ""B00GUTG3SS""]",18.991799996001646,True,buying,B093R14VP1,5
public_0028,1,reranker,entropy,buying,specific,Card Cases & Money Organizers Wallets,"[{""explicit"": true, ""hard"": true, ""kind"": ""material"", ""negated"": false, ""source"": ""explicit_requirement"", ""source_turn"": 1, ""strength"": 1.0, ""value"": ""leather""}]",[],"[""material"", ""fit""]","[""brand""]",brand,"{""entropy"": 5.376629167387822, ""value_counts"": {""belarno"": 1, ""birch leathers"": 1, ""budd leather"": 1, ""buxton"": 2, ""coach"": 1, ""dealstores123"": 2, ""dowco"": 1, ""fossil"": 1, ""gintaxen"": 1, ""gryphen"": 1, ""guess"": 1, ""honbeanify"": 1, ""hot leathers"": 1, ""latico"": 1, ""lb leatherboss"": 1, ""levi's"": 1, ""lodis"": 2, ""marshal"": 2, ""mestart"": 1, ""michael kors"": 1, ""moga"": 1, ""money clamp"": 1, ""moonar"": 1, ""mr.sep"": 1, ""nbfu leather"": 1, ""newhide"": 1, ""number 1 in service"": 1, ""oak leathers"": 1, ""ohm leather"": 1, ""osgoode marley"": 1, ""owl"": 1, ""prada"": 1, ""royce leather"": 1, ""timberland"": 1, ""tom barrington"": 1, ""tumi"": 2, ""u.s. army"": 1, ""uche global"": 1, ""unknown"": 1, ""visconti"": 1, ""wondermolly"": 1, ""y&g"": 1, ""yafeige"": 1}}",50,"[""B0009WOM76"", ""B00BRSVXFK"", ""B008KWRQ48"", ""B00793M0Z4"", ""B006UTCYWM"", ""B0051XTYKI"", ""B00CDWJ3B0"", ""B002JIO3RC"", ""B00AT8IWWQ"", ""B008UZO4KO""]",31.199299992294982,True,buying,B0B9ZYDDZ1,
public_0028,2,reranker,entropy,buying,specific,Card Cases & Money Organizers Wallets,"[{""explicit"": true, ""hard"": true, ""kind"": ""material"", ""negated"": false, ""source"": ""explicit_requirement"", ""source_turn"": 1, ""strength"": 1.0, ""value"": ""leather""}]",[],"[""material"", ""fit""]","[""brand"", ""feature""]",feature,"{""entropy"": 3.880473356498544, ""value_counts"": {""100% genuine leather"": 1, ""100% leather"": 7, ""2 currency compartment"": 1, ""7\"" x 3.5\"" (17 x 9 cm)"": 1, ""78% pu, 22% split leather"": 1, ""90% cow leather , 10% cotton"": 1, ""coach brown signature buckle zip around wallet 43393 skhma"": 1, ""dealstores123 - zippered security compartments"": 1, ""every wallet 100% unique"": 1, ""genuine cow leather (7.5"": 1, ""genuine leather"": 1, ""handcrafted genuine leather wallet"": 1, ""handmade brown"": 1, ""innovative design -- 3 in 1 large capacity accordion wallet,"": 1, ""leather"": 3, ""leather lining"": 13, ""made in usa"": 1, ""made in usa or imported"": 1, ""material: synthetic leather"": 1, ""measures aprox: 9\""(l) 0.5\"" (w) 5\"" (h)"": 1, ""michael kors fulton leather wristlet"": 1, ""size 7.5\""x 3.9\""x 0.8\"""": 1, ""snap closure"": 1, ""soft cowhide nappa"": 1, ""with six different id holders to choose from, you're sure to"": 1}}",50,"[""B0009WOM76"", ""B00BRSVXFK"", ""B008KWRQ48"", ""B00793M0Z4"", ""B006UTCYWM"", ""B0051XTYKI"", ""B00CDWJ3B0"", ""B002JIO3RC"", ""B00AT8IWWQ"", ""B008UZO4KO""]",21.575599996140227,True,buying,B0B9ZYDDZ1,
public_0028,3,reranker,entropy,buying,specific,Card Cases & Money Organizers Wallets,"[{""explicit"": true, ""hard"": true, ""kind"": ""material"", ""negated"": false, ""source"": ""explicit_requirement"", ""source_turn"": 1, ""strength"": 1.0, ""value"": ""leather""}]",[],"[""material"", ""fit""]","[""brand"", ""feature"", ""style""]",style,"{""entropy"": 3.8664957609623607, ""value_counts"": {""audrey"": 1, ""belt wallet"": 2, ""bifold wallet"": 2, ""card case wallet"": 1, ""classic"": 2, ""eloise"": 1, ""expedition ii rfid leather front pocket money clip wallet"": 1, ""extra capacity slimfold wallet"": 1, ""genuine leather rfid blocking passcase security wallets"": 1, ""harper"": 1, ""mens"": 15, ""minimalist"": 2, ""monaco global wallet with coin pocket"": 1, ""money clip wallet"": 1, ""ny simple bifold"": 1, ""organizer wallet"": 1, ""rfid wallet"": 3, ""soft"": 1, ""stephanie rfid blocking under lock & key credit card case w/"": 1, ""unisex-adult"": 3, ""vintage"": 1, ""womens"": 4, ""zippered wallet"": 3}}",50,"[""B0009WOM76"", ""B00BRSVXFK"", ""B008KWRQ48"", ""B00793M0Z4"", ""B006UTCYWM"", ""B0051XTYKI"", ""B00CDWJ3B0"", ""B002JIO3RC"", ""B00AT8IWWQ"", ""B008UZO4KO""]",17.753199994331226,True,buying,B0B9ZYDDZ1,
public_0028,4,reranker,entropy,buying,specific,Card Cases & Money Organizers Wallets,"[{""explicit"": true, ""hard"": true, ""kind"": ""material"", ""negated"": false, ""source"": ""explicit_requirement"", ""source_turn"": 1, ""strength"": 1.0, ""value"": ""leather""}]",[],"[""material"", ""fit""]","[""brand"", ""feature"", ""style"", ""color""]",color,"{""entropy"": 2.2146104475937505, ""value_counts"": {""black"": 16, ""blue"": 3, ""brown"": 13, ""orange"": 1, ""pink"": 2, ""purple"": 2, ""red"": 4}}",50,"[""B0009WOM76"", ""B00BRSVXFK"", ""B008KWRQ48"", ""B00793M0Z4"", ""B006UTCYWM"", ""B0051XTYKI"", ""B00CDWJ3B0"", ""B002JIO3RC"", ""B00AT8IWWQ"", ""B008UZO4KO""]",18.590499996207654,True,buying,B0B9ZYDDZ1,
public_0028,5,reranker,entropy,buying,specific,Card Cases & Money Organizers Wallets,"[{""explicit"": true, ""hard"": true, ""kind"": ""material"", ""negated"": false, ""source"": ""explicit_requirement"", ""source_turn"": 1, ""strength"": 1.0, ""value"": ""leather""}, {""explicit"": false, ""hard"": false, ""kind"": ""color"", ""negated"": false, ""source"": ""ambiguous_disclosure"", ""source_turn"": 5, ""strength"": 0.7, ""value"": ""color: black""}]",[],"[""material"", ""fit""]","[""brand"", ""feature"", ""style"", ""color"", ""budget""]",budget,"{""entropy"": 1.657742726504889, ""value_counts"": {""under_25"": 5, ""under_50"": 2, ""under_75"": 1, ""under_750"": 1}}",50,"[""B008UZO4KO"", ""B00793M0Z4"", ""B007IW47FC"", ""B008KWRQ48"", ""B002JIO3RC"", ""B008LMNKYW"", ""B0099NSYPM"", ""B01NAAWLXP"", ""B014KPGIG0"", ""B00KI0KOPS""]",149.43140000104904,True,buying,B0B9ZYDDZ1,
public_0028,6,reranker,entropy,buying,specific,Card Cases & Money Organizers Wallets,"[{""explicit"": true, ""hard"": true, ""kind"": ""material"", ""negated"": false, ""source"": ""explicit_requirement"", ""source_turn"": 1, ""strength"": 1.0, ""value"": ""leather""}, {""explicit"": false, ""hard"": false, ""kind"": ""color"", ""negated"": false, ""source"": ""ambiguous_disclosure"", ""source_turn"": 5, ""strength"": 0.7, ""value"": ""color: black""}]",[],"[""material"", ""fit""]","[""brand"", ""feature"", ""style"", ""color"", ""budget"", ""use_case""]",use_case,"{""entropy"": 1.5, ""value_counts"": {""casual"": 1, ""winter"": 1, ""work"": 2}}",50,"[""B008UZO4KO"", ""B00793M0Z4"", ""B007IW47FC"", ""B008KWRQ48"", ""B002JIO3RC"", ""B008LMNKYW"", ""B0099NSYPM"", ""B01NAAWLXP"", ""B014KPGIG0"", ""B00KI0KOPS""]",25.5190999887418,True,buying,B0B9ZYDDZ1,
public_0028,7,reranker,entropy,buying,specific,Card Cases & Money Organizers Wallets,"[{""explicit"": true, ""hard"": true, ""kind"": ""material"", ""negated"": false, ""source"": ""explicit_requirement"", ""source_turn"": 1, ""strength"": 1.0, ""value"": ""leather""}, {""explicit"": false, ""hard"": false, ""kind"": ""color"", ""negated"": false, ""source"": ""ambiguous_disclosure"", ""source_turn"": 5, ""strength"": 0.7, ""value"": ""color: black""}]",[],"[""material"", ""fit""]","[""brand"", ""feature"", ""style"", ""color"", ""budget"", ""use_case"", ""size""]",size,"{""entropy"": 1.0, ""value_counts"": {""4 x 8 in."": 1, ""regular"": 1}}",50,"[""B008UZO4KO"", ""B00793M0Z4"", ""B007IW47FC"", ""B008KWRQ48"", ""B002JIO3RC"", ""B008LMNKYW"", ""B0099NSYPM"", ""B01NAAWLXP"", ""B014KPGIG0"", ""B00KI0KOPS""]",28.34740001708269,True,buying,B0B9ZYDDZ1,
public_0028,8,reranker,entropy,buying,specific,Card Cases & Money Organizers Wallets,"[{""explicit"": true, ""hard"": true, ""kind"": ""material"", ""negated"": false, ""source"": ""explicit_requirement"", ""source_turn"": 1, ""strength"": 1.0, ""value"": ""leather""}, {""explicit"": false, ""hard"": false, ""kind"": ""color"", ""negated"": false, ""source"": ""ambiguous_disclosure"", ""source_turn"": 5, ""strength"": 0.7, ""value"": ""color: black""}]",[],"[""material"", ""fit""]","[""brand"", ""feature"", ""style"", ""color"", ""budget"", ""use_case"", ""size"", ""material""]",material,"{""entropy"": 0.6211884030780174, ""value_counts"": {""cotton"": 2, ""leather"": 45, ""nylon"": 1, ""polyester"": 2}}",50,"[""B008UZO4KO"", ""B00793M0Z4"", ""B007IW47FC"", ""B008KWRQ48"", ""B002JIO3RC"", ""B008LMNKYW"", ""B0099NSYPM"", ""B01NAAWLXP"", ""B014KPGIG0"", ""B00KI0KOPS""]",21.585799986496568,True,buying,B0B9ZYDDZ1,
public_0028,9,reranker,entropy,buying,specific,Card Cases & Money Organizers Wallets,"[{""explicit"": true, ""hard"": true, ""kind"": ""material"", ""negated"": false, ""source"": ""explicit_requirement"", ""source_turn"": 1, ""strength"": 1.0, ""value"": ""leather""}, {""explicit"": false, ""hard"": false, ""kind"": ""color"", ""negated"": false, ""source"": ""ambiguous_disclosure"", ""source_turn"": 5, ""strength"": 0.7, ""value"": ""color: black""}, {""explicit"": false, ""hard"": false, ""kind"": ""material"", ""negated"": false, ""source"": ""ambiguous_disclosure"", ""source_turn"": 9, ""strength"": 0.7, ""value"": ""Leather""}, {""explicit"": false, ""hard"": false, ""kind"": ""material"", ""negated"": false, ""source"": ""ambiguous_disclosure"", ""source_turn"": 9, ""strength"": 0.7, ""value"": ""Polyester lining""}]",[],"[""material"", ""fit""]","[""brand"", ""feature"", ""style"", ""color"", ""budget"", ""use_case"", ""size"", ""material"", ""other""]",other,"{""fallback"": ""fewer_than_two_meaningful_values""}",50,"[""B08172T8MD"", ""B07SQFLSGJ"", ""B008KWRQ48"", ""B00793M0Z4"", ""B008UZO4KO"", ""B014KPGIG0"", ""B07NVXYHLX"", ""B00X6OGGTG"", ""B002JIO3RC"", ""B0099NSYPM""]",19.067500019446015,True,buying,B0B9ZYDDZ1,
public_0028,10,reranker,entropy,buying,specific,Card Cases & Money Organizers Wallets,"[{""explicit"": true, ""hard"": true, ""kind"": ""material"", ""negated"": false, ""source"": ""explicit_requirement"", ""source_turn"": 1, ""strength"": 1.0, ""value"": ""leather""}, {""explicit"": false, ""hard"": false, ""kind"": ""color"", ""negated"": false, ""source"": ""ambiguous_disclosure"", ""source_turn"": 5, ""strength"": 0.7, ""value"": ""color: black""}, {""explicit"": false, ""hard"": false, ""kind"": ""material"", ""negated"": false, ""source"": ""ambiguous_disclosure"", ""source_turn"": 9, ""strength"": 0.7, ""value"": ""Leather""}, {""explicit"": false, ""hard"": false, ""kind"": ""material"", ""negated"": false, ""source"": ""ambiguous_disclosure"", ""source_turn"": 9, ""strength"": 0.7, ""value"": ""Polyester lining""}]",[],"[""material"", ""fit""]","[""brand"", ""feature"", ""style"", ""color"", ""budget"", ""use_case"", ""size"", ""material"", ""other""]",other,"{""fallback"": ""fewer_than_two_meaningful_values""}",50,"[""B08172T8MD"", ""B07SQFLSGJ"", ""B008KWRQ48"", ""B00793M0Z4"", ""B008UZO4KO"", ""B014KPGIG0"", ""B07NVXYHLX"", ""B00X6OGGTG"", ""B002JIO3RC"", ""B0099NSYPM""]",21.16480001132004,True,buying,B0B9ZYDDZ1,
public_0035,1,reranker,entropy,browsing,exploratory,Athletic Walking,[],[],"[""material"", ""performance"", ""durability""]","[""brand""]",brand,"{""entropy"": 6.063856189774724, ""value_counts"": {""ablanczoom"": 1, ""adidas"": 4, ""akk"": 1, ""aodong"": 1, ""ashion"": 1, ""azooken"": 2, ""bmcitybm"": 1, ""brooks"": 1, ""bruno marc"": 1, ""camel"": 1, ""chenghe"": 1, ""columbia"": 1, ""correct-position"": 1, ""cross country track and field gift apparel"": 1, ""dafajgy"": 1, ""duoro"": 1, ""elaphurus"": 1, ""escort runners"": 1, ""evolv"": 1, ""ezkrwxn"": 2, ""fandee"": 1, ""filwo"": 1, ""gemax"": 1, ""generic"": 1, ""gesimei"": 1, ""gomnear"": 1, ""grition"": 1, ""hawkwell"": 1, ""hi-tec"": 1, ""interestprint"": 1, ""jee trum"": 1, ""jenn ardor"": 2, ""konhill"": 1, ""krimus"": 1, ""lamincoa"": 1, ""lancrop"": 1, ""littleplum"": 1, ""luprine"": 1, ""naikoyo"": 1, ""new balance"": 4, ""nike"": 1, ""obymeus"": 1, ""odema"": 1, ""pamray"": 1, ""pau1hami1ton"": 1, ""pozvnn"": 1, ""retro blue"": 1, ""runic"": 1, ""runmaxx"": 1, ""ryka"": 2, ""salomon"": 1, ""screenshot sports"": 2, ""sdolphin"": 2, ""shinfly"": 1, ""shoeict"": 1, ""sixxin"": 1, ""skdoiul"": 2, ""skechers"": 8, ""socviis"": 2, ""start"": 1, ""stq"": 1, ""talanes"": 1, ""tiamou"": 1, ""tiosebon"": 2, ""topo athletic"": 1, ""topteck"": 1, ""tsiodfo"": 1, ""tsla"": 1, ""under armour"": 1, ""ushobe"": 1, ""usyfakgh"": 1, ""vogana"": 1, ""vooncosir"": 1, ""wantdo"": 1, ""watelves"": 1, ""weweya"": 1, ""yhoon"": 1, ""yyz"": 1}}",100,"[""B0925MM7CD"", ""B0B6TPKVHX"", ""B08ZK7NZBX"", ""B09YQCNHZG"", ""B0BLRS4D39"", ""B019ELI8TA"", ""B07L3W74QQ"", ""B08RMT7665"", ""B09D96W56J"", ""B00MES8EIQ""]",22.497500001918525,True,boundary,B0BN6CCHB7,
public_0035,2,reranker,entropy,browsing,exploratory,Athletic Walking,[],[],"[""material"", ""performance"", ""durability""]","[""brand"", ""feature""]",feature,"{""entropy"": 4.377469449769275, ""value_counts"": {""100% mesh"": 1, ""100% mesh and leather"": 1, ""100% other fibers"": 1, ""100% suede/synthetic"": 1, ""100% synthetic"": 7, ""100% textile"": 2, ""100% textile/synthetic"": 1, ""75% suede/25% mesh"": 1, ""75% synthetic, 25% mesh"": 1, ""80% synthetic, 20% leather upper"": 1, ""85% cotton / 15% polyester"": 1, ""breathability: upper for high breathability that allows kid\u2019"": 1, ""carry your gym shoes separately or separate your sweaty clot"": 1, ""drawstring closure"": 1, ""ethylene vinyl acetate sole"": 2, ""fabric"": 1, ""fabric mixed with gold thread"": 1, ""imported"": 6, ""knit mesh"": 1, ""lightweight eva sole"": 1, ""md sole"": 2, ""mesh"": 3, ""our running shoes are a great gift for young girls or women "": 1, ""phylon sole"": 1, ""polyster"": 1, ""polyurethane sole"": 2, ""rubber sole"": 21, ""shoes water for women woman mens womens men golf kids hiking"": 1, ""solid colors: 80% cotton, 20% polyester; heather grey: 78% c"": 1, ""synthetic sole"": 1, ""textile and md"": 1, ""the topo difference: topo athletic designs athletic shoes th"": 1, ""thermoplastic rubber sole"": 1, ""vibram sole --unique diamond shape lugs on vibram outsole ar"": 1, ""womens walking shoes wide width"": 1, ""zipper closure"": 2, ""\u27a4solid color /comfortable walking running tennis sneakers sh"": 1, ""\ud83d\udc5f breathable upper: durable mesh upper with good stretch tha"": 1}}",100,"[""B0925MM7CD"", ""B0B6TPKVHX"", ""B08ZK7NZBX"", ""B09YQCNHZG"", ""B0BLRS4D39"", ""B019ELI8TA"", ""B07L3W74QQ"", ""B08RMT7665"", ""B09D96W56J"", ""B00MES8EIQ""]",18.593000015243888,True,boundary,B0BN6CCHB7,
public_0035,3,reranker,entropy,browsing,specific,Athletic Walking,"[{""explicit"": false, ""hard"": false, ""kind"": ""feature"", ""negated"": false, ""source"": ""ambiguous_disclosure"", ""source_turn"": 3, ""strength"": 0.7, ""value"": ""100% Textile""}, {""explicit"": false, ""hard"": false, ""kind"": ""feature"", ""negated"": false, ""source"": ""ambiguous_disclosure"", ""source_turn"": 3, ""strength"": 0.7, ""value"": ""Imported""}]",[],"[""material"", ""performance"", ""durability""]","[""brand"", ""feature"", ""color""]",color,"{""entropy"": 2.4193819456463714, ""value_counts"": {""black"": 3, ""blue"": 1, ""brown"": 1, ""green"": 2, ""grey"": 1, ""white"": 1}}",50,"[""B00HF6K5ZM"", ""B00MES8EIQ"", ""B00ITKSNFM"", ""B00UZ23FRI"", ""B00I9TMYVC"", ""B00ITKT4XM"", ""B09JLJP8VS"", ""B01I42AKS2"", ""B078GTVCS6"", ""B0BN6CCHB7""]",235.851300007198,True,boundary,B0BN6CCHB7,10
public_0039,1,reranker,entropy,browsing,exploratory,Women Jerseys,[],[],"[""comfort"", ""performance"", ""durability"", ""style""]","[""brand""]",brand,"{""entropy"": 5.355175975368542, ""value_counts"": {""adidas"": 8, ""adidas originals"": 3, ""alternative"": 1, ""altland"": 1, ""amazon essentials"": 2, ""american apparel"": 1, ""anivivo"": 1, ""apparel sense"": 1, ""arza sports"": 1, ""augusta sportswear"": 1, ""awesome21"": 1, ""badger sport"": 1, ""bh b.i.l.y usa"": 1, ""cafepress"": 1, ""canari cyclewear"": 1, ""casmyd"": 1, ""champion"": 2, ""cloya"": 1, ""club ride"": 1, ""cortese designs"": 1, ""daily ritual"": 8, ""ejwqwqe"": 1, ""free spirit wear"": 1, ""fryaid"": 1, ""genluna"": 1, ""gicaer"": 1, ""goodthreads"": 1, ""hill killer"": 1, ""isotoner"": 1, ""j2 sport"": 1, ""jpojpo"": 1, ""jwm"": 1, ""lady 12"": 1, ""lat"": 1, ""logopop"": 1, ""maarring"": 1, ""manstore"": 1, ""mlm fashion"": 1, ""moco"": 1, ""next level"": 1, ""nike"": 15, ""nouveaux"": 1, ""pearl izumi"": 3, ""polo ralph lauren"": 1, ""primal"": 3, ""rayiisuy"": 1, ""sampeel"": 1, ""scudopro"": 1, ""sgmwvb"": 1, ""spiritforged apparel"": 1, ""sport-tek"": 1, ""sports novelties"": 1, ""style"": 1, ""sundry"": 1, ""teeamore"": 1, ""thomsontan"": 1, ""under armour"": 2, ""urban cycling apparel"": 1, ""vans"": 1, ""weimostar"": 2, ""world jerseys"": 1, ""worth"": 1}}",100,"[""B009GJ6WLM"", ""B09KMX2SZR"", ""B008WICX9S"", ""B077Y6TRFD"", ""B088B5V3D5"", ""B07Y8F4JTC"", ""B01CE5HHAY"", ""B004R1NN4S"", ""B084B4VYMR"", ""B00R8KLOWI""]",34.27489998284727,True,browsing,B07TZCJW9X,
public_0039,2,reranker,entropy,browsing,exploratory,Women Jerseys,[],[],"[""comfort"", ""performance"", ""durability"", ""style""]","[""brand"", ""feature""]",feature,"{""entropy"": 5.104171947610854, ""value_counts"": {""100% brushed jersey sweater knit: 78.5% acrylic/19% nylon/2."": 1, ""100% cotton"": 4, ""100% moisture wicking fabric."": 1, ""100% polyester"": 19, ""15% cotton, 75% polyester, 10% spandex"": 1, ""33% viscose, 23% nylon, 22% wool, 18% cotton, 4% cashmere"": 1, ""40% polyester"": 1, ""50% polyester, 38% cotton, 12% rayon"": 1, ""60% combed cotton, 40% polyester"": 1, ""60% combed ringspun cotton, 40% polyester"": 1, ""60% cotton, 40% polyester"": 2, ""68% cotton/30% nylon/2% spandex"": 1, ""70% cotton, 30% polyester"": 1, ""75%cotton 22%nylon 3%spandex"": 1, ""80% polyester, 20% cotton"": 1, ""80% polyester, 20% spandex"": 1, ""84% recycled polyester, 16% elastane"": 1, ""88% polyester, 12% spandex"": 1, ""90% polyester, 10% elastane"": 1, ""90% polyester/10% lycra jersey with hydrophilic finish"": 1, ""92% polyester/ 8% spandex jersey"": 1, ""93% polyester, 3% natural latex rubber, 2% spandex, 2% nylon"": 2, ""95% polyester / 5% lycra jersey"": 1, ""95% rayon, 5% elastane"": 1, ""95% rayon, 5% spandex"": 3, ""95% viscose, 5% elastane"": 6, ""aawdrs0007 (55% polyester 40% rayon 5% spandex)"": 1, ""body: 91% nylon, 9% spandex inner cup: 87% nylon, 13% lycra "": 1, ""cotton blend"": 1, ""cotton+polyester"": 1, ""drawstring closure"": 3, ""elastic,jersey,spandex,rayon"": 1, ""fabric -- 60% polyester,35% rayon and 5% spandex"": 1, ""front panel lining: 43% nylon/40% polyester/17% spandex;cent"": 1, ""importado"": 1, ""jersey"": 6, ""jersey,cotton"": 1, ""jersey,polyester"": 2, ""jersey,polyester,net"": 1, ""machine wash"": 1, ""made in the usa"": 1, ""main body: 92% polyester, 8% elastane side panels and piping"": 1, ""mesh"": 2, ""mesh,polyester"": 1, ""micro jersey, 50% cotton - 50% lensing modal (lensing modal "": 1, ""polyester"": 1, ""polyester,spandex"": 1, ""pull on closure"": 2, ""reasonable price"": 1, ""regular: [95% rayon 5% spandex] & light sweater: [60% polyes"": 1, ""ring-spun cotton,jersey,polyester,spandex"": 1, ""shell: 95% cotton, 5% spandex"": 1, ""solid colors: 100% cotton; heather grey: 90% cotton, 10% pol"": 1, ""tag l for chest 34-36\"""": 1, ""team colored solid white one color wig; one size fits most"": 1}}",100,"[""B009GJ6WLM"", ""B09KMX2SZR"", ""B008WICX9S"", ""B077Y6TRFD"", ""B088B5V3D5"", ""B07Y8F4JTC"", ""B01CE5HHAY"", ""B004R1NN4S"", ""B084B4VYMR"", ""B00R8KLOWI""]",23.024599999189377,True,browsing,B07TZCJW9X,
public_0039,3,reranker,entropy,browsing,specific,Women Jerseys,"[{""explicit"": false, ""hard"": false, ""kind"": ""feature"", ""negated"": false, ""source"": ""ambiguous_disclosure"", ""source_turn"": 3, ""strength"": 0.7, ""value"": ""Zipper closure""}, {""explicit"": false, ""hard"": false, ""kind"": ""feature"", ""negated"": false, ""source"": ""ambiguous_disclosure"", ""source_turn"": 3, ""strength"": 0.7, ""value"": ""Hand Wash Only""}]",[],"[""comfort"", ""performance"", ""durability"", ""style""]","[""brand"", ""feature"", ""use_case""]",use_case,"{""entropy"": 2.4592908611573847, ""value_counts"": {""casual"": 7, ""hiking"": 3, ""outdoor"": 1, ""running"": 3, ""sports"": 1, ""winter"": 9, ""work"": 7}}",50,"[""B07TZCJW9X"", ""B08KXMJSZK"", ""B079JFMZ18"", ""B003O2TNSQ"", ""B07GD9HL4J"", ""B00N9TVN0K"", ""B003BLOWMW"", ""B018S9VM24"", ""B0056QQNEA"", ""B08HHB8DZJ""]",228.22719998657703,True,browsing,B07TZCJW9X,1
public_0040,1,reranker,entropy,browsing,exploratory,Active Pants Sweatpants,[],[],"[""material"", ""comfort"", ""fit"", ""style""]","[""brand""]",brand,"{""entropy"": 6.447538438261428, ""value_counts"": {""adeeja"": 1, ""adidas"": 2, ""aloodor"": 2, ""always"": 1, ""aongch"": 1, ""b-wear sportswear"": 1, ""balyuee"": 1, ""bass creek outfitters"": 1, ""blue chill"": 1, ""bontime"": 1, ""butrends"": 1, ""bwdbhd"": 1, ""camellia"": 1, ""camelsports"": 1, ""canghpgin"": 1, ""canrulo"": 1, ""cestyle"": 1, ""conceited"": 1, ""cordiu"": 1, ""dofaoo"": 1, ""dubie tie dye and hemp"": 1, ""duofier"": 1, ""ekouaer"": 1, ""envlon"": 1, ""eoselio"": 1, ""evaless"": 1, ""excellent elite spanker"": 1, ""fort"": 1, ""gildan"": 1, ""goodstoworld"": 1, ""hanes"": 1, ""hiskywin"": 1, ""holloway"": 1, ""international baggyz"": 1, ""jiumi"": 1, ""joe's usa"": 1, ""joyaria"": 1, ""kashoer"": 1, ""keepbeauty"": 1, ""kissonic"": 1, ""linkiom"": 1, ""listenwind"": 1, ""love fang"": 1, ""lucky ride"": 2, ""lucuna"": 1, ""mabove"": 1, ""made by emma"": 1, ""magiftbox"": 1, ""makarthy"": 1, ""meilonger"": 1, ""milumia"": 1, ""mocoly"": 1, ""motichasson"": 1, ""naggoo"": 1, ""nelife"": 1, ""neubrian"": 1, ""noahella"": 1, ""oluolin"": 1, ""ontbyb"": 1, ""ouber"": 1, ""outson"": 1, ""padasso"": 1, ""pants"": 1, ""polofy"": 1, ""poriff"": 1, ""rbx"": 1, ""reetwo"": 1, ""santiny"": 2, ""screenshot"": 1, ""sejardin"": 1, ""smilily"": 1, ""specialmagic"": 1, ""starter"": 2, ""sweatyrocks"": 1, ""sykooria"": 1, ""the gym people"": 1, ""thusfar"": 1, ""tqd"": 1, ""ugerlov"": 1, ""uideazone"": 1, ""under armour"": 4, ""urban daizy"": 1, ""wangdo"": 1, ""wsp-696"": 1, ""wuhou"": 1, ""xiaodriceee"": 1, ""xs jogger"": 1, ""yeokou"": 1, ""yovela"": 1, ""zengjo"": 1, ""zuty"": 1}}",100,"[""B07XXJRC62"", ""B07KSW1CVQ"", ""B08K8N3TGP"", ""B09QGLP7DG"", ""B08938H44N"", ""B09X439MFW"", ""B08DFVFZSP"", ""B087PNX5ZT"", ""B08LQGQY6F"", ""B099FCZVV3""]",23.266600008355454,True,browsing,B08ZJWTCDR,
public_0040,2,reranker,entropy,browsing,exploratory,Active Pants Sweatpants,[],[],"[""material"", ""comfort"", ""fit"", ""style""]","[""brand"", ""feature""]",feature,"{""entropy"": 5.195770703327825, ""value_counts"": {""100% cotton"": 2, ""100% polyester"": 9, ""12% cotton, 85% polyester, 3% spandex"": 1, ""50% cotton, 50% polyester"": 1, ""55% cotton, 39% polyester, 6% spandex"": 1, ""55%cottom39%polyester6%elastane"": 1, ""60% cotton, 40% polyester"": 3, ""62% polyester, 33% rayon, 5% spandex"": 1, ""63% cotton, 32% polyester, 5% spandex"": 1, ""65% cotton, 35% polyester"": 3, ""65% cotton, more breathable and softer; 35% polyester, joggi"": 1, ""65.8% polyester, 34.2% cotton"": 1, ""69% cotton, 26% polyester, 5% spandex"": 1, ""70% cotton, 25% polyester, 5% spandex. lining: 100% polyeste"": 1, ""73.3% cotton,20.4% polyester,6.3% spandex"": 1, ""75% cotton"": 1, ""75% nylon, 25% spandex"": 1, ""81% nylon/19% spandex"": 1, ""85% polyester, 15% viscose"": 1, ""87% polyester, 13% spandex"": 1, ""88% cotton, 12% polyester"": 1, ""88% cotton, 12% spandex"": 1, ""90% polyester+ 10% spandex"": 1, ""92%polyester + 8% spandex"": 1, ""95% cotton, 5% spandex"": 2, ""95% polyester, 5% cotton"": 1, ""95% polyester, 5% spandex"": 3, ""98% cotton, 2% elastane"": 1, ""belt closure"": 1, ""buckle closure"": 1, ""drawstring closure"": 18, ""elastic closure"": 1, ""fabric type: 90% cotton, soft sherpa lined - 100% polyester"": 1, ""fabric: chenille"": 1, ""fewptl0002 (60% cotton 35%viscose 5%spandex)"": 1, ""fleece"": 1, ""hand wash only"": 1, ""imported"": 3, ""lightweight and breathable shining fabric"": 1, ""material: 90% polyester, 10% spandex.super soft fabric,breat"": 1, ""material: the fabric of two piece sweatpants sets are stretc"": 1, ""material: velour fabric, soft and stretchy fabric lets you m"": 1, ""pink, white, black: 95% cotton, 5% spandex, fabric without f"": 1, ""poly/cotton"": 1, ""polyester+spandex"": 1, ""polyester, rayon, spandex"": 1, ""polyester,cotton,fleece"": 1, ""polyester,spandex"": 1, ""pull on closure"": 3, ""sport."": 1, ""sweatpants for men with pockets"": 1, ""tie closure"": 1, ""waffle"": 1, ""you will receive 1 womens pants - colors as pictured."": 1, ""\u2605premium mens jogger sweatpants, 55% cotton and 45% polyeste"": 1, ""\u266b pull on closure"": 1, ""\u27b8 100%polyeste.comfy material\uff1amens sweatpants are made of su"": 2, ""\u3010soft & breathable material\u301190% polyester 10% spandex. the a"": 1}}",100,"[""B07XXJRC62"", ""B07KSW1CVQ"", ""B08K8N3TGP"", ""B09QGLP7DG"", ""B08938H44N"", ""B09X439MFW"", ""B08DFVFZSP"", ""B087PNX5ZT"", ""B08LQGQY6F"", ""B099FCZVV3""]",23.057200014591217,True,browsing,B08ZJWTCDR,
public_0040,3,reranker,entropy,browsing,mixed,Active Pants Sweatpants,"[{""explicit"": false, ""hard"": false, ""kind"": ""feature"", ""negated"": false, ""source"": ""ambiguous_disclosure"", ""source_turn"": 3, ""strength"": 0.7, ""value"": ""Imported""}]",[],"[""material"", ""comfort"", ""fit"", ""style""]","[""brand"", ""feature"", ""color""]",color,"{""entropy"": 2.2841591278514217, ""value_counts"": {""black"": 5, ""blue"": 1, ""gray"": 1, ""green"": 1, ""grey"": 2, ""white"": 2}}",75,"[""B07XXJRC62"", ""B012Q9EF5S"", ""B0973M4832"", ""B085L58P9F"", ""B09P8BWX7P"", ""B09QGLP7DG"", ""B08JLG55SX"", ""B009VHH6WI"", ""B08T7JWRH1"", ""B09NB7MT7M""]",145.28530000825413,True,browsing,B08ZJWTCDR,
public_0040,4,reranker,entropy,browsing,specific,Active Pants Sweatpants,"[{""explicit"": false, ""hard"": false, ""kind"": ""feature"", ""negated"": false, ""source"": ""ambiguous_disclosure"", ""source_turn"": 3, ""strength"": 0.7, ""value"": ""Imported""}, {""explicit"": false, ""hard"": false, ""kind"": ""color"", ""negated"": false, ""source"": ""ambiguous_disclosure"", ""source_turn"": 4, ""strength"": 0.7, ""value"": ""color: black""}]",[],"[""material"", ""comfort"", ""fit"", ""style""]","[""brand"", ""feature"", ""color"", ""size""]",size,"{""entropy"": 2.5, ""value_counts"": {""athletic,slim"": 1, ""loose fit"": 1, ""medium"": 2, ""relaxed fit"": 2, ""x-large"": 1, ""xx-large"": 1}}",50,"[""B09NB7MT7M"", ""B09Y63S4MP"", ""B08T7JWRH1"", ""B097SM8WDS"", ""B085L58P9F"", ""B08FL9B9NR"", ""B01MXLDV6X"", ""B0B1HLDQ61"", ""B07XXJRC62"", ""B0BYCW1T1C""]",223.76429999712855,True,browsing,B08ZJWTCDR,
public_0040,5,reranker,entropy,browsing,specific,Active Pants Sweatpants,"[{""explicit"": false, ""hard"": false, ""kind"": ""feature"", ""negated"": false, ""source"": ""ambiguous_disclosure"", ""source_turn"": 3, ""strength"": 0.7, ""value"": ""Imported""}, {""explicit"": false, ""hard"": false, ""kind"": ""color"", ""negated"": false, ""source"": ""ambiguous_disclosure"", ""source_turn"": 4, ""strength"": 0.7, ""value"": ""color: black""}]",[],"[""material"", ""comfort"", ""fit"", ""style""]","[""brand"", ""feature"", ""color"", ""size"", ""use_case""]",use_case,"{""entropy"": 2.405883550093253, ""value_counts"": {""casual"": 3, ""gym"": 5, ""hiking"": 7, ""running"": 14, ""sports"": 2, ""winter"": 2, ""work"": 2}}",50,"[""B09NB7MT7M"", ""B09Y63S4MP"", ""B08T7JWRH1"", ""B097SM8WDS"", ""B085L58P9F"", ""B08FL9B9NR"", ""B01MXLDV6X"", ""B0B1HLDQ61"", ""B07XXJRC62"", ""B0BYCW1T1C""]",34.768000012263656,True,browsing,B08ZJWTCDR,
public_0040,6,reranker,entropy,browsing,specific,Active Pants Sweatpants,"[{""explicit"": false, ""hard"": false, ""kind"": ""feature"", ""negated"": false, ""source"": ""ambiguous_disclosure"", ""source_turn"": 3, ""strength"": 0.7, ""value"": ""Imported""}, {""explicit"": false, ""hard"": false, ""kind"": ""color"", ""negated"": false, ""source"": ""ambiguous_disclosure"", ""source_turn"": 4, ""strength"": 0.7, ""value"": ""color: black""}]",[],"[""material"", ""comfort"", ""fit"", ""style""]","[""brand"", ""feature"", ""color"", ""size"", ""use_case"", ""style""]",style,"{""entropy"": 1.9412863247311154, ""value_counts"": {""athletic,slim"": 1, ""girls"": 1, ""leggings"": 1, ""loose fit"": 1, ""mens"": 10, ""relaxed fit"": 2, ""slim"": 1, ""sportswear full zip club hoodie"": 1, ""unisex-adult"": 1, ""womens"": 28}}",50,"[""B09NB7MT7M"", ""B09Y63S4MP"", ""B08T7JWRH1"", ""B097SM8WDS"", ""B085L58P9F"", ""B08FL9B9NR"", ""B01MXLDV6X"", ""B0B1HLDQ61"", ""B07XXJRC62"", ""B0BYCW1T1C""]",28.441800008295104,True,browsing,B08ZJWTCDR,
public_0040,7,reranker,entropy,browsing,specific,Active Pants Sweatpants,"[{""explicit"": false, ""hard"": false, ""kind"": ""feature"", ""negated"": false, ""source"": ""ambiguous_disclosure"", ""source_turn"": 3, ""strength"": 0.7, ""value"": ""Imported""}, {""explicit"": false, ""hard"": false, ""kind"": ""color"", ""negated"": false, ""source"": ""ambiguous_disclosure"", ""source_turn"": 4, ""strength"": 0.7, ""value"": ""color: black""}]",[],"[""material"", ""comfort"", ""fit"", ""style""]","[""brand"", ""feature"", ""color"", ""size"", ""use_case"", ""style"", ""material""]",material,"{""entropy"": 1.783520108463289, ""value_counts"": {""cotton"": 23, ""fabric"": 2, ""leather"": 1, ""nylon"": 2, ""polyester"": 16, ""spandex"": 1, ""wool"": 1}}",50,"[""B09NB7MT7M"", ""B09Y63S4MP"", ""B08T7JWRH1"", ""B097SM8WDS"", ""B085L58P9F"", ""B08FL9B9NR"", ""B01MXLDV6X"", ""B0B1HLDQ61"", ""B07XXJRC62"", ""B0BYCW1T1C""]",47.82809998141602,True,browsing,B08ZJWTCDR,
public_0040,8,reranker,entropy,browsing,specific,Active Pants Sweatpants,"[{""explicit"": false, ""hard"": false, ""kind"": ""feature"", ""negated"": false, ""source"": ""ambiguous_disclosure"", ""source_turn"": 3, ""strength"": 0.7, ""value"": ""Imported""}, {""explicit"": false, ""hard"": false, ""kind"": ""color"", ""negated"": false, ""source"": ""ambiguous_disclosure"", ""source_turn"": 4, ""strength"": 0.7, ""value"": ""color: black""}, {""explicit"": false, ""hard"": false, ""kind"": ""material"", ""negated"": false, ""source"": ""ambiguous_disclosure"", ""source_turn"": 8, ""strength"": 0.7, ""value"": ""cotton""}, {""explicit"": false, ""hard"": false, ""kind"": ""material"", ""negated"": false, ""source"": ""ambiguous_disclosure"", ""source_turn"": 8, ""strength"": 0.7, ""value"": ""100% Cotton""}]",[],"[""material"", ""comfort"", ""fit"", ""style""]","[""brand"", ""feature"", ""color"", ""size"", ""use_case"", ""style"", ""material"", ""budget""]",budget,"{""entropy"": 0.9637459942073318, ""value_counts"": {""under_100"": 1, ""under_25"": 16, ""under_50"": 4}}",50,"[""B08FL9B9NR"", ""B09NB7MT7M"", ""B0BYCW1T1C"", ""B07L4ZQWLB"", ""B07S1LNZZH"", ""B07SXBCKM6"", ""B08ZJWTCDR"", ""B097SM8WDS"", ""B0B1HLDQ61"", ""B09Y63S4MP""]",179.02190002496354,True,browsing,B08ZJWTCDR,7
public_0052,1,reranker,entropy,buying,mixed,Tees & Blouses Tunics,"[{""explicit"": false, ""hard"": false, ""kind"": ""feature"", ""negated"": true, ""source"": ""ambiguous_disclosure"", ""source_turn"": 1, ""strength"": 0.7, ""value"": ""Hand Wash Only""}]",[],"[""comfort"", ""style"", ""material""]","[""brand""]",brand,"{""entropy"": 6.032086857133701, ""value_counts"": {""adibosy"": 1, ""aeneontrue"": 1, ""amore allfy"": 1, ""ayifu"": 1, ""bepei"": 1, ""beyove"": 1, ""biadani"": 1, ""bingerlily"": 2, ""bluetime"": 1, ""bofell"": 1, ""bonshiny"": 1, ""calvin klein"": 1, ""colouredays"": 1, ""coolibar"": 1, ""cyanstyle"": 1, ""dearcase"": 1, ""doublju"": 1, ""dutebare"": 1, ""eleton"": 1, ""esenchel"": 1, ""fansic"": 1, ""floral find"": 1, ""frumos"": 3, ""generic"": 1, ""glomeen"": 1, ""himone"": 1, ""hongqizo"": 1, ""hot hanger"": 1, ""hount"": 1, ""i2crazy"": 1, ""infitty"": 1, ""jomedesign"": 1, ""just quella"": 1, ""koitmy"": 1, ""lacozy"": 1, ""larace"": 1, ""letdiosto"": 1, ""linjou"": 2, ""lock and love"": 2, ""locryz"": 1, ""lovezesent"": 1, ""lyking"": 1, ""made by johnny"": 2, ""meaneor"": 1, ""meetza-fashion"": 1, ""miskely"": 1, ""miusey"": 1, ""nandashe"": 1, ""newchoice"": 1, ""ou mgce fast fashion"": 1, ""peacameo"": 1, ""pinupart"": 1, ""rosriss"": 1, ""saikesigirl"": 1, ""sakkas"": 1, ""simplefun"": 1, ""star vixen"": 1, ""tam ware"": 1, ""timeson"": 1, ""unidear"": 2, ""unifizz"": 1, ""urban coco"": 1, ""urru"": 1, ""uvog"": 1, ""wllw"": 1, ""wneedu"": 1, ""woman within"": 1, ""youtalia"": 1}}",75,"[""B00XV4CKDW"", ""B07XBPVLSD"", ""B076M663KT"", ""B09QRMJQ4J"", ""B07L8Y63VB"", ""B09MSY8926"", ""B07R4X4HH7"", ""B097N238QP"", ""B00U9TV0WY"", ""B071HDP43V""]",25.716500007547438,True,intent_override,B09G2ZNZY4,
public_0052,2,reranker,entropy,buying,mixed,Tees & Blouses Tunics,"[{""explicit"": false, ""hard"": false, ""kind"": ""feature"", ""negated"": true, ""source"": ""ambiguous_disclosure"", ""source_turn"": 1, ""strength"": 0.7, ""value"": ""Hand Wash Only""}]",[],"[""comfort"", ""style"", ""material""]","[""brand"", ""feature""]",feature,"{""entropy"": 4.901844777526923, ""value_counts"": {"". materials: 35%rayon 65%poly"": 1, ""100% cotton"": 2, ""100% polyester"": 3, ""100% rayon"": 1, ""25% cotton"": 1, ""35% polyester"": 1, ""3x women tops care: hand wash or machine wash in gentle; han"": 1, ""5% spandex"": 2, ""60% polyester, 35% rayon, 5% spandex"": 1, ""65% cotton"": 1, ""65% polyester"": 2, ""65%cotton 35%polyester"": 1, ""67%nylon+33%spandex"": 1, ""88% linen, 12% cotton"": 1, ""92% polyester, 8% spandex"": 1, ""95% cotton, 5% other fibers"": 2, ""95% polyester, 5% other fibers"": 1, ""95% polyester, 5% spandex"": 1, ""95% rayon / 5% spandex"": 1, ""95% rayon+5% spandex"": 1, ""95% rayon, 5% other fibers"": 5, ""95% rayon, 5% spandex"": 5, ""button closure"": 6, ""chiffon"": 1, ""cotton blend"": 1, ""double ring closure"": 1, ""fabric: long sleeve style:94% polyester and 6% spandex.short"": 1, ""fabric:94% polyester,6% spandex"": 1, ""hand wash only"": 6, ""imported"": 2, ""made in u.s.a."": 1, ""material: cotton and polyester,soft material comfortable for"": 1, ""materials: 60% polyester, 35% rayon, and 5% spandex, soft an"": 1, ""polyester+spandex"": 1, ""polyester, rayon, spandex"": 1, ""polyester,cotton"": 1, ""polyester-blend"": 2, ""pull on closure"": 9, ""pull on closure; 95% rayon, 5% spandex"": 1, ""sequin,cotton"": 1, ""viscose"": 1}}",75,"[""B00XV4CKDW"", ""B07XBPVLSD"", ""B076M663KT"", ""B09QRMJQ4J"", ""B07L8Y63VB"", ""B09MSY8926"", ""B07R4X4HH7"", ""B097N238QP"", ""B00U9TV0WY"", ""B071HDP43V""]",25.07160001550801,True,intent_override,B09G2ZNZY4,
public_0052,3,reranker,entropy,buying,specific,Tees & Blouses Tunics,"[{""explicit"": true, ""hard"": true, ""kind"": ""material"", ""negated"": false, ""source"": ""explicit_requirement"", ""source_turn"": 3, ""strength"": 1.0, ""value"": ""polyester""}]","[{""explicit"": true, ""hard"": true, ""kind"": ""feature"", ""negated"": true, ""source"": ""negation_or_replacement"", ""source_turn"": 3, ""strength"": 1.0, ""value"": ""Hand Wash Only""}]","[""comfort"", ""style"", ""material""]","[""brand"", ""feature"", ""color""]",color,"{""entropy"": 3.084962500721156, ""value_counts"": {""black"": 8, ""blue"": 2, ""brown"": 2, ""gray"": 2, ""green"": 2, ""grey"": 1, ""pink"": 1, ""purple"": 2, ""red"": 2, ""white"": 1, ""yellow"": 1}}",50,"[""B07YG84J18"", ""B0B64TYV9T"", ""B0713MH94B"", ""B00TOBRYH8"", ""B095NNNXDN"", ""B01I24HM92"", ""B0BD4QJ21V"", ""B07X2Z1L1S"", ""B083DNTR5X"", ""B01HP1ZW4K""]",60.34589998307638,True,intent_override,B09G2ZNZY4,
public_0052,4,reranker,entropy,buying,specific,Tees & Blouses Tunics,"[{""explicit"": true, ""hard"": true, ""kind"": ""material"", ""negated"": false, ""source"": ""explicit_requirement"", ""source_turn"": 3, ""strength"": 1.0, ""value"": ""polyester""}]","[{""explicit"": true, ""hard"": true, ""kind"": ""feature"", ""negated"": true, ""source"": ""negation_or_replacement"", ""source_turn"": 3, ""strength"": 1.0, ""value"": ""Hand Wash Only""}]","[""comfort"", ""style"", ""material""]","[""brand"", ""feature"", ""color"", ""use_case""]",use_case,"{""entropy"": 1.842388973474454, ""value_counts"": {""casual"": 14, ""gym"": 1, ""sports"": 1, ""winter"": 11, ""work"": 11}}",50,"[""B07YG84J18"", ""B0B64TYV9T"", ""B0713MH94B"", ""B00TOBRYH8"", ""B095NNNXDN"", ""B01I24HM92"", ""B0BD4QJ21V"", ""B07X2Z1L1S"", ""B083DNTR5X"", ""B01HP1ZW4K""]",27.310899982694536,True,intent_override,B09G2ZNZY4,
public_0052,5,reranker,entropy,buying,specific,Tees & Blouses Tunics,"[{""explicit"": true, ""hard"": true, ""kind"": ""material"", ""negated"": false, ""source"": ""explicit_requirement"", ""source_turn"": 3, ""strength"": 1.0, ""value"": ""polyester""}]","[{""explicit"": true, ""hard"": true, ""kind"": ""feature"", ""negated"": true, ""source"": ""negation_or_replacement"", ""source_turn"": 3, ""strength"": 1.0, ""value"": ""Hand Wash Only""}]","[""comfort"", ""style"", ""material""]","[""brand"", ""feature"", ""color"", ""use_case"", ""material""]",material,"{""entropy"": 0.9043814577244937, ""value_counts"": {""cotton"": 16, ""polyester"": 34}}",50,"[""B07YG84J18"", ""B0B64TYV9T"", ""B0713MH94B"", ""B00TOBRYH8"", ""B095NNNXDN"", ""B01I24HM92"", ""B0BD4QJ21V"", ""B07X2Z1L1S"", ""B083DNTR5X"", ""B01HP1ZW4K""]",25.6435000046622,True,intent_override,B09G2ZNZY4,
public_0052,6,reranker,entropy,buying,specific,Tees & Blouses Tunics,"[{""explicit"": true, ""hard"": true, ""kind"": ""material"", ""negated"": false, ""source"": ""explicit_requirement"", ""source_turn"": 3, ""strength"": 1.0, ""value"": ""polyester""}, {""explicit"": false, ""hard"": false, ""kind"": ""material"", ""negated"": false, ""source"": ""ambiguous_disclosure"", ""source_turn"": 6, ""strength"": 0.7, ""value"": ""60% polyester""}]","[{""explicit"": true, ""hard"": true, ""kind"": ""feature"", ""negated"": true, ""source"": ""negation_or_replacement"", ""source_turn"": 3, ""strength"": 1.0, ""value"": ""Hand Wash Only""}]","[""comfort"", ""style"", ""material""]","[""brand"", ""feature"", ""color"", ""use_case"", ""material"", ""budget""]",budget,"{""entropy"": 0.7642045065086203, ""value_counts"": {""under_25"": 7, ""under_50"": 2}}",50,"[""B075KWDCN3"", ""B0BD4QJ21V"", ""B095NNNXDN"", ""B0B7VYPTYQ"", ""B07VBZG1WN"", ""B08FYN6CBS"", ""B07WV1SC15"", ""B0BP2CSW2D"", ""B08DXV8WR3"", ""B0713MH94B""]",20.56030000676401,True,intent_override,B09G2ZNZY4,
public_0052,7,reranker,entropy,buying,specific,Tees & Blouses Tunics,"[{""explicit"": true, ""hard"": true, ""kind"": ""material"", ""negated"": false, ""source"": ""explicit_requirement"", ""source_turn"": 3, ""strength"": 1.0, ""value"": ""polyester""}, {""explicit"": false, ""hard"": false, ""kind"": ""material"", ""negated"": false, ""source"": ""ambiguous_disclosure"", ""source_turn"": 6, ""strength"": 0.7, ""value"": ""60% polyester""}]","[{""explicit"": true, ""hard"": true, ""kind"": ""feature"", ""negated"": true, ""source"": ""negation_or_replacement"", ""source_turn"": 3, ""strength"": 1.0, ""value"": ""Hand Wash Only""}]","[""comfort"", ""style"", ""material""]","[""brand"", ""feature"", ""color"", ""use_case"", ""material"", ""budget"", ""style""]",style,"{""entropy"": 0.4217127052431739, ""value_counts"": {""girls"": 1, ""loose fit"": 2, ""womens"": 41}}",50,"[""B075KWDCN3"", ""B0BD4QJ21V"", ""B095NNNXDN"", ""B0B7VYPTYQ"", ""B07VBZG1WN"", ""B08FYN6CBS"", ""B07WV1SC15"", ""B0BP2CSW2D"", ""B08DXV8WR3"", ""B0713MH94B""]",18.43719999305904,True,intent_override,B09G2ZNZY4,
public_0052,8,reranker,entropy,buying,specific,Tees & Blouses Tunics,"[{""explicit"": true, ""hard"": true, ""kind"": ""material"", ""negated"": false, ""source"": ""explicit_requirement"", ""source_turn"": 3, ""strength"": 1.0, ""value"": ""polyester""}, {""explicit"": false, ""hard"": false, ""kind"": ""material"", ""negated"": false, ""source"": ""ambiguous_disclosure"", ""source_turn"": 6, ""strength"": 0.7, ""value"": ""60% polyester""}]","[{""explicit"": true, ""hard"": true, ""kind"": ""feature"", ""negated"": true, ""source"": ""negation_or_replacement"", ""source_turn"": 3, ""strength"": 1.0, ""value"": ""Hand Wash Only""}]","[""comfort"", ""style"", ""material""]","[""brand"", ""feature"", ""color"", ""use_case"", ""material"", ""budget"", ""style"", ""other""]",other,"{""fallback"": ""fewer_than_two_meaningful_values""}",50,"[""B075KWDCN3"", ""B0BD4QJ21V"", ""B095NNNXDN"", ""B0B7VYPTYQ"", ""B07VBZG1WN"", ""B08FYN6CBS"", ""B07WV1SC15"", ""B0BP2CSW2D"", ""B08DXV8WR3"", ""B0713MH94B""]",16.9125999964308,True,intent_override,B09G2ZNZY4,
public_0052,9,reranker,entropy,buying,specific,Tees & Blouses Tunics,"[{""explicit"": true, ""hard"": true, ""kind"": ""material"", ""negated"": false, ""source"": ""explicit_requirement"", ""source_turn"": 3, ""strength"": 1.0, ""value"": ""polyester""}, {""explicit"": false, ""hard"": false, ""kind"": ""material"", ""negated"": false, ""source"": ""ambiguous_disclosure"", ""source_turn"": 6, ""strength"": 0.7, ""value"": ""60% polyester""}, {""explicit"": false, ""hard"": false, ""kind"": ""feature"", ""negated"": false, ""source"": ""ambiguous_disclosure"", ""source_turn"": 9, ""strength"": 0.7, ""value"": ""Button closure""}, {""explicit"": false, ""hard"": false, ""kind"": ""feature"", ""negated"": false, ""source"": ""ambiguous_disclosure"", ""source_turn"": 9, ""strength"": 0.7, ""value"": ""Hand Wash Only""}]","[{""explicit"": true, ""hard"": true, ""kind"": ""feature"", ""negated"": true, ""source"": ""negation_or_replacement"", ""source_turn"": 3, ""strength"": 1.0, ""value"": ""Hand Wash Only""}]","[""comfort"", ""style"", ""material""]","[""brand"", ""feature"", ""color"", ""use_case"", ""material"", ""budget"", ""style"", ""other""]",other,"{""fallback"": ""fewer_than_two_meaningful_values""}",50,"[""B09G2ZNZY4"", ""B075YDLHCJ"", ""B0BP2CSW2D"", ""B07PP1V31X"", ""B08D6BM126"", ""B07R8JTSL7"", ""B07L8Y63VB"", ""B075KWDCN3"", ""B08KRGMNL4"", ""B07Z8NTWVV""]",20.282500016037375,True,intent_override,B09G2ZNZY4,1
public_0053,1,reranker,entropy,buying,specific,Travel Accessories Passport Covers,"[{""explicit"": true, ""hard"": true, ""kind"": ""material"", ""negated"": false, ""source"": ""explicit_requirement"", ""source_turn"": 1, ""strength"": 1.0, ""value"": ""leather""}]",[],"[""material"", ""fit""]","[""brand""]",brand,"{""entropy"": 5.573893517584596, ""value_counts"": {""123arts"": 1, ""affany"": 1, ""aideess"": 1, ""all in one"": 1, ""aocina"": 1, ""bacci"": 1, ""baccini"": 1, ""badgley mischka"": 1, ""batifine"": 1, ""beautyflier"": 1, ""birch leathers"": 1, ""bowk"": 1, ""canyon outback"": 1, ""carousel checks inc."": 2, ""cipon"": 1, ""coco rossi"": 1, ""cowdiy"": 1, ""cuero"": 1, ""desired tools"": 1, ""ducomi"": 1, ""floto"": 1, ""gift warehouse"": 1, ""hawatour"": 1, ""hearted choice"": 1, ""hide & drink"": 1, ""hipsi"": 1, ""huatk"": 1, ""ili"": 1, ""kandouren"": 1, ""kiniva"": 1, ""konikit"": 1, ""latico"": 1, ""luckyjewelry box"": 1, ""maruse"": 1, ""mona b"": 1, ""mr. lentz"": 1, ""mr.sep"": 1, ""otm essentials"": 1, ""pilotman"": 1, ""ray charles innovations"": 1, ""sanas.vip"": 1, ""shanqian"": 1, ""torro"": 1, ""unknown"": 1, ""wenger"": 1, ""woanger"": 1, ""zlyc"": 1, ""zongshu"": 1}}",50,"[""B01DKXULIO"", ""B07TZK3GZK"", ""B08KWQR9YN"", ""B00Z91DYPI"", ""B07W4PP3M9"", ""B07ZR88YLW"", ""B000R4JP7S"", ""B099FJP9KP"", ""B001COIINO"", ""B01M2YFAGT""]",17.16570000280626,True,buying,B07TZK3GZK,2
public_0054,1,reranker,entropy,buying,specific,Women Fashion Hoodies & Sweatshirts,"[{""explicit"": true, ""hard"": true, ""kind"": ""material"", ""negated"": false, ""source"": ""explicit_requirement"", ""source_turn"": 1, ""strength"": 1.0, ""value"": ""fabric""}]",[],"[""weather"", ""comfort"", ""durability"", ""style""]","[""brand""]",brand,"{""entropy"": 5.348758439731455, ""value_counts"": {""aihihe"": 1, ""anmery"": 1, ""anne klein"": 1, ""annystore"": 1, ""bhsj"": 1, ""bluewolfsea"": 1, ""bohetang"": 1, ""btfbm"": 2, ""clothink"": 1, ""comvalue"": 1, ""diukia"": 1, ""farysays"": 1, ""flurries"": 1, ""generic"": 2, ""germinate"": 1, ""hanes"": 1, ""kalso earth shoes"": 1, ""makemechic"": 1, ""moblosm"": 2, ""modaioo"": 1, ""mxrag"": 1, ""nhgwn"": 1, ""nike"": 1, ""nimizia"": 1, ""pink queen"": 1, ""poetic justice"": 1, ""qansi"": 1, ""qumee"": 1, ""regna x"": 1, ""roselinlin"": 1, ""skechers"": 1, ""snksdgm"": 1, ""spirit hoops"": 1, ""temofon"": 2, ""tommy hilfiger"": 1, ""topstype"": 1, ""unameit"": 1, ""uyisj"": 1, ""verdusa"": 1, ""vislily"": 1, ""weuie"": 2, ""yinella"": 3, ""youdiao"": 1}}",50,"[""B09BJMYCQ8"", ""B07X3CX1C3"", ""B08K3J2XNY"", ""B08P7HS6QL"", ""B0BMLTW4D5"", ""B07RP71WXG"", ""B09L1K3BJT"", ""B07WQX9SM2"", ""B07VSNK5J1"", ""B08KGDSNTR""]",21.185800025705248,True,buying,B08PP1ZJQ5,
public_0054,2,reranker,entropy,buying,specific,Women Fashion Hoodies & Sweatshirts,"[{""explicit"": true, ""hard"": true, ""kind"": ""material"", ""negated"": false, ""source"": ""explicit_requirement"", ""source_turn"": 1, ""strength"": 1.0, ""value"": ""fabric""}]",[],"[""weather"", ""comfort"", ""durability"", ""style""]","[""brand"", ""feature""]",feature,"{""entropy"": 5.308758439731455, ""value_counts"": {""100% cotton"": 2, ""100% fabric"": 1, ""100% nubuck"": 1, ""100% polyester"": 2, ""50% polyester, 50% cotton"": 1, ""54% cotton, 36% polyester, 10% spandex"": 1, ""60% cotton, 40% polyester"": 2, ""65% cotton"": 1, ""65% polyester/30% cotton/5% spandex, won't shrink or fade"": 1, ""75% acrylic/25% nylon"": 1, ""80% synthetic, 20% fabric"": 1, ""85% cotton, 15% polyester"": 1, ""95% polyester, 5% spandex"": 2, ""best gifts for women/mom/girls/friends(sweatshirt clearance "": 1, ""bunny hoodie womens hoodie hoodies aesthetic black hoodie wo"": 1, ""cotton blend,polyester"": 3, ""cotton,velvet"": 2, ""dri-fit technology helps keep you dry and comfortable"": 1, ""fabric"": 1, ""feature:this cute pullover are so on trend with round neck,s"": 1, ""fleece"": 1, ""hand wash only"": 1, ""high-quality material, polyester cotton blend"": 1, ""hoodies for men pullover sweatshirts for men"": 1, ""machine wash"": 1, ""made from usa fabric 50% combed ring-spun cotton 50% polyest"": 1, ""material: polyester spandex cotton,super soft, breathable an"": 1, ""material:polyester,spandex;soft,stretchy fabric"": 1, ""material:soft material. fabric has no stretch."": 1, ""oversized hoodies for women pullover"": 1, ""polyester,cotton"": 2, ""polyester,cotton,spandex"": 1, ""pull on closure"": 1, ""sherpa,fleece"": 1, ""silica gel"": 1, ""size table means age ranges for kids, but they are for gener"": 1, ""soft fabric"": 1, ""spandex"": 1, ""style: loose sweatshirt tops for women/juniors/teen girls.th"": 1, ""\u265b material:100% polyester, relaxed and breathable fabric."": 1, ""\u3010 premium material\u3011: made of super soft quick-drying high qu"": 1, ""\u3010material\u3011high-quality cotton, polyester.\u3010note\u3011size runs sma"": 1}}",50,"[""B09BJMYCQ8"", ""B07X3CX1C3"", ""B08K3J2XNY"", ""B08P7HS6QL"", ""B0BMLTW4D5"", ""B07RP71WXG"", ""B09L1K3BJT"", ""B07WQX9SM2"", ""B07VSNK5J1"", ""B08KGDSNTR""]",21.177399990847334,True,buying,B08PP1ZJQ5,
public_0054,3,reranker,entropy,buying,specific,Women Fashion Hoodies & Sweatshirts,"[{""explicit"": true, ""hard"": true, ""kind"": ""material"", ""negated"": false, ""source"": ""explicit_requirement"", ""source_turn"": 1, ""strength"": 1.0, ""value"": ""fabric""}, {""explicit"": false, ""hard"": false, ""kind"": ""feature"", ""negated"": false, ""source"": ""ambiguous_disclosure"", ""source_turn"": 3, ""strength"": 0.7, ""value"": ""Pull On closure""}, {""explicit"": false, ""hard"": false, ""kind"": ""feature"", ""negated"": false, ""source"": ""ambiguous_disclosure"", ""source_turn"": 3, ""strength"": 0.7, ""value"": ""Machine Wash""}]",[],"[""weather"", ""comfort"", ""durability"", ""style""]","[""brand"", ""feature"", ""use_case""]",use_case,"{""entropy"": 2.3570832462544704, ""value_counts"": {""casual"": 8, ""gym"": 3, ""hiking"": 2, ""outdoor"": 3, ""running"": 3, ""sports"": 2, ""winter"": 21, ""work"": 2}}",50,"[""B07X3CX1C3"", ""B09G6WJT4D"", ""B099VZRSBD"", ""B07VX63TJV"", ""B07G1TC1X8"", ""B08GHZRDHJ"", ""B076QCM7QQ"", ""B09MW7S74R"", ""B07ZVF8S3X"", ""B09MMRCQSS""]",184.81410000822507,True,buying,B08PP1ZJQ5,
public_0054,4,reranker,entropy,buying,specific,Women Fashion Hoodies & Sweatshirts,"[{""explicit"": true, ""hard"": true, ""kind"": ""material"", ""negated"": false, ""source"": ""explicit_requirement"", ""source_turn"": 1, ""strength"": 1.0, ""value"": ""fabric""}, {""explicit"": false, ""hard"": false, ""kind"": ""feature"", ""negated"": false, ""source"": ""ambiguous_disclosure"", ""source_turn"": 3, ""strength"": 0.7, ""value"": ""Pull On closure""}, {""explicit"": false, ""hard"": false, ""kind"": ""feature"", ""negated"": false, ""source"": ""ambiguous_disclosure"", ""source_turn"": 3, ""strength"": 0.7, ""value"": ""Machine Wash""}]",[],"[""weather"", ""comfort"", ""durability"", ""style""]","[""brand"", ""feature"", ""use_case"", ""color""]",color,"{""entropy"": 1.618394108836393, ""value_counts"": {""black"": 10, ""blue"": 2, ""grey"": 3, ""white"": 2}}",50,"[""B07X3CX1C3"", ""B09G6WJT4D"", ""B099VZRSBD"", ""B07VX63TJV"", ""B07G1TC1X8"", ""B08GHZRDHJ"", ""B076QCM7QQ"", ""B09MW7S74R"", ""B07ZVF8S3X"", ""B09MMRCQSS""]",32.1995000122115,True,buying,B08PP1ZJQ5,
public_0054,5,reranker,entropy,buying,specific,Women Fashion Hoodies & Sweatshirts,"[{""explicit"": true, ""hard"": true, ""kind"": ""material"", ""negated"": false, ""source"": ""explicit_requirement"", ""source_turn"": 1, ""strength"": 1.0, ""value"": ""fabric""}, {""explicit"": false, ""hard"": false, ""kind"": ""feature"", ""negated"": false, ""source"": ""ambiguous_disclosure"", ""source_turn"": 3, ""strength"": 0.7, ""value"": ""Pull On closure""}, {""explicit"": false, ""hard"": false, ""kind"": ""feature"", ""negated"": false, ""source"": ""ambiguous_disclosure"", ""source_turn"": 3, ""strength"": 0.7, ""value"": ""Machine Wash""}]",[],"[""weather"", ""comfort"", ""durability"", ""style""]","[""brand"", ""feature"", ""use_case"", ""color"", ""material""]",material,"{""entropy"": 1.1228074058019706, ""value_counts"": {""cotton"": 31, ""fabric"": 2, ""polyester"": 15}}",50,"[""B07X3CX1C3"", ""B09G6WJT4D"", ""B099VZRSBD"", ""B07VX63TJV"", ""B07G1TC1X8"", ""B08GHZRDHJ"", ""B076QCM7QQ"", ""B09MW7S74R"", ""B07ZVF8S3X"", ""B09MMRCQSS""]",21.305000002030283,True,buying,B08PP1ZJQ5,
public_0054,6,reranker,entropy,buying,specific,Women Fashion Hoodies & Sweatshirts,"[{""explicit"": true, ""hard"": true, ""kind"": ""material"", ""negated"": false, ""source"": ""explicit_requirement"", ""source_turn"": 1, ""strength"": 1.0, ""value"": ""fabric""}, {""explicit"": false, ""hard"": false, ""kind"": ""feature"", ""negated"": false, ""source"": ""ambiguous_disclosure"", ""source_turn"": 3, ""strength"": 0.7, ""value"": ""Pull On closure""}, {""explicit"": false, ""hard"": false, ""kind"": ""feature"", ""negated"": false, ""source"": ""ambiguous_disclosure"", ""source_turn"": 3, ""strength"": 0.7, ""value"": ""Machine Wash""}, {""explicit"": false, ""hard"": false, ""kind"": ""material"", ""negated"": false, ""source"": ""ambiguous_disclosure"", ""source_turn"": 6, ""strength"": 0.7, ""value"": ""Soft Fabric""}]",[],"[""weather"", ""comfort"", ""durability"", ""style""]","[""brand"", ""feature"", ""use_case"", ""color"", ""material"", ""style""]",style,"{""entropy"": 1.186278124459133, ""value_counts"": {""boys"": 3, ""girls"": 3, ""mens"": 6, ""womens"": 36}}",50,"[""B07X3CX1C3"", ""B07ZVF8S3X"", ""B07G1TC1X8"", ""B0BBLPS1Z4"", ""B08PP1ZJQ5"", ""B07VX63TJV"", ""B076QCM7QQ"", ""B07G5QX7FV"", ""B07YJVQYKK"", ""B09C1Z192C""]",158.45469999476336,True,buying,B08PP1ZJQ5,5
public_0055,1,reranker,entropy,browsing,exploratory,Shoes Mules & Clogs,[],[],"[""fit"", ""comfort"", ""material"", ""style""]","[""brand""]",brand,"{""entropy"": 5.433889756718897, ""value_counts"": {""amoji"": 1, ""antelope"": 1, ""atoshopce"": 1, ""backdoorshoes"": 1, ""birkenstock"": 2, ""birki's"": 1, ""born"": 1, ""bulliant"": 1, ""clarks"": 4, ""coolloog"": 1, ""crazycatz"": 1, ""crocs"": 17, ""dansko"": 2, ""easy spirit"": 3, ""fanture"": 3, ""fitory"": 2, ""gaatpot"": 2, ""gracosy"": 1, ""haflinger"": 2, ""heelchic"": 1, ""hush puppies"": 1, ""ipcromy"": 1, ""iprome"": 1, ""jsport by jambu"": 1, ""jujubell"": 1, ""juxi"": 2, ""labato"": 2, ""lighfoot"": 2, ""lighten"": 1, ""lotta from stockholm"": 1, ""loulan"": 1, ""marited"": 1, ""maybolury"": 1, ""meidiastra"": 2, ""melitolay"": 1, ""mizhome"": 1, ""muleug"": 1, ""nautica"": 1, ""odouk"": 1, ""pluatyep"": 1, ""qupid"": 1, ""rasolli"": 1, ""saguaro"": 4, ""samilor"": 1, ""sanossi"": 1, ""savvy"": 1, ""simple"": 1, ""sinno"": 1, ""softspots"": 2, ""softwalk"": 2, ""spring step"": 1, ""steven by steve madden"": 1, ""szsppinnshp"": 1, ""tilocow"": 1, ""vionic"": 2, ""volatile"": 2, ""welltree"": 1, ""werwaes"": 1, ""wzikai"": 1, ""ydn"": 1, ""yukioverly"": 1}}",100,"[""B007IDERHO"", ""B0B74XT5PT"", ""B08DXRGQKS"", ""B082WXH61Q"", ""B091CVBDB2"", ""B094BZMRLZ"", ""B091CTCW83"", ""B096KWG7YN"", ""B0814CS8MN"", ""B000H76YK6""]",26.970600010827184,True,browsing,B0C1TDJ9HZ,
public_0055,2,reranker,entropy,browsing,exploratory,Shoes Mules & Clogs,[],[],"[""fit"", ""comfort"", ""material"", ""style""]","[""brand"", ""feature""]",feature,"{""entropy"": 4.166878917391623, ""value_counts"": {""100% birko flor"": 1, ""100% croslite"": 6, ""100% leather"": 13, ""100% man made"": 1, ""100% suede"": 1, ""100% synthetic"": 5, ""100% textile"": 2, ""100% washable suede"": 1, ""100% wool"": 1, ""75% suede, 25% leather"": 1, ""backstrap closure"": 1, ""ethylene vinyl acetate sole"": 8, ""eva"": 7, ""eva+mesh"": 1, ""faux leather sole"": 1, ""heel measures approximately 1.5 inches\"""": 1, ""heel measures approximately 2 inches\"""": 1, ""imported"": 6, ""l'artiste style: burbank hand painted, closed-back, leather "": 1, ""leather sole"": 3, ""made from eco friendly eva \""expanded foam\u201d"": 1, ""made in the usa or imported"": 1, ""man made"": 1, ""manmade sole"": 1, ""mesh"": 1, ""rubber"": 1, ""rubber sole"": 15, ""synthetic sole"": 1, ""the kids' clogs sandals are easy to clean, leaving the color"": 1, ""water-resistant suede upper with a knit collar. microfleece "": 2, ""\ud83e\uddf8 please measure the foot length before buying, refer to the"": 1}}",100,"[""B007IDERHO"", ""B0B74XT5PT"", ""B08DXRGQKS"", ""B082WXH61Q"", ""B091CVBDB2"", ""B094BZMRLZ"", ""B091CTCW83"", ""B096KWG7YN"", ""B0814CS8MN"", ""B000H76YK6""]",16.280999989248812,True,browsing,B0C1TDJ9HZ,
public_0055,3,reranker,entropy,browsing,specific,Shoes Mules & Clogs,"[{""explicit"": false, ""hard"": false, ""kind"": ""feature"", ""negated"": false, ""source"": ""ambiguous_disclosure"", ""source_turn"": 3, ""strength"": 0.7, ""value"": ""100% Croslite Foam""}, {""explicit"": false, ""hard"": false, ""kind"": ""feature"", ""negated"": false, ""source"": ""ambiguous_disclosure"", ""source_turn"": 3, ""strength"": 0.7, ""value"": ""Imported""}]",[],"[""fit"", ""comfort"", ""material"", ""style""]","[""brand"", ""feature"", ""style""]",style,"{""entropy"": 2.453444482415438, ""value_counts"": {""baby-boys"": 1, ""boys"": 3, ""girls"": 4, ""mens"": 6, ""unisex-adult"": 8, ""unisex-baby"": 1, ""unisex-child"": 5, ""womens"": 20}}",50,"[""B01A6LZT26"", ""B01A6LZQ60"", ""B00LUOJUE2"", ""B00LUOJCH2"", ""B0014C40B8"", ""B0C1TDJ9HZ"", ""B010WE6VHO"", ""B01HQAMJ8W"", ""B085RX192V"", ""B00LWS1V5W""]",25.68089999840595,True,browsing,B0C1TDJ9HZ,6
public_0060,1,reranker,entropy,browsing,exploratory,Sleep & Lounge Sleep Bottoms,[],[],"[""material"", ""fit"", ""style"", ""warmth""]","[""brand""]",brand,"{""entropy"": 6.26120956470982, ""value_counts"": {""addison meadow"": 3, ""adreamly"": 1, ""aiboria"": 1, ""aieoe"": 1, ""amazon essentials"": 1, ""american trends"": 1, ""amerimark"": 1, ""amour vert"": 1, ""amvelop"": 1, ""andrew scott"": 1, ""argconner"": 1, ""ashford & brooks"": 2, ""asimoon"": 1, ""barefoot dreams"": 1, ""beverly rock"": 1, ""beyove"": 1, ""bioworld"": 1, ""bottoms out"": 2, ""c-in2"": 1, ""cafepress"": 1, ""calvin klein"": 1, ""chalier"": 1, ""demeao"": 1, ""diesel"": 1, ""dream essentials"": 1, ""dreams & co."": 2, ""ekouaer"": 2, ""enjoynight"": 3, ""evanhome"": 1, ""faroro"": 1, ""felina"": 1, ""floopi"": 2, ""fruit of the loom"": 1, ""garfield and odie"": 1, ""george"": 1, ""ginimoli"": 1, ""gutherren"": 1, ""hanes"": 1, ""hestenve"": 1, ""intimo"": 1, ""jachs"": 1, ""joe wenko"": 2, ""kathy ireland"": 2, ""latuza"": 1, ""lazy one"": 1, ""lecgee"": 1, ""lovasy"": 2, ""lusofie"": 1, ""lusome"": 1, ""luxilooks"": 2, ""lveberw"": 1, ""mae"": 3, ""marvel"": 1, ""maryland"": 1, ""mathea"": 1, ""maxi cozy"": 1, ""milumia"": 1, ""moyee"": 1, ""mystique"": 1, ""n/p"": 1, ""nautica"": 1, ""new york avenue"": 1, ""niceyoo"": 1, ""noble mount"": 1, ""only necessities"": 2, ""qggqdd"": 1, ""real essentials"": 1, ""saslax"": 1, ""seaweed"": 1, ""selfiego"": 1, ""sweetnight"": 1, ""texeresilk"": 1, ""the slumber project"": 1, ""u.s. polo assn."": 1, ""umina"": 1, ""vesunda"": 1, ""vlazom"": 1, ""weatherproofe"": 1, ""yimanie"": 2, ""yozly"": 2, ""zexxxy"": 1, ""zshow"": 1}}",100,"[""B00CXWF4P4"", ""B08MCF3LF7"", ""B07TXN5YR4"", ""B08J4CQ72B"", ""B08QZRYN4T"", ""B0897NQF8M"", ""B07DCDQDPV"", ""B08965CTGN"", ""B07WZRWQBF"", ""B08BRDGWL4""]",18.554900016169995,True,browsing,B08R61K9B9,
public_0060,2,reranker,entropy,browsing,exploratory,Sleep & Lounge Sleep Bottoms,[],[],"[""material"", ""fit"", ""style"", ""warmth""]","[""brand"", ""feature""]",feature,"{""entropy"": 5.540644732215398, ""value_counts"": {""100% cotton"": 12, ""100% polyester"": 5, ""35% polyester"": 1, ""45% polyester"": 2, ""5% spandex"": 2, ""55% cotton"": 1, ""55% cotton /45% polyester flannel"": 2, ""55% cotton, 45% polyester"": 1, ""56% viscose, 24% cotton, 20% polyester"": 1, ""58% cotton, 37% rayon, 5% spandex"": 1, ""59% cotton, 38% polyester, 3% spandex"": 1, ""60% cotton, 40% polyester"": 3, ""60% polyester, 35% cotton, 5% spandex"": 1, ""63% polyester"": 1, ""65% polyester"": 2, ""65% polyester, 35% cotton"": 1, ""92% polyester, 8% spandex"": 1, ""94% polyester, 6% spandex"": 1, ""95% cotton 5% spandex, please put the pajamas in the laundry"": 1, ""95% cotton, 5% other fibers"": 1, ""95% cotton, 5% spandex"": 2, ""95% modal, 5% spandex"": 3, ""95% polyester, 5% other fibers"": 1, ""95% rayon, 5% other fibers"": 5, ""95% rayon, 5% spandex"": 1, ""95% viscose, 5% other fibers"": 1, ""button closure"": 1, ""chemise nightgown made of 95% rayon, 5% spandex. soft, stret"": 2, ""cotton"": 2, ""cotton (blend)"": 1, ""cotton blend"": 3, ""cotton,flannel"": 1, ""cotton/polyester"": 1, ""cotton/polyester blend"": 1, ""elastic,spandex,nylon,silk"": 1, ""fabric: natural cellulose modal. medium weight, opaque, soft"": 1, ""feel good and live well in these gorgeous two piece cute sle"": 1, ""fleece,coral fleece"": 1, ""from the comfort experts - our designers have been creating "": 3, ""great for bedtime or taking the best nap ever. value-priced "": 1, ""imported"": 1, ""lace"": 1, ""machine wash"": 2, ""material: 97% polyester and 3% spandex"": 1, ""material: cotton + polyester"": 1, ""material: long sleep pants for men well made of high quality"": 1, ""materials is soft: this nightgown dress makes every night a "": 1, ""modal"": 2, ""modal,jersey knit,cotton,bamboo"": 1, ""plus sizing: size medium will fit plus sizes 14 to 16"": 1, ""polyester,cotton"": 2, ""polyester,cotton,terry"": 1, ""pull on closure"": 1, ""soft stretchy fabric; lightweight, breathable, skin-friendly"": 1, ""spandex,lace,rayon"": 1, ""the sleepwear nightshirt loungewear is made of soft fabric, "": 1, ""the slumber project sleep dress is made of 52% cotton and 48"": 1, ""top: 100% cotton"": 1, ""top: 60% cotton, 40% polyester; bottom: 58% cotton, 37% rayo"": 1, ""viscose"": 1, ""\u2714material:this short sleepwear set made from 100% polyester,"": 1}}",100,"[""B00CXWF4P4"", ""B08MCF3LF7"", ""B07TXN5YR4"", ""B08J4CQ72B"", ""B08QZRYN4T"", ""B0897NQF8M"", ""B07DCDQDPV"", ""B08965CTGN"", ""B07WZRWQBF"", ""B08BRDGWL4""]",16.326300014043227,True,browsing,B08R61K9B9,
public_0060,3,reranker,entropy,browsing,specific,Sleep & Lounge Sleep Bottoms,"[{""explicit"": false, ""hard"": false, ""kind"": ""feature"", ""negated"": false, ""source"": ""ambiguous_disclosure"", ""source_turn"": 3, ""strength"": 0.7, ""value"": ""Imported""}, {""explicit"": false, ""hard"": false, ""kind"": ""feature"", ""negated"": false, ""source"": ""ambiguous_disclosure"", ""source_turn"": 3, ""strength"": 0.7, ""value"": ""Drawstring Waist closure""}]",[],"[""material"", ""fit"", ""style"", ""warmth""]","[""brand"", ""feature"", ""use_case""]",use_case,"{""entropy"": 2.337906570104942, ""value_counts"": {""casual"": 4, ""outdoor"": 3, ""running"": 9, ""sports"": 1, ""winter"": 5, ""work"": 3}}",50,"[""B0751QQNLJ"", ""B08V1L294M"", ""B071J3LHYK"", ""B012SJWZG2"", ""B08L7926KL"", ""B00V8IL52U"", ""B076M48KKT"", ""B08R61K9B9"", ""B00UHLFR32"", ""B0BXX4XSN4""]",176.64180000429042,True,browsing,B08R61K9B9,8
public_0061,1,reranker,entropy,buying,specific,Piercing Jewelry Rings,"[{""explicit"": true, ""hard"": true, ""kind"": ""feature"", ""negated"": false, ""source"": ""explicit_requirement"", ""source_turn"": 1, ""strength"": 1.0, ""value"": ""Snap closure""}]",[],"[""material"", ""comfort""]","[""brand""]",brand,"{""entropy"": 5.395222344071056, ""value_counts"": {""allhola"": 1, ""anicina"": 1, ""aonco"": 1, ""atoz piercing"": 2, ""banavega"": 1, ""batifine"": 1, ""bling cartel"": 1, ""body candy"": 1, ""bodyj4you"": 1, ""bodyjewellery"": 3, ""bulwark fr"": 1, ""byb belly rings"": 1, ""carper"": 1, ""casvort"": 1, ""charmonline"": 1, ""cocharm"": 1, ""d.bella"": 1, ""fansing"": 1, ""fashion snap jewelry"": 1, ""fibo steel"": 1, ""funlmo"": 1, ""funrun jewelry"": 1, ""hoeudjo"": 1, ""iefshiny"": 1, ""incaton"": 1, ""jewseen"": 1, ""jofukin"": 1, ""jstyle"": 2, ""kloud city"": 1, ""kridzisw"": 1, ""matiga"": 1, ""mayhoop"": 2, ""my prime gifts"": 1, ""nasama"": 1, ""newzenro"": 1, ""onesing"": 1, ""penderie"": 1, ""scerring"": 1, ""tkzndnm"": 1, ""ubgicig"": 1, ""vsnnsns"": 1, ""xnsjeyy"": 1, ""yeelong"": 1, ""yehhy"": 1}}",50,"[""B08J295KCZ"", ""B08HCP9YTV"", ""B00YET4UBI"", ""B09W9CFRYW"", ""B016ZY19PE"", ""B074TTJYBZ"", ""B089DZT2C7"", ""B0C1B2KLTK"", ""B09Q7VYP3Q"", ""B07L5RJF77""]",30.927400017390028,True,buying,B08HCP9YTV,2
public_0065,1,reranker,entropy,buying,specific,Bibs & Pants Bibs,"[{""explicit"": true, ""hard"": true, ""kind"": ""material"", ""negated"": false, ""source"": ""explicit_requirement"", ""source_turn"": 1, ""strength"": 1.0, ""value"": ""polyester""}]",[],"[""material"", ""fit"", ""comfort""]","[""brand""]",brand,"{""entropy"": 5.563856189774724, ""value_counts"": {""alfred dunner"": 2, ""angashion"": 1, ""arctix"": 1, ""army universe"": 1, ""betty rides"": 1, ""bmg"": 1, ""bronze eagle"": 1, ""ccko"": 1, ""cfcys"": 1, ""champion"": 1, ""choies record your inspired fashion"": 1, ""columbia"": 1, ""dickies"": 1, ""divas snowgear"": 1, ""donnkenny"": 2, ""felemo"": 1, ""free soldier"": 1, ""frogg toggs"": 1, ""ginimoli"": 1, ""hanes"": 1, ""honwenle"": 1, ""iepofg"": 1, ""kizmetkare"": 1, ""klgda_women"": 1, ""lanbaosi"": 1, ""linkiom"": 1, ""lkous"": 1, ""london fog"": 1, ""maks"": 1, ""manhong"": 1, ""noahella"": 1, ""nodpan"": 1, ""oshkosh b'gosh"": 1, ""padasso"": 1, ""pants"": 1, ""pearl izumi"": 1, ""puma"": 1, ""rafaella"": 1, ""silkworld"": 1, ""soybu"": 1, ""tacvasen"": 1, ""trespass"": 1, ""uptown apparel"": 1, ""wantdo"": 1, ""wellcls"": 1, ""wippette"": 1, ""xbtclxebco"": 1, ""zeroxposur"": 1}}",50,"[""B074BMLZTL"", ""B07N8SGDV8"", ""B0BSQ9TCYC"", ""B01C5FCEHO"", ""B003BLOS1W"", ""B0B6VK1XNY"", ""B088Q72T6J"", ""B07CJ8PTJN"", ""B014VPTTQA"", ""B00JMTNEYY""]",24.888500018278137,True,buying,B0BSQ9TCYC,3
public_0074,1,reranker,entropy,browsing,exploratory,Athletic Walking,[],[],"[""style""]","[""brand""]",brand,"{""entropy"": 6.063856189774724, ""value_counts"": {""ablanczoom"": 1, ""adidas"": 4, ""akk"": 1, ""aodong"": 1, ""ashion"": 1, ""azooken"": 2, ""bmcitybm"": 1, ""brooks"": 1, ""bruno marc"": 1, ""camel"": 1, ""chenghe"": 1, ""columbia"": 1, ""correct-position"": 1, ""cross country track and field gift apparel"": 1, ""dafajgy"": 1, ""duoro"": 1, ""elaphurus"": 1, ""escort runners"": 1, ""evolv"": 1, ""ezkrwxn"": 2, ""fandee"": 1, ""filwo"": 1, ""gemax"": 1, ""generic"": 1, ""gesimei"": 1, ""gomnear"": 1, ""grition"": 1, ""hawkwell"": 1, ""hi-tec"": 1, ""interestprint"": 1, ""jee trum"": 1, ""jenn ardor"": 2, ""konhill"": 1, ""krimus"": 1, ""lamincoa"": 1, ""lancrop"": 1, ""littleplum"": 1, ""luprine"": 1, ""naikoyo"": 1, ""new balance"": 4, ""nike"": 1, ""obymeus"": 1, ""odema"": 1, ""pamray"": 1, ""pau1hami1ton"": 1, ""pozvnn"": 1, ""retro blue"": 1, ""runic"": 1, ""runmaxx"": 1, ""ryka"": 2, ""salomon"": 1, ""screenshot sports"": 2, ""sdolphin"": 2, ""shinfly"": 1, ""shoeict"": 1, ""sixxin"": 1, ""skdoiul"": 2, ""skechers"": 8, ""socviis"": 2, ""start"": 1, ""stq"": 1, ""talanes"": 1, ""tiamou"": 1, ""tiosebon"": 2, ""topo athletic"": 1, ""topteck"": 1, ""tsiodfo"": 1, ""tsla"": 1, ""under armour"": 1, ""ushobe"": 1, ""usyfakgh"": 1, ""vogana"": 1, ""vooncosir"": 1, ""wantdo"": 1, ""watelves"": 1, ""weweya"": 1, ""yhoon"": 1, ""yyz"": 1}}",100,"[""B0925MM7CD"", ""B0B6TPKVHX"", ""B08ZK7NZBX"", ""B09YQCNHZG"", ""B0BLRS4D39"", ""B019ELI8TA"", ""B07L3W74QQ"", ""B08RMT7665"", ""B09D96W56J"", ""B00MES8EIQ""]",22.24950000527315,True,browsing,B07N15QTKC,
public_0074,2,reranker,entropy,browsing,exploratory,Athletic Walking,[],[],"[""style""]","[""brand"", ""feature""]",feature,"{""entropy"": 4.377469449769275, ""value_counts"": {""100% mesh"": 1, ""100% mesh and leather"": 1, ""100% other fibers"": 1, ""100% suede/synthetic"": 1, ""100% synthetic"": 7, ""100% textile"": 2, ""100% textile/synthetic"": 1, ""75% suede/25% mesh"": 1, ""75% synthetic, 25% mesh"": 1, ""80% synthetic, 20% leather upper"": 1, ""85% cotton / 15% polyester"": 1, ""breathability: upper for high breathability that allows kid\u2019"": 1, ""carry your gym shoes separately or separate your sweaty clot"": 1, ""drawstring closure"": 1, ""ethylene vinyl acetate sole"": 2, ""fabric"": 1, ""fabric mixed with gold thread"": 1, ""imported"": 6, ""knit mesh"": 1, ""lightweight eva sole"": 1, ""md sole"": 2, ""mesh"": 3, ""our running shoes are a great gift for young girls or women "": 1, ""phylon sole"": 1, ""polyster"": 1, ""polyurethane sole"": 2, ""rubber sole"": 21, ""shoes water for women woman mens womens men golf kids hiking"": 1, ""solid colors: 80% cotton, 20% polyester; heather grey: 78% c"": 1, ""synthetic sole"": 1, ""textile and md"": 1, ""the topo difference: topo athletic designs athletic shoes th"": 1, ""thermoplastic rubber sole"": 1, ""vibram sole --unique diamond shape lugs on vibram outsole ar"": 1, ""womens walking shoes wide width"": 1, ""zipper closure"": 2, ""\u27a4solid color /comfortable walking running tennis sneakers sh"": 1, ""\ud83d\udc5f breathable upper: durable mesh upper with good stretch tha"": 1}}",100,"[""B0925MM7CD"", ""B0B6TPKVHX"", ""B08ZK7NZBX"", ""B09YQCNHZG"", ""B0BLRS4D39"", ""B019ELI8TA"", ""B07L3W74QQ"", ""B08RMT7665"", ""B09D96W56J"", ""B00MES8EIQ""]",15.566400019451976,True,browsing,B07N15QTKC,
public_0074,3,reranker,entropy,browsing,specific,Athletic Walking,"[{""explicit"": false, ""hard"": false, ""kind"": ""feature"", ""negated"": false, ""source"": ""ambiguous_disclosure"", ""source_turn"": 3, ""strength"": 0.7, ""value"": ""mesh""}, {""explicit"": false, ""hard"": false, ""kind"": ""feature"", ""negated"": false, ""source"": ""ambiguous_disclosure"", ""source_turn"": 3, ""strength"": 0.7, ""value"": ""Imported""}]",[],"[""style""]","[""brand"", ""feature"", ""color""]",color,"{""entropy"": 2.063458298648303, ""value_counts"": {""black"": 7, ""blue"": 2, ""green"": 2, ""grey"": 2, ""white"": 2}}",50,"[""B01HLQEP1U"", ""B00MES8EIQ"", ""B005A97OP0"", ""B005A996E2"", ""B07N15QTKC"", ""B01J2NW0B2"", ""B01J2Q2RC6"", ""B01IJCOZOW"", ""B08SH8GF6K"", ""B00DVOKL6A""]",23.547399992821738,True,browsing,B07N15QTKC,5
public_0076,1,reranker,entropy,browsing,exploratory,Women Hoodies,[],[],"[""style"", ""comfort"", ""performance"", ""fit""]","[""brand""]",brand,"{""entropy"": 6.41630731475309, ""value_counts"": {""adidas"": 2, ""adidas originals"": 2, ""amsky"": 1, ""anmery"": 1, ""aritone - women clothes"": 1, ""armadio"": 1, ""asyoly"": 1, ""audate"": 1, ""babyhealthy"": 1, ""baikea"": 1, ""banao"": 1, ""bhsj"": 1, ""bsunsomem"": 1, ""btfbm"": 3, ""bysbzd"": 1, ""challyhope_women sweatshirt pullover"": 1, ""cin-fan"": 1, ""columbia"": 2, ""comvalue"": 1, ""coppen"": 1, ""couples apparel"": 1, ""diyhoodie"": 1, ""eilvm"": 1, ""eoailr"": 1, ""finwanlo"": 1, ""flurries"": 1, ""followme2shop cute sweaters"": 1, ""for g and pl"": 1, ""foursteeds"": 1, ""freshhoods"": 1, ""gemlon"": 1, ""generic"": 1, ""glorystar"": 1, ""glostory"": 1, ""go all out"": 1, ""gothden"": 1, ""hsrked"": 1, ""in'voland"": 1, ""joe's usa"": 1, ""kimmery"": 1, ""lady 12"": 1, ""lora\""s"": 1, ""lou brock"": 1, ""love is war"": 1, ""madioluye"": 1, ""makemechic"": 2, ""mayamang"": 2, ""miiyana"": 1, ""minthunter"": 1, ""moblosm"": 2, ""momtuesdays2"": 1, ""mxrag"": 1, ""n/a brand"": 1, ""naggoo"": 1, ""naicissism"": 1, ""new york avenue"": 1, ""nhgwn"": 1, ""nike"": 1, ""nsirloi"": 1, ""onlypuff"": 2, ""orchidays"": 1, ""pinkmstyle"": 1, ""popstyle"": 1, ""punlawn"": 1, ""qantu"": 1, ""qumee"": 1, ""rab"": 1, ""raisevern"": 1, ""roselinlin"": 1, ""ruanyu"": 1, ""scarmat"": 1, ""singslife"": 1, ""soisuel"": 1, ""temofon"": 2, ""the north face"": 2, ""theast"": 1, ""topstype"": 1, ""uincloset"": 1, ""under armour"": 1, ""urban virgin"": 1, ""vaiftilno"": 1, ""vecot"": 1, ""viasa_"": 1, ""vislily"": 1, ""wirziis"": 1, ""woman within"": 1, ""yang-yi"": 1, ""youdiao"": 1, ""zawara"": 1}}",100,"[""B08JPV5NWY"", ""B0B9WR83YN"", ""B09F2KFNQZ"", ""B08P7HS6QL"", ""B09HCGHMWZ"", ""B07Z41K188"", ""B09BNFRXNS"", ""B07X3CX1C3"", ""B07GKPQGB1"", ""B07H2MMMR3""]",19.818900007521734,True,browsing,B07XT6PLTB,
public_0076,2,reranker,entropy,browsing,exploratory,Women Hoodies,[],[],"[""style"", ""comfort"", ""performance"", ""fit""]","[""brand"", ""feature""]",feature,"{""entropy"": 5.241012910969647, ""value_counts"": {""100% cotton"": 7, ""100% polyester"": 10, ""35% polyester"": 1, ""50% cotton/50% polyster"": 1, ""50% polyester, 50% cotton"": 1, ""57% cotton/30% recycled polyester/13% recycled cotton"": 1, ""60% cotton, 40% polyester"": 1, ""65% cotton"": 1, ""65% polyester/30% cotton/5% spandex, won't shrink or fade"": 1, ""70% cotton and 30% polyester"": 1, ""70% cotton, 30% polyester"": 1, ""75% acrylic,25% nylon"": 1, ""75% acrylic/25% nylon"": 1, ""75% polyester, 20% cotton, 5% spandex"": 1, ""95% polyester, 5% elastane"": 1, ""95% polyester, 5% spandex"": 2, ""95% polyester/5% other fibers"": 1, ""attention: only sold by \""baikea fashion\"" and fulfilled by am"": 1, ""black friday deals, buy 2 save 8% buy 5 get 1 free"": 1, ""bunny hoodie womens hoodie hoodies aesthetic black hoodie wo"": 1, ""button closure"": 1, ""cotton and polyester"": 2, ""cotton blend"": 1, ""cotton poly blend"": 1, ""cotton, spandex and polyester"": 1, ""cotton,spandex,fleece"": 1, ""cotton,velvet"": 2, ""fabric: 80% polyester,5% spandex. women hoodies little thick"": 1, ""fleece"": 3, ""graphic sweatshirts"": 1, ""high-quality material, polyester cotton blend"": 1, ""imported"": 1, ""lace up closure"": 2, ""lycra"": 1, ""machine wash"": 4, ""material:cotton blends"": 1, ""oversized hoodies for women pullover"": 1, ""polyester"": 2, ""polyester,cotton"": 7, ""polyester,cotton,spandex"": 2, ""polyester,cotton,spandex,fleece"": 1, ""polyester,spandex"": 4, ""polyester,spandex,fleece"": 1, ""pull on closure"": 4, ""sherpa,fleece"": 1, ""the use of advanced digital printing technology, machine and"": 1, ""tik tok hoodie tye dye juniors tops cute shirts for women ti"": 1, ""zipper closure"": 2, ""\u25c6material:85%cotton,15% polyester.soft and comfort.pull on c"": 1, ""\u2605material: this women hooded sweater is made of acrylic.the "": 1, ""\u2764\u2764 \u3010coppen\u3011the women's casual hoodies sweatshirts fabric is "": 1, ""\ud835\udfcf\ud835\udfce\ud835\udfce% \ud835\udc0f\ud835\udc11\ud835\udc04\ud835\udc0c\ud835\udc08\ud835\udc14\ud835\udc0c \ud835\udc0f\ud835\udc0e\ud835\udc0b\ud835\udc18\ud835\udc04\ud835\udc12\ud835\udc13\ud835\udc04\ud835\udc11"": 1}}",100,"[""B08JPV5NWY"", ""B0B9WR83YN"", ""B09F2KFNQZ"", ""B08P7HS6QL"", ""B09HCGHMWZ"", ""B07Z41K188"", ""B09BNFRXNS"", ""B07X3CX1C3"", ""B07GKPQGB1"", ""B07H2MMMR3""]",20.209500013152137,True,browsing,B07XT6PLTB,
public_0076,3,reranker,entropy,browsing,mixed,Women Hoodies,"[{""explicit"": false, ""hard"": false, ""kind"": ""feature"", ""negated"": false, ""source"": ""ambiguous_disclosure"", ""source_turn"": 3, ""strength"": 0.7, ""value"": ""Imported""}]",[],"[""style"", ""comfort"", ""performance"", ""fit""]","[""brand"", ""feature"", ""use_case""]",use_case,"{""entropy"": 2.5136459293583706, ""value_counts"": {""casual"": 12, ""gym"": 6, ""hiking"": 2, ""outdoor"": 1, ""running"": 6, ""sports"": 2, ""winter"": 18, ""work"": 4}}",75,"[""B09BJMYCQ8"", ""B09BNFRXNS"", ""B0B9WR83YN"", ""B0076TPF5I"", ""B0822DPK4F"", ""B0BMLTW4D5"", ""B08L4FLRDT"", ""B08JPVWF9W"", ""B0B6BHND47"", ""B00G6YQFYY""]",127.35049999901094,True,browsing,B07XT6PLTB,
public_0076,4,reranker,entropy,browsing,mixed,Women Hoodies,"[{""explicit"": false, ""hard"": false, ""kind"": ""feature"", ""negated"": false, ""source"": ""ambiguous_disclosure"", ""source_turn"": 3, ""strength"": 0.7, ""value"": ""Imported""}]",[],"[""style"", ""comfort"", ""performance"", ""fit""]","[""brand"", ""feature"", ""use_case"", ""color""]",color,"{""entropy"": 2.2031725049326587, ""value_counts"": {""black"": 20, ""blue"": 3, ""gray"": 2, ""green"": 1, ""grey"": 1, ""pink"": 1, ""red"": 2, ""white"": 5, ""yellow"": 1}}",75,"[""B09BJMYCQ8"", ""B09BNFRXNS"", ""B0B9WR83YN"", ""B0076TPF5I"", ""B0822DPK4F"", ""B0BMLTW4D5"", ""B08L4FLRDT"", ""B08JPVWF9W"", ""B0B6BHND47"", ""B00G6YQFYY""]",30.076199996983632,True,browsing,B07XT6PLTB,
public_0076,5,reranker,entropy,browsing,specific,Women Hoodies,"[{""explicit"": false, ""hard"": false, ""kind"": ""feature"", ""negated"": false, ""source"": ""ambiguous_disclosure"", ""source_turn"": 3, ""strength"": 0.7, ""value"": ""Imported""}, {""explicit"": false, ""hard"": false, ""kind"": ""color"", ""negated"": false, ""source"": ""ambiguous_disclosure"", ""source_turn"": 5, ""strength"": 0.7, ""value"": ""color: grey""}]",[],"[""style"", ""comfort"", ""performance"", ""fit""]","[""brand"", ""feature"", ""use_case"", ""color"", ""material""]",material,"{""entropy"": 1.5253844444821991, ""value_counts"": {""cotton"": 29, ""fabric"": 5, ""leather"": 1, ""nylon"": 2, ""polyester"": 8}}",50,"[""B08JPVWF9W"", ""B0BMLTW4D5"", ""B09BJMYCQ8"", ""B079P33H83"", ""B00NUIZHVQ"", ""B07VH36S6W"", ""B07T9LRYRP"", ""B07DNXYK7D"", ""B019DRXJRQ"", ""B07YW4DQ3C""]",160.06389999529347,True,browsing,B07XT6PLTB,
public_0076,6,reranker,entropy,browsing,specific,Women Hoodies,"[{""explicit"": false, ""hard"": false, ""kind"": ""feature"", ""negated"": false, ""source"": ""ambiguous_disclosure"", ""source_turn"": 3, ""strength"": 0.7, ""value"": ""Imported""}, {""explicit"": false, ""hard"": false, ""kind"": ""color"", ""negated"": false, ""source"": ""ambiguous_disclosure"", ""source_turn"": 5, ""strength"": 0.7, ""value"": ""color: grey""}, {""explicit"": false, ""hard"": false, ""kind"": ""material"", ""negated"": false, ""source"": ""ambiguous_disclosure"", ""source_turn"": 6, ""strength"": 0.7, ""value"": ""cotton""}, {""explicit"": false, ""hard"": false, ""kind"": ""material"", ""negated"": false, ""source"": ""ambiguous_disclosure"", ""source_turn"": 6, ""strength"": 0.7, ""value"": ""Solid colors: 80% Cotton, 20% Polyester; Heather Grey: 78% Cotton, 22% Poly; Dark Heather: 50% Cotton, 50% Polyester""}]",[],"[""style"", ""comfort"", ""performance"", ""fit""]","[""brand"", ""feature"", ""use_case"", ""color"", ""material"", ""style""]",style,"{""entropy"": 2.3083415955689137, ""value_counts"": {""classic fit"": 14, ""mens"": 1, ""regular fit"": 1, ""slim fit"": 1, ""unisex-adult"": 15, ""unisex-child"": 2, ""women"": 1, ""womens"": 13, ""womens summer tops"": 1}}",50,"[""B079P33H83"", ""B07DNXYK7D"", ""B07BPBR7ZS"", ""B0777Z9JTC"", ""B07FHF73YF"", ""B079786GXZ"", ""B079JLLMTY"", ""B07DW2THB1"", ""B09BJMYCQ8"", ""B07XT6PLTB""]",153.05980000994168,True,browsing,B07XT6PLTB,10
public_0081,1,reranker,entropy,browsing,exploratory,Underwear Undershirts,[],[],"[""fit"", ""material"", ""style"", ""durability""]","[""brand""]",brand,"{""entropy"": 6.173604948576946, ""value_counts"": {""99extra underwear"": 1, ""allbase"": 1, ""amazon essentials"": 4, ""amorbella"": 1, ""aronas"": 1, ""atb"": 1, ""attraco"": 2, ""aufu"": 1, ""b.u.m. equipment"": 1, ""berrak collection"": 1, ""brix"": 1, ""buyless fashion"": 1, ""calvin klein"": 2, ""coinpond"": 1, ""comfortable club"": 1, ""compressionzonevest"": 1, ""coofandy"": 1, ""customized girl"": 1, ""cyz"": 1, ""delia*s"": 1, ""duofold"": 1, ""fanteecy"": 1, ""feathers"": 1, ""fomolom"": 1, ""fruit of the loom"": 2, ""generic"": 2, ""hanes"": 5, ""husviuxin"": 1, ""iesunny"": 1, ""igig"": 1, ""in'voland"": 1, ""inskentin"": 1, ""jiaboy"": 1, ""jinshi"": 1, ""jstores"": 1, ""khufuzi"": 1, ""kingsize"": 2, ""koryce"": 1, ""lalama"": 1, ""mae"": 1, ""malowinda"": 1, ""mersteyo"": 1, ""misswho"": 1, ""momcozy"": 1, ""mundo unico"": 1, ""munsingwear"": 1, ""n\\w"": 1, ""ohllavivy"": 1, ""olikeme"": 1, ""pair of thieves"": 1, ""perfect undies"": 1, ""pokarla"": 1, ""prettylife underwear"": 1, ""psd"": 2, ""qovoq"": 1, ""r ruxia"": 1, ""rene rofe"": 1, ""rhyff"": 1, ""robesbon"": 1, ""setaria viridis"": 1, ""sexy girl rock"": 1, ""shop le boudoir"": 1, ""sijo"": 1, ""sladatona"": 2, ""sociala"": 1, ""spyder"": 1, ""stretch is comfort"": 1, ""texeresilk"": 3, ""under armour"": 3, ""underworks"": 2, ""underwraps"": 1, ""uratot"": 1, ""vackutliv"": 1, ""wuhou"": 1, ""xrxebv"": 1, ""yonghs"": 1, ""yubao"": 1, ""yufeida"": 1, ""yukaichen"": 1, ""yundobop"": 1}}",100,"[""B005CJJHNK"", ""B00M798WWA"", ""B0149B4YHK"", ""B0BXP6MG3X"", ""B00L10BT3A"", ""B07DQSWHWN"", ""B07NCS6DTX"", ""B0891LTVHT"", ""B0036UZNBC"", ""B015Y7J6EY""]",25.57560001150705,True,browsing,B0BSS36XCS,
public_0081,2,reranker,entropy,browsing,exploratory,Underwear Undershirts,[],[],"[""fit"", ""material"", ""style"", ""durability""]","[""brand"", ""feature""]",feature,"{""entropy"": 4.695880231578792, ""value_counts"": {""100% cotton"": 29, ""100% nylon"": 2, ""100% polyester"": 7, ""100% spandex"": 1, ""5% spandex"": 1, ""67% bamboo viscose / 30% cotton / 3% spandex"": 1, ""70% viscose, 30% cotton"": 2, ""74% polyester, 18% lyocell, 8% elastane"": 1, ""77% polyester, 23% spandex"": 1, ""80% polyamide, 20% spandex"": 1, ""88% polyester, 12% spandex"": 2, ""88% recycled polyester, 12% elastane"": 1, ""90 %chinlon , 10% spandex"": 1, ""90% nylon, 10% spandex"": 1, ""90% polyester fiber, 10% spandex"": 1, ""92% modal microfiber / 8% elastane"": 1, ""95% bamboo fiber+5% spandex/93% lenzing viscose+7% spandex"": 1, ""95% combed cotton, 5% spandex"": 1, ""95% cotton, 5% elastane"": 2, ""95% cotton, 5% other fibers"": 1, ""95% cotton, 5% spandex"": 6, ""95% premium soft cotton, 5% elastic spandex. machine wash"": 1, ""bamboo"": 1, ""base-layer-underwear closure"": 1, ""boody: 83% nylon,17% spandex. crotch area: 100% cotton."": 1, ""button closure"": 1, ""cotton blend"": 1, ""cotton,combed cotton"": 1, ""covers head and neck fully"": 1, ""fast and free shipping!"": 1, ""front rise:95% model/5% spandex mesh: 85% ice fiber/ 15% spa"": 1, ""imported"": 3, ""jersey"": 1, ""machine wash"": 2, ""material:95%modal+5%spandex"": 1, ""modal"": 1, ""nylon"": 1, ""nylon spandex"": 1, ""nylon, spandex"": 1, ""polyester, nylon"": 1, ""polyester,cotton"": 1, ""polyester-blend"": 1, ""pull on closure"": 2, ""satin"": 1, ""soft fabric"": 1, ""solid: 100% cotton; heathers: 75% cotton, 25% polyester"": 1, ""solids: 100% cotton; heathers: 60% cotton, 40% polyester"": 2, ""spandex fabric"": 1, ""spandex,nylon"": 1, ""waffle"": 1, ""womens cotton bikini underwear body: 95% cotton, 5% spandex"": 1, ""womens thermal underwear set made of ultra soft fabric: 95% "": 1}}",100,"[""B005CJJHNK"", ""B00M798WWA"", ""B0149B4YHK"", ""B0BXP6MG3X"", ""B00L10BT3A"", ""B07DQSWHWN"", ""B07NCS6DTX"", ""B0891LTVHT"", ""B0036UZNBC"", ""B015Y7J6EY""]",14.854400011245161,True,browsing,B0BSS36XCS,
public_0081,3,reranker,entropy,browsing,specific,Underwear Undershirts,"[{""explicit"": false, ""hard"": false, ""kind"": ""feature"", ""negated"": false, ""source"": ""ambiguous_disclosure"", ""source_turn"": 3, ""strength"": 0.7, ""value"": ""Pull On closure""}, {""explicit"": false, ""hard"": false, ""kind"": ""feature"", ""negated"": false, ""source"": ""ambiguous_disclosure"", ""source_turn"": 3, ""strength"": 0.7, ""value"": ""Machine Wash""}]",[],"[""fit"", ""material"", ""style"", ""durability""]","[""brand"", ""feature"", ""use_case""]",use_case,"{""entropy"": 2.021782221599798, ""value_counts"": {""casual"": 1, ""gym"": 2, ""hiking"": 7, ""running"": 2, ""winter"": 4}}",50,"[""B004JYCIDU"", ""B00M798WWA"", ""B0149B4YHK"", ""B07FHZ5VGS"", ""B005CJJHNK"", ""B07DQSWHWN"", ""B00W57TS6S"", ""B07DJSPRYY"", ""B019P5WRLK"", ""B07HYJZKW4""]",164.14649999933317,True,browsing,B0BSS36XCS,
public_0081,4,reranker,entropy,browsing,specific,Underwear Undershirts,"[{""explicit"": false, ""hard"": false, ""kind"": ""feature"", ""negated"": false, ""source"": ""ambiguous_disclosure"", ""source_turn"": 3, ""strength"": 0.7, ""value"": ""Pull On closure""}, {""explicit"": false, ""hard"": false, ""kind"": ""feature"", ""negated"": false, ""source"": ""ambiguous_disclosure"", ""source_turn"": 3, ""strength"": 0.7, ""value"": ""Machine Wash""}]",[],"[""fit"", ""material"", ""style"", ""durability""]","[""brand"", ""feature"", ""use_case"", ""color""]",color,"{""entropy"": 1.4366664819166874, ""value_counts"": {""black"": 7, ""gray"": 1, ""grey"": 1, ""white"": 11}}",50,"[""B004JYCIDU"", ""B00M798WWA"", ""B0149B4YHK"", ""B07FHZ5VGS"", ""B005CJJHNK"", ""B07DQSWHWN"", ""B00W57TS6S"", ""B07DJSPRYY"", ""B019P5WRLK"", ""B07HYJZKW4""]",19.184500008122995,True,browsing,B0BSS36XCS,
public_0081,5,reranker,entropy,browsing,specific,Underwear Undershirts,"[{""explicit"": false, ""hard"": false, ""kind"": ""feature"", ""negated"": false, ""source"": ""ambiguous_disclosure"", ""source_turn"": 3, ""strength"": 0.7, ""value"": ""Pull On closure""}, {""explicit"": false, ""hard"": false, ""kind"": ""feature"", ""negated"": false, ""source"": ""ambiguous_disclosure"", ""source_turn"": 3, ""strength"": 0.7, ""value"": ""Machine Wash""}]",[],"[""fit"", ""material"", ""style"", ""durability""]","[""brand"", ""feature"", ""use_case"", ""color"", ""budget""]",budget,"{""entropy"": 1.390856298386412, ""value_counts"": {""under_100"": 1, ""under_150"": 1, ""under_25"": 13, ""under_50"": 10}}",50,"[""B004JYCIDU"", ""B00M798WWA"", ""B0149B4YHK"", ""B07FHZ5VGS"", ""B005CJJHNK"", ""B07DQSWHWN"", ""B00W57TS6S"", ""B07DJSPRYY"", ""B019P5WRLK"", ""B07HYJZKW4""]",20.704800001112744,True,browsing,B0BSS36XCS,
public_0081,6,reranker,entropy,browsing,specific,Underwear Undershirts,"[{""explicit"": false, ""hard"": false, ""kind"": ""feature"", ""negated"": false, ""source"": ""ambiguous_disclosure"", ""source_turn"": 3, ""strength"": 0.7, ""value"": ""Pull On closure""}, {""explicit"": false, ""hard"": false, ""kind"": ""feature"", ""negated"": false, ""source"": ""ambiguous_disclosure"", ""source_turn"": 3, ""strength"": 0.7, ""value"": ""Machine Wash""}]",[],"[""fit"", ""material"", ""style"", ""durability""]","[""brand"", ""feature"", ""use_case"", ""color"", ""budget"", ""style""]",style,"{""entropy"": 1.2511967870979137, ""value_counts"": {""boys"": 5, ""girls"": 3, ""mens"": 33, ""womens"": 4}}",50,"[""B004JYCIDU"", ""B00M798WWA"", ""B0149B4YHK"", ""B07FHZ5VGS"", ""B005CJJHNK"", ""B07DQSWHWN"", ""B00W57TS6S"", ""B07DJSPRYY"", ""B019P5WRLK"", ""B07HYJZKW4""]",19.443400000454858,True,browsing,B0BSS36XCS,
public_0081,7,reranker,entropy,browsing,specific,Underwear Undershirts,"[{""explicit"": false, ""hard"": false, ""kind"": ""feature"", ""negated"": false, ""source"": ""ambiguous_disclosure"", ""source_turn"": 3, ""strength"": 0.7, ""value"": ""Pull On closure""}, {""explicit"": false, ""hard"": false, ""kind"": ""feature"", ""negated"": false, ""source"": ""ambiguous_disclosure"", ""source_turn"": 3, ""strength"": 0.7, ""value"": ""Machine Wash""}]",[],"[""fit"", ""material"", ""style"", ""durability""]","[""brand"", ""feature"", ""use_case"", ""color"", ""budget"", ""style"", ""material""]",material,"{""entropy"": 1.1147391199990069, ""value_counts"": {""cotton"": 33, ""fabric"": 1, ""polyester"": 13, ""wool"": 1}}",50,"[""B004JYCIDU"", ""B00M798WWA"", ""B0149B4YHK"", ""B07FHZ5VGS"", ""B005CJJHNK"", ""B07DQSWHWN"", ""B00W57TS6S"", ""B07DJSPRYY"", ""B019P5WRLK"", ""B07HYJZKW4""]",16.574200009927154,True,browsing,B0BSS36XCS,
public_0081,8,reranker,entropy,browsing,specific,Underwear Undershirts,"[{""explicit"": false, ""hard"": false, ""kind"": ""feature"", ""negated"": false, ""source"": ""ambiguous_disclosure"", ""source_turn"": 3, ""strength"": 0.7, ""value"": ""Pull On closure""}, {""explicit"": false, ""hard"": false, ""kind"": ""feature"", ""negated"": false, ""source"": ""ambiguous_disclosure"", ""source_turn"": 3, ""strength"": 0.7, ""value"": ""Machine Wash""}, {""explicit"": false, ""hard"": false, ""kind"": ""material"", ""negated"": false, ""source"": ""ambiguous_disclosure"", ""source_turn"": 8, ""strength"": 0.7, ""value"": ""cotton""}, {""explicit"": false, ""hard"": false, ""kind"": ""material"", ""negated"": false, ""source"": ""ambiguous_disclosure"", ""source_turn"": 8, ""strength"": 0.7, ""value"": ""100% Cotton""}]",[],"[""fit"", ""material"", ""style"", ""durability""]","[""brand"", ""feature"", ""use_case"", ""color"", ""budget"", ""style"", ""material"", ""other""]",other,"{""fallback"": ""fewer_than_two_meaningful_values""}",50,"[""B004JYCIDU"", ""B019P5WRLK"", ""B07DJSPRYY"", ""B07DQSWHWN"", ""B0BXP6MG3X"", ""B008U7KRBW"", ""B0891LTVHT"", ""B00W57TS6S"", ""B0BT8T2FQ3"", ""B07HC5LL2H""]",101.96600001654588,True,browsing,B0BSS36XCS,
public_0081,9,reranker,entropy,browsing,specific,Underwear Undershirts,"[{""explicit"": false, ""hard"": false, ""kind"": ""feature"", ""negated"": false, ""source"": ""ambiguous_disclosure"", ""source_turn"": 3, ""strength"": 0.7, ""value"": ""Pull On closure""}, {""explicit"": false, ""hard"": false, ""kind"": ""feature"", ""negated"": false, ""source"": ""ambiguous_disclosure"", ""source_turn"": 3, ""strength"": 0.7, ""value"": ""Machine Wash""}, {""explicit"": false, ""hard"": false, ""kind"": ""material"", ""negated"": false, ""source"": ""ambiguous_disclosure"", ""source_turn"": 8, ""strength"": 0.7, ""value"": ""cotton""}, {""explicit"": false, ""hard"": false, ""kind"": ""material"", ""negated"": false, ""source"": ""ambiguous_disclosure"", ""source_turn"": 8, ""strength"": 0.7, ""value"": ""100% Cotton""}]",[],"[""fit"", ""material"", ""style"", ""durability""]","[""brand"", ""feature"", ""use_case"", ""color"", ""budget"", ""style"", ""material"", ""other""]",other,"{""fallback"": ""fewer_than_two_meaningful_values""}",50,"[""B004JYCIDU"", ""B019P5WRLK"", ""B07DJSPRYY"", ""B07DQSWHWN"", ""B0BXP6MG3X"", ""B008U7KRBW"", ""B0891LTVHT"", ""B00W57TS6S"", ""B0BT8T2FQ3"", ""B07HC5LL2H""]",20.94380001653917,True,browsing,B0BSS36XCS,
public_0081,10,reranker,entropy,browsing,specific,Underwear Undershirts,"[{""explicit"": false, ""hard"": false, ""kind"": ""feature"", ""negated"": false, ""source"": ""ambiguous_disclosure"", ""source_turn"": 3, ""strength"": 0.7, ""value"": ""Pull On closure""}, {""explicit"": false, ""hard"": false, ""kind"": ""feature"", ""negated"": false, ""source"": ""ambiguous_disclosure"", ""source_turn"": 3, ""strength"": 0.7, ""value"": ""Machine Wash""}, {""explicit"": false, ""hard"": false, ""kind"": ""material"", ""negated"": false, ""source"": ""ambiguous_disclosure"", ""source_turn"": 8, ""strength"": 0.7, ""value"": ""cotton""}, {""explicit"": false, ""hard"": false, ""kind"": ""material"", ""negated"": false, ""source"": ""ambiguous_disclosure"", ""source_turn"": 8, ""strength"": 0.7, ""value"": ""100% Cotton""}]",[],"[""fit"", ""material"", ""style"", ""durability""]","[""brand"", ""feature"", ""use_case"", ""color"", ""budget"", ""style"", ""material"", ""other""]",other,"{""fallback"": ""fewer_than_two_meaningful_values""}",50,"[""B004JYCIDU"", ""B019P5WRLK"", ""B07DJSPRYY"", ""B07DQSWHWN"", ""B0BXP6MG3X"", ""B008U7KRBW"", ""B0891LTVHT"", ""B00W57TS6S"", ""B0BT8T2FQ3"", ""B07HC5LL2H""]",28.730299993185326,True,browsing,B0BSS36XCS,
public_0083,1,reranker,entropy,buying,specific,Tees & Blouses Blouses & Button-Down Shirts,"[{""explicit"": true, ""hard"": true, ""kind"": ""material"", ""negated"": false, ""source"": ""explicit_requirement"", ""source_turn"": 1, ""strength"": 1.0, ""value"": ""polyester""}]",[],"[""fit"", ""material"", ""comfort"", ""style""]","[""brand""]",brand,"{""entropy"": 5.548758439731455, ""value_counts"": {""2b by bebe"": 1, ""agb"": 1, ""allegra k"": 3, ""alvaq"": 1, ""bcbgeneration"": 1, ""beautees"": 1, ""bebe"": 1, ""bishop & young"": 1, ""burton"": 1, ""bxcnckd"": 1, ""chic star"": 1, ""clothink"": 1, ""columbia"": 1, ""coupe collection"": 1, ""cutecc"": 1, ""etosell"": 1, ""fermaid"": 1, ""fesier"": 1, ""fisoul"": 1, ""gadewake"": 1, ""gnveub"": 1, ""gzdmfs"": 1, ""harriton"": 1, ""how-ru"": 1, ""i.n.c. international concepts"": 1, ""jeazi"": 1, ""jhvyf"": 1, ""kanzd"": 1, ""kidsform"": 1, ""kilig"": 1, ""kirundo"": 1, ""lath.pin"": 1, ""luyaa"": 1, ""marycrafts"": 1, ""messic"": 1, ""nine west"": 1, ""ny collection"": 1, ""puwei"": 1, ""rcl"": 1, ""romwe"": 1, ""shawhuwa"": 1, ""stanzino"": 1, ""swyss_blouse"": 1, ""valolia"": 1, ""voxshe"": 1, ""xwb"": 1, ""yming"": 1, ""zeagoo"": 1}}",50,"[""B0B8J3X7P8"", ""B07GWF5FKS"", ""B07PP1V31X"", ""B07M5SVDQV"", ""B00ID4VAYU"", ""B00638MDSA"", ""B0B1CJXL7D"", ""B07G5T2D5K"", ""B01HAZN0NG"", ""B08DS7Q2RJ""]",25.155200011795387,True,buying,B0BPMCJ1RD,
public_0083,2,reranker,entropy,buying,specific,Tees & Blouses Blouses & Button-Down Shirts,"[{""explicit"": true, ""hard"": true, ""kind"": ""material"", ""negated"": false, ""source"": ""explicit_requirement"", ""source_turn"": 1, ""strength"": 1.0, ""value"": ""polyester""}]",[],"[""fit"", ""material"", ""comfort"", ""style""]","[""brand"", ""feature""]",feature,"{""entropy"": 3.77998720177651, ""value_counts"": {""100% cotton dryride mist-defy shell fabric"": 1, ""100% polyester"": 20, ""100% polyester."": 1, ""100% polyester. soft and lightweight material can provide yo"": 1, ""100% spandex"": 1, ""50% polyester, 38% cotton, 12% spandex"": 1, ""50% polyester, 50% rayon"": 1, ""60% polyester, 35%cotton, 5% spandex"": 1, ""65% cotton, 35% polyester"": 1, ""75% polyester, 22% rayon, 3% spandex"": 1, ""92% cotton, 8% polyester"": 1, ""92% polyester"": 1, ""95% polyester, 5% spandex"": 2, ""button closure"": 3, ""clearance sale"": 1, ""cotton+polyester"": 1, ""cotton,polyester"": 1, ""denim,polyester"": 1, ""denim,polyester,cotton"": 1, ""linen"": 1, ""material: 92% polyester, 8% spandex, super lightweight, brea"": 1, ""material:cotton+polyester"": 1, ""material\uff1a100%polyester, lightweight and comfortable to wear."": 1, ""polyester, nylon"": 1, ""polyester,spandex"": 1, ""polyester,velvet"": 1, ""viscose,polyester,spandex"": 1, ""\u3010high quality\u3011material: 100% polyester, durable, easy to cle"": 1}}",50,"[""B0B8J3X7P8"", ""B07GWF5FKS"", ""B07PP1V31X"", ""B07M5SVDQV"", ""B00ID4VAYU"", ""B00638MDSA"", ""B0B1CJXL7D"", ""B07G5T2D5K"", ""B01HAZN0NG"", ""B08DS7Q2RJ""]",24.837100005242974,True,buying,B0BPMCJ1RD,
public_0083,3,reranker,entropy,buying,specific,Tees & Blouses Blouses & Button-Down Shirts,"[{""explicit"": true, ""hard"": true, ""kind"": ""material"", ""negated"": false, ""source"": ""explicit_requirement"", ""source_turn"": 1, ""strength"": 1.0, ""value"": ""polyester""}, {""explicit"": false, ""hard"": false, ""kind"": ""feature"", ""negated"": false, ""source"": ""ambiguous_disclosure"", ""source_turn"": 3, ""strength"": 0.7, ""value"": ""Imported""}, {""explicit"": false, ""hard"": false, ""kind"": ""feature"", ""negated"": false, ""source"": ""ambiguous_disclosure"", ""source_turn"": 3, ""strength"": 0.7, ""value"": ""Button closure""}]",[],"[""fit"", ""material"", ""comfort"", ""style""]","[""brand"", ""feature"", ""use_case""]",use_case,"{""entropy"": 1.9977106391720778, ""value_counts"": {""casual"": 5, ""outdoor"": 5, ""running"": 1, ""winter"": 9, ""work"": 14}}",50,"[""B0B8J3X7P8"", ""B07PP1V31X"", ""B07GWF5FKS"", ""B00ID4VAYU"", ""B08DS7Q2RJ"", ""B07TJR942W"", ""B0762R5YZM"", ""B00N5TJ4B4"", ""B09CD9JMFD"", ""B0935ZL61W""]",112.61800001375377,True,buying,B0BPMCJ1RD,
public_0083,4,reranker,entropy,buying,specific,Tees & Blouses Blouses & Button-Down Shirts,"[{""explicit"": true, ""hard"": true, ""kind"": ""material"", ""negated"": false, ""source"": ""explicit_requirement"", ""source_turn"": 1, ""strength"": 1.0, ""value"": ""polyester""}, {""explicit"": false, ""hard"": false, ""kind"": ""feature"", ""negated"": false, ""source"": ""ambiguous_disclosure"", ""source_turn"": 3, ""strength"": 0.7, ""value"": ""Imported""}, {""explicit"": false, ""hard"": false, ""kind"": ""feature"", ""negated"": false, ""source"": ""ambiguous_disclosure"", ""source_turn"": 3, ""strength"": 0.7, ""value"": ""Button closure""}]",[],"[""fit"", ""material"", ""comfort"", ""style""]","[""brand"", ""feature"", ""use_case"", ""color""]",color,"{""entropy"": 1.7841591278514217, ""value_counts"": {""black"": 5, ""blue"": 4, ""pink"": 1, ""white"": 2}}",50,"[""B0B8J3X7P8"", ""B07PP1V31X"", ""B07GWF5FKS"", ""B00ID4VAYU"", ""B08DS7Q2RJ"", ""B07TJR942W"", ""B0762R5YZM"", ""B00N5TJ4B4"", ""B09CD9JMFD"", ""B0935ZL61W""]",24.734500009799376,True,buying,B0BPMCJ1RD,
public_0083,5,reranker,entropy,buying,specific,Tees & Blouses Blouses & Button-Down Shirts,"[{""explicit"": true, ""hard"": true, ""kind"": ""material"", ""negated"": false, ""source"": ""explicit_requirement"", ""source_turn"": 1, ""strength"": 1.0, ""value"": ""polyester""}, {""explicit"": false, ""hard"": false, ""kind"": ""feature"", ""negated"": false, ""source"": ""ambiguous_disclosure"", ""source_turn"": 3, ""strength"": 0.7, ""value"": ""Imported""}, {""explicit"": false, ""hard"": false, ""kind"": ""feature"", ""negated"": false, ""source"": ""ambiguous_disclosure"", ""source_turn"": 3, ""strength"": 0.7, ""value"": ""Button closure""}]",[],"[""fit"", ""material"", ""comfort"", ""style""]","[""brand"", ""feature"", ""use_case"", ""color"", ""budget""]",budget,"{""entropy"": 1.4315602842833155, ""value_counts"": {""under_25"": 5, ""under_50"": 7, ""under_75"": 2}}",50,"[""B0B8J3X7P8"", ""B07PP1V31X"", ""B07GWF5FKS"", ""B00ID4VAYU"", ""B08DS7Q2RJ"", ""B07TJR942W"", ""B0762R5YZM"", ""B00N5TJ4B4"", ""B09CD9JMFD"", ""B0935ZL61W""]",27.27309998590499,True,buying,B0BPMCJ1RD,
public_0083,6,reranker,entropy,buying,specific,Tees & Blouses Blouses & Button-Down Shirts,"[{""explicit"": true, ""hard"": true, ""kind"": ""material"", ""negated"": false, ""source"": ""explicit_requirement"", ""source_turn"": 1, ""strength"": 1.0, ""value"": ""polyester""}, {""explicit"": false, ""hard"": false, ""kind"": ""feature"", ""negated"": false, ""source"": ""ambiguous_disclosure"", ""source_turn"": 3, ""strength"": 0.7, ""value"": ""Imported""}, {""explicit"": false, ""hard"": false, ""kind"": ""feature"", ""negated"": false, ""source"": ""ambiguous_disclosure"", ""source_turn"": 3, ""strength"": 0.7, ""value"": ""Button closure""}]",[],"[""fit"", ""material"", ""comfort"", ""style""]","[""brand"", ""feature"", ""use_case"", ""color"", ""budget"", ""size""]",size,"{""entropy"": 1.0, ""value_counts"": {""loose fit"": 1, ""regular fit"": 1}}",50,"[""B0B8J3X7P8"", ""B07PP1V31X"", ""B07GWF5FKS"", ""B00ID4VAYU"", ""B08DS7Q2RJ"", ""B07TJR942W"", ""B0762R5YZM"", ""B00N5TJ4B4"", ""B09CD9JMFD"", ""B0935ZL61W""]",20.254300005035475,True,buying,B0BPMCJ1RD,
public_0083,7,reranker,entropy,buying,specific,Tees & Blouses Blouses & Button-Down Shirts,"[{""explicit"": true, ""hard"": true, ""kind"": ""material"", ""negated"": false, ""source"": ""explicit_requirement"", ""source_turn"": 1, ""strength"": 1.0, ""value"": ""polyester""}, {""explicit"": false, ""hard"": false, ""kind"": ""feature"", ""negated"": false, ""source"": ""ambiguous_disclosure"", ""source_turn"": 3, ""strength"": 0.7, ""value"": ""Imported""}, {""explicit"": false, ""hard"": false, ""kind"": ""feature"", ""negated"": false, ""source"": ""ambiguous_disclosure"", ""source_turn"": 3, ""strength"": 0.7, ""value"": ""Button closure""}]",[],"[""fit"", ""material"", ""comfort"", ""style""]","[""brand"", ""feature"", ""use_case"", ""color"", ""budget"", ""size"", ""material""]",material,"{""entropy"": 0.6800770457282799, ""value_counts"": {""cotton"": 9, ""polyester"": 41}}",50,"[""B0B8J3X7P8"", ""B07PP1V31X"", ""B07GWF5FKS"", ""B00ID4VAYU"", ""B08DS7Q2RJ"", ""B07TJR942W"", ""B0762R5YZM"", ""B00N5TJ4B4"", ""B09CD9JMFD"", ""B0935ZL61W""]",15.054999996209517,True,buying,B0BPMCJ1RD,
public_0083,8,reranker,entropy,buying,specific,Tees & Blouses Blouses & Button-Down Shirts,"[{""explicit"": true, ""hard"": true, ""kind"": ""material"", ""negated"": false, ""source"": ""explicit_requirement"", ""source_turn"": 1, ""strength"": 1.0, ""value"": ""polyester""}, {""explicit"": false, ""hard"": false, ""kind"": ""feature"", ""negated"": false, ""source"": ""ambiguous_disclosure"", ""source_turn"": 3, ""strength"": 0.7, ""value"": ""Imported""}, {""explicit"": false, ""hard"": false, ""kind"": ""feature"", ""negated"": false, ""source"": ""ambiguous_disclosure"", ""source_turn"": 3, ""strength"": 0.7, ""value"": ""Button closure""}, {""explicit"": false, ""hard"": false, ""kind"": ""material"", ""negated"": false, ""source"": ""ambiguous_disclosure"", ""source_turn"": 8, ""strength"": 0.7, ""value"": ""100% Polyester""}]",[],"[""fit"", ""material"", ""comfort"", ""style""]","[""brand"", ""feature"", ""use_case"", ""color"", ""budget"", ""size"", ""material"", ""style""]",style,"{""entropy"": 0.9986167977281122, ""value_counts"": {""girls"": 1, ""loose fit"": 1, ""mens"": 4, ""regular fit"": 1, ""women"": 1, ""womens"": 39}}",50,"[""B0B8J3X7P8"", ""B00ID4VAYU"", ""B0762R5YZM"", ""B01MT1K1SC"", ""B07GWF5FKS"", ""B00N5TJ4B4"", ""B008MBMO5S"", ""B07PP1V31X"", ""B0B243L7BR"", ""B08P3695TQ""]",102.54740001983009,True,buying,B0BPMCJ1RD,
public_0083,9,reranker,entropy,buying,specific,Tees & Blouses Blouses & Button-Down Shirts,"[{""explicit"": true, ""hard"": true, ""kind"": ""material"", ""negated"": false, ""source"": ""explicit_requirement"", ""source_turn"": 1, ""strength"": 1.0, ""value"": ""polyester""}, {""explicit"": false, ""hard"": false, ""kind"": ""feature"", ""negated"": false, ""source"": ""ambiguous_disclosure"", ""source_turn"": 3, ""strength"": 0.7, ""value"": ""Imported""}, {""explicit"": false, ""hard"": false, ""kind"": ""feature"", ""negated"": false, ""source"": ""ambiguous_disclosure"", ""source_turn"": 3, ""strength"": 0.7, ""value"": ""Button closure""}, {""explicit"": false, ""hard"": false, ""kind"": ""material"", ""negated"": false, ""source"": ""ambiguous_disclosure"", ""source_turn"": 8, ""strength"": 0.7, ""value"": ""100% Polyester""}]",[],"[""fit"", ""material"", ""comfort"", ""style""]","[""brand"", ""feature"", ""use_case"", ""color"", ""budget"", ""size"", ""material"", ""style"", ""other""]",other,"{""fallback"": ""fewer_than_two_meaningful_values""}",50,"[""B0B8J3X7P8"", ""B00ID4VAYU"", ""B0762R5YZM"", ""B01MT1K1SC"", ""B07GWF5FKS"", ""B00N5TJ4B4"", ""B008MBMO5S"", ""B07PP1V31X"", ""B0B243L7BR"", ""B08P3695TQ""]",20.001199998660013,True,buying,B0BPMCJ1RD,
public_0083,10,reranker,entropy,buying,specific,Tees & Blouses Blouses & Button-Down Shirts,"[{""explicit"": true, ""hard"": true, ""kind"": ""material"", ""negated"": false, ""source"": ""explicit_requirement"", ""source_turn"": 1, ""strength"": 1.0, ""value"": ""polyester""}, {""explicit"": false, ""hard"": false, ""kind"": ""feature"", ""negated"": false, ""source"": ""ambiguous_disclosure"", ""source_turn"": 3, ""strength"": 0.7, ""value"": ""Imported""}, {""explicit"": false, ""hard"": false, ""kind"": ""feature"", ""negated"": false, ""source"": ""ambiguous_disclosure"", ""source_turn"": 3, ""strength"": 0.7, ""value"": ""Button closure""}, {""explicit"": false, ""hard"": false, ""kind"": ""material"", ""negated"": false, ""source"": ""ambiguous_disclosure"", ""source_turn"": 8, ""strength"": 0.7, ""value"": ""100% Polyester""}]",[],"[""fit"", ""material"", ""comfort"", ""style""]","[""brand"", ""feature"", ""use_case"", ""color"", ""budget"", ""size"", ""material"", ""style"", ""other""]",other,"{""fallback"": ""fewer_than_two_meaningful_values""}",50,"[""B0B8J3X7P8"", ""B00ID4VAYU"", ""B0762R5YZM"", ""B01MT1K1SC"", ""B07GWF5FKS"", ""B00N5TJ4B4"", ""B008MBMO5S"", ""B07PP1V31X"", ""B0B243L7BR"", ""B08P3695TQ""]",19.583199988119304,True,buying,B0BPMCJ1RD,
public_0087,1,reranker,entropy,browsing,exploratory,Shirts Casual Button-Down Shirts,[],[],"[""material"", ""fit"", ""comfort""]","[""brand""]",brand,"{""entropy"": 5.944114505264354, ""value_counts"": {""apraw"": 1, ""asher fashion"": 1, ""barlver"": 1, ""beotyshow"": 1, ""biography wear"": 1, ""buttoned down"": 10, ""cinch"": 1, ""clothe co."": 2, ""coofandy"": 4, ""cubavera"": 1, ""czecio"": 1, ""eagle"": 1, ""ehoomely"": 1, ""elanbells"": 1, ""etcyy"": 1, ""evernight"": 1, ""fermaid"": 1, ""fesier"": 1, ""generic"": 3, ""gzdmfs"": 1, ""harrms"": 2, ""hilinker"": 1, ""hlysgo"": 1, ""interestprint"": 2, ""kavu"": 1, ""key apparel"": 1, ""kilig"": 1, ""klvee"": 1, ""lath.pin"": 1, ""lee"": 2, ""letdown_men tops"": 1, ""localmode"": 2, ""lookbookstore"": 2, ""lovezesent"": 1, ""lucky brand"": 1, ""malidan"": 1, ""manaixuan"": 1, ""mirol"": 1, ""mocotono"": 2, ""morwenveo"": 1, ""moxiu men's t shirt"": 1, ""murtial"": 1, ""musen men"": 1, ""ne people"": 1, ""nlife"": 1, ""o'neill"": 1, ""ohoo"": 1, ""ours"": 1, ""perry ellis"": 1, ""pinkpum"": 1, ""playmate men shirts"": 2, ""rcl"": 1, ""rela bota"": 1, ""robert graham"": 2, ""rosfancy"": 1, ""runcati"": 1, ""ryannology"": 2, ""shawhuwa"": 1, ""siliteelon"": 1, ""sir7"": 2, ""smifcaalor"": 1, ""sportrendy"": 2, ""swyss_men's shirt"": 1, ""thwei"": 1, ""tommy hilfiger"": 1, ""trensom"": 1, ""unidear"": 1, ""unionbay"": 1, ""vowua"": 1, ""voxshe"": 1, ""wolddress"": 1, ""wurmenin"": 1, ""yihaojia men blouse"": 1, ""zhaovi's"": 1}}",100,"[""B07QZFJTLW"", ""B07Y5273ZJ"", ""B00FN6D1IE"", ""B09CSXKYX7"", ""B07F34WT5S"", ""B07F1VQ3N6"", ""B09NN4WPYJ"", ""B06VXNJ4YH"", ""B07RHCPC69"", ""B076Q5XWSC""]",18.184100015787408,True,browsing,B0BT158RRR,
public_0087,2,reranker,entropy,browsing,exploratory,Shirts Casual Button-Down Shirts,[],[],"[""material"", ""fit"", ""comfort""]","[""brand"", ""feature""]",feature,"{""entropy"": 4.506671182497142, ""value_counts"": {""1"": 1, ""100% cotton"": 24, ""100% cotton blend"": 1, ""100% polyester"": 11, ""100% rayon"": 1, ""100% supima cotton"": 7, ""50% polyester, 38% cotton, 12% spandex"": 1, ""60% cotton, 35% polyester, 5% spandex"": 1, ""60% polyester, 35%cotton, 5% spandex"": 1, ""64% supima cotton, 23% coolmax polyester, 11% nylon, 2% elas"": 1, ""70% cotton, 30% flax"": 1, ""70% linen, 30% cotton"": 1, ""85\uff05cotton 15%polyester"": 1, ""95% cotton, 5% spandex"": 1, ""95% polyester, 5% spandex"": 3, ""95% supima cotton, 5% elastane"": 1, ""97% supima cotton, 3% lycra elastane"": 1, ""98% cotton, 2% polyester"": 1, ""98% cotton, 2% spandex"": 1, ""[material] - made from comfortable and high quality cotton l"": 1, ""button closure"": 10, ""casual button down shirt for women: 97% cotton and 3% spande"": 2, ""cotton and linen"": 2, ""cotton blend"": 1, ""cotton, spandex and polyester"": 1, ""cotton. flax"": 1, ""dcc003, dcc103, dcc100: 65% cotton, 32% nylon, 3% span"": 1, ""denim,cotton"": 2, ""flannel"": 2, ""full rayon"": 1, ""imported"": 1, ""linen,cotton"": 1, ""material: 65% polyester + 35% cotton"": 1, ""material: 95% polyester and 5% spandex"": 1, ""material:95% cotton+ 5% spandex.the series of soft and stret"": 1, ""material\uff1a100%polyester, lightweight and comfortable to wear."": 1, ""please notice actual size information in the description bef"": 1, ""polyester"": 1, ""polyester,spandex"": 1, ""polyester-blend"": 1, ""premium 97% cotton / 3% spandex"": 1, ""soft & comfy"": 1, ""wrinkle free"": 1, ""\u2765size: please check our size chart in the picture before ord"": 1, ""\u2766\u2766size detail\u2766\u2766---\u266c\u266c our size is asian size, please increase"": 1, ""\u3010high quality\u3011material: 100% polyester, durable, easy to cle"": 1}}",100,"[""B07QZFJTLW"", ""B07Y5273ZJ"", ""B00FN6D1IE"", ""B09CSXKYX7"", ""B07F34WT5S"", ""B07F1VQ3N6"", ""B09NN4WPYJ"", ""B06VXNJ4YH"", ""B07RHCPC69"", ""B076Q5XWSC""]",14.364399976329878,True,browsing,B0BT158RRR,
public_0087,3,reranker,entropy,browsing,specific,Shirts Casual Button-Down Shirts,"[{""explicit"": false, ""hard"": false, ""kind"": ""feature"", ""negated"": false, ""source"": ""ambiguous_disclosure"", ""source_turn"": 3, ""strength"": 0.7, ""value"": ""Imported""}, {""explicit"": false, ""hard"": false, ""kind"": ""feature"", ""negated"": false, ""source"": ""ambiguous_disclosure"", ""source_turn"": 3, ""strength"": 0.7, ""value"": ""Button closure""}]",[],"[""material"", ""fit"", ""comfort""]","[""brand"", ""feature"", ""color""]",color,"{""entropy"": 2.1609640474436813, ""value_counts"": {""black"": 1, ""blue"": 5, ""green"": 1, ""orange"": 1, ""white"": 1, ""yellow"": 1}}",50,"[""B07QZFJTLW"", ""B09CSXKYX7"", ""B00DIVTMIO"", ""B07DT93HKL"", ""B083ZPTRRF"", ""B0BKKL3ZQ3"", ""B06VXNJ4YH"", ""B00S1GQMV6"", ""B01ASUDPMG"", ""B009FWGUO4""]",202.87579999421723,True,browsing,B0BT158RRR,
public_0087,4,reranker,entropy,browsing,specific,Shirts Casual Button-Down Shirts,"[{""explicit"": false, ""hard"": false, ""kind"": ""feature"", ""negated"": false, ""source"": ""ambiguous_disclosure"", ""source_turn"": 3, ""strength"": 0.7, ""value"": ""Imported""}, {""explicit"": false, ""hard"": false, ""kind"": ""feature"", ""negated"": false, ""source"": ""ambiguous_disclosure"", ""source_turn"": 3, ""strength"": 0.7, ""value"": ""Button closure""}]",[],"[""material"", ""fit"", ""comfort""]","[""brand"", ""feature"", ""color"", ""budget""]",budget,"{""entropy"": 1.360964047443681, ""value_counts"": {""under_100"": 1, ""under_25"": 4, ""under_50"": 5}}",50,"[""B07QZFJTLW"", ""B09CSXKYX7"", ""B00DIVTMIO"", ""B07DT93HKL"", ""B083ZPTRRF"", ""B0BKKL3ZQ3"", ""B06VXNJ4YH"", ""B00S1GQMV6"", ""B01ASUDPMG"", ""B009FWGUO4""]",39.14509998867288,True,browsing,B0BT158RRR,
public_0087,5,reranker,entropy,browsing,specific,Shirts Casual Button-Down Shirts,"[{""explicit"": false, ""hard"": false, ""kind"": ""feature"", ""negated"": false, ""source"": ""ambiguous_disclosure"", ""source_turn"": 3, ""strength"": 0.7, ""value"": ""Imported""}, {""explicit"": false, ""hard"": false, ""kind"": ""feature"", ""negated"": false, ""source"": ""ambiguous_disclosure"", ""source_turn"": 3, ""strength"": 0.7, ""value"": ""Button closure""}]",[],"[""material"", ""fit"", ""comfort""]","[""brand"", ""feature"", ""color"", ""budget"", ""use_case""]",use_case,"{""entropy"": 1.2101380294277915, ""value_counts"": {""casual"": 38, ""hiking"": 1, ""outdoor"": 2, ""winter"": 3, ""work"": 6}}",50,"[""B07QZFJTLW"", ""B09CSXKYX7"", ""B00DIVTMIO"", ""B07DT93HKL"", ""B083ZPTRRF"", ""B0BKKL3ZQ3"", ""B06VXNJ4YH"", ""B00S1GQMV6"", ""B01ASUDPMG"", ""B009FWGUO4""]",42.81949999858625,True,browsing,B0BT158RRR,
public_0087,6,reranker,entropy,browsing,specific,Shirts Casual Button-Down Shirts,"[{""explicit"": false, ""hard"": false, ""kind"": ""feature"", ""negated"": false, ""source"": ""ambiguous_disclosure"", ""source_turn"": 3, ""strength"": 0.7, ""value"": ""Imported""}, {""explicit"": false, ""hard"": false, ""kind"": ""feature"", ""negated"": false, ""source"": ""ambiguous_disclosure"", ""source_turn"": 3, ""strength"": 0.7, ""value"": ""Button closure""}]",[],"[""material"", ""fit"", ""comfort""]","[""brand"", ""feature"", ""color"", ""budget"", ""use_case"", ""material""]",material,"{""entropy"": 0.9218159365698821, ""value_counts"": {""cotton"": 39, ""nylon"": 1, ""polyester"": 5, ""rayon"": 1, ""wool"": 1}}",50,"[""B07QZFJTLW"", ""B09CSXKYX7"", ""B00DIVTMIO"", ""B07DT93HKL"", ""B083ZPTRRF"", ""B0BKKL3ZQ3"", ""B06VXNJ4YH"", ""B00S1GQMV6"", ""B01ASUDPMG"", ""B009FWGUO4""]",44.56179999397136,True,browsing,B0BT158RRR,
public_0087,7,reranker,entropy,browsing,specific,Shirts Casual Button-Down Shirts,"[{""explicit"": false, ""hard"": false, ""kind"": ""feature"", ""negated"": false, ""source"": ""ambiguous_disclosure"", ""source_turn"": 3, ""strength"": 0.7, ""value"": ""Imported""}, {""explicit"": false, ""hard"": false, ""kind"": ""feature"", ""negated"": false, ""source"": ""ambiguous_disclosure"", ""source_turn"": 3, ""strength"": 0.7, ""value"": ""Button closure""}, {""explicit"": false, ""hard"": false, ""kind"": ""material"", ""negated"": false, ""source"": ""ambiguous_disclosure"", ""source_turn"": 7, ""strength"": 0.7, ""value"": ""cotton""}, {""explicit"": false, ""hard"": false, ""kind"": ""material"", ""negated"": false, ""source"": ""ambiguous_disclosure"", ""source_turn"": 7, ""strength"": 0.7, ""value"": ""100% Cotton""}]",[],"[""material"", ""fit"", ""comfort""]","[""brand"", ""feature"", ""color"", ""budget"", ""use_case"", ""material"", ""style""]",style,"{""entropy"": 0.42254266919774564, ""value_counts"": {""comfort,straight"": 1, ""mens"": 47, ""unisex-adult"": 1, ""womens"": 1}}",50,"[""B0083VPQBQ"", ""B00MLPDFL8"", ""B083ZPTRRF"", ""B07KQ4PF54"", ""B0788L9M7W"", ""B00FN6D1IE"", ""B009FWGUO4"", ""B07F16G1TF"", ""B07Y5273ZJ"", ""B00LNCECL2""]",168.7489000032656,True,browsing,B0BT158RRR,
public_0087,8,reranker,entropy,browsing,specific,Shirts Casual Button-Down Shirts,"[{""explicit"": false, ""hard"": false, ""kind"": ""feature"", ""negated"": false, ""source"": ""ambiguous_disclosure"", ""source_turn"": 3, ""strength"": 0.7, ""value"": ""Imported""}, {""explicit"": false, ""hard"": false, ""kind"": ""feature"", ""negated"": false, ""source"": ""ambiguous_disclosure"", ""source_turn"": 3, ""strength"": 0.7, ""value"": ""Button closure""}, {""explicit"": false, ""hard"": false, ""kind"": ""material"", ""negated"": false, ""source"": ""ambiguous_disclosure"", ""source_turn"": 7, ""strength"": 0.7, ""value"": ""cotton""}, {""explicit"": false, ""hard"": false, ""kind"": ""material"", ""negated"": false, ""source"": ""ambiguous_disclosure"", ""source_turn"": 7, ""strength"": 0.7, ""value"": ""100% Cotton""}]",[],"[""material"", ""fit"", ""comfort""]","[""brand"", ""feature"", ""color"", ""budget"", ""use_case"", ""material"", ""style"", ""other""]",other,"{""fallback"": ""fewer_than_two_meaningful_values""}",50,"[""B0083VPQBQ"", ""B00MLPDFL8"", ""B083ZPTRRF"", ""B07KQ4PF54"", ""B0788L9M7W"", ""B00FN6D1IE"", ""B009FWGUO4"", ""B07F16G1TF"", ""B07Y5273ZJ"", ""B00LNCECL2""]",29.95820000069216,True,browsing,B0BT158RRR,
public_0087,9,reranker,entropy,browsing,specific,Shirts Casual Button-Down Shirts,"[{""explicit"": false, ""hard"": false, ""kind"": ""feature"", ""negated"": false, ""source"": ""ambiguous_disclosure"", ""source_turn"": 3, ""strength"": 0.7, ""value"": ""Imported""}, {""explicit"": false, ""hard"": false, ""kind"": ""feature"", ""negated"": false, ""source"": ""ambiguous_disclosure"", ""source_turn"": 3, ""strength"": 0.7, ""value"": ""Button closure""}, {""explicit"": false, ""hard"": false, ""kind"": ""material"", ""negated"": false, ""source"": ""ambiguous_disclosure"", ""source_turn"": 7, ""strength"": 0.7, ""value"": ""cotton""}, {""explicit"": false, ""hard"": false, ""kind"": ""material"", ""negated"": false, ""source"": ""ambiguous_disclosure"", ""source_turn"": 7, ""strength"": 0.7, ""value"": ""100% Cotton""}]",[],"[""material"", ""fit"", ""comfort""]","[""brand"", ""feature"", ""color"", ""budget"", ""use_case"", ""material"", ""style"", ""other""]",other,"{""fallback"": ""fewer_than_two_meaningful_values""}",50,"[""B0083VPQBQ"", ""B00MLPDFL8"", ""B083ZPTRRF"", ""B07KQ4PF54"", ""B0788L9M7W"", ""B00FN6D1IE"", ""B009FWGUO4"", ""B07F16G1TF"", ""B07Y5273ZJ"", ""B00LNCECL2""]",39.97379998327233,True,browsing,B0BT158RRR,
public_0087,10,reranker,entropy,browsing,specific,Shirts Casual Button-Down Shirts,"[{""explicit"": false, ""hard"": false, ""kind"": ""feature"", ""negated"": false, ""source"": ""ambiguous_disclosure"", ""source_turn"": 3, ""strength"": 0.7, ""value"": ""Imported""}, {""explicit"": false, ""hard"": false, ""kind"": ""feature"", ""negated"": false, ""source"": ""ambiguous_disclosure"", ""source_turn"": 3, ""strength"": 0.7, ""value"": ""Button closure""}, {""explicit"": false, ""hard"": false, ""kind"": ""material"", ""negated"": false, ""source"": ""ambiguous_disclosure"", ""source_turn"": 7, ""strength"": 0.7, ""value"": ""cotton""}, {""explicit"": false, ""hard"": false, ""kind"": ""material"", ""negated"": false, ""source"": ""ambiguous_disclosure"", ""source_turn"": 7, ""strength"": 0.7, ""value"": ""100% Cotton""}]",[],"[""material"", ""fit"", ""comfort""]","[""brand"", ""feature"", ""color"", ""budget"", ""use_case"", ""material"", ""style"", ""other""]",other,"{""fallback"": ""fewer_than_two_meaningful_values""}",50,"[""B0083VPQBQ"", ""B00MLPDFL8"", ""B083ZPTRRF"", ""B07KQ4PF54"", ""B0788L9M7W"", ""B00FN6D1IE"", ""B009FWGUO4"", ""B07F16G1TF"", ""B07Y5273ZJ"", ""B00LNCECL2""]",39.8875999962911,True,browsing,B0BT158RRR,
public_0092,1,reranker,entropy,browsing,exploratory,Sleep & Lounge Sets,[],[],"[""material"", ""comfort"", ""fit"", ""style""]","[""brand""]",brand,"{""entropy"": 6.241209564709821, ""value_counts"": {""addison meadow"": 3, ""adreamly"": 1, ""akewei"": 1, ""amazon essentials"": 1, ""amerimark"": 1, ""amour vert"": 1, ""andrew scott"": 2, ""aqf"": 1, ""argconner"": 1, ""ashford & brooks"": 2, ""asimoon"": 1, ""astanfy"": 1, ""bapooway"": 1, ""bebe"": 1, ""beyove"": 1, ""cafepress"": 2, ""catherine malandrino"": 1, ""chalier"": 1, ""color alien"": 2, ""culayii"": 1, ""dealkoo"": 1, ""demeao"": 1, ""dream essentials"": 1, ""dreams & co."": 2, ""ekouaer"": 3, ""elapsy"": 1, ""enjoynight"": 2, ""esprlia"": 1, ""evanhome"": 1, ""felina"": 2, ""fruit of the loom"": 1, ""geeyea"": 1, ""george"": 1, ""ginimoli"": 1, ""goodnight kiss"": 1, ""hanes"": 2, ""hue"": 1, ""hzsy"": 1, ""iclosam"": 1, ""joe wenko"": 1, ""jusfitsu"": 1, ""kathy ireland"": 2, ""kenmax"": 1, ""kikibell"": 2, ""latuza"": 1, ""lecgee"": 2, ""lively"": 1, ""lovor"": 1, ""lusofie"": 1, ""luvamia"": 1, ""luxilooks"": 1, ""lveberw"": 1, ""macllyn"": 1, ""mae"": 3, ""marvel"": 1, ""mathea"": 1, ""maxi cozy"": 1, ""meikulo"": 1, ""n/p"": 1, ""new york avenue"": 1, ""newcosplay"": 1, ""noble mount"": 1, ""obicum"": 1, ""only necessities"": 2, ""real essentials"": 1, ""relipop"": 1, ""saslax"": 1, ""selfiego"": 1, ""shein"": 1, ""shekini"": 1, ""singingqween"": 1, ""sweetnight"": 1, ""swomog"": 1, ""umina"": 1, ""up2date fashion"": 1, ""weatherproofe"": 1, ""wielsscca"": 1, ""xbuty"": 1, ""xunger"": 1, ""yq.cool go"": 1, ""zexxxy"": 2}}",100,"[""B08GSJTVPJ"", ""B08965CTGN"", ""B0897NQF8M"", ""B093C8JCDG"", ""B06XRM47TL"", ""B08F73Y81V"", ""B08QRQGWWV"", ""B08JD8PVQ8"", ""B07DCDQDPV"", ""B08BLKPKJD""]",30.332599999383092,True,browsing,B07FKNZC43,
public_0092,2,reranker,entropy,browsing,exploratory,Sleep & Lounge Sets,[],[],"[""material"", ""comfort"", ""fit"", ""style""]","[""brand"", ""feature""]",feature,"{""entropy"": 5.50041301611741, ""value_counts"": {""10% spandex"": 1, ""100% cotton"": 10, ""100% polyester"": 5, ""100% rayon; 96% rayon, 4% spandex"": 1, ""5% spandex"": 1, ""55% cotton"": 1, ""55% cotton /45% polyester flannel"": 2, ""55% cotton, 45% polyester"": 1, ""58% cotton, 37% rayon, 5% spandex"": 1, ""60% cotton, 40% polyester"": 1, ""60% polyester, 35% cotton, 5% spandex"": 1, ""63% polyester"": 1, ""65% polyester"": 1, ""65% polyester, 35% cotton"": 1, ""80% nylon, 20% spandex"": 1, ""94% polyester"": 1, ""95% cotton 5% spandex, please put the pajamas in the laundry"": 1, ""95% cotton, 5% other fibers"": 2, ""95% cotton, 5% spandex"": 1, ""95% modal, 5% spandex"": 3, ""95% polyester, 5% elastane"": 1, ""95% polyester, 5% other fibers"": 2, ""95% polyester, 5% spandex"": 3, ""95% rayon, 5% other fibers"": 4, ""95% rayon, 5% spandex"": 1, ""95% viscose, 5% other fibers"": 3, ""95% viscose, 5% spandex"": 3, ""button closure"": 3, ""cotton blend"": 2, ""cotton,flannel"": 1, ""cotton,polyester"": 1, ""cotton/polyester"": 1, ""drawstring closure"": 2, ""dry clean only"": 1, ""from the comfort experts - our designers have been creating "": 2, ""great for bedtime or taking the best nap ever. value-priced "": 1, ""hand wash only"": 2, ""imported"": 2, ""machine wash"": 2, ""material: 97% polyester and 3% spandex"": 1, ""material: cotton + polyester"": 1, ""material: cotton blend lining and mesh outside, super lightw"": 1, ""materials is soft: this nightgown dress makes every night a "": 1, ""modal"": 1, ""modal,jersey knit,cotton,bamboo"": 1, ""plus sizing: size medium will fit plus sizes 14 to 16"": 1, ""polyester,cotton"": 1, ""polyester,cotton,terry"": 1, ""polyester:62%,rayon:30%,spandex:8%"": 1, ""pull on closure"": 2, ""sleeve type: long sleeve"": 1, ""soft cotton poly no-shrink blend suoer light sheen fabric"": 1, ""soft stretchy fabric; lightweight, breathable, skin-friendly"": 1, ""the sleepwear nightshirt loungewear is made of soft fabric, "": 1, ""top 60% cotton/40% polyester, bottom 100% cotton"": 1, ""top: 60% cotton, 40% polyester; bottom: 58% cotton, 37% rayo"": 1, ""\u2714material:this short sleepwear set made from 100% polyester,"": 1}}",100,"[""B08GSJTVPJ"", ""B08965CTGN"", ""B0897NQF8M"", ""B093C8JCDG"", ""B06XRM47TL"", ""B08F73Y81V"", ""B08QRQGWWV"", ""B08JD8PVQ8"", ""B07DCDQDPV"", ""B08BLKPKJD""]",20.57630001218058,True,browsing,B07FKNZC43,
public_0092,3,reranker,entropy,browsing,specific,Sleep & Lounge Sets,"[{""explicit"": false, ""hard"": false, ""kind"": ""feature"", ""negated"": false, ""source"": ""ambiguous_disclosure"", ""source_turn"": 3, ""strength"": 0.7, ""value"": ""Imported""}, {""explicit"": false, ""hard"": false, ""kind"": ""feature"", ""negated"": false, ""source"": ""ambiguous_disclosure"", ""source_turn"": 3, ""strength"": 0.7, ""value"": ""Button closure""}]",[],"[""material"", ""comfort"", ""fit"", ""style""]","[""brand"", ""feature"", ""color""]",color,"{""entropy"": 1.9591479170272446, ""value_counts"": {""black"": 6, ""blue"": 2, ""pink"": 1, ""red"": 1, ""white"": 2}}",50,"[""B00TTQ62WG"", ""B06XQ76JYT"", ""B08L8394KH"", ""B089DXH39C"", ""B00TF7GWHE"", ""B096X9M1TT"", ""B0B6TTYJLV"", ""B08TN2HT6X"", ""B08MWHKF88"", ""B0CCNNXYYS""]",126.53259999933653,True,browsing,B07FKNZC43,
public_0092,4,reranker,entropy,browsing,specific,Sleep & Lounge Sets,"[{""explicit"": false, ""hard"": false, ""kind"": ""feature"", ""negated"": false, ""source"": ""ambiguous_disclosure"", ""source_turn"": 3, ""strength"": 0.7, ""value"": ""Imported""}, {""explicit"": false, ""hard"": false, ""kind"": ""feature"", ""negated"": false, ""source"": ""ambiguous_disclosure"", ""source_turn"": 3, ""strength"": 0.7, ""value"": ""Button closure""}]",[],"[""material"", ""comfort"", ""fit"", ""style""]","[""brand"", ""feature"", ""color"", ""material""]",material,"{""entropy"": 1.7580843758601072, ""value_counts"": {""cotton"": 27, ""fabric"": 2, ""nylon"": 1, ""polyester"": 11, ""silk"": 2, ""spandex"": 4}}",50,"[""B00TTQ62WG"", ""B06XQ76JYT"", ""B08L8394KH"", ""B089DXH39C"", ""B00TF7GWHE"", ""B096X9M1TT"", ""B0B6TTYJLV"", ""B08TN2HT6X"", ""B08MWHKF88"", ""B0CCNNXYYS""]",29.678799997782335,True,browsing,B07FKNZC43,
public_0092,5,reranker,entropy,browsing,specific,Sleep & Lounge Sets,"[{""explicit"": false, ""hard"": false, ""kind"": ""feature"", ""negated"": false, ""source"": ""ambiguous_disclosure"", ""source_turn"": 3, ""strength"": 0.7, ""value"": ""Imported""}, {""explicit"": false, ""hard"": false, ""kind"": ""feature"", ""negated"": false, ""source"": ""ambiguous_disclosure"", ""source_turn"": 3, ""strength"": 0.7, ""value"": ""Button closure""}, {""explicit"": false, ""hard"": false, ""kind"": ""material"", ""negated"": false, ""source"": ""ambiguous_disclosure"", ""source_turn"": 5, ""strength"": 0.7, ""value"": ""polyester""}, {""explicit"": false, ""hard"": false, ""kind"": ""material"", ""negated"": false, ""source"": ""ambiguous_disclosure"", ""source_turn"": 5, ""strength"": 0.7, ""value"": ""95% Polyester, 5% Spandex""}]",[],"[""material"", ""comfort"", ""fit"", ""style""]","[""brand"", ""feature"", ""color"", ""material"", ""use_case""]",use_case,"{""entropy"": 2.1602502466337197, ""value_counts"": {""casual"": 16, ""gym"": 1, ""outdoor"": 1, ""running"": 3, ""sports"": 1, ""winter"": 7, ""work"": 6}}",50,"[""B096X9M1TT"", ""B08TN2HT6X"", ""B06XQ76JYT"", ""B09M3YXM5G"", ""B074X7S7GZ"", ""B08QRQGWWV"", ""B08L5M573Q"", ""B07FKNZC43"", ""B08MS48KHQ"", ""B08MWHKF88""]",125.16639998648316,True,browsing,B07FKNZC43,8
public_0094,1,reranker,entropy,buying,specific,Boots Mid-Calf,"[{""explicit"": true, ""hard"": true, ""kind"": ""material"", ""negated"": false, ""source"": ""explicit_requirement"", ""source_turn"": 1, ""strength"": 1.0, ""value"": ""leather""}]",[],"[""fit"", ""comfort"", ""material"", ""performance""]","[""brand""]",brand,"{""entropy"": 5.148758439731455, ""value_counts"": {""alfani"": 1, ""ariat"": 4, ""bos. & co."": 1, ""brinley co"": 4, ""clarks"": 3, ""corral boots"": 1, ""cougar"": 1, ""coutgo"": 1, ""dailyshoes"": 1, ""depdream"": 1, ""dev"": 1, ""dkny"": 1, ""durango"": 2, ""el naturalista"": 1, ""fl by ksc"": 1, ""forever"": 1, ""frye"": 1, ""gibobby"": 1, ""henoo"": 1, ""journee collection"": 2, ""jump"": 1, ""lolli couture"": 1, ""mackin j"": 1, ""mephisto"": 1, ""moon boot"": 1, ""mordenmiss"": 1, ""nature breeze"": 1, ""reneeze"": 1, ""rockport"": 1, ""sam edelman"": 1, ""sbicca"": 1, ""shesole"": 1, ""sorel"": 1, ""the fix"": 1, ""timberland"": 1, ""towmus"": 1, ""two lips"": 1, ""v-luxury"": 1, ""zaynsia"": 1, ""zgr"": 1}}",50,"[""B00NI6BALQ"", ""B0098BNL58"", ""B08S6SXF31"", ""B00MOTXUC0"", ""B00BWBLXIE"", ""B09FSX9NMW"", ""B000Q6N0XW"", ""B00Q9NPS18"", ""B08FSTW789"", ""B00R54V2IS""]",27.305199997499585,True,buying,B01L99SW78,
public_0094,2,reranker,entropy,buying,specific,Boots Mid-Calf,"[{""explicit"": true, ""hard"": true, ""kind"": ""material"", ""negated"": false, ""source"": ""explicit_requirement"", ""source_turn"": 1, ""strength"": 1.0, ""value"": ""leather""}]",[],"[""fit"", ""comfort"", ""material"", ""performance""]","[""brand"", ""feature""]",feature,"{""entropy"": 3.321998363684475, ""value_counts"": {""100% fabric and leather"": 1, ""100% leather"": 18, ""100% leather and nubuck"": 1, ""100% leather and stretch"": 1, ""100% leather and synthetic"": 1, ""100% leather or fabric"": 1, ""100% polyester"": 1, ""100% synthetic"": 9, ""ankle booties for women low heel"": 1, ""boots for women"": 1, ""embossed leather"": 1, ""faux leather"": 2, ""faux leather sole"": 1, ""heel height: heel measures approximately 2.16\"", platform mea"": 1, ""imported"": 1, ""manmade sole"": 1, ""patent leather"": 1, ""pleather"": 2, ""rubber sole"": 3, ""upper material: cow leather; outsole material: rubber"": 1}}",50,"[""B00NI6BALQ"", ""B0098BNL58"", ""B08S6SXF31"", ""B00MOTXUC0"", ""B00BWBLXIE"", ""B09FSX9NMW"", ""B000Q6N0XW"", ""B00Q9NPS18"", ""B08FSTW789"", ""B00R54V2IS""]",22.80189999146387,True,buying,B01L99SW78,
public_0094,3,reranker,entropy,buying,specific,Boots Mid-Calf,"[{""explicit"": true, ""hard"": true, ""kind"": ""material"", ""negated"": false, ""source"": ""explicit_requirement"", ""source_turn"": 1, ""strength"": 1.0, ""value"": ""leather""}, {""explicit"": false, ""hard"": false, ""kind"": ""feature"", ""negated"": false, ""source"": ""ambiguous_disclosure"", ""source_turn"": 3, ""strength"": 0.7, ""value"": ""Synthetic sole""}, {""explicit"": false, ""hard"": false, ""kind"": ""feature"", ""negated"": false, ""source"": ""ambiguous_disclosure"", ""source_turn"": 3, ""strength"": 0.7, ""value"": ""Shaft measures approximately 8\"" from arch""}]",[],"[""fit"", ""comfort"", ""material"", ""performance""]","[""brand"", ""feature"", ""use_case""]",use_case,"{""entropy"": 2.296636697410334, ""value_counts"": {""casual"": 2, ""hiking"": 4, ""outdoor"": 1, ""running"": 1, ""walking"": 1, ""winter"": 10, ""work"": 4}}",50,"[""B00OFOZ61U"", ""B01KORH54W"", ""B00NI6BALQ"", ""B07WZDN4PH"", ""B0098BNL58"", ""B00BU1BYD0"", ""B0074O30F2"", ""B00OEMFYF6"", ""B00R54V2IS"", ""B012U81A62""]",17.215600004419684,True,buying,B01L99SW78,
public_0094,4,reranker,entropy,buying,specific,Boots Mid-Calf,"[{""explicit"": true, ""hard"": true, ""kind"": ""material"", ""negated"": false, ""source"": ""explicit_requirement"", ""source_turn"": 1, ""strength"": 1.0, ""value"": ""leather""}, {""explicit"": false, ""hard"": false, ""kind"": ""feature"", ""negated"": false, ""source"": ""ambiguous_disclosure"", ""source_turn"": 3, ""strength"": 0.7, ""value"": ""Synthetic sole""}, {""explicit"": false, ""hard"": false, ""kind"": ""feature"", ""negated"": false, ""source"": ""ambiguous_disclosure"", ""source_turn"": 3, ""strength"": 0.7, ""value"": ""Shaft measures approximately 8\"" from arch""}]",[],"[""fit"", ""comfort"", ""material"", ""performance""]","[""brand"", ""feature"", ""use_case"", ""color""]",color,"{""entropy"": 1.789929075309999, ""value_counts"": {""black"": 5, ""brown"": 2, ""gray"": 1, ""red"": 3}}",50,"[""B00OFOZ61U"", ""B01KORH54W"", ""B00NI6BALQ"", ""B07WZDN4PH"", ""B0098BNL58"", ""B00BU1BYD0"", ""B0074O30F2"", ""B00OEMFYF6"", ""B00R54V2IS"", ""B012U81A62""]",16.398900013882667,True,buying,B01L99SW78,
public_0094,5,reranker,entropy,buying,specific,Boots Mid-Calf,"[{""explicit"": true, ""hard"": true, ""kind"": ""material"", ""negated"": false, ""source"": ""explicit_requirement"", ""source_turn"": 1, ""strength"": 1.0, ""value"": ""leather""}, {""explicit"": false, ""hard"": false, ""kind"": ""feature"", ""negated"": false, ""source"": ""ambiguous_disclosure"", ""source_turn"": 3, ""strength"": 0.7, ""value"": ""Synthetic sole""}, {""explicit"": false, ""hard"": false, ""kind"": ""feature"", ""negated"": false, ""source"": ""ambiguous_disclosure"", ""source_turn"": 3, ""strength"": 0.7, ""value"": ""Shaft measures approximately 8\"" from arch""}]",[],"[""fit"", ""comfort"", ""material"", ""performance""]","[""brand"", ""feature"", ""use_case"", ""color"", ""budget""]",budget,"{""entropy"": 1.75, ""value_counts"": {""under_100"": 1, ""under_125"": 1, ""under_50"": 2, ""under_75"": 4}}",50,"[""B00OFOZ61U"", ""B01KORH54W"", ""B00NI6BALQ"", ""B07WZDN4PH"", ""B0098BNL58"", ""B00BU1BYD0"", ""B0074O30F2"", ""B00OEMFYF6"", ""B00R54V2IS"", ""B012U81A62""]",15.763300005346537,True,buying,B01L99SW78,
public_0094,6,reranker,entropy,buying,specific,Boots Mid-Calf,"[{""explicit"": true, ""hard"": true, ""kind"": ""material"", ""negated"": false, ""source"": ""explicit_requirement"", ""source_turn"": 1, ""strength"": 1.0, ""value"": ""leather""}, {""explicit"": false, ""hard"": false, ""kind"": ""feature"", ""negated"": false, ""source"": ""ambiguous_disclosure"", ""source_turn"": 3, ""strength"": 0.7, ""value"": ""Synthetic sole""}, {""explicit"": false, ""hard"": false, ""kind"": ""feature"", ""negated"": false, ""source"": ""ambiguous_disclosure"", ""source_turn"": 3, ""strength"": 0.7, ""value"": ""Shaft measures approximately 8\"" from arch""}]",[],"[""fit"", ""comfort"", ""material"", ""performance""]","[""brand"", ""feature"", ""use_case"", ""color"", ""budget"", ""style""]",style,"{""entropy"": 0.5657094525987453, ""value_counts"": {""girls"": 1, ""mens"": 4, ""womens"": 42}}",50,"[""B00OFOZ61U"", ""B01KORH54W"", ""B00NI6BALQ"", ""B07WZDN4PH"", ""B0098BNL58"", ""B00BU1BYD0"", ""B0074O30F2"", ""B00OEMFYF6"", ""B00R54V2IS"", ""B012U81A62""]",17.03540000016801,True,buying,B01L99SW78,
public_0094,7,reranker,entropy,buying,specific,Boots Mid-Calf,"[{""explicit"": true, ""hard"": true, ""kind"": ""material"", ""negated"": false, ""source"": ""explicit_requirement"", ""source_turn"": 1, ""strength"": 1.0, ""value"": ""leather""}, {""explicit"": false, ""hard"": false, ""kind"": ""feature"", ""negated"": false, ""source"": ""ambiguous_disclosure"", ""source_turn"": 3, ""strength"": 0.7, ""value"": ""Synthetic sole""}, {""explicit"": false, ""hard"": false, ""kind"": ""feature"", ""negated"": false, ""source"": ""ambiguous_disclosure"", ""source_turn"": 3, ""strength"": 0.7, ""value"": ""Shaft measures approximately 8\"" from arch""}]",[],"[""fit"", ""comfort"", ""material"", ""performance""]","[""brand"", ""feature"", ""use_case"", ""color"", ""budget"", ""style"", ""material""]",material,"{""entropy"": 0.29643163178752324, ""value_counts"": {""leather"": 45, ""nylon"": 1, ""polyester"": 1}}",50,"[""B00OFOZ61U"", ""B01KORH54W"", ""B00NI6BALQ"", ""B07WZDN4PH"", ""B0098BNL58"", ""B00BU1BYD0"", ""B0074O30F2"", ""B00OEMFYF6"", ""B00R54V2IS"", ""B012U81A62""]",15.44560000183992,True,buying,B01L99SW78,
public_0094,8,reranker,entropy,buying,specific,Boots Mid-Calf,"[{""explicit"": true, ""hard"": true, ""kind"": ""material"", ""negated"": false, ""source"": ""explicit_requirement"", ""source_turn"": 1, ""strength"": 1.0, ""value"": ""leather""}, {""explicit"": false, ""hard"": false, ""kind"": ""feature"", ""negated"": false, ""source"": ""ambiguous_disclosure"", ""source_turn"": 3, ""strength"": 0.7, ""value"": ""Synthetic sole""}, {""explicit"": false, ""hard"": false, ""kind"": ""feature"", ""negated"": false, ""source"": ""ambiguous_disclosure"", ""source_turn"": 3, ""strength"": 0.7, ""value"": ""Shaft measures approximately 8\"" from arch""}]",[],"[""fit"", ""comfort"", ""material"", ""performance""]","[""brand"", ""feature"", ""use_case"", ""color"", ""budget"", ""style"", ""material"", ""other""]",other,"{""fallback"": ""fewer_than_two_meaningful_values""}",50,"[""B00OFOZ61U"", ""B01KORH54W"", ""B00NI6BALQ"", ""B07WZDN4PH"", ""B0098BNL58"", ""B00BU1BYD0"", ""B0074O30F2"", ""B00OEMFYF6"", ""B00R54V2IS"", ""B012U81A62""]",17.15540001168847,True,buying,B01L99SW78,
public_0094,9,reranker,entropy,buying,specific,Boots Mid-Calf,"[{""explicit"": true, ""hard"": true, ""kind"": ""material"", ""negated"": false, ""source"": ""explicit_requirement"", ""source_turn"": 1, ""strength"": 1.0, ""value"": ""leather""}, {""explicit"": false, ""hard"": false, ""kind"": ""feature"", ""negated"": false, ""source"": ""ambiguous_disclosure"", ""source_turn"": 3, ""strength"": 0.7, ""value"": ""Synthetic sole""}, {""explicit"": false, ""hard"": false, ""kind"": ""feature"", ""negated"": false, ""source"": ""ambiguous_disclosure"", ""source_turn"": 3, ""strength"": 0.7, ""value"": ""Shaft measures approximately 8\"" from arch""}, {""explicit"": false, ""hard"": false, ""kind"": ""feature"", ""negated"": false, ""source"": ""ambiguous_disclosure"", ""source_turn"": 9, ""strength"": 0.7, ""value"": ""SUPPORTIVE AND CUSHIONED: Featuring the 4LR technology for support and cushioning, these western boots make sure you have the most comfortable boot possible, whether you\u2019re in the""}]",[],"[""fit"", ""comfort"", ""material"", ""performance""]","[""brand"", ""feature"", ""use_case"", ""color"", ""budget"", ""style"", ""material"", ""other""]",other,"{""fallback"": ""fewer_than_two_meaningful_values""}",50,"[""B01L99SW78"", ""B00NI6BALQ"", ""B012U81A62"", ""B0B71QDCHC"", ""B00OFOZ61U"", ""B00OEMFYF6"", ""B000MJX39E"", ""B07FKDHCCL"", ""B0B8YZ9HMD"", ""B07WZDN4PH""]",18.171300005633384,True,buying,B01L99SW78,1
public_0098,1,reranker,entropy,browsing,exploratory,Running Road Running,[],[],"[""performance"", ""comfort"", ""style"", ""material""]","[""brand""]",brand,"{""entropy"": 4.866817660374166, ""value_counts"": {""adidas"": 10, ""aimico"": 1, ""altra running womens"": 1, ""asics"": 6, ""automotive guy tee shirts"": 1, ""avia"": 1, ""azooken"": 1, ""brooks"": 9, ""camel crown"": 1, ""champion"": 1, ""craft"": 1, ""cross country track and field gift apparel"": 1, ""fandee"": 1, ""gomnear"": 1, ""hoka one one"": 1, ""k-swiss"": 1, ""krimus"": 1, ""l-run"": 3, ""land tree"": 1, ""merrell"": 1, ""mosha belle"": 1, ""naikoyo"": 1, ""new balance"": 2, ""newton running"": 1, ""nike"": 6, ""on"": 2, ""puma"": 1, ""racing laces"": 1, ""reebok"": 6, ""road runner sports"": 1, ""runmaxx"": 2, ""ryka"": 1, ""salomon"": 6, ""saucony"": 6, ""skdoiul"": 2, ""skechers"": 2, ""slow man"": 2, ""topo athletic"": 2, ""ubfen"": 1, ""under armour"": 7, ""vogana"": 1, ""wantdo"": 1, ""watelves"": 1}}",100,"[""B0B9Z8PP99"", ""B07XCFQF4N"", ""B07G3PJYXB"", ""B08JKBXWT1"", ""B00AJNRM4K"", ""B08WNSM4KN"", ""B0B37HBXHC"", ""B07PRQMGJ6"", ""B0044DF2G6"", ""B019J0V4D8""]",15.67829999839887,True,browsing,B08CZ34D75,
public_0098,2,reranker,entropy,browsing,exploratory,Running Road Running,[],[],"[""performance"", ""comfort"", ""style"", ""material""]","[""brand"", ""feature""]",feature,"{""entropy"": 4.567046578269578, ""value_counts"": {""100% fabric and synthetic"": 1, ""100% leather"": 1, ""100% leather/synthetic"": 1, ""100% man made"": 1, ""100% mesh"": 1, ""100% mesh and synthetic"": 1, ""100% nylon and synthetic"": 1, ""100% polyester"": 1, ""100% spandex"": 1, ""100% synthetic"": 12, ""100% synthetic and mesh"": 5, ""100% synthetic mesh"": 2, ""100% textile"": 1, ""100% textile | synthetic"": 1, ""100% textile, synthetic, ethylene vinyl acetate, rubber"": 1, ""100% textile/synthetic"": 2, ""75% suede/25% mesh"": 1, ""75% synthetic, 25% mesh"": 1, ""92% polyamide, 8% elastane"": 1, ""drawstring closure"": 1, ""energycell midsole"": 1, ""fabric"": 1, ""fabric-and-synthetic"": 1, ""imported"": 5, ""lace-up closure"": 1, ""leather /synthetic"": 1, ""mesh"": 3, ""mesh and synthetic"": 1, ""mesh upper in an athletic running shoe style with a round to"": 1, ""premium elastic shoe laces designed to strengthen feet, prev"": 1, ""rubber sole"": 15, ""shoe size: \u201cb\u201d = medium width"": 1, ""solid colors: 100% cotton; heather grey: 90% cotton, 10% pol"": 1, ""solid colors: 80% cotton, 20% polyester; heather grey: 78% c"": 1, ""synthetic and mesh"": 1, ""synthetic-and-mesh"": 2, ""synthetic-and-rubber"": 1, ""textile and synthetic"": 4, ""the topo difference: topo athletic designs athletic shoes th"": 1, ""vibram sole --unique diamond shape lugs on vibram outsole ar"": 1}}",100,"[""B0B9Z8PP99"", ""B07XCFQF4N"", ""B07G3PJYXB"", ""B08JKBXWT1"", ""B00AJNRM4K"", ""B08WNSM4KN"", ""B0B37HBXHC"", ""B07PRQMGJ6"", ""B0044DF2G6"", ""B019J0V4D8""]",14.975700003560632,True,browsing,B08CZ34D75,
public_0098,3,reranker,entropy,browsing,specific,Running Road Running,"[{""explicit"": false, ""hard"": false, ""kind"": ""feature"", ""negated"": false, ""source"": ""ambiguous_disclosure"", ""source_turn"": 3, ""strength"": 0.7, ""value"": ""100% Rubber""}, {""explicit"": false, ""hard"": false, ""kind"": ""feature"", ""negated"": false, ""source"": ""ambiguous_disclosure"", ""source_turn"": 3, ""strength"": 0.7, ""value"": ""Imported""}]",[],"[""performance"", ""comfort"", ""style"", ""material""]","[""brand"", ""feature"", ""style""]",style,"{""entropy"": 1.2523084361645132, ""value_counts"": {""mens"": 20, ""runtronic slip resistant running shoe"": 1, ""unisex-adult"": 1, ""womens"": 24}}",50,"[""B00AJNRM4K"", ""B00RM5J1MY"", ""B005AV3D9O"", ""B071F95N7C"", ""B08CZ34D75"", ""B00GUTG3SS"", ""B00C9WD8W4"", ""B07KWV69NZ"", ""B0081LE8YY"", ""B0081LEE8E""]",170.06400000536814,True,browsing,B08CZ34D75,5
public_0099,1,reranker,entropy,browsing,exploratory,Active Pants Sweatpants,[],[],"[""fit"", ""comfort"", ""material"", ""durability""]","[""brand""]",brand,"{""entropy"": 6.447538438261428, ""value_counts"": {""adeeja"": 1, ""adidas"": 2, ""aloodor"": 2, ""always"": 1, ""aongch"": 1, ""b-wear sportswear"": 1, ""balyuee"": 1, ""bass creek outfitters"": 1, ""blue chill"": 1, ""bontime"": 1, ""butrends"": 1, ""bwdbhd"": 1, ""camellia"": 1, ""camelsports"": 1, ""canghpgin"": 1, ""canrulo"": 1, ""cestyle"": 1, ""conceited"": 1, ""cordiu"": 1, ""dofaoo"": 1, ""dubie tie dye and hemp"": 1, ""duofier"": 1, ""ekouaer"": 1, ""envlon"": 1, ""eoselio"": 1, ""evaless"": 1, ""excellent elite spanker"": 1, ""fort"": 1, ""gildan"": 1, ""goodstoworld"": 1, ""hanes"": 1, ""hiskywin"": 1, ""holloway"": 1, ""international baggyz"": 1, ""jiumi"": 1, ""joe's usa"": 1, ""joyaria"": 1, ""kashoer"": 1, ""keepbeauty"": 1, ""kissonic"": 1, ""linkiom"": 1, ""listenwind"": 1, ""love fang"": 1, ""lucky ride"": 2, ""lucuna"": 1, ""mabove"": 1, ""made by emma"": 1, ""magiftbox"": 1, ""makarthy"": 1, ""meilonger"": 1, ""milumia"": 1, ""mocoly"": 1, ""motichasson"": 1, ""naggoo"": 1, ""nelife"": 1, ""neubrian"": 1, ""noahella"": 1, ""oluolin"": 1, ""ontbyb"": 1, ""ouber"": 1, ""outson"": 1, ""padasso"": 1, ""pants"": 1, ""polofy"": 1, ""poriff"": 1, ""rbx"": 1, ""reetwo"": 1, ""santiny"": 2, ""screenshot"": 1, ""sejardin"": 1, ""smilily"": 1, ""specialmagic"": 1, ""starter"": 2, ""sweatyrocks"": 1, ""sykooria"": 1, ""the gym people"": 1, ""thusfar"": 1, ""tqd"": 1, ""ugerlov"": 1, ""uideazone"": 1, ""under armour"": 4, ""urban daizy"": 1, ""wangdo"": 1, ""wsp-696"": 1, ""wuhou"": 1, ""xiaodriceee"": 1, ""xs jogger"": 1, ""yeokou"": 1, ""yovela"": 1, ""zengjo"": 1, ""zuty"": 1}}",100,"[""B07XXJRC62"", ""B07KSW1CVQ"", ""B08K8N3TGP"", ""B09QGLP7DG"", ""B08938H44N"", ""B09X439MFW"", ""B08DFVFZSP"", ""B087PNX5ZT"", ""B08LQGQY6F"", ""B099FCZVV3""]",29.042000009212643,True,browsing,B0971YMPCR,
public_0099,2,reranker,entropy,browsing,exploratory,Active Pants Sweatpants,[],[],"[""fit"", ""comfort"", ""material"", ""durability""]","[""brand"", ""feature""]",feature,"{""entropy"": 5.195770703327825, ""value_counts"": {""100% cotton"": 2, ""100% polyester"": 9, ""12% cotton, 85% polyester, 3% spandex"": 1, ""50% cotton, 50% polyester"": 1, ""55% cotton, 39% polyester, 6% spandex"": 1, ""55%cottom39%polyester6%elastane"": 1, ""60% cotton, 40% polyester"": 3, ""62% polyester, 33% rayon, 5% spandex"": 1, ""63% cotton, 32% polyester, 5% spandex"": 1, ""65% cotton, 35% polyester"": 3, ""65% cotton, more breathable and softer; 35% polyester, joggi"": 1, ""65.8% polyester, 34.2% cotton"": 1, ""69% cotton, 26% polyester, 5% spandex"": 1, ""70% cotton, 25% polyester, 5% spandex. lining: 100% polyeste"": 1, ""73.3% cotton,20.4% polyester,6.3% spandex"": 1, ""75% cotton"": 1, ""75% nylon, 25% spandex"": 1, ""81% nylon/19% spandex"": 1, ""85% polyester, 15% viscose"": 1, ""87% polyester, 13% spandex"": 1, ""88% cotton, 12% polyester"": 1, ""88% cotton, 12% spandex"": 1, ""90% polyester+ 10% spandex"": 1, ""92%polyester + 8% spandex"": 1, ""95% cotton, 5% spandex"": 2, ""95% polyester, 5% cotton"": 1, ""95% polyester, 5% spandex"": 3, ""98% cotton, 2% elastane"": 1, ""belt closure"": 1, ""buckle closure"": 1, ""drawstring closure"": 18, ""elastic closure"": 1, ""fabric type: 90% cotton, soft sherpa lined - 100% polyester"": 1, ""fabric: chenille"": 1, ""fewptl0002 (60% cotton 35%viscose 5%spandex)"": 1, ""fleece"": 1, ""hand wash only"": 1, ""imported"": 3, ""lightweight and breathable shining fabric"": 1, ""material: 90% polyester, 10% spandex.super soft fabric,breat"": 1, ""material: the fabric of two piece sweatpants sets are stretc"": 1, ""material: velour fabric, soft and stretchy fabric lets you m"": 1, ""pink, white, black: 95% cotton, 5% spandex, fabric without f"": 1, ""poly/cotton"": 1, ""polyester+spandex"": 1, ""polyester, rayon, spandex"": 1, ""polyester,cotton,fleece"": 1, ""polyester,spandex"": 1, ""pull on closure"": 3, ""sport."": 1, ""sweatpants for men with pockets"": 1, ""tie closure"": 1, ""waffle"": 1, ""you will receive 1 womens pants - colors as pictured."": 1, ""\u2605premium mens jogger sweatpants, 55% cotton and 45% polyeste"": 1, ""\u266b pull on closure"": 1, ""\u27b8 100%polyeste.comfy material\uff1amens sweatpants are made of su"": 2, ""\u3010soft & breathable material\u301190% polyester 10% spandex. the a"": 1}}",100,"[""B07XXJRC62"", ""B07KSW1CVQ"", ""B08K8N3TGP"", ""B09QGLP7DG"", ""B08938H44N"", ""B09X439MFW"", ""B08DFVFZSP"", ""B087PNX5ZT"", ""B08LQGQY6F"", ""B099FCZVV3""]",20.387700002174824,True,browsing,B0971YMPCR,
public_0099,3,reranker,entropy,browsing,specific,Active Pants Sweatpants,"[{""explicit"": false, ""hard"": false, ""kind"": ""feature"", ""negated"": false, ""source"": ""ambiguous_disclosure"", ""source_turn"": 3, ""strength"": 0.7, ""value"": ""Imported""}, {""explicit"": false, ""hard"": false, ""kind"": ""feature"", ""negated"": false, ""source"": ""ambiguous_disclosure"", ""source_turn"": 3, ""strength"": 0.7, ""value"": ""Drawstring closure""}]",[],"[""fit"", ""comfort"", ""material"", ""durability""]","[""brand"", ""feature"", ""use_case""]",use_case,"{""entropy"": 2.6735790008164235, ""value_counts"": {""casual"": 3, ""gym"": 6, ""hiking"": 7, ""outdoor"": 2, ""running"": 9, ""sports"": 2, ""winter"": 2, ""work"": 1}}",50,"[""B012Q9EF5S"", ""B08JLG55SX"", ""B084GFK3GR"", ""B0973M4832"", ""B07XXJRC62"", ""B013VUEYFM"", ""B07FBCZL61"", ""B085L58P9F"", ""B0B1HLDQ61"", ""B01FHEEJIW""]",184.5700000121724,True,browsing,B0971YMPCR,
public_0099,4,reranker,entropy,browsing,specific,Active Pants Sweatpants,"[{""explicit"": false, ""hard"": false, ""kind"": ""feature"", ""negated"": false, ""source"": ""ambiguous_disclosure"", ""source_turn"": 3, ""strength"": 0.7, ""value"": ""Imported""}, {""explicit"": false, ""hard"": false, ""kind"": ""feature"", ""negated"": false, ""source"": ""ambiguous_disclosure"", ""source_turn"": 3, ""strength"": 0.7, ""value"": ""Drawstring closure""}]",[],"[""fit"", ""comfort"", ""material"", ""durability""]","[""brand"", ""feature"", ""use_case"", ""material""]",material,"{""entropy"": 1.6043515040411316, ""value_counts"": {""cotton"": 23, ""fabric"": 3, ""nylon"": 2, ""polyester"": 17, ""rayon"": 1}}",50,"[""B012Q9EF5S"", ""B08JLG55SX"", ""B084GFK3GR"", ""B0973M4832"", ""B07XXJRC62"", ""B013VUEYFM"", ""B07FBCZL61"", ""B085L58P9F"", ""B0B1HLDQ61"", ""B01FHEEJIW""]",39.65630001039244,True,browsing,B0971YMPCR,
public_0099,5,reranker,entropy,browsing,specific,Active Pants Sweatpants,"[{""explicit"": false, ""hard"": false, ""kind"": ""feature"", ""negated"": false, ""source"": ""ambiguous_disclosure"", ""source_turn"": 3, ""strength"": 0.7, ""value"": ""Imported""}, {""explicit"": false, ""hard"": false, ""kind"": ""feature"", ""negated"": false, ""source"": ""ambiguous_disclosure"", ""source_turn"": 3, ""strength"": 0.7, ""value"": ""Drawstring closure""}, {""explicit"": false, ""hard"": false, ""kind"": ""material"", ""negated"": false, ""source"": ""ambiguous_disclosure"", ""source_turn"": 5, ""strength"": 0.7, ""value"": ""cotton""}, {""explicit"": false, ""hard"": false, ""kind"": ""material"", ""negated"": false, ""source"": ""ambiguous_disclosure"", ""source_turn"": 5, ""strength"": 0.7, ""value"": ""60% Cotton, 40% Polyester""}]",[],"[""fit"", ""comfort"", ""material"", ""durability""]","[""brand"", ""feature"", ""use_case"", ""material"", ""style""]",style,"{""entropy"": 1.8338749297528425, ""value_counts"": {""boys"": 3, ""girls"": 1, ""mens"": 21, ""unisex-adult"": 4, ""unisex-youth"": 1, ""womens"": 18}}",50,"[""B084GFK3GR"", ""B0716XGGKN"", ""B07CGLPT17"", ""B09QGLP7DG"", ""B0971YMPCR"", ""B08FL9B9NR"", ""B0B1HLDQ61"", ""B07XXJRC62"", ""B09CDC14HG"", ""B085L58P9F""]",164.90699999849312,True,browsing,B0971YMPCR,5
public_0103,1,reranker,entropy,buying,mixed,Underwear Undershirts,"[{""explicit"": false, ""hard"": false, ""kind"": ""feature"", ""negated"": true, ""source"": ""ambiguous_disclosure"", ""source_turn"": 1, ""strength"": 0.7, ""value"": ""Imported""}]",[],"[""material"", ""comfort"", ""fit"", ""style""]","[""brand""]",brand,"{""entropy"": 5.543139730959607, ""value_counts"": {""99extra underwear"": 1, ""adidas"": 1, ""allbase"": 1, ""amazon essentials"": 3, ""aufu"": 1, ""b.u.m. equipment"": 2, ""berrak collection"": 1, ""bn3th"": 1, ""bolter"": 1, ""boss"": 1, ""brix"": 3, ""buyless fashion"": 1, ""calvin klein"": 3, ""clark crown"": 1, ""coinpond"": 1, ""compressionzonevest"": 1, ""david archy"": 1, ""delia*s"": 1, ""dkny"": 1, ""dockers"": 1, ""fanteecy"": 1, ""fruit of the loom"": 3, ""generic"": 2, ""goodthreads"": 2, ""hanes"": 7, ""iesunny"": 1, ""innersy"": 1, ""inskentin"": 1, ""jockey"": 1, ""kingsize"": 2, ""kronis"": 1, ""lalama"": 1, ""levi's"": 1, ""malowinda"": 1, ""natural feelings"": 1, ""new balance"": 1, ""ohllavivy"": 1, ""papi"": 1, ""perfect undies"": 1, ""prettylife underwear"": 1, ""rnxrbb"": 1, ""saxx underwear co."": 1, ""sijo"": 1, ""spyder"": 1, ""stacy adams"": 1, ""texeresilk"": 3, ""thinx"": 1, ""tommy bahama"": 1, ""u.s. polo assn."": 1, ""under armour"": 1, ""uratot"": 1, ""xrxebv"": 1, ""yubao"": 1, ""yufeida"": 1, ""yundobop"": 1}}",75,"[""B0149B4YHK"", ""B07C3J1VSQ"", ""B00M798WWA"", ""B0BXP6MG3X"", ""B00L10BT3A"", ""B07DQSWHWN"", ""B07DJSPRYY"", ""B07YF1THQ6"", ""B07HYJZKW4"", ""B000TGPTOC""]",24.977399996714666,True,intent_override,B0BT8T2FQ3,
public_0103,2,reranker,entropy,buying,mixed,Underwear Undershirts,"[{""explicit"": false, ""hard"": false, ""kind"": ""feature"", ""negated"": true, ""source"": ""ambiguous_disclosure"", ""source_turn"": 1, ""strength"": 0.7, ""value"": ""Imported""}]",[],"[""material"", ""comfort"", ""fit"", ""style""]","[""brand"", ""feature""]",feature,"{""entropy"": 4.817971523454213, ""value_counts"": {""100% cotton"": 18, ""100% cotton. machine wash and dry. imported."": 1, ""100% merino wool"": 1, ""100% nylon"": 2, ""100% polyester"": 3, ""100% spandex"": 1, ""48% cotton, 48% modal, 4% elastane"": 2, ""60% cotton, 40% polyester"": 2, ""60% rayon, 40% polyester"": 1, ""67% bamboo viscose / 30% cotton / 3% spandex"": 1, ""70% viscose, 30% cotton"": 2, ""74% polyester, 18% lyocell, 8% elastane"": 1, ""85% polyester / 7% xt2polyester/ 8% spandex"": 1, ""87% polyester, 13% spandex"": 1, ""88% polyester, 12% spandex"": 1, ""88% recycled polyester, 12% elastane"": 1, ""89% nylon, 11% elastane"": 1, ""90 %chinlon , 10% spandex"": 1, ""90% nylon, 10% spandex"": 1, ""90% polyester fiber, 10% spandex"": 1, ""90% polyester, 10% elastane"": 1, ""90% polyester, 10% spandex"": 1, ""91% polyester, 9% spandex"": 1, ""92% micro modal / 8% spandex"": 1, ""95% cotton, 5% other fibers"": 1, ""95% cotton, 5% spandex"": 4, ""95% premium soft cotton, 5% elastic spandex. machine wash"": 1, ""bamboo"": 1, ""boody: 83% nylon,17% spandex. crotch area: 100% cotton."": 1, ""fabric\uff1a93% polyester & 7% spandex, the mix of spandex and po"": 1, ""front rise:95% model/5% spandex mesh: 85% ice fiber/ 15% spa"": 1, ""imported"": 4, ""jersey"": 1, ""material:85% bamboo fiber, 7% nylon, 8% spandex."": 1, ""modal"": 1, ""nylon"": 1, ""polyester, nylon"": 1, ""receive a further $1 off per unit across the entire kronis r"": 1, ""solids: 100% cotton; heather: 75% cotton, 25% polyester"": 1, ""solids: 100% cotton; heathers 52% cotton 48% polyester"": 1, ""solids: 100% cotton; heathers: 60% cotton, 40% polyester"": 2, ""solids: 100% cotton; heathers: 75% cotton, 25% polyester"": 1, ""spandex fabric"": 1, ""spandex,nylon"": 1, ""thermal boys long sleeve base layer tees super soft fabric w"": 1}}",75,"[""B0149B4YHK"", ""B07C3J1VSQ"", ""B00M798WWA"", ""B0BXP6MG3X"", ""B00L10BT3A"", ""B07DQSWHWN"", ""B07DJSPRYY"", ""B07YF1THQ6"", ""B07HYJZKW4"", ""B000TGPTOC""]",16.523199999937788,True,intent_override,B0BT8T2FQ3,
public_0103,3,reranker,entropy,buying,mixed,Underwear Undershirts,"[{""explicit"": false, ""hard"": false, ""kind"": ""feature"", ""negated"": true, ""source"": ""ambiguous_disclosure"", ""source_turn"": 1, ""strength"": 0.7, ""value"": ""Imported""}]",[],"[""material"", ""comfort"", ""fit"", ""style""]","[""brand"", ""feature"", ""use_case""]",use_case,"{""entropy"": 2.8152023999804863, ""value_counts"": {""casual"": 3, ""gym"": 3, ""hiking"": 4, ""outdoor"": 1, ""running"": 5, ""sports"": 2, ""winter"": 2, ""work"": 1}}",75,"[""B0149B4YHK"", ""B07C3J1VSQ"", ""B00M798WWA"", ""B0BXP6MG3X"", ""B00L10BT3A"", ""B07DQSWHWN"", ""B07DJSPRYY"", ""B07YF1THQ6"", ""B07HYJZKW4"", ""B000TGPTOC""]",15.049900015583262,True,intent_override,B0BT8T2FQ3,
public_0103,4,reranker,entropy,buying,specific,Underwear Undershirts,"[{""explicit"": true, ""hard"": true, ""kind"": ""material"", ""negated"": false, ""source"": ""explicit_requirement"", ""source_turn"": 4, ""strength"": 1.0, ""value"": ""cotton""}]","[{""explicit"": true, ""hard"": true, ""kind"": ""feature"", ""negated"": true, ""source"": ""negation_or_replacement"", ""source_turn"": 4, ""strength"": 1.0, ""value"": ""Imported""}]","[""material"", ""comfort"", ""fit"", ""style""]","[""brand"", ""feature"", ""use_case"", ""style""]",style,"{""entropy"": 1.3423594699083627, ""value_counts"": {""boys"": 6, ""girls"": 4, ""mens"": 33, ""womens"": 4}}",50,"[""B0036UZNBC"", ""B019P5WRLK"", ""B004JYCIDU"", ""B0891LTVHT"", ""B0038A1A0I"", ""B07NCS6DTX"", ""B004X0PSV4"", ""B00W57TS6S"", ""B00ZDK3VGC"", ""B017HY4YAI""]",94.30719999363646,True,intent_override,B0BT8T2FQ3,
public_0103,5,reranker,entropy,buying,specific,Underwear Undershirts,"[{""explicit"": true, ""hard"": true, ""kind"": ""material"", ""negated"": false, ""source"": ""explicit_requirement"", ""source_turn"": 4, ""strength"": 1.0, ""value"": ""cotton""}]","[{""explicit"": true, ""hard"": true, ""kind"": ""feature"", ""negated"": true, ""source"": ""negation_or_replacement"", ""source_turn"": 4, ""strength"": 1.0, ""value"": ""Imported""}]","[""material"", ""comfort"", ""fit"", ""style""]","[""brand"", ""feature"", ""use_case"", ""style"", ""budget""]",budget,"{""entropy"": 1.253297578463043, ""value_counts"": {""under_150"": 1, ""under_25"": 9, ""under_50"": 7}}",50,"[""B0036UZNBC"", ""B019P5WRLK"", ""B004JYCIDU"", ""B0891LTVHT"", ""B0038A1A0I"", ""B07NCS6DTX"", ""B004X0PSV4"", ""B00W57TS6S"", ""B00ZDK3VGC"", ""B017HY4YAI""]",23.844400013331324,True,intent_override,B0BT8T2FQ3,
public_0103,6,reranker,entropy,buying,specific,Underwear Undershirts,"[{""explicit"": true, ""hard"": true, ""kind"": ""material"", ""negated"": false, ""source"": ""explicit_requirement"", ""source_turn"": 4, ""strength"": 1.0, ""value"": ""cotton""}]","[{""explicit"": true, ""hard"": true, ""kind"": ""feature"", ""negated"": true, ""source"": ""negation_or_replacement"", ""source_turn"": 4, ""strength"": 1.0, ""value"": ""Imported""}]","[""material"", ""comfort"", ""fit"", ""style""]","[""brand"", ""feature"", ""use_case"", ""style"", ""budget"", ""color""]",color,"{""entropy"": 1.1657840518150733, ""value_counts"": {""black"": 7, ""gray"": 1, ""white"": 13}}",50,"[""B0036UZNBC"", ""B019P5WRLK"", ""B004JYCIDU"", ""B0891LTVHT"", ""B0038A1A0I"", ""B07NCS6DTX"", ""B004X0PSV4"", ""B00W57TS6S"", ""B00ZDK3VGC"", ""B017HY4YAI""]",20.217200013576075,True,intent_override,B0BT8T2FQ3,
public_0103,7,reranker,entropy,buying,specific,Underwear Undershirts,"[{""explicit"": true, ""hard"": true, ""kind"": ""material"", ""negated"": false, ""source"": ""explicit_requirement"", ""source_turn"": 4, ""strength"": 1.0, ""value"": ""cotton""}, {""explicit"": false, ""hard"": false, ""kind"": ""color"", ""negated"": false, ""source"": ""ambiguous_disclosure"", ""source_turn"": 7, ""strength"": 0.7, ""value"": ""color: white""}]","[{""explicit"": true, ""hard"": true, ""kind"": ""feature"", ""negated"": true, ""source"": ""negation_or_replacement"", ""source_turn"": 4, ""strength"": 1.0, ""value"": ""Imported""}]","[""material"", ""comfort"", ""fit"", ""style""]","[""brand"", ""feature"", ""use_case"", ""style"", ""budget"", ""color"", ""other""]",other,"{""fallback"": ""fewer_than_two_meaningful_values""}",50,"[""B0891LTVHT"", ""B004X0PSV4"", ""B09WCYC17X"", ""B019P5WRLK"", ""B004JYCIDU"", ""B0038A1A0I"", ""B09F6R6ZLS"", ""B083P49XBY"", ""B076DLTYP3"", ""B07TTLTSQB""]",99.34119999525137,True,intent_override,B0BT8T2FQ3,
public_0103,8,reranker,entropy,buying,specific,Underwear Undershirts,"[{""explicit"": true, ""hard"": true, ""kind"": ""material"", ""negated"": false, ""source"": ""explicit_requirement"", ""source_turn"": 4, ""strength"": 1.0, ""value"": ""cotton""}, {""explicit"": false, ""hard"": false, ""kind"": ""color"", ""negated"": false, ""source"": ""ambiguous_disclosure"", ""source_turn"": 7, ""strength"": 0.7, ""value"": ""color: white""}, {""explicit"": false, ""hard"": false, ""kind"": ""material"", ""negated"": false, ""source"": ""ambiguous_disclosure"", ""source_turn"": 8, ""strength"": 0.7, ""value"": ""100% Cotton""}]","[{""explicit"": true, ""hard"": true, ""kind"": ""feature"", ""negated"": true, ""source"": ""negation_or_replacement"", ""source_turn"": 4, ""strength"": 1.0, ""value"": ""Imported""}]","[""material"", ""comfort"", ""fit"", ""style""]","[""brand"", ""feature"", ""use_case"", ""style"", ""budget"", ""color"", ""other""]",other,"{""fallback"": ""fewer_than_two_meaningful_values""}",50,"[""B0891LTVHT"", ""B019P5WRLK"", ""B004X0PSV4"", ""B004JYCIDU"", ""B0038A1A0I"", ""B09WCYC17X"", ""B00LOUG25C"", ""B076DLTYP3"", ""B07TTLTSQB"", ""B09F6R6ZLS""]",21.64479999919422,True,intent_override,B0BT8T2FQ3,
public_0103,9,reranker,entropy,buying,specific,Underwear Undershirts,"[{""explicit"": true, ""hard"": true, ""kind"": ""material"", ""negated"": false, ""source"": ""explicit_requirement"", ""source_turn"": 4, ""strength"": 1.0, ""value"": ""cotton""}, {""explicit"": false, ""hard"": false, ""kind"": ""color"", ""negated"": false, ""source"": ""ambiguous_disclosure"", ""source_turn"": 7, ""strength"": 0.7, ""value"": ""color: white""}, {""explicit"": false, ""hard"": false, ""kind"": ""material"", ""negated"": false, ""source"": ""ambiguous_disclosure"", ""source_turn"": 8, ""strength"": 0.7, ""value"": ""100% Cotton""}]","[{""explicit"": true, ""hard"": true, ""kind"": ""feature"", ""negated"": true, ""source"": ""negation_or_replacement"", ""source_turn"": 4, ""strength"": 1.0, ""value"": ""Imported""}]","[""material"", ""comfort"", ""fit"", ""style""]","[""brand"", ""feature"", ""use_case"", ""style"", ""budget"", ""color"", ""other""]",other,"{""fallback"": ""fewer_than_two_meaningful_values""}",50,"[""B0891LTVHT"", ""B019P5WRLK"", ""B004X0PSV4"", ""B004JYCIDU"", ""B0038A1A0I"", ""B09WCYC17X"", ""B00LOUG25C"", ""B076DLTYP3"", ""B07TTLTSQB"", ""B09F6R6ZLS""]",25.48069998738356,True,intent_override,B0BT8T2FQ3,
public_0103,10,reranker,entropy,buying,specific,Underwear Undershirts,"[{""explicit"": true, ""hard"": true, ""kind"": ""material"", ""negated"": false, ""source"": ""explicit_requirement"", ""source_turn"": 4, ""strength"": 1.0, ""value"": ""cotton""}, {""explicit"": false, ""hard"": false, ""kind"": ""color"", ""negated"": false, ""source"": ""ambiguous_disclosure"", ""source_turn"": 7, ""strength"": 0.7, ""value"": ""color: white""}, {""explicit"": false, ""hard"": false, ""kind"": ""material"", ""negated"": false, ""source"": ""ambiguous_disclosure"", ""source_turn"": 8, ""strength"": 0.7, ""value"": ""100% Cotton""}]","[{""explicit"": true, ""hard"": true, ""kind"": ""feature"", ""negated"": true, ""source"": ""negation_or_replacement"", ""source_turn"": 4, ""strength"": 1.0, ""value"": ""Imported""}]","[""material"", ""comfort"", ""fit"", ""style""]","[""brand"", ""feature"", ""use_case"", ""style"", ""budget"", ""color"", ""other""]",other,"{""fallback"": ""fewer_than_two_meaningful_values""}",50,"[""B0891LTVHT"", ""B019P5WRLK"", ""B004X0PSV4"", ""B004JYCIDU"", ""B0038A1A0I"", ""B09WCYC17X"", ""B00LOUG25C"", ""B076DLTYP3"", ""B07TTLTSQB"", ""B09F6R6ZLS""]",25.745099992491305,True,intent_override,B0BT8T2FQ3,
public_0108,1,reranker,entropy,buying,specific,Pants & Shorts Shorts,"[{""explicit"": true, ""hard"": true, ""kind"": ""material"", ""negated"": false, ""source"": ""explicit_requirement"", ""source_turn"": 1, ""strength"": 1.0, ""value"": ""cotton""}]",[],"[""material"", ""comfort"", ""fit"", ""style""]","[""brand""]",brand,"{""entropy"": 5.508758439731455, ""value_counts"": {""abbyabbie.li"": 1, ""abendedian"": 1, ""aotorr"": 1, ""bellfield"": 1, ""cathy"": 3, ""champion"": 1, ""cotton natural"": 1, ""danskin"": 1, ""dickies"": 1, ""fontsime"": 1, ""forbidefense"": 1, ""frtcv men's pants"": 1, ""generic"": 1, ""hanes"": 1, ""hcntes"": 1, ""hessimy"": 1, ""hmlai clearance"": 1, ""iclosam"": 1, ""jiumi"": 1, ""jmr usa inc."": 1, ""kudico"": 1, ""lavnis"": 1, ""linkiom"": 1, ""louis garneau"": 1, ""lovecc"": 1, ""luvamia"": 1, ""m&b usa"": 1, ""melupa"": 1, ""mens swim trunks"": 1, ""messy code"": 1, ""molecule"": 1, ""nidie"": 1, ""noble mount"": 1, ""padasso"": 1, ""pollyanna keong"": 1, ""shdiba"": 1, ""siyecaoo"": 2, ""southpole"": 1, ""sugoi"": 1, ""under armour"": 1, ""uppada"": 1, ""uratot"": 1, ""vaiftilno"": 1, ""vesunda"": 1, ""yamadan"": 1, ""zhuer"": 1, ""zlugoo"": 1}}",50,"[""B00LXU7LVW"", ""B004HHNN9M"", ""B07P66B5YC"", ""B0994GQDYM"", ""B0B6VK1XNY"", ""B08311BJQ2"", ""B01I21CI7G"", ""B07T36CDD3"", ""B01GRO80GI"", ""B00JJR82U0""]",24.816499993903562,True,buying,B01I21CI7G,7
public_0115,1,reranker,entropy,browsing,exploratory,Sleep & Lounge Nightgowns & Sleepshirts,[],[],"[""comfort"", ""fit"", ""durability"", ""style""]","[""brand""]",brand,"{""entropy"": 5.440427564363666, ""value_counts"": {""addison meadow"": 2, ""adreamly"": 1, ""aiboria"": 1, ""alexander del rossa"": 1, ""amerimark"": 2, ""amonida"": 1, ""andrew scott"": 1, ""argconner"": 1, ""ashford & brooks"": 1, ""avidlove"": 1, ""aviier"": 1, ""beverly rock"": 1, ""cafepress"": 1, ""casual nights"": 1, ""chung"": 2, ""coolmee"": 2, ""dreams & co."": 3, ""duwmcon"": 1, ""ekouaer"": 18, ""enjoynight"": 3, ""etosell"": 1, ""evanhome"": 2, ""floopi"": 3, ""gys"": 1, ""hotouch"": 1, ""hue"": 1, ""igetely"": 1, ""in'voland"": 1, ""inadays"": 1, ""izzy + toby"": 1, ""kathy ireland"": 1, ""keyocean"": 1, ""klier"": 1, ""la leela"": 1, ""latuza"": 1, ""lazy one"": 1, ""lecgee"": 1, ""lovasy"": 1, ""lu's chic"": 1, ""lusofie"": 1, ""luxilooks"": 2, ""lxmsja"": 1, ""mae"": 3, ""milumia"": 1, ""miqieer"": 1, ""mystique"": 1, ""n/p"": 1, ""niceyoo"": 1, ""noble mount"": 1, ""only necessities"": 3, ""pajamagram"": 1, ""pj salvage"": 1, ""selfiego"": 1, ""sheshow"": 1, ""singingqween"": 1, ""sweetnight"": 1, ""swomog"": 3, ""the slumber project"": 1, ""umina"": 1, ""up2date fashion"": 1, ""vlazom"": 1, ""yozly"": 3, ""zexxxy"": 1}}",100,"[""B07WZRWQBF"", ""B082TXYP5R"", ""B088DF8BPZ"", ""B0897NQF8M"", ""B07X3922XV"", ""B07KLQFHBP"", ""B098T73R3K"", ""B0883VHCMN"", ""B0734SHQH9"", ""B08FR11WBL""]",12.536900001578033,True,browsing,B08VWZBYPY,
public_0115,2,reranker,entropy,browsing,exploratory,Sleep & Lounge Nightgowns & Sleepshirts,[],[],"[""comfort"", ""fit"", ""durability"", ""style""]","[""brand"", ""feature""]",feature,"{""entropy"": 5.1550852145576975, ""value_counts"": {""100% cotton"": 11, ""100% polyester"": 1, ""100% polyester silky satin"": 1, ""100% rayon"": 1, ""30% cotton"": 2, ""45% polyester"": 2, ""5% spandex"": 2, ""55% cotton"": 1, ""55% cotton /45% polyester flannel"": 1, ""58% rayon, 38% cotton, 4% spandex"": 1, ""60% polyester, 35% cotton, 5% spandex"": 1, ""60%cotton"": 1, ""63% polyester"": 1, ""65% polyester, 35% cotton"": 1, ""70% cotton,30% polyester"": 1, ""95% cotton, 5% other fibers"": 2, ""95% modal, 5% spandex"": 1, ""95% polyester, 5% other fibers"": 3, ""95% polyester, 5% spandex"": 4, ""95% rayon and 5% spandex,super soft and comfortable."": 1, ""95% rayon, 5% other fibers"": 10, ""95% rayon, 5% spandex"": 6, ""95% viscose, 5% other fibers"": 1, ""95% viscose, 5% spandex"": 1, ""button closure"": 2, ""chemise nightgown made of 95% rayon, 5% spandex. soft, stret"": 2, ""cotton blend"": 1, ""cotton/polyester"": 1, ""fabric: natural cellulose modal. medium weight, opaque, soft"": 1, ""from the comfort experts - our designers have been creating "": 2, ""machine wash"": 2, ""material : 95% rayon and 5% spandex"": 1, ""material detail :modal"": 1, ""material: cotton + polyester"": 1, ""material: cotton and spandex"": 1, ""material: cotton blend lining and mesh outside, super lightw"": 1, ""materials is soft: this nightgown dress makes every night a "": 1, ""modal"": 1, ""nightdress"": 1, ""plus sizing: size 4x will fit plus sizes 34 to 36"": 1, ""plus sizing: size 5x will fit plus sizes 38 to 40"": 1, ""plus sizing: size medium will fit plus sizes 14 to 16"": 1, ""poly-satin"": 1, ""pull on closure"": 2, ""the sleepwear nightshirt loungewear is made of soft fabric, "": 1, ""the slumber project sleep dress is made of 52% cotton and 48"": 1, ""tie dye sleepshirt in color sky, purple, pink blue, multicol"": 1, ""tips: amazon generic size chart is not our size. please care"": 1, ""top 60% cotton/40% polyester, bottom 100% cotton"": 1, ""top: 60% cotton, 40% polyester; bottom: 58% cotton, 37% rayo"": 1, ""\u2714material:this short sleepwear set made from 100% polyester,"": 1}}",100,"[""B07WZRWQBF"", ""B082TXYP5R"", ""B088DF8BPZ"", ""B0897NQF8M"", ""B07X3922XV"", ""B07KLQFHBP"", ""B098T73R3K"", ""B0883VHCMN"", ""B0734SHQH9"", ""B08FR11WBL""]",14.89739998942241,True,browsing,B08VWZBYPY,
public_0115,3,reranker,entropy,browsing,specific,Sleep & Lounge Nightgowns & Sleepshirts,"[{""explicit"": false, ""hard"": false, ""kind"": ""feature"", ""negated"": false, ""source"": ""ambiguous_disclosure"", ""source_turn"": 3, ""strength"": 0.7, ""value"": ""Imported""}, {""explicit"": false, ""hard"": false, ""kind"": ""feature"", ""negated"": false, ""source"": ""ambiguous_disclosure"", ""source_turn"": 3, ""strength"": 0.7, ""value"": ""Machine Wash""}]",[],"[""comfort"", ""fit"", ""durability"", ""style""]","[""brand"", ""feature"", ""color""]",color,"{""entropy"": 2.2806390622295662, ""value_counts"": {""black"": 3, ""blue"": 4, ""pink"": 4, ""purple"": 2, ""white"": 3}}",50,"[""B0BKZHWYD7"", ""B073C936WZ"", ""B01MXF59W5"", ""B07X3922XV"", ""B085FML2HF"", ""B071WDJYDH"", ""B0117R04NM"", ""B082TXYP5R"", ""B0BZZ435PM"", ""B011QIILGO""]",243.4097999939695,True,browsing,B08VWZBYPY,
public_0115,4,reranker,entropy,browsing,specific,Sleep & Lounge Nightgowns & Sleepshirts,"[{""explicit"": false, ""hard"": false, ""kind"": ""feature"", ""negated"": false, ""source"": ""ambiguous_disclosure"", ""source_turn"": 3, ""strength"": 0.7, ""value"": ""Imported""}, {""explicit"": false, ""hard"": false, ""kind"": ""feature"", ""negated"": false, ""source"": ""ambiguous_disclosure"", ""source_turn"": 3, ""strength"": 0.7, ""value"": ""Machine Wash""}]",[],"[""comfort"", ""fit"", ""durability"", ""style""]","[""brand"", ""feature"", ""color"", ""material""]",material,"{""entropy"": 1.7154800823583993, ""value_counts"": {""cotton"": 29, ""fabric"": 2, ""nylon"": 1, ""polyester"": 9, ""rayon"": 1, ""spandex"": 7}}",50,"[""B0BKZHWYD7"", ""B073C936WZ"", ""B01MXF59W5"", ""B07X3922XV"", ""B085FML2HF"", ""B071WDJYDH"", ""B0117R04NM"", ""B082TXYP5R"", ""B0BZZ435PM"", ""B011QIILGO""]",33.85420000995509,True,browsing,B08VWZBYPY,
public_0115,5,reranker,entropy,browsing,specific,Sleep & Lounge Nightgowns & Sleepshirts,"[{""explicit"": false, ""hard"": false, ""kind"": ""feature"", ""negated"": false, ""source"": ""ambiguous_disclosure"", ""source_turn"": 3, ""strength"": 0.7, ""value"": ""Imported""}, {""explicit"": false, ""hard"": false, ""kind"": ""feature"", ""negated"": false, ""source"": ""ambiguous_disclosure"", ""source_turn"": 3, ""strength"": 0.7, ""value"": ""Machine Wash""}, {""explicit"": false, ""hard"": false, ""kind"": ""material"", ""negated"": false, ""source"": ""ambiguous_disclosure"", ""source_turn"": 5, ""strength"": 0.7, ""value"": ""rayon""}, {""explicit"": false, ""hard"": false, ""kind"": ""material"", ""negated"": false, ""source"": ""ambiguous_disclosure"", ""source_turn"": 5, ""strength"": 0.7, ""value"": ""95% Rayon, 5% Spandex""}]",[],"[""comfort"", ""fit"", ""durability"", ""style""]","[""brand"", ""feature"", ""color"", ""material"", ""use_case""]",use_case,"{""entropy"": 1.7169171866886992, ""value_counts"": {""casual"": 9, ""outdoor"": 1, ""walking"": 1, ""winter"": 1, ""work"": 4}}",50,"[""B093SQWKKH"", ""B08VWZBYPY"", ""B0B5PNNHYQ"", ""B09WYRRB9Q"", ""B00TTQ62WG"", ""B01MRKYVL8"", ""B01N591VOO"", ""B07KLQFHBP"", ""B06Y25TJ59"", ""B07X7ND7T7""]",169.5649999892339,True,browsing,B08VWZBYPY,2
public_0116,1,reranker,entropy,buying,specific,Shoes Fashion Sneakers,"[{""explicit"": true, ""hard"": true, ""kind"": ""feature"", ""negated"": false, ""source"": ""explicit_requirement"", ""source_turn"": 1, ""strength"": 1.0, ""value"": ""100% Canvas""}]",[],"[""material"", ""comfort""]","[""brand""]",brand,"{""entropy"": 4.875728750643391, ""value_counts"": {""amazon essentials"": 2, ""buganda"": 2, ""calvin klein"": 2, ""catata"": 1, ""cheermore"": 1, ""converse"": 1, ""dev"": 1, ""dockers"": 1, ""easy usa"": 1, ""emma shoes"": 1, ""fastima"": 1, ""ifootwear"": 1, ""jennardor"": 1, ""jslides"": 1, ""keds"": 7, ""keen"": 1, ""lugz"": 1, ""oakley"": 1, ""olukai"": 1, ""palladium"": 1, ""pf flyers"": 1, ""polo ralph lauren"": 3, ""pp fashion"": 1, ""sedagatti"": 1, ""shop pretty girl"": 1, ""shupua"": 1, ""skechers"": 4, ""sowift"": 1, ""sunjin acro"": 1, ""telacos"": 1, ""tretorn"": 1, ""umbro"": 1, ""unicorns farting"": 1, ""xrh"": 1, ""zgr"": 1, ""zzfag"": 1}}",50,"[""B009T1FT4S"", ""B07FP3CFKK"", ""B07PFSX4S5"", ""B00NPLTC5U"", ""B005AEG4KG"", ""B00F1BR6GE"", ""B0015MGMSG"", ""B00K21F9BC"", ""B07FNYX15W"", ""B01EV7WDGG""]",35.41620000032708,True,buying,B07S2Y3THP,
public_0116,2,reranker,entropy,buying,specific,Shoes Fashion Sneakers,"[{""explicit"": true, ""hard"": true, ""kind"": ""feature"", ""negated"": false, ""source"": ""explicit_requirement"", ""source_turn"": 1, ""strength"": 1.0, ""value"": ""100% Canvas""}]",[],"[""material"", ""comfort""]","[""brand"", ""feature""]",feature,"{""entropy"": 2.4248086185977775, ""value_counts"": {""100% canvas"": 17, ""100% canvas and leather"": 2, ""100% canvas, suede, synthetic"": 1, ""100% cotton"": 1, ""100% leather and synthetic"": 1, ""100% synthetic"": 2, ""100% textile"": 2, ""100% vegan high quality materials"": 1, ""canvas"": 19, ""rubber"": 1, ""rubber sole"": 3}}",50,"[""B009T1FT4S"", ""B07FP3CFKK"", ""B07PFSX4S5"", ""B00NPLTC5U"", ""B005AEG4KG"", ""B00F1BR6GE"", ""B0015MGMSG"", ""B00K21F9BC"", ""B07FNYX15W"", ""B01EV7WDGG""]",25.306199997430667,True,buying,B07S2Y3THP,
public_0116,3,reranker,entropy,buying,specific,Shoes Fashion Sneakers,"[{""explicit"": true, ""hard"": true, ""kind"": ""feature"", ""negated"": false, ""source"": ""explicit_requirement"", ""source_turn"": 1, ""strength"": 1.0, ""value"": ""100% Canvas""}, {""explicit"": false, ""hard"": false, ""kind"": ""feature"", ""negated"": false, ""source"": ""ambiguous_disclosure"", ""source_turn"": 3, ""strength"": 0.7, ""value"": ""Rubber sole""}, {""explicit"": false, ""hard"": false, ""kind"": ""feature"", ""negated"": false, ""source"": ""ambiguous_disclosure"", ""source_turn"": 3, ""strength"": 0.7, ""value"": ""Cushioned Insole for added comfort""}]",[],"[""material"", ""comfort""]","[""brand"", ""feature"", ""use_case""]",use_case,"{""entropy"": 2.7356059943815483, ""value_counts"": {""casual"": 9, ""gym"": 1, ""hiking"": 6, ""outdoor"": 3, ""running"": 4, ""sports"": 1, ""walking"": 1, ""winter"": 3, ""work"": 1}}",50,"[""B07S2Y3THP"", ""B07CSP2GKF"", ""B07CSR2724"", ""B07CVH5Y1T"", ""B089CT2MXD"", ""B0863QQ14C"", ""B07H137L57"", ""B002MUBEOC"", ""B07QN744VQ"", ""B00L8IXKGY""]",29.04220001073554,True,buying,B07S2Y3THP,1
public_0118,1,reranker,entropy,buying,specific,Bikinis Sets,"[{""explicit"": true, ""hard"": true, ""kind"": ""material"", ""negated"": false, ""source"": ""explicit_requirement"", ""source_turn"": 1, ""strength"": 1.0, ""value"": ""nylon""}]",[],"[""comfort"", ""fit"", ""material"", ""style""]","[""brand""]",brand,"{""entropy"": 5.403856189774724, ""value_counts"": {""5mayi"": 1, ""adolife"": 1, ""aiboria"": 1, ""angerella"": 2, ""avidlove"": 1, ""beautyin"": 1, ""blooming jelly"": 1, ""bong buy"": 1, ""bonim"": 1, ""bonnie jean"": 1, ""charmo"": 1, ""cocoleggings"": 1, ""cupshe"": 2, ""dezzal"": 1, ""dixperfect"": 1, ""dofaoo"": 1, ""exlura"": 1, ""fafofa"": 1, ""fanuerg"": 1, ""girlsupto"": 1, ""hilor"": 2, ""kanu surf"": 1, ""kirundo"": 1, ""lemonfish"": 1, ""moshengqi"": 1, ""mycoco"": 1, ""phibee"": 1, ""pink queen"": 1, ""pink wind"": 1, ""roxy"": 1, ""shekini"": 2, ""sherrydc"": 1, ""sherrylo"": 1, ""sociala"": 1, ""summer mae"": 1, ""sweatyrocks"": 1, ""urchics"": 1, ""viottiset"": 1, ""xunyu"": 2, ""yii ouneey"": 1, ""yilisha"": 1, ""yknktstc"": 1, ""yomoko"": 1, ""zaful"": 2}}",50,"[""B07QKXC38L"", ""B091H1653X"", ""B08DF9F8KG"", ""B07QR1MM48"", ""B0793GYL9T"", ""B07PPN6L4T"", ""B09JS72K73"", ""B086L9P9SX"", ""B07RBN2CBL"", ""B082R1852R""]",22.83579998766072,True,buying,B09M72C8PG,
public_0118,2,reranker,entropy,buying,specific,Bikinis Sets,"[{""explicit"": true, ""hard"": true, ""kind"": ""material"", ""negated"": false, ""source"": ""explicit_requirement"", ""source_turn"": 1, ""strength"": 1.0, ""value"": ""nylon""}]",[],"[""comfort"", ""fit"", ""material"", ""style""]","[""brand"", ""feature""]",feature,"{""entropy"": 4.310435500513583, ""value_counts"": {""100% nylon"": 2, ""100% polyester"": 1, ""48%nylon,47%polyester,5%spandex"": 1, ""80% nylon, 20% spandex"": 2, ""82% nylon + 18%spandex"": 1, ""82% nylon, 18% spandex"": 12, ""82% nylon; 18% spandex"": 1, ""82% polyamide, 18% elastane"": 1, ""84% nylon, 16% spandex"": 1, ""85% nylon 10% spandex and 5% cotton"": 1, ""85% nylon, 15% spandex"": 1, ""87% nylon, 13% spandex"": 1, ""95% polyester/5% nylon"": 1, ""elastic"": 1, ""elastic,spandex,nylon"": 1, ""goes great with your holiday"": 1, ""hook closure"": 1, ""material: 82%nylon and 18%spandex"": 1, ""material: 85% nylon+15% spandex"": 1, ""material: nylon + spandex"": 1, ""materials: 80% nylon, 20% spandex"": 1, ""materials: 80% nylon,20% spandex"": 1, ""nylon, spandex, polyester and spandex. smooth touch with goo"": 1, ""nylon,spandex"": 1, ""polyester,spandex,mesh,nylon"": 1, ""polyester,spandex,nylon"": 1, ""shell: 80% nylon and 20% spandex / lining: 95% polyester and"": 1, ""spandex,nylon"": 7, ""this two pieces bikini swimsuit is made of nylon + spandex, "": 1, ""top: 95% cotton/5% spandex skirt: 100% nylon legging: 95% co"": 1, ""\u3010high-elastic fabric\u301182% nylon 18% spandex. lining: 100% pol"": 1}}",50,"[""B07QKXC38L"", ""B091H1653X"", ""B08DF9F8KG"", ""B07QR1MM48"", ""B0793GYL9T"", ""B07PPN6L4T"", ""B09JS72K73"", ""B086L9P9SX"", ""B07RBN2CBL"", ""B082R1852R""]",22.52360002603382,True,buying,B09M72C8PG,
public_0118,3,reranker,entropy,buying,specific,Bikinis Sets,"[{""explicit"": true, ""hard"": true, ""kind"": ""material"", ""negated"": false, ""source"": ""explicit_requirement"", ""source_turn"": 1, ""strength"": 1.0, ""value"": ""nylon""}, {""explicit"": false, ""hard"": false, ""kind"": ""feature"", ""negated"": false, ""source"": ""ambiguous_disclosure"", ""source_turn"": 3, ""strength"": 0.7, ""value"": ""Imported""}, {""explicit"": false, ""hard"": false, ""kind"": ""feature"", ""negated"": false, ""source"": ""ambiguous_disclosure"", ""source_turn"": 3, ""strength"": 0.7, ""value"": ""Straps closure""}]",[],"[""comfort"", ""fit"", ""material"", ""style""]","[""brand"", ""feature"", ""color""]",color,"{""entropy"": 2.353533948577482, ""value_counts"": {""black"": 4, ""brown"": 1, ""grey"": 1, ""pink"": 3, ""purple"": 1, ""white"": 3}}",50,"[""B07QR1MM48"", ""B07QKXC38L"", ""B0BFVFFHKS"", ""B09M72C8PG"", ""B0BVM2N2DX"", ""B09PDV687N"", ""B09V7MSM52"", ""B0793GYL9T"", ""B07C4SDKWK"", ""B08P39LG2Q""]",154.4796999951359,True,buying,B09M72C8PG,4
public_0120,1,reranker,entropy,browsing,exploratory,Card Cases & Money Organizers Wallets,[],[],"[""comfort""]","[""brand""]",brand,"{""entropy"": 6.393727275176818, ""value_counts"": {""0.465972222"": 1, ""aimtrend"": 1, ""anti-gear co."": 1, ""artmi"": 1, ""bellroy"": 1, ""big skinny"": 2, ""bosca"": 1, ""boshiho"": 1, ""buxton"": 1, ""cardier"": 1, ""chums"": 1, ""cyanb"": 1, ""damaikuan"": 1, ""damara"": 2, ""dasey"": 1, ""dcd"": 1, ""dealstores123"": 1, ""dzt1968"": 1, ""ecovision"": 1, ""elivebuy"": 1, ""feiyen"": 1, ""fig design group"": 1, ""flw"": 1, ""forbidden"": 1, ""fossil"": 1, ""gintaxen"": 1, ""gostwo"": 2, ""guess"": 1, ""gzxtltx bags"": 1, ""hawanik"": 1, ""hicarer"": 1, ""hide & drink"": 1, ""honbeanify"": 1, ""honoro"": 1, ""ilamaoll"": 1, ""improving lifestyles"": 1, ""iron fist bags"": 1, ""jacksupermall"": 1, ""keepop"": 1, ""kenneth cole reaction"": 1, ""kilofly"": 1, ""lb leatherboss"": 2, ""leatherworld"": 1, ""lodis"": 1, ""loveit yz"": 1, ""lucky line"": 1, ""lux de ville"": 2, ""marshal"": 2, ""maxgear"": 1, ""me plus"": 1, ""michael kors"": 1, ""moorlander"": 1, ""mou meraki"": 1, ""niccolo fashions"": 1, ""nicole lee"": 1, ""nobrand"": 1, ""number 1 in service"": 1, ""o'neill"": 1, ""onlooker"": 1, ""ovpszfyo"": 1, ""owl"": 1, ""prometheism"": 1, ""rbeik"": 1, ""relic by fossil"": 1, ""rosso performance"": 1, ""roxy"": 1, ""royce leather"": 1, ""runbox"": 1, ""sanhoo"": 1, ""sethrobert"": 1, ""sooloon"": 1, ""spiex"": 1, ""sumgogo"": 1, ""tom barrington"": 2, ""tommy hilfiger"": 1, ""toota"": 1, ""travelambo"": 1, ""tumi"": 2, ""u+u"": 1, ""uche global"": 1, ""uulmbuj"": 1, ""vera bradley"": 2, ""xeyou"": 1, ""y&g"": 1, ""yajama"": 1, ""zitahli"": 2, ""zooeass"": 1}}",100,"[""B081QZ36XJ"", ""B088BD894S"", ""B07CK8SCYN"", ""B00BRSVXFK"", ""B01N1SJO9G"", ""B08FFWL6N1"", ""B007IW47FC"", ""B00IPP1RFY"", ""B07H8W9MW7"", ""B00HLS5KZE""]",15.50950002274476,True,browsing,B08GPGX2QG,
public_0120,2,reranker,entropy,browsing,exploratory,Card Cases & Money Organizers Wallets,[],[],"[""comfort""]","[""brand"", ""feature""]",feature,"{""entropy"": 5.546048842193535, ""value_counts"": {""100% cotton"": 1, ""100% leather"": 5, ""100% polyester lining"": 1, ""100% polyurethane"": 2, ""12 credit card slots and 2 hidden slots."": 1, ""<b>upgrade</b>"": 1, ""a slim solution to the bulky wallet"": 1, ""aluminum lining"": 1, ""bifold closure"": 1, ""brown genuine leather wallet made of sturdy genuine cowhide"": 1, ""classic design with magentic money clip - the magnetic clip "": 1, ""classic wallet style: this 8.5 x 4.5 in long zippered wallet"": 1, ""clip closure"": 1, ""comes in red, black, yellow and blue"": 1, ""compact size: 4.25\u201d x 3\u201d x 1.25\u201d, can be easily put into you"": 1, ""covered with colorful sequins by hand"": 1, ""custom wallet - compared with other wallets, it is more tact"": 1, ""dealstores123 - zippered security compartments"": 1, ""every wallet 100% unique"": 1, ""fabric"": 1, ""faux leather"": 1, ""faux leather lining"": 3, ""frosted leather"": 1, ""genuine leather"": 2, ""genuine leather in black"": 1, ""genuine stingray leather"": 1, ""handcrafted genuine leather wallet"": 1, ""high capacity - fits up to 18 credit cards and 10 pieces of "": 1, ""imported"": 4, ""innovative design -- 3 in 1 large capacity accordion wallet,"": 1, ""inside holds several cards, 2 heart shape photo holders, a z"": 1, ""leather"": 1, ""leather lining"": 12, ""leather wallet for men is made of full top grain and soft le"": 1, ""made from premium pu leather. durable and stylish. comfortab"": 1, ""made in usa or imported"": 2, ""magnetic closure"": 1, ""manmade"": 1, ""metal"": 1, ""metal lining"": 1, ""minimalist design"": 1, ""note: the manufacturer has started to add an elastic pocket "": 1, ""patent leather material"": 1, ""polyester lining"": 1, ""polyurethane"": 1, ""size: 7\"" x 4\"""": 1, ""size:4.13\""x4.52\""inch.it can hold credit card,coin,candies an"": 1, ""slim and stylish - we trying our best to make the cowhide th"": 1, ""snap closure"": 1, ""snaps closure; cute, beautiful and adorable design, perfect "": 1, ""special design - we understand that the lack of a dedicated "": 1, ""stylish and luxury looking to help building your professiona"": 1, ""synthetic leather"": 1, ""this leather bifold wallet is made of high quality leather f"": 1, ""ultra-thin checkbook wallet with two billfold/checkbook area"": 1, ""vinyl lining"": 1, ""with six different id holders to choose from, you're sure to"": 1, ""\u2714 comfortably holds 1-12 or more cards, coins and even keys."": 1, ""\u273f minimalist small wallet for women- stylish quilted flower "": 1, ""\u2764 imported \u2764 synthetic leather"": 1, ""\ud835\udc12\ud835\udc0b\ud835\udc08\ud835\udc0c \ud835\udc0f\ud835\udc11\ud835\udc0e\ud835\udc05\ud835\udc08\ud835\udc0b\ud835\udc04 \ud835\udc0b\ud835\udc00\ud835\udc11\ud835\udc06\ud835\udc04\ud835\udc11 \ud835\udc02\ud835\udc00\ud835\udc0f\ud835\udc00\ud835\udc02\ud835\udc08\ud835\udc13\ud835\udc18 - thinking of going with a wall"": 1, ""\ud83c\udf40 glitter jelly pvc material: the cute wallet is made of dur"": 1}}",100,"[""B081QZ36XJ"", ""B088BD894S"", ""B07CK8SCYN"", ""B00BRSVXFK"", ""B01N1SJO9G"", ""B08FFWL6N1"", ""B007IW47FC"", ""B00IPP1RFY"", ""B07H8W9MW7"", ""B00HLS5KZE""]",13.124699995387346,True,browsing,B08GPGX2QG,
public_0120,3,reranker,entropy,browsing,mixed,Card Cases & Money Organizers Wallets,"[{""explicit"": false, ""hard"": false, ""kind"": ""feature"", ""negated"": false, ""source"": ""ambiguous_disclosure"", ""source_turn"": 3, ""strength"": 0.7, ""value"": ""Snap closure""}]",[],"[""comfort""]","[""brand"", ""feature"", ""style""]",style,"{""entropy"": 4.108637278515911, ""value_counts"": {""210 west"": 1, ""audrey"": 1, ""audrey pportwltwtktflp tsc"": 1, ""belt wallet"": 1, ""bifold wallet"": 2, ""casual"": 2, ""compact"": 1, ""compact zip around wallet"": 1, ""desigual double zip yamile woman woven medium wallet"": 1, ""desigual two levels raleya woman woven medium wallet"": 1, ""emma rfid mini multifunction wallet"": 1, ""extra capacity slimfold wallet"": 1, ""hobo vintage rachel wallet"": 1, ""large wallet"": 1, ""men"": 1, ""mens"": 9, ""minimalist"": 6, ""modern"": 1, ""money clip wallet"": 1, ""rfid wallet"": 9, ""rls8429387"": 1, ""sophie snap wallet"": 1, ""stephanie rfid blocking under lock & key credit card case w/"": 1, ""travel wallet"": 2, ""trifold wallet"": 2, ""unisex-adult"": 3, ""west view - large bifold matinee"": 1, ""womens"": 15, ""zippered wallet"": 4}}",75,"[""B01FFNDNUA"", ""B00VSX6J2G"", ""B008UZO4KO"", ""B07H8W9MW7"", ""B008LMNKYW"", ""B007WMGJ5Y"", ""B09GKNS3DB"", ""B09GY88QMX"", ""B00OYX3T2K"", ""B07C378Z47""]",142.46069997898303,True,browsing,B08GPGX2QG,
public_0120,4,reranker,entropy,browsing,mixed,Card Cases & Money Organizers Wallets,"[{""explicit"": false, ""hard"": false, ""kind"": ""feature"", ""negated"": false, ""source"": ""ambiguous_disclosure"", ""source_turn"": 3, ""strength"": 0.7, ""value"": ""Snap closure""}]",[],"[""comfort""]","[""brand"", ""feature"", ""style"", ""use_case""]",use_case,"{""entropy"": 2.4130884364257574, ""value_counts"": {""casual"": 2, ""outdoor"": 1, ""running"": 1, ""walking"": 3, ""winter"": 1, ""work"": 3}}",75,"[""B01FFNDNUA"", ""B00VSX6J2G"", ""B008UZO4KO"", ""B07H8W9MW7"", ""B008LMNKYW"", ""B007WMGJ5Y"", ""B09GKNS3DB"", ""B09GY88QMX"", ""B00OYX3T2K"", ""B07C378Z47""]",16.077200009021908,True,browsing,B08GPGX2QG,
public_0120,5,reranker,entropy,browsing,mixed,Card Cases & Money Organizers Wallets,"[{""explicit"": false, ""hard"": false, ""kind"": ""feature"", ""negated"": false, ""source"": ""ambiguous_disclosure"", ""source_turn"": 3, ""strength"": 0.7, ""value"": ""Snap closure""}]",[],"[""comfort""]","[""brand"", ""feature"", ""style"", ""use_case"", ""color""]",color,"{""entropy"": 2.293319737914168, ""value_counts"": {""black"": 17, ""blue"": 6, ""brown"": 7, ""pink"": 6, ""red"": 4, ""white"": 2}}",75,"[""B01FFNDNUA"", ""B00VSX6J2G"", ""B008UZO4KO"", ""B07H8W9MW7"", ""B008LMNKYW"", ""B007WMGJ5Y"", ""B09GKNS3DB"", ""B09GY88QMX"", ""B00OYX3T2K"", ""B07C378Z47""]",14.834500005235896,True,browsing,B08GPGX2QG,
public_0120,6,reranker,entropy,browsing,specific,Card Cases & Money Organizers Wallets,"[{""explicit"": false, ""hard"": false, ""kind"": ""feature"", ""negated"": false, ""source"": ""ambiguous_disclosure"", ""source_turn"": 3, ""strength"": 0.7, ""value"": ""Snap closure""}, {""explicit"": false, ""hard"": false, ""kind"": ""color"", ""negated"": false, ""source"": ""ambiguous_disclosure"", ""source_turn"": 6, ""strength"": 0.7, ""value"": ""color: red""}]",[],"[""comfort""]","[""brand"", ""feature"", ""style"", ""use_case"", ""color"", ""budget""]",budget,"{""entropy"": 1.4056390622295665, ""value_counts"": {""under_125"": 1, ""under_25"": 4, ""under_50"": 3}}",50,"[""B089RXP8K2"", ""B000LZ02YS"", ""B0898LQ31B"", ""B008UZO4KO"", ""B00QMDSEVQ"", ""B01FFNDNUA"", ""B07H8W9MW7"", ""B00VSX6J2G"", ""B07V462M8T"", ""B00C0DEG78""]",125.56270000641234,True,browsing,B08GPGX2QG,
public_0120,7,reranker,entropy,browsing,specific,Card Cases & Money Organizers Wallets,"[{""explicit"": false, ""hard"": false, ""kind"": ""feature"", ""negated"": false, ""source"": ""ambiguous_disclosure"", ""source_turn"": 3, ""strength"": 0.7, ""value"": ""Snap closure""}, {""explicit"": false, ""hard"": false, ""kind"": ""color"", ""negated"": false, ""source"": ""ambiguous_disclosure"", ""source_turn"": 6, ""strength"": 0.7, ""value"": ""color: red""}]",[],"[""comfort""]","[""brand"", ""feature"", ""style"", ""use_case"", ""color"", ""budget"", ""material""]",material,"{""entropy"": 1.0068492493977417, ""value_counts"": {""cotton"": 2, ""leather"": 36, ""nylon"": 1, ""polyester"": 7}}",50,"[""B089RXP8K2"", ""B000LZ02YS"", ""B0898LQ31B"", ""B008UZO4KO"", ""B00QMDSEVQ"", ""B01FFNDNUA"", ""B07H8W9MW7"", ""B00VSX6J2G"", ""B07V462M8T"", ""B00C0DEG78""]",17.101299978094175,True,browsing,B08GPGX2QG,
public_0120,8,reranker,entropy,browsing,specific,Card Cases & Money Organizers Wallets,"[{""explicit"": false, ""hard"": false, ""kind"": ""feature"", ""negated"": false, ""source"": ""ambiguous_disclosure"", ""source_turn"": 3, ""strength"": 0.7, ""value"": ""Snap closure""}, {""explicit"": false, ""hard"": false, ""kind"": ""color"", ""negated"": false, ""source"": ""ambiguous_disclosure"", ""source_turn"": 6, ""strength"": 0.7, ""value"": ""color: red""}, {""explicit"": false, ""hard"": false, ""kind"": ""material"", ""negated"": false, ""source"": ""ambiguous_disclosure"", ""source_turn"": 8, ""strength"": 0.7, ""value"": ""leather""}, {""explicit"": false, ""hard"": false, ""kind"": ""material"", ""negated"": false, ""source"": ""ambiguous_disclosure"", ""source_turn"": 8, ""strength"": 0.7, ""value"": ""Leather lining""}]",[],"[""comfort""]","[""brand"", ""feature"", ""style"", ""use_case"", ""color"", ""budget"", ""material"", ""other""]",other,"{""fallback"": ""fewer_than_two_meaningful_values""}",50,"[""B008UZO4KO"", ""B089RXP8K2"", ""B01FFNDNUA"", ""B019JTI5C2"", ""B07H8W9MW7"", ""B07VPDFRJB"", ""B000LZ02YS"", ""B01MZYASZ2"", ""B07CK73QNS"", ""B06XJ5ZTN5""]",97.64490000088699,True,browsing,B08GPGX2QG,
public_0120,9,reranker,entropy,browsing,specific,Card Cases & Money Organizers Wallets,"[{""explicit"": false, ""hard"": false, ""kind"": ""feature"", ""negated"": false, ""source"": ""ambiguous_disclosure"", ""source_turn"": 3, ""strength"": 0.7, ""value"": ""Snap closure""}, {""explicit"": false, ""hard"": false, ""kind"": ""color"", ""negated"": false, ""source"": ""ambiguous_disclosure"", ""source_turn"": 6, ""strength"": 0.7, ""value"": ""color: red""}, {""explicit"": false, ""hard"": false, ""kind"": ""material"", ""negated"": false, ""source"": ""ambiguous_disclosure"", ""source_turn"": 8, ""strength"": 0.7, ""value"": ""leather""}, {""explicit"": false, ""hard"": false, ""kind"": ""material"", ""negated"": false, ""source"": ""ambiguous_disclosure"", ""source_turn"": 8, ""strength"": 0.7, ""value"": ""Leather lining""}]",[],"[""comfort""]","[""brand"", ""feature"", ""style"", ""use_case"", ""color"", ""budget"", ""material"", ""other""]",other,"{""fallback"": ""fewer_than_two_meaningful_values""}",50,"[""B008UZO4KO"", ""B089RXP8K2"", ""B01FFNDNUA"", ""B019JTI5C2"", ""B07H8W9MW7"", ""B07VPDFRJB"", ""B000LZ02YS"", ""B01MZYASZ2"", ""B07CK73QNS"", ""B06XJ5ZTN5""]",19.00020000175573,True,browsing,B08GPGX2QG,
public_0120,10,reranker,entropy,browsing,specific,Card Cases & Money Organizers Wallets,"[{""explicit"": false, ""hard"": false, ""kind"": ""feature"", ""negated"": false, ""source"": ""ambiguous_disclosure"", ""source_turn"": 3, ""strength"": 0.7, ""value"": ""Snap closure""}, {""explicit"": false, ""hard"": false, ""kind"": ""color"", ""negated"": false, ""source"": ""ambiguous_disclosure"", ""source_turn"": 6, ""strength"": 0.7, ""value"": ""color: red""}, {""explicit"": false, ""hard"": false, ""kind"": ""material"", ""negated"": false, ""source"": ""ambiguous_disclosure"", ""source_turn"": 8, ""strength"": 0.7, ""value"": ""leather""}, {""explicit"": false, ""hard"": false, ""kind"": ""material"", ""negated"": false, ""source"": ""ambiguous_disclosure"", ""source_turn"": 8, ""strength"": 0.7, ""value"": ""Leather lining""}]",[],"[""comfort""]","[""brand"", ""feature"", ""style"", ""use_case"", ""color"", ""budget"", ""material"", ""other""]",other,"{""fallback"": ""fewer_than_two_meaningful_values""}",50,"[""B008UZO4KO"", ""B089RXP8K2"", ""B01FFNDNUA"", ""B019JTI5C2"", ""B07H8W9MW7"", ""B07VPDFRJB"", ""B000LZ02YS"", ""B01MZYASZ2"", ""B07CK73QNS"", ""B06XJ5ZTN5""]",16.53029999579303,True,browsing,B08GPGX2QG,
public_0125,1,reranker,entropy,buying,mixed,Hats & Caps Baseball Caps,"[{""explicit"": false, ""hard"": false, ""kind"": ""size"", ""negated"": true, ""source"": ""ambiguous_disclosure"", ""source_turn"": 1, ""strength"": 0.7, ""value"": ""HOOK & LOOP CLOSURE: Our hats for women and men feature a strap closure in the back letting you easily adjust the size for a perfect fit""}]",[],"[""material"", ""fit""]","[""brand""]",brand,"{""entropy"": 5.5420216904381885, ""value_counts"": {""accessory supply"": 1, ""angelsweet"": 1, ""been there brand"": 1, ""bert"": 1, ""beurlike"": 1, ""brooke & jess designs"": 1, ""bustedtees"": 2, ""buy caps and hats"": 1, ""c.c"": 1, ""cafepress"": 4, ""cambpdkje"": 1, ""cocomo soul"": 2, ""concept one"": 1, ""d&f"": 1, ""docaphat-7"": 1, ""dsgn by dna"": 2, ""eagle crest"": 1, ""eiffel fashion"": 1, ""ertupbnxd"": 3, ""flexfit"": 1, ""foetest"": 1, ""fun doge"": 1, ""generic"": 3, ""go all out"": 1, ""goyklrb"": 1, ""guxin"": 1, ""jomiwink"": 1, ""katydid"": 1, ""klzjr"": 1, ""ktw"": 1, ""levi's"": 1, ""lhsposifd"": 1, ""linno"": 1, ""lovehouse21"": 1, ""military hats"": 1, ""negi"": 1, ""nogewul"": 1, ""popfizzy"": 1, ""python optic"": 1, ""ronasunx"": 1, ""save green life"": 1, ""speedy pros"": 8, ""spiffy custom embroidered caps"": 2, ""swyss_hat"": 1, ""sycore"": 1, ""teamlife"": 1, ""the town butler"": 1, ""tommy hilfiger"": 1, ""treatme"": 1, ""trendy apparel shop"": 1, ""trophy ridge"": 1, ""waldeal"": 1, ""xcoser"": 1, ""xiaowugo"": 1, ""yamanman"": 2, ""yourwings"": 1}}",75,"[""B07VCYFB5D"", ""B08HGL5MTV"", ""B07WZQ2WF9"", ""B07WZQ3C6Y"", ""B084VQPTYL"", ""B0822ZYJT4"", ""B08231D4N7"", ""B08YQGGS8F"", ""B0919PK6CC"", ""B07CSRP62N""]",17.450999992433935,True,intent_override,B07VCYFB5D,1
public_0125,2,reranker,entropy,buying,mixed,Hats & Caps Baseball Caps,"[{""explicit"": false, ""hard"": false, ""kind"": ""size"", ""negated"": true, ""source"": ""ambiguous_disclosure"", ""source_turn"": 1, ""strength"": 0.7, ""value"": ""HOOK & LOOP CLOSURE: Our hats for women and men feature a strap closure in the back letting you easily adjust the size for a perfect fit""}]",[],"[""material"", ""fit""]","[""brand"", ""feature""]",feature,"{""entropy"": 3.5306249841412103, ""value_counts"": {""100% acrylic"": 4, ""100% cotton"": 32, ""100% polyester"": 5, ""65% cotton, 35% polyester"": 1, ""95% cotton, 5% spandex"": 1, ""buckle closure"": 1, ""cotton blend"": 2, ""cotton, polyester"": 1, ""cotton,denim"": 2, ""cotton,mesh"": 1, ""cotton,polyester"": 2, ""denim"": 1, ""denim,cotton"": 1, ""great for summer,spring"": 1, ""heather,mesh"": 1, ""high quality: 100% cotton made, breathable,washable, adjusta"": 1, ""hook and loop closure"": 1, ""hook and loop velcro strap closure"": 1, ""made in the usa and imported"": 1, ""mesh"": 4, ""polyester,cotton"": 2, ""polyester,cotton,mesh"": 3, ""satin polyester,satin"": 1, ""sheep wool 51.3%\uff0cpolyester fiber 35.5%\uff0cother 13.2%"": 1, ""snap closure"": 1, ""stretch fitted closure"": 1, ""twill"": 2}}",75,"[""B07VCYFB5D"", ""B08HGL5MTV"", ""B07WZQ2WF9"", ""B07WZQ3C6Y"", ""B084VQPTYL"", ""B0822ZYJT4"", ""B08231D4N7"", ""B08YQGGS8F"", ""B0919PK6CC"", ""B07CSRP62N""]",22.781700012274086,True,intent_override,B07VCYFB5D,1
public_0125,3,reranker,entropy,buying,specific,Hats & Caps Baseball Caps,"[{""explicit"": false, ""hard"": false, ""kind"": ""size"", ""negated"": true, ""source"": ""ambiguous_disclosure"", ""source_turn"": 1, ""strength"": 0.7, ""value"": ""HOOK & LOOP CLOSURE: Our hats for women and men feature a strap closure in the back letting you easily adjust the size for a perfect fit""}, {""explicit"": false, ""hard"": false, ""kind"": ""feature"", ""negated"": false, ""source"": ""ambiguous_disclosure"", ""source_turn"": 3, ""strength"": 0.7, ""value"": ""100% Acrylic""}, {""explicit"": false, ""hard"": false, ""kind"": ""feature"", ""negated"": false, ""source"": ""ambiguous_disclosure"", ""source_turn"": 3, ""strength"": 0.7, ""value"": ""Hook and Loop closure""}]",[],"[""material"", ""fit""]","[""brand"", ""feature"", ""use_case""]",use_case,"{""entropy"": 2.344870467675263, ""value_counts"": {""casual"": 1, ""hiking"": 4, ""outdoor"": 3, ""running"": 13, ""sports"": 4, ""winter"": 4, ""work"": 1}}",50,"[""B07VCYFB5D"", ""B08HGL5MTV"", ""B07WZQ2WF9"", ""B07WZQ3C6Y"", ""B07CHXLG33"", ""B0822ZYJT4"", ""B08231D4N7"", ""B079Q7VD3H"", ""B0919PK6CC"", ""B00PCZ3OO2""]",37.266200000885874,True,intent_override,B07VCYFB5D,1
public_0125,4,reranker,entropy,buying,specific,Hats & Caps Baseball Caps,"[{""explicit"": false, ""hard"": false, ""kind"": ""feature"", ""negated"": false, ""source"": ""ambiguous_disclosure"", ""source_turn"": 3, ""strength"": 0.7, ""value"": ""100% Acrylic""}, {""explicit"": false, ""hard"": false, ""kind"": ""feature"", ""negated"": false, ""source"": ""ambiguous_disclosure"", ""source_turn"": 3, ""strength"": 0.7, ""value"": ""Hook and Loop closure""}]","[{""explicit"": true, ""hard"": true, ""kind"": ""size"", ""negated"": true, ""source"": ""negation_or_replacement"", ""source_turn"": 4, ""strength"": 1.0, ""value"": ""HOOK & LOOP CLOSURE: Our hats for women and men feature a strap closure in the back letting you easily adjust the size for a perfect fit""}]","[""material"", ""fit""]","[""brand"", ""feature"", ""use_case"", ""color""]",color,"{""entropy"": 2.0985798617120746, ""value_counts"": {""black"": 9, ""blue"": 3, ""gray"": 2, ""grey"": 2, ""pink"": 1, ""red"": 1}}",50,"[""B00PCZ3OO2"", ""B072HHGYWC"", ""B0081XI8YS"", ""B00CSZ6FT0"", ""B00EPR3X1M"", ""B07MKW27V5"", ""B01B8T9P66"", ""B07CMFNBVX"", ""B07C6JHDLS"", ""B08HGL5MTV""]",262.8699000051711,True,intent_override,B07VCYFB5D,
public_0125,5,reranker,entropy,buying,specific,Hats & Caps Baseball Caps,"[{""explicit"": false, ""hard"": false, ""kind"": ""feature"", ""negated"": false, ""source"": ""ambiguous_disclosure"", ""source_turn"": 3, ""strength"": 0.7, ""value"": ""100% Acrylic""}, {""explicit"": false, ""hard"": false, ""kind"": ""feature"", ""negated"": false, ""source"": ""ambiguous_disclosure"", ""source_turn"": 3, ""strength"": 0.7, ""value"": ""Hook and Loop closure""}, {""explicit"": false, ""hard"": false, ""kind"": ""color"", ""negated"": false, ""source"": ""ambiguous_disclosure"", ""source_turn"": 5, ""strength"": 0.7, ""value"": ""PREMIUM QUALITY: Take your outfit to the next level with our 100% acrylic 6 panels mid-profile structured baseball hat that provides maximum comfort. Fits men and women!""}]","[{""explicit"": true, ""hard"": true, ""kind"": ""size"", ""negated"": true, ""source"": ""negation_or_replacement"", ""source_turn"": 4, ""strength"": 1.0, ""value"": ""HOOK & LOOP CLOSURE: Our hats for women and men feature a strap closure in the back letting you easily adjust the size for a perfect fit""}]","[""material"", ""fit""]","[""brand"", ""feature"", ""use_case"", ""color"", ""style""]",style,"{""entropy"": 1.5231245605591297, ""value_counts"": {""boys"": 1, ""mens"": 27, ""unisex-adult"": 8, ""womens"": 13}}",50,"[""B07VCYFB5D"", ""B07WZQ3C6Y"", ""B00PCZ3OO2"", ""B07CMFNBVX"", ""B07WZQ2WF9"", ""B08HGL5MTV"", ""B072HHGYWC"", ""B0852WW7W1"", ""B07C88R9YP"", ""B0081XI8YS""]",28.406500001437962,True,intent_override,B07VCYFB5D,1
public_0126,1,reranker,entropy,browsing,exploratory,Tees & Blouses Blouses & Button-Down Shirts,[],[],"[""material"", ""fit""]","[""brand""]",brand,"{""entropy"": 6.4887584397314555, ""value_counts"": {""aeneontrue"": 1, ""aeropostale"": 1, ""alice co"": 1, ""allegra k"": 1, ""annajolly"": 1, ""aokosor"": 1, ""apraw"": 1, ""asher fashion"": 1, ""barlver"": 1, ""bebonnie"": 1, ""bestgirl"": 1, ""chase secret"": 2, ""concep"": 1, ""coupe collection"": 1, ""cutecc"": 1, ""cutielove"": 1, ""cyanstyle"": 1, ""czecio"": 1, ""dearcase"": 1, ""diig"": 1, ""ehoomely"": 1, ""eleton"": 1, ""etcyy"": 1, ""fermaid"": 1, ""fesier"": 1, ""forucreate"": 1, ""foxcroft"": 1, ""generic"": 2, ""gnveub"": 1, ""goodthreads"": 1, ""gumod"": 1, ""harrms"": 1, ""hgwxx7"": 1, ""hilinker"": 1, ""hotapei"": 3, ""hotouch"": 1, ""how-ru"": 1, ""ieason"": 1, ""inorin"": 1, ""j.ver"": 1, ""just quella"": 1, ""king kameha"": 1, ""klvee"": 1, ""ladyful"": 1, ""lark & ro"": 1, ""lath.pin"": 1, ""lilicherry"": 1, ""lookbookstore"": 2, ""lovezesent"": 1, ""luvamia"": 1, ""makemechic"": 1, ""malidan"": 1, ""manaixuan"": 1, ""messic"": 1, ""minibee"": 1, ""mirol"": 1, ""morwenveo"": 1, ""murtial"": 1, ""ne people"": 1, ""newshows"": 1, ""ninedaily"": 1, ""omzin"": 1, ""ours"": 1, ""pattyboutik"": 1, ""pinkmarco"": 1, ""pinup angel"": 1, ""poseshe"": 1, ""qegartop"": 1, ""rcl"": 1, ""rosfancy"": 1, ""runcati"": 1, ""sakkas"": 1, ""samefar"": 1, ""satinior"": 1, ""shawhuwa"": 1, ""shein"": 3, ""shopessa"": 1, ""shuyi"": 1, ""spadehill"": 1, ""sweetnight"": 1, ""swiusd"": 1, ""swyss_blouse"": 1, ""tazaiy"": 1, ""three dots"": 1, ""tommy hilfiger"": 1, ""trurendi"": 1, ""unibelle"": 1, ""vowua"": 1, ""voxshe"": 1, ""xwb"": 1, ""yming"": 1, ""yousexy"": 1, ""zhuiming"": 1}}",100,"[""B07ZHYSWZY"", ""B099F52NT8"", ""B07M5SVDQV"", ""B089DGDY8Y"", ""B09QS9WM59"", ""B0B8J3X7P8"", ""B07DC3QK75"", ""B0B1CJXL7D"", ""B092ZJB6BJ"", ""B0BR3NQKTN""]",27.084200002718717,True,browsing,B09M84R91V,
public_0126,2,reranker,entropy,browsing,exploratory,Tees & Blouses Blouses & Button-Down Shirts,[],[],"[""material"", ""fit""]","[""brand"", ""feature""]",feature,"{""entropy"": 5.2804196261339245, ""value_counts"": {""1"": 1, ""100% cotton"": 5, ""100% cotton blend"": 1, ""100% polyester"": 14, ""100% polyester. soft and lightweight material can provide yo"": 1, ""100% rayon"": 2, ""100% spandex"": 1, ""50% modal, 50% cotton"": 1, ""50% polyester, 38% cotton, 12% spandex"": 1, ""55% cotton, 45% rayon"": 1, ""55% polyester, 45% cotton"": 1, ""60% polyester, 35%cotton, 5% spandex"": 1, ""65% polyester, 35% cotton"": 1, ""67%nylon+33%spandex"": 1, ""70% cotton, 30% flax"": 1, ""70% linen, 30% cotton"": 1, ""88% linen, 12% cotton"": 1, ""90% cotton, 10% others, softness and breathable"": 1, ""95% cotton, 5% spandex"": 1, ""95% polyester, 5% spandex"": 2, ""95% rayon, 5% spandex"": 1, ""97% cotton, 3% spandex"": 1, ""button closure"": 10, ""casual button down shirt for women: 97% cotton and 3% spande"": 1, ""chiffon"": 5, ""clearance sale"": 1, ""clearance! hot sale! big promotion! buy 1 get 30% discount."": 1, ""cotton blend"": 1, ""cotton+polyester"": 1, ""cotton, spandex and polyester"": 1, ""double ring closure"": 1, ""flannel"": 3, ""full rayon"": 1, ""garment care: hand-wash max 40\u2103"": 1, ""hand wash only"": 2, ""if you don't wanna loose fit,we suggest you choose 1 or 2 si"": 1, ""imported"": 1, ""lace"": 1, ""linen,cotton"": 1, ""linen,polyester,cotton"": 1, ""material - 65% cotton & 35% polyester. machine washable,wash"": 1, ""material: 65% polyester + 35% cotton"": 1, ""material: 95% polyester and 5% spandex"": 1, ""material: 95% rayon and 5% spandex, rayon for soft, spandex "": 1, ""material:95% cotton+ 5% spandex.the series of soft and stret"": 1, ""polyester + spandex"": 1, ""polyester+cotton"": 1, ""polyester,cotton"": 1, ""polyester,spandex"": 1, ""premium 97% cotton / 3% spandex"": 1, ""pull on closure"": 2, ""self: 100% polyester; lining: 95% polyester, 5% spandex"": 1, ""size runs small, please order 1-2 size up"": 1, ""soft & comfy"": 1, ""viscose"": 1, ""\u2726size: run small, need size up!"": 1, ""\u2764cotton blended"": 1, ""\u2765size: please check our size chart in the picture before ord"": 1, ""\u3010high quality\u3011material: 100% polyester, durable, easy to cle"": 1}}",100,"[""B07ZHYSWZY"", ""B099F52NT8"", ""B07M5SVDQV"", ""B089DGDY8Y"", ""B09QS9WM59"", ""B0B8J3X7P8"", ""B07DC3QK75"", ""B0B1CJXL7D"", ""B092ZJB6BJ"", ""B0BR3NQKTN""]",18.916300003184006,True,browsing,B09M84R91V,
public_0126,3,reranker,entropy,browsing,specific,Tees & Blouses Blouses & Button-Down Shirts,"[{""explicit"": false, ""hard"": false, ""kind"": ""feature"", ""negated"": false, ""source"": ""ambiguous_disclosure"", ""source_turn"": 3, ""strength"": 0.7, ""value"": ""Imported""}, {""explicit"": false, ""hard"": false, ""kind"": ""feature"", ""negated"": false, ""source"": ""ambiguous_disclosure"", ""source_turn"": 3, ""strength"": 0.7, ""value"": ""Pull On closure""}]",[],"[""material"", ""fit""]","[""brand"", ""feature"", ""color""]",color,"{""entropy"": 2.2295739585136225, ""value_counts"": {""black"": 3, ""blue"": 3, ""pink"": 1, ""red"": 2, ""white"": 3}}",50,"[""B00IMV2YR6"", ""B0753GFTW8"", ""B07C9VBJ8R"", ""B016OXCUYU"", ""B00B1ZO77U"", ""B009S27TPU"", ""B09KY6NW2D"", ""B00ID4VAYU"", ""B00EA91I3K"", ""B07F1VQ3N6""]",133.1369999970775,True,browsing,B09M84R91V,
public_0126,4,reranker,entropy,browsing,specific,Tees & Blouses Blouses & Button-Down Shirts,"[{""explicit"": false, ""hard"": false, ""kind"": ""feature"", ""negated"": false, ""source"": ""ambiguous_disclosure"", ""source_turn"": 3, ""strength"": 0.7, ""value"": ""Imported""}, {""explicit"": false, ""hard"": false, ""kind"": ""feature"", ""negated"": false, ""source"": ""ambiguous_disclosure"", ""source_turn"": 3, ""strength"": 0.7, ""value"": ""Pull On closure""}]",[],"[""material"", ""fit""]","[""brand"", ""feature"", ""color"", ""use_case""]",use_case,"{""entropy"": 1.8048956511448038, ""value_counts"": {""casual"": 6, ""outdoor"": 2, ""running"": 1, ""winter"": 2, ""work"": 12}}",50,"[""B00IMV2YR6"", ""B0753GFTW8"", ""B07C9VBJ8R"", ""B016OXCUYU"", ""B00B1ZO77U"", ""B009S27TPU"", ""B09KY6NW2D"", ""B00ID4VAYU"", ""B00EA91I3K"", ""B07F1VQ3N6""]",25.8734000090044,True,browsing,B09M84R91V,
public_0126,5,reranker,entropy,browsing,specific,Tees & Blouses Blouses & Button-Down Shirts,"[{""explicit"": false, ""hard"": false, ""kind"": ""feature"", ""negated"": false, ""source"": ""ambiguous_disclosure"", ""source_turn"": 3, ""strength"": 0.7, ""value"": ""Imported""}, {""explicit"": false, ""hard"": false, ""kind"": ""feature"", ""negated"": false, ""source"": ""ambiguous_disclosure"", ""source_turn"": 3, ""strength"": 0.7, ""value"": ""Pull On closure""}]",[],"[""material"", ""fit""]","[""brand"", ""feature"", ""color"", ""use_case"", ""material""]",material,"{""entropy"": 1.5093944140058968, ""value_counts"": {""cotton"": 11, ""fabric"": 1, ""polyester"": 25, ""rayon"": 7}}",50,"[""B00IMV2YR6"", ""B0753GFTW8"", ""B07C9VBJ8R"", ""B016OXCUYU"", ""B00B1ZO77U"", ""B009S27TPU"", ""B09KY6NW2D"", ""B00ID4VAYU"", ""B00EA91I3K"", ""B07F1VQ3N6""]",21.759499999461696,True,browsing,B09M84R91V,
public_0126,6,reranker,entropy,browsing,specific,Tees & Blouses Blouses & Button-Down Shirts,"[{""explicit"": false, ""hard"": false, ""kind"": ""feature"", ""negated"": false, ""source"": ""ambiguous_disclosure"", ""source_turn"": 3, ""strength"": 0.7, ""value"": ""Imported""}, {""explicit"": false, ""hard"": false, ""kind"": ""feature"", ""negated"": false, ""source"": ""ambiguous_disclosure"", ""source_turn"": 3, ""strength"": 0.7, ""value"": ""Pull On closure""}, {""explicit"": false, ""hard"": false, ""kind"": ""material"", ""negated"": false, ""source"": ""ambiguous_disclosure"", ""source_turn"": 6, ""strength"": 0.7, ""value"": ""polyester""}, {""explicit"": false, ""hard"": false, ""kind"": ""material"", ""negated"": false, ""source"": ""ambiguous_disclosure"", ""source_turn"": 6, ""strength"": 0.7, ""value"": ""95% Polyester, 5% Spandex""}]",[],"[""material"", ""fit""]","[""brand"", ""feature"", ""color"", ""use_case"", ""material"", ""budget""]",budget,"{""entropy"": 1.1981174211304033, ""value_counts"": {""under_100"": 1, ""under_25"": 9, ""under_50"": 4}}",50,"[""B07TZPFQ9N"", ""B09KY6NW2D"", ""B087B4KKX7"", ""B09M84R91V"", ""B07L5JS7HZ"", ""B07BRVF979"", ""B08L6BB77C"", ""B0B4RW6DF2"", ""B0B18MM3RR"", ""B0B3RC268V""]",113.38929997873493,True,browsing,B09M84R91V,4
public_0132,1,reranker,entropy,buying,specific,Shoes Slippers,"[{""explicit"": true, ""hard"": true, ""kind"": ""material"", ""negated"": false, ""source"": ""explicit_requirement"", ""source_turn"": 1, ""strength"": 1.0, ""value"": ""cotton""}]",[],"[""comfort"", ""warmth"", ""style""]","[""brand""]",brand,"{""entropy"": 5.4360386706016675, ""value_counts"": {""aganmi"": 1, ""ataiwee"": 1, ""bigu"": 1, ""blebeey"": 1, ""cattior"": 1, ""chicnchic"": 2, ""comfy emojis"": 1, ""dlgjpa"": 1, ""ehyseli"": 1, ""estamico"": 1, ""fanture"": 1, ""florida cottons"": 1, ""foamtreads"": 1, ""fsigom"": 1, ""gadzille"": 1, ""garatia"": 1, ""gemax"": 1, ""generic"": 1, ""haojiali"": 1, ""hometop"": 3, ""homitem"": 1, ""humiwa"": 2, ""hybestforu"": 1, ""kaleki"": 1, ""kelon"": 1, ""kuailu"": 1, ""kubua"": 1, ""lmoy"": 1, ""lxso"": 1, ""meckior"": 1, ""meidiastra"": 1, ""memon"": 1, ""mishansha"": 1, ""morecome"": 1, ""muchy"": 1, ""n / a"": 1, ""national"": 1, ""roadbox"": 1, ""sanfiago"": 1, ""stride rite"": 1, ""vifuur"": 1, ""watelves"": 1, ""watmaid"": 1, ""wishcotton"": 1, ""xhuoqdk"": 1}}",50,"[""B00XM230JQ"", ""B075Q53F27"", ""B07H33Y11B"", ""B09KLT34T8"", ""B08DHVLKXJ"", ""B08DXS1L8L"", ""B07H88B814"", ""B0006N53TY"", ""B07WVWK85G"", ""B0876VKK4K""]",27.301900001475587,True,buying,B08X2X83DW,
public_0132,2,reranker,entropy,buying,specific,Shoes Slippers,"[{""explicit"": true, ""hard"": true, ""kind"": ""material"", ""negated"": false, ""source"": ""explicit_requirement"", ""source_turn"": 1, ""strength"": 1.0, ""value"": ""cotton""}]",[],"[""comfort"", ""warmth"", ""style""]","[""brand"", ""feature""]",feature,"{""entropy"": 3.5723925229268274, ""value_counts"": {""100% cotton"": 12, ""classic and simple design: no cumbersome lines and luxurious"": 1, ""cotton fabric"": 1, ""cotton knitted"": 1, ""cotton velvet"": 1, ""ethylene vinyl acetate sole"": 1, ""eva"": 1, ""faux fur"": 1, ""foam sole"": 3, ""ignore amazons's size chart, please kindly refer to our sugg"": 1, ""imported"": 5, ""knitted cotton-blend"": 1, ""leather and rubber sole"": 1, ""lightweight construction - largest size weighs just 0.8 lb a"": 1, ""rubber sole"": 10, ""suede sole"": 2, ""synthetic sole"": 2, ""thermoplastic rubbers sole"": 1, ""\u3010cow modeling design\u3011unique and cute animal plush slippers, "": 1, ""\uff08double memory foam: slow rebound memory foam + arch support"": 1}}",50,"[""B00XM230JQ"", ""B075Q53F27"", ""B07H33Y11B"", ""B09KLT34T8"", ""B08DHVLKXJ"", ""B08DXS1L8L"", ""B07H88B814"", ""B0006N53TY"", ""B07WVWK85G"", ""B0876VKK4K""]",26.668100006645545,True,buying,B08X2X83DW,
public_0132,3,reranker,entropy,buying,specific,Shoes Slippers,"[{""explicit"": true, ""hard"": true, ""kind"": ""material"", ""negated"": false, ""source"": ""explicit_requirement"", ""source_turn"": 1, ""strength"": 1.0, ""value"": ""cotton""}, {""explicit"": false, ""hard"": false, ""kind"": ""feature"", ""negated"": false, ""source"": ""ambiguous_disclosure"", ""source_turn"": 3, ""strength"": 0.7, ""value"": ""Imported""}, {""explicit"": false, ""hard"": false, ""kind"": ""feature"", ""negated"": false, ""source"": ""ambiguous_disclosure"", ""source_turn"": 3, ""strength"": 0.7, ""value"": ""Rubber sole""}]",[],"[""comfort"", ""warmth"", ""style""]","[""brand"", ""feature"", ""style""]",style,"{""entropy"": 2.089056046487265, ""value_counts"": {""baby-girls"": 1, ""boys"": 2, ""girls"": 1, ""mens"": 10, ""unisex-adult"": 9, ""unisex-child"": 2, ""womens"": 21}}",50,"[""B0006N53TY"", ""B08FHYNR7J"", ""B08CY151NM"", ""B01978WA9E"", ""B08DHVLKXJ"", ""B075Q53F27"", ""B0BPHMWG6S"", ""B08X2X83DW"", ""B07H48Z8D6"", ""B07GD828W6""]",100.80359998391941,True,buying,B08X2X83DW,8
public_0134,1,reranker,entropy,browsing,exploratory,Piercing Jewelry Tunnels,[],[],"[""style"", ""fit"", ""comfort""]","[""feature""]",feature,"{""entropy"": 6.202099089240287, ""value_counts"": {""100% safe material:the cckiise dangle earrings with the 100%"": 1, ""14g 316l hypoallergenic surgical steel belly button rings se"": 1, ""2 \""o\"" rings included"": 1, ""20 gauge nose rings; 20g nose piercing jewelry"": 1, ""[item contain]: you will receive 12 pieces septum rings ear "": 1, ""[item contain]: you will receive 2 pieces horseshoe rings se"": 1, ""[seamless clicker ring]--one order comes with 10pcs seamless"": 1, ""affordable set:one order includes belly button rings with di"": 1, ""assorted color pack: this nose ring hoop comes with 1 pair i"": 1, ""ball closure"": 8, ""black ear tunnels soft silicone perfect for daily usage larg"": 1, ""clicker closure"": 3, ""elastic closure"": 1, ""gauge size 16 gauge septum jewelry; 1.2 millimeters"": 1, ""gauge size 18 gauge; 1 millimeter"": 1, ""gauge size 20 gauge nose stud; .8 millimeters"": 1, ""gauge sizes:0g(8mm),00g(10mm),1/2''(12mm),9/16''(14mm),5/8''"": 1, ""gift box and decorated organza bag included"": 1, ""great for various piercings"": 1, ""high quality grade acrylic - it\u2019s a lightweight alternative "": 1, ""high quality material-plug kit made with 316 stainless steel"": 1, ""item specification : charm materials : 925 sterling silver |"": 2, ""item specification : product materials : 14kt solid rose gol"": 1, ""item specification : product materials : 316l surgical steel"": 1, ""item specification : product materials : 925 sterling silver"": 2, ""item specification : product materials : uv acrylic | size 1"": 1, ""made from howlite stone."": 1, ""made of 316l surgical stainless steel"": 1, ""material -- surgical grade 316l stainless steel, hypoallerge"": 1, ""material--our helix piercings are made of 316lstainless stee"": 1, ""material: 316l surgical stainless steel with rhinestones, lo"": 2, ""material: stainless steel"": 1, ""material: surgical stainless steel jewelry is an ideal choic"": 1, ""material: surgical steel & burnished silver-tone brass"": 1, ""material: the design is made from brass, brass jewelry comes"": 1, ""material: zinc alloy"": 1, ""material:made of environmental friendly materials,and pearl,"": 1, ""natural wood +surgical stainless steel ear plgus stud earing"": 1, ""number of item(s):3 pieces features : 14g horseshoe earrings"": 1, ""number of item(s):4 pieces"": 1, ""package including -- 1 pair ear tunnels & 1 pair rubber o-ri"": 1, ""package including -- 1pc internally threaded horseshoe barbe"": 1, ""package including -- 6pcs fake nose rings in differet colors"": 1, ""package including -- one pairs ear plugs with cz and 3 pairs"": 1, ""package: 18pcs in a set,as the picture shows,come with one f"": 1, ""package: 1pc in a set,as the picture shows,come with one fre"": 1, ""packet included: 16/48pcs of silicone tunnels (same size)"": 1, ""piercing feature: black flexible silicone ear tunnel plugs f"": 1, ""piercing tunnels with cross and skull dangle"": 1, ""premium metal - the implant grade titanium g23 is premium qu"": 1, ""process: made of real 316l surgical stainless steel, repeate"": 1, ""product specification - product materials : 14k solid white "": 1, ""punk kpop cross cartilage stud earrings designed with long t"": 1, ""push back closure"": 1, ""quality and safe \u2013 our black anodized surgical stainless ste"": 1, ""safe \u2013 our anodized surgical stainless steel industrial barb"": 1, ""simple and beautiful- wear these fashion earrings to assist "": 1, ""size: 00g (10mm)"": 2, ""size: 2g (6mm)"": 1, ""size: small nose rings hoop black 16 gauge (1.2mm thickness)"": 1, ""snap closure"": 1, ""sold as a pair"": 1, ""solid 14kt fine gold body jewelry"": 1, ""spike stainless steel screw nose rings studs body jewelry pi"": 1, ""style of septum ring: you will receive one piece septum ring"": 1, ""superior 316lvm surgical steel - these stainless steel conch"": 1, ""surgical steel is the material of this captive hoops. the im"": 1, ""the size for this ear gauge:2g(6mm), 0g(8mm), 00g(10mm), 1/2"": 1, ""the size for this ear gauges: 0g(8mm), 00g(10mm), 1/2\""(12mm)"": 1, ""value pack: 2 pieces (1 pair): stainless steel tunnels with "": 1, ""value pack:this set come with 1 pcs internally threaded pa r"": 1, ""you will receive both pairs of tunnels in size of your choic"": 1, ""{stainless steel ear plugs and tunnels} - you will get 1pair"": 1, ""\u0f3a \ud83d\udc93 \u0f3bsize. [nose rings hoops] gauge18g(1.0mm), inner diamete"": 1, ""\u2665\u2665handmade quality inspection\u2665\u2665 \u2014 this gold oval hoop earrin"": 1, ""\u2728\ud835\udc6a\ud835\udc76\ud835\udc74\ud835\udc6d\ud835\udc76\ud835\udc79\ud835\udc7b\ud835\udc68\ud835\udc69\ud835\udc73\ud835\udc6c \ud835\udc7a\ud835\udc70\ud835\udc81\ud835\udc6c: you will receive 2pcs piercing earrings w"": 1, ""\u2764 item specification - product materials: 10k solid white go"": 1, ""\u2764crawler earrings for women: crawler style earrings climb up"": 1, ""\u2764unique design\u2764: 1pc titanium tongue rings barbells,the smal"": 1, ""\u2764\ufe0fwell-designed: this pair of ladies earrings is very versat"": 1, ""\u3010hypoallergenic material\u3011this small gold u-shaped oval huggi"": 1, ""\u3010small gold open hoop earrings\u301123mm diameter, dainty and lig"": 1, ""\u3010superior material\u3011 genuine 14 karat solid gold, 58.5% pure "": 1}}",100,"[""B07QY12ZQC"", ""B018LTY6HY"", ""B07N38CB41"", ""B07JNVT2NL"", ""B07K245NDC"", ""B07JXS7DXW"", ""B017O10SDG"", ""B01M355OGJ"", ""B017NPT5XM"", ""B07JPXMWQV""]",16.04740001494065,True,browsing,B081SF3QRL,
public_0134,2,reranker,entropy,browsing,specific,Piercing Jewelry Tunnels,"[{""explicit"": false, ""hard"": false, ""kind"": ""feature"", ""negated"": false, ""source"": ""ambiguous_disclosure"", ""source_turn"": 2, ""strength"": 0.7, ""value"": ""Gauge in Choice: 8g(3mm), 6g(4mm), 4g(5mm), 2g(6mm), 0g(8mm), 00g(10mm), 1/2\""(12mm), 9/16\""(14mm)""}, {""explicit"": false, ""hard"": false, ""kind"": ""feature"", ""negated"": false, ""source"": ""ambiguous_disclosure"", ""source_turn"": 2, ""strength"": 0.7, ""value"": ""The screw-on method tunnels are pretty, you can twist on from one head, very easy to wear and take off. Fashion party and wedding body piercing jewelry""}]",[],"[""style"", ""fit"", ""comfort""]","[""feature"", ""brand""]",brand,"{""entropy"": 4.996565630242719, ""value_counts"": {""amazon collection"": 5, ""atoz piercing"": 1, ""banavega"": 1, ""big gauges"": 1, ""bling piercing"": 1, ""bodyj4you"": 2, ""bodyjewellery"": 3, ""bodystars"": 1, ""byb plugs"": 2, ""changgaijewelry"": 2, ""cooear"": 1, ""d&m jewelry"": 1, ""doearko"": 1, ""erkuoo"": 2, ""evonix"": 2, ""fectas"": 1, ""flyun"": 1, ""hoeudjo"": 1, ""jerywe"": 1, ""jiapeijia"": 1, ""jofukin"": 2, ""jstyle"": 1, ""kridzisw"": 1, ""kubooz"": 1, ""lcolyoli"": 1, ""longbeauty"": 1, ""loyallook"": 2, ""maxbott"": 1, ""phd ltd"": 1, ""pobaisiter"": 1, ""punkyouth"": 1, ""suptop"": 1, ""tbosen"": 2, ""wbrwp"": 1, ""yofanst"": 1, ""yr fashion"": 1}}",50,"[""B07JNVT2NL"", ""B07JXS7DXW"", ""B081SF3QRL"", ""B07T19MBKK"", ""B07QLLB5LD"", ""B0811DGPJP"", ""B0BDR1FYG1"", ""B0BF54HZ4P"", ""B07K245NDC"", ""B07N38CB41""]",192.13870001840405,True,browsing,B081SF3QRL,3
public_0147,1,reranker,entropy,browsing,exploratory,Sleep & Lounge Lingerie,[],[],"[""material"", ""comfort"", ""fit"", ""style""]","[""brand""]",brand,"{""entropy"": 5.6729203504767165, ""value_counts"": {""addison meadow"": 3, ""adome"": 1, ""adreamly"": 1, ""akewei"": 1, ""alexander del rossa"": 1, ""amazon essentials"": 2, ""amerimark"": 5, ""amour vert"": 1, ""argconner"": 1, ""astanfy"": 1, ""avidlove"": 4, ""barefoot dreams"": 1, ""beverly rock"": 1, ""beyove"": 1, ""cafepress"": 1, ""casual moments"": 1, ""casual nights"": 1, ""chung"": 1, ""coolmee"": 1, ""declare"": 1, ""dreams & co."": 2, ""duwmcon"": 1, ""ekouaer"": 10, ""enjoynight"": 3, ""evanhome"": 2, ""generic"": 1, ""goodnight kiss"": 1, ""hotouch"": 1, ""igetely"": 1, ""in'voland"": 1, ""josie by josie natori"": 1, ""kathy ireland"": 1, ""klier"": 1, ""latuza"": 1, ""lecgee"": 2, ""lioraitiin"": 1, ""loungeable"": 1, ""lovasy"": 1, ""lovor"": 1, ""lu's chic"": 1, ""luxilooks"": 2, ""lveberw"": 1, ""mae"": 4, ""miqieer"": 1, ""mystique"": 1, ""n/p"": 2, ""nautica"": 1, ""nbb lingerie"": 1, ""niceyoo"": 1, ""only necessities"": 4, ""onlygiftsu"": 1, ""selfiego"": 1, ""singingqween"": 1, ""splendid"": 1, ""sweetnight"": 1, ""texeresilk"": 1, ""umina"": 1, ""up2date fashion"": 1, ""velvet kitten"": 1, ""wielsscca"": 1, ""xunger"": 1, ""ymdltue"": 1, ""yozly"": 3, ""yq.cool go"": 1, ""zexxxy"": 2}}",100,"[""B01LYL557B"", ""B08965CTGN"", ""B098T73R3K"", ""B07WZRWQBF"", ""B0897NQF8M"", ""B07C4V7FWW"", ""B0734SHQH9"", ""B08FHQT82T"", ""B082TXYP5R"", ""B00IE050Z8""]",18.99859998957254,True,browsing,B077276QGC,
public_0147,2,reranker,entropy,browsing,exploratory,Sleep & Lounge Lingerie,[],[],"[""material"", ""comfort"", ""fit"", ""style""]","[""brand"", ""feature""]",feature,"{""entropy"": 5.48702470968906, ""value_counts"": {""10% spandex"": 1, ""100% cotton"": 10, ""100% polyester"": 5, ""100% polyester silky satin"": 1, ""100% rayon"": 1, ""100% silk"": 1, ""30% cotton"": 1, ""35% polyester"": 1, ""45% cotton"": 1, ""5% spandex"": 1, ""50%polyester, 50%acrylic"": 1, ""55% cotton"": 1, ""56% viscose, 24% cotton, 20% polyester"": 1, ""58% rayon, 38% cotton, 4% spandex"": 1, ""60% cotton, 40% rayon"": 1, ""60% polyester, 35% cotton, 5% spandex"": 1, ""63% polyester"": 1, ""63% polyester, 33% rayon, 4% spandex"": 1, ""64% rayon, 32% cotton, 4% spandex"": 1, ""65% polyester, 35% cotton"": 1, ""95% cotton, 5% spandex"": 1, ""95% modal, 5% spandex"": 3, ""95% polyester, 5% other fibers"": 2, ""95% polyester, 5% spandex"": 2, ""95% rayon, 5% other fibers"": 8, ""95% rayon, 5% spandex"": 3, ""95% viscose, 5% other fibers"": 1, ""button closure"": 1, ""chemise nightgown made of 95% rayon, 5% spandex. soft, stret"": 2, ""cotton blend"": 2, ""cotton/polyester"": 1, ""drawstring closure"": 1, ""fabric: natural cellulose modal. medium weight, opaque, soft"": 1, ""from the comfort experts - our designers have been creating "": 2, ""hand wash only"": 1, ""imported"": 1, ""lace"": 1, ""machine wash"": 3, ""material detail :modal"": 1, ""material: 97% polyester and 3% spandex"": 1, ""material: cotton + polyester"": 1, ""material: cotton blend lining and mesh outside, super lightw"": 1, ""materials is soft: this nightgown dress makes every night a "": 1, ""modal"": 1, ""nightdress"": 1, ""plus sizing: size 5x will fit plus sizes 38 to 40"": 1, ""plus sizing: size medium will fit plus sizes 14 to 16"": 1, ""poly-satin"": 1, ""pull on closure"": 3, ""satin"": 1, ""satin lace"": 1, ""sexy lingerie for women mini teddy halter bodysuit lace baby"": 1, ""sleeve type: long sleeve"": 1, ""soft & smooth feminine look. extremely durable and able to w"": 1, ""the sleepwear nightshirt loungewear is made of soft fabric, "": 1, ""tie dye sleepshirt in color sky, purple, pink blue, multicol"": 1, ""tips: amazon generic size chart is not our size. please care"": 1, ""top: 60% cotton, 40% polyester; bottom: 58% cotton, 37% rayo"": 1, ""zipper closure"": 1, ""\u2714material:this short sleepwear set made from 100% polyester,"": 1}}",100,"[""B01LYL557B"", ""B08965CTGN"", ""B098T73R3K"", ""B07WZRWQBF"", ""B0897NQF8M"", ""B07C4V7FWW"", ""B0734SHQH9"", ""B08FHQT82T"", ""B082TXYP5R"", ""B00IE050Z8""]",18.736999976681545,True,browsing,B077276QGC,
public_0147,3,reranker,entropy,browsing,mixed,Sleep & Lounge Lingerie,"[{""explicit"": false, ""hard"": false, ""kind"": ""feature"", ""negated"": false, ""source"": ""ambiguous_disclosure"", ""source_turn"": 3, ""strength"": 0.7, ""value"": ""Hand Wash Only""}]",[],"[""material"", ""comfort"", ""fit"", ""style""]","[""brand"", ""feature"", ""color""]",color,"{""entropy"": 2.40237633194961, ""value_counts"": {""black"": 10, ""blue"": 7, ""green"": 1, ""grey"": 1, ""purple"": 2, ""red"": 3, ""white"": 6}}",75,"[""B08965CTGN"", ""B07C35PKRF"", ""B09ZDZ3ZZJ"", ""B07DBP4FTG"", ""B08F73Y81V"", ""B01A08L98S"", ""B000UY11HM"", ""B08J7GXGZX"", ""B076H3CMP5"", ""B07C7G175Z""]",193.084699974861,True,browsing,B077276QGC,
public_0147,4,reranker,entropy,browsing,mixed,Sleep & Lounge Lingerie,"[{""explicit"": false, ""hard"": false, ""kind"": ""feature"", ""negated"": false, ""source"": ""ambiguous_disclosure"", ""source_turn"": 3, ""strength"": 0.7, ""value"": ""Hand Wash Only""}]",[],"[""material"", ""comfort"", ""fit"", ""style""]","[""brand"", ""feature"", ""color"", ""material""]",material,"{""entropy"": 1.999163424139941, ""value_counts"": {""cotton"": 23, ""nylon"": 9, ""polyester"": 11, ""rayon"": 1, ""silk"": 1, ""spandex"": 5}}",75,"[""B08965CTGN"", ""B07C35PKRF"", ""B09ZDZ3ZZJ"", ""B07DBP4FTG"", ""B08F73Y81V"", ""B01A08L98S"", ""B000UY11HM"", ""B08J7GXGZX"", ""B076H3CMP5"", ""B07C7G175Z""]",32.71080000558868,True,browsing,B077276QGC,
public_0147,5,reranker,entropy,browsing,specific,Sleep & Lounge Lingerie,"[{""explicit"": false, ""hard"": false, ""kind"": ""feature"", ""negated"": false, ""source"": ""ambiguous_disclosure"", ""source_turn"": 3, ""strength"": 0.7, ""value"": ""Hand Wash Only""}, {""explicit"": false, ""hard"": false, ""kind"": ""material"", ""negated"": false, ""source"": ""ambiguous_disclosure"", ""source_turn"": 5, ""strength"": 0.7, ""value"": ""cotton""}, {""explicit"": false, ""hard"": false, ""kind"": ""material"", ""negated"": false, ""source"": ""ambiguous_disclosure"", ""source_turn"": 5, ""strength"": 0.7, ""value"": ""95% Combed Cotton, 5% Spandex of Women's 4-PACK High Waisted Underwear. Machine Wash with laundry bag (30\u00b0C)""}]",[],"[""material"", ""comfort"", ""fit"", ""style""]","[""brand"", ""feature"", ""color"", ""material"", ""use_case""]",use_case,"{""entropy"": 2.557727778739319, ""value_counts"": {""casual"": 3, ""gym"": 1, ""hiking"": 1, ""outdoor"": 3, ""running"": 6, ""sports"": 2, ""work"": 2}}",50,"[""B077276QGC"", ""B06ZYBLW3L"", ""B075VSFSBS"", ""B08GFR2T6K"", ""B07WTC11SR"", ""B0757LPJM2"", ""B093STRF2L"", ""B08RPBB7RT"", ""B004IYFT28"", ""B0897FWZG1""]",231.1559999943711,True,browsing,B077276QGC,1
public_0152,1,reranker,entropy,buying,specific,Watches Wrist Watches,"[{""explicit"": true, ""hard"": true, ""kind"": ""material"", ""negated"": false, ""source"": ""explicit_requirement"", ""source_turn"": 1, ""strength"": 1.0, ""value"": ""leather""}]",[],"[""comfort"", ""fit"", ""durability"", ""style""]","[""brand""]",brand,"{""entropy"": 5.253660689688186, ""value_counts"": {""akribos xxiv"": 1, ""alloro"": 1, ""artist unknown"": 1, ""bertucci"": 1, ""breda"": 1, ""caddy bay collection"": 1, ""canserin"": 1, ""citizen"": 2, ""diesel"": 1, ""dkny"": 1, ""dom"": 1, ""fiiliip"": 1, ""fossil"": 3, ""hamilton"": 1, ""han shi"": 1, ""happyshopz"": 1, ""harley-davidson"": 1, ""joyplancraft"": 1, ""lorus"": 1, ""lucien piccard"": 1, ""movado"": 1, ""nemesis"": 2, ""nixon"": 2, ""okokoz"": 1, ""oyeaho"": 1, ""peugeot"": 1, ""skagen"": 2, ""smtsmt"": 2, ""soleasy"": 1, ""swatch"": 1, ""tokyobay"": 1, ""tommy hilfiger"": 3, ""top plaza"": 1, ""unknown"": 1, ""urgreat"": 1, ""whimsical"": 1, ""whimsical gifts"": 1, ""woaills watch"": 1, ""xiaile"": 1, ""youzee"": 1, ""yunanwa"": 1}}",50,"[""B08MW9ZKJH"", ""B01ETFUBCS"", ""B00H40O794"", ""B07FS7JNFZ"", ""B01ETH7FNY"", ""B09L668B8V"", ""B0007X9F7O"", ""9999666671"", ""B000VNC4BO"", ""B07S9W25K8""]",32.515899976715446,True,buying,B000EQU0NW,
public_0152,2,reranker,entropy,buying,specific,Watches Wrist Watches,"[{""explicit"": true, ""hard"": true, ""kind"": ""material"", ""negated"": false, ""source"": ""explicit_requirement"", ""source_turn"": 1, ""strength"": 1.0, ""value"": ""leather""}]",[],"[""comfort"", ""fit"", ""durability"", ""style""]","[""brand"", ""feature""]",feature,"{""entropy"": 4.784941827437643, ""value_counts"": {""* all stainless steel case & buckle"": 1, ""1. luxury simple design wrist watch for women: ladies leathe"": 1, ""accurate japanese-quartz movement; durable mineral crystal"": 1, ""as featured in oprah magazine. a bold statement piece. unise"": 1, ""beige leather quartz watch"": 1, ""chain length: adjustable length from 6.5-7.5 inches"": 1, ""face color:black"": 1, ""fashion men\u2019s watch: this high-end designer watch combines t"": 1, ""features: easy to read"": 1, ""gender :women's"": 1, ""gender:women's"": 1, ""gold-tone watch in stainless steel featuring black two-step "": 1, ""highest standard quartz movement"": 1, ""imported"": 6, ""japanese quartz movement"": 2, ""leather strap"": 1, ""movement: quartz,display: analog,clasp type:buckle, band col"": 1, ""package included : 10pcs watches in difference colors"": 1, ""padded with white stitching?genuine nubuck lining"": 1, ""precise swiss-quartz movement"": 1, ""precise time keeping and big dial face, quartz movement, pro"": 1, ""precise, high-quality japanese-quartz movement"": 1, ""quality japanese-quartz movement"": 1, ""quartz movement"": 4, ""shipping: standard shipping:12-22 days. expedited shipping:3"": 1, ""sports watch men watches watches for men mens watches milita"": 1, ""stainless steel & leather"": 1, ""tell more than just time with the fossil fs4512 analog watch"": 1, ""urban ladies silver diamante large dial red pu leather strap"": 1, ""us patented 40 mm highly polished finish solid titanium case"": 1, ""\u2605keep time accurately: the leather watch for women use impor"": 1, ""\u2714\u2714\u2714watch wristwatch fashion watches quartz men women men men"": 1, ""\u2740 luxury rose gold rhinestones case roman numerals thin leat"": 1}}",50,"[""B08MW9ZKJH"", ""B01ETFUBCS"", ""B00H40O794"", ""B07FS7JNFZ"", ""B01ETH7FNY"", ""B09L668B8V"", ""B0007X9F7O"", ""9999666671"", ""B000VNC4BO"", ""B07S9W25K8""]",14.545300015015528,True,buying,B000EQU0NW,
public_0152,3,reranker,entropy,buying,specific,Watches Wrist Watches,"[{""explicit"": true, ""hard"": true, ""kind"": ""material"", ""negated"": false, ""source"": ""explicit_requirement"", ""source_turn"": 1, ""strength"": 1.0, ""value"": ""leather""}, {""explicit"": false, ""hard"": false, ""kind"": ""feature"", ""negated"": false, ""source"": ""ambiguous_disclosure"", ""source_turn"": 3, ""strength"": 0.7, ""value"": ""Japanese quartz movement with analog display""}]",[],"[""comfort"", ""fit"", ""durability"", ""style""]","[""brand"", ""feature"", ""use_case""]",use_case,"{""entropy"": 2.4304570255005586, ""value_counts"": {""casual"": 6, ""hiking"": 2, ""outdoor"": 3, ""running"": 4, ""sports"": 8, ""work"": 3}}",50,"[""B00O9ZMK2I"", ""B000EQU0NW"", ""B07PLPBCP6"", ""B07QKXK9CN"", ""B01N2I4Z38"", ""9999666671"", ""B002DHZUZ8"", ""B0007X9F7O"", ""B075SG9L72"", ""B00HN9NUQW""]",178.53619999368675,True,buying,B000EQU0NW,2
public_0153,1,reranker,entropy,browsing,exploratory,Boots Ankle & Bootie,[],[],"[""comfort"", ""fit"", ""style"", ""durability""]","[""brand""]",brand,"{""entropy"": 6.008758439731455, ""value_counts"": {""adrienne vittadini"": 1, ""alegria by pg lite"": 2, ""angelina by de blossom collection"": 1, ""anne klein"": 1, ""aquatalia"": 1, ""aravon"": 1, ""askelly"": 1, ""aukusor"": 1, ""bcbgeneration"": 1, ""bella marie"": 1, ""betsey johnson"": 1, ""cambridge select"": 2, ""camper"": 1, ""cat"": 1, ""circus by sam edelman"": 1, ""circus ny"": 1, ""clarks"": 4, ""coclico"": 1, ""coconuts by matisse"": 1, ""cole haan"": 1, ""delicacy"": 1, ""dr. scholl's shoes"": 1, ""dream pairs"": 1, ""etienne aigner"": 1, ""fashare"": 1, ""fergie"": 3, ""fragarn"": 1, ""free bird"": 1, ""frye"": 2, ""guess"": 1, ""homehot"": 1, ""indigo rd."": 1, ""j. adams"": 4, ""jambu"": 1, ""jbu by jambu"": 1, ""jessica simpson"": 1, ""joe's jeans"": 1, ""kafule"": 2, ""kamik"": 1, ""koolaburra by ugg"": 1, ""libby edelman"": 1, ""lucky brand"": 3, ""luoika"": 2, ""mackin j"": 2, ""madden girl"": 1, ""mafulus"": 1, ""michael kors"": 1, ""minnetonka"": 1, ""muck boot"": 1, ""mve"": 1, ""nature breeze"": 1, ""nine west"": 4, ""olivia k"": 1, ""padgene"": 1, ""pikolinos"": 1, ""pleaser"": 1, ""premier standard"": 4, ""qupid"": 2, ""readysalted"": 2, ""report"": 1, ""rqwein women shoes"": 1, ""shemee"": 1, ""soft style"": 2, ""soviker"": 1, ""speed limit 98"": 1, ""steven by steve madden"": 1, ""thatxuaov"": 1, ""the fix"": 1, ""the flexx"": 2, ""toms"": 1, ""vince camuto"": 2, ""wanted"": 1, ""white mountain"": 1}}",100,"[""B004I5H0P6"", ""B07HSQPSGY"", ""B07HT5CCPJ"", ""B01LZEAR41"", ""B004OT4HBG"", ""B01L2MR1SS"", ""B01LXKGS5C"", ""B01LVXT4B5"", ""B007TJAXTI"", ""B00ENHXFI0""]",19.72449998720549,True,browsing,B07BMJ77FR,
public_0153,2,reranker,entropy,browsing,exploratory,Boots Ankle & Bootie,[],[],"[""comfort"", ""fit"", ""style"", ""durability""]","[""brand"", ""feature""]",feature,"{""entropy"": 3.9400632923002945, ""value_counts"": {""1"": 1, ""100% cow suede leather"": 1, ""100% kid suede"": 1, ""100% leather"": 22, ""100% leather and textile"": 1, ""100% leather, suede or brahma hair"": 1, ""100% man made"": 1, ""100% polyurethane"": 1, ""100% suede"": 6, ""100% suede leather"": 1, ""100% synethetic"": 1, ""100% synthetic"": 16, ""100% synthetic and nylon"": 1, ""100% textile"": 1, ""72% textile/28% vegan"": 1, ""85% leather/15% elastic"": 1, ""ethylene vinyl acetate sole"": 1, ""fabric"": 1, ""full-grain leathe"": 1, ""heel measures approximately 1.77 inches\"""": 1, ""heel measures approximately 1.9 inches\"""": 1, ""heel measures approximately 2.4 inches\"""": 1, ""imported"": 5, ""leather sole"": 1, ""made in the usa or imported"": 1, ""man made"": 1, ""manmade sole"": 1, ""material: distress leatherette"": 1, ""nubuck"": 1, ""product detail : these boots featurs a unisex western cowboy"": 1, ""rubber sole"": 15, ""shaft measures approximately 5.5\"" from arch"": 1, ""synthetic-and-leather"": 1, ""textile"": 1, ""versatile, western ankle boots have a simple, sleek upper ma"": 2}}",100,"[""B004I5H0P6"", ""B07HSQPSGY"", ""B07HT5CCPJ"", ""B01LZEAR41"", ""B004OT4HBG"", ""B01L2MR1SS"", ""B01LXKGS5C"", ""B01LVXT4B5"", ""B007TJAXTI"", ""B00ENHXFI0""]",15.372399997431785,True,browsing,B07BMJ77FR,
public_0153,3,reranker,entropy,browsing,specific,Boots Ankle & Bootie,"[{""explicit"": false, ""hard"": false, ""kind"": ""feature"", ""negated"": false, ""source"": ""ambiguous_disclosure"", ""source_turn"": 3, ""strength"": 0.7, ""value"": ""Rubber sole""}, {""explicit"": false, ""hard"": false, ""kind"": ""feature"", ""negated"": false, ""source"": ""ambiguous_disclosure"", ""source_turn"": 3, ""strength"": 0.7, ""value"": ""Shaft measures approximately Ankle from arch""}]",[],"[""comfort"", ""fit"", ""style"", ""durability""]","[""brand"", ""feature"", ""use_case""]",use_case,"{""entropy"": 1.5744174271404585, ""value_counts"": {""casual"": 5, ""hiking"": 1, ""winter"": 7, ""work"": 1}}",50,"[""B003BT57UA"", ""B004OT4HBG"", ""B005APZ2LM"", ""B013X1YY7C"", ""B0B784CMH9"", ""B078F1DBS6"", ""B00XVS2632"", ""B0B9DV8RTY"", ""B00XVS2ABU"", ""B01N7HXIK9""]",149.6997999784071,True,browsing,B07BMJ77FR,
public_0153,4,reranker,entropy,browsing,specific,Boots Ankle & Bootie,"[{""explicit"": false, ""hard"": false, ""kind"": ""feature"", ""negated"": false, ""source"": ""ambiguous_disclosure"", ""source_turn"": 3, ""strength"": 0.7, ""value"": ""Rubber sole""}, {""explicit"": false, ""hard"": false, ""kind"": ""feature"", ""negated"": false, ""source"": ""ambiguous_disclosure"", ""source_turn"": 3, ""strength"": 0.7, ""value"": ""Shaft measures approximately Ankle from arch""}]",[],"[""comfort"", ""fit"", ""style"", ""durability""]","[""brand"", ""feature"", ""use_case"", ""budget""]",budget,"{""entropy"": 1.1488348542809166, ""value_counts"": {""under_100"": 1, ""under_50"": 5, ""under_75"": 1}}",50,"[""B003BT57UA"", ""B004OT4HBG"", ""B005APZ2LM"", ""B013X1YY7C"", ""B0B784CMH9"", ""B078F1DBS6"", ""B00XVS2632"", ""B0B9DV8RTY"", ""B00XVS2ABU"", ""B01N7HXIK9""]",16.599399998085573,True,browsing,B07BMJ77FR,
public_0153,5,reranker,entropy,browsing,specific,Boots Ankle & Bootie,"[{""explicit"": false, ""hard"": false, ""kind"": ""feature"", ""negated"": false, ""source"": ""ambiguous_disclosure"", ""source_turn"": 3, ""strength"": 0.7, ""value"": ""Rubber sole""}, {""explicit"": false, ""hard"": false, ""kind"": ""feature"", ""negated"": false, ""source"": ""ambiguous_disclosure"", ""source_turn"": 3, ""strength"": 0.7, ""value"": ""Shaft measures approximately Ankle from arch""}]",[],"[""comfort"", ""fit"", ""style"", ""durability""]","[""brand"", ""feature"", ""use_case"", ""budget"", ""material""]",material,"{""entropy"": 0.7146532448524052, ""value_counts"": {""cotton"": 1, ""fabric"": 1, ""leather"": 29, ""polyester"": 2}}",50,"[""B003BT57UA"", ""B004OT4HBG"", ""B005APZ2LM"", ""B013X1YY7C"", ""B0B784CMH9"", ""B078F1DBS6"", ""B00XVS2632"", ""B0B9DV8RTY"", ""B00XVS2ABU"", ""B01N7HXIK9""]",25.144699990050867,True,browsing,B07BMJ77FR,
public_0153,6,reranker,entropy,browsing,specific,Boots Ankle & Bootie,"[{""explicit"": false, ""hard"": false, ""kind"": ""feature"", ""negated"": false, ""source"": ""ambiguous_disclosure"", ""source_turn"": 3, ""strength"": 0.7, ""value"": ""Rubber sole""}, {""explicit"": false, ""hard"": false, ""kind"": ""feature"", ""negated"": false, ""source"": ""ambiguous_disclosure"", ""source_turn"": 3, ""strength"": 0.7, ""value"": ""Shaft measures approximately Ankle from arch""}, {""explicit"": false, ""hard"": false, ""kind"": ""material"", ""negated"": false, ""source"": ""ambiguous_disclosure"", ""source_turn"": 6, ""strength"": 0.7, ""value"": ""leather""}, {""explicit"": false, ""hard"": false, ""kind"": ""material"", ""negated"": false, ""source"": ""ambiguous_disclosure"", ""source_turn"": 6, ""strength"": 0.7, ""value"": ""PU Leather""}]",[],"[""comfort"", ""fit"", ""style"", ""durability""]","[""brand"", ""feature"", ""use_case"", ""budget"", ""material"", ""color""]",color,"{""entropy"": 0.5032583347756457, ""value_counts"": {""black"": 8, ""brown"": 1}}",50,"[""B01N7HXIK9"", ""B07BMJ77FR"", ""B01D96VMGW"", ""B01HH9MOBE"", ""B00XVS2ABU"", ""B07MN8PJR5"", ""B00ATYGMRW"", ""B0199KWB1C"", ""B096Z29DJF"", ""B00READXEY""]",94.79750000173226,True,browsing,B07BMJ77FR,2
public_0154,1,reranker,entropy,buying,specific,Bras Everyday Bras,"[{""explicit"": true, ""hard"": true, ""kind"": ""material"", ""negated"": false, ""source"": ""explicit_requirement"", ""source_turn"": 1, ""strength"": 1.0, ""value"": ""cotton""}]",[],"[""material"", ""comfort"", ""fit"", ""style""]","[""brand""]",brand,"{""entropy"": 5.403856189774724, ""value_counts"": {""anemone"": 1, ""artland"": 1, ""b.tempt'd"": 1, ""bali"": 1, ""beauty wear"": 1, ""becfort"": 1, ""bestform"": 1, ""bolter"": 1, ""cabales"": 1, ""cleo by panache"": 1, ""clovia"": 1, ""comfort choice"": 1, ""cosabella"": 1, ""crz yoga"": 1, ""dkny"": 4, ""dyln inspired"": 1, ""eberjey"": 1, ""et tu"": 1, ""eufance"": 1, ""first way"": 1, ""free people"": 1, ""fruit of the loom"": 1, ""generics"": 1, ""gloria vanderbilt"": 1, ""hanes"": 2, ""intimate portal"": 1, ""iris & lilly"": 1, ""kamea"": 1, ""la nikar"": 1, ""lily of france"": 1, ""maxmalls"": 1, ""mimi holliday"": 1, ""panache"": 1, ""playtex"": 1, ""rosme"": 2, ""swegmark of sweden"": 1, ""tri-mountain"": 1, ""triumph"": 1, ""uratot"": 1, ""valmont"": 1, ""vassarette"": 1, ""wesracia"": 1, ""wishlist"": 1, ""wlwsycex"": 1, ""yellowberry"": 1}}",50,"[""B0023ZZAXW"", ""B005BT6C4I"", ""B01M252VTU"", ""B01002MKDM"", ""B00L4XWG36"", ""B07W37H54W"", ""B082P7KLHF"", ""B005MPHN1C"", ""B00SHY706I"", ""B0020A0TZY""]",15.76579999527894,True,buying,B00CYNKSTE,
public_0154,2,reranker,entropy,buying,specific,Bras Everyday Bras,"[{""explicit"": true, ""hard"": true, ""kind"": ""material"", ""negated"": false, ""source"": ""explicit_requirement"", ""source_turn"": 1, ""strength"": 1.0, ""value"": ""cotton""}]",[],"[""material"", ""comfort"", ""fit"", ""style""]","[""brand"", ""feature""]",feature,"{""entropy"": 4.600240000427044, ""value_counts"": {""100% cotton"": 9, ""100% polyester"": 2, ""29% polyester, 18% viscose, 43% cotton, 10% spandex"": 1, ""38% polyester, 38% cotton, 19% polyamide, 5% elastane"": 1, ""43% cotton, 42% modal, 11% nylon, 4% elastane"": 1, ""46% nylon, 23% spandex, 18% cotton, 8% polyester, 5% viscose"": 1, ""54% nylon/21% polyester/14% cotton/11% elastane"": 1, ""65% polyester, 35% cotton"": 1, ""66% nylon, 24% cotton, 10% elastane"": 1, ""87% nylon, 13% spandex"": 1, ""90% cotton, 10% spandex"": 1, ""91% cotton/9% spandex"": 1, ""93% cotton, 7% elastane"": 1, ""95% cotton, 5% other fibers"": 1, ""95% cotton, 5% spandex"": 7, ""body: 48% cotton/47% modal/5% spandex"": 1, ""body: 79% nylon, 21% spandex; interior: 100% cotton"": 1, ""body: 88%polyamide, 12%lycra lining: 62%polyester, 33%cotton"": 1, ""bras for women plus size"": 1, ""button closure"": 1, ""cotton/spandex, imported"": 1, ""downtime seamless wire-free style # 3351"": 1, ""elastic closure"": 1, ""fabric 1: 92% polyamide, 8% elastane; fabric 2: 100% nylon"": 1, ""hand wash only"": 2, ""hook and eye closure"": 1, ""hook closure"": 1, ""imported"": 1, ""internationally known for starting yellowberry at 17 years o"": 1, ""lace & cotton"": 1, ""nylon 69%, cotton 22%, elastane 9%"": 1, ""packaging: each set has 6 lace bralettes, which is suitable "": 1, ""solids: 100% cotton; heathers 52% cotton 48% polyester"": 1, ""\u2764[ fashion backless design]: these brand new sport bras are "": 1}}",50,"[""B0023ZZAXW"", ""B005BT6C4I"", ""B01M252VTU"", ""B01002MKDM"", ""B00L4XWG36"", ""B07W37H54W"", ""B082P7KLHF"", ""B005MPHN1C"", ""B00SHY706I"", ""B0020A0TZY""]",19.566500006476417,True,buying,B00CYNKSTE,
public_0154,3,reranker,entropy,buying,specific,Bras Everyday Bras,"[{""explicit"": true, ""hard"": true, ""kind"": ""material"", ""negated"": false, ""source"": ""explicit_requirement"", ""source_turn"": 1, ""strength"": 1.0, ""value"": ""cotton""}, {""explicit"": false, ""hard"": false, ""kind"": ""feature"", ""negated"": false, ""source"": ""ambiguous_disclosure"", ""source_turn"": 3, ""strength"": 0.7, ""value"": ""Hand Wash Only""}, {""explicit"": false, ""hard"": false, ""kind"": ""feature"", ""negated"": false, ""source"": ""ambiguous_disclosure"", ""source_turn"": 3, ""strength"": 0.7, ""value"": ""Item model number: 5006715""}]",[],"[""material"", ""comfort"", ""fit"", ""style""]","[""brand"", ""feature"", ""use_case""]",use_case,"{""entropy"": 2.2810361125534238, ""value_counts"": {""casual"": 2, ""hiking"": 2, ""running"": 2, ""sports"": 2, ""winter"": 1}}",50,"[""B00CYNKSTE"", ""B00SHY706I"", ""B005MPHN1C"", ""B00ZZMT2AC"", ""B01G3P0Y74"", ""B01MUZ2UM8"", ""B018YCQ91O"", ""B07BTH18CD"", ""B01CF57RM6"", ""B00369HX7U""]",257.6106000051368,True,buying,B00CYNKSTE,1
public_0155,1,reranker,entropy,buying,specific,Hats & Caps Sun Hats,"[{""explicit"": true, ""hard"": true, ""kind"": ""material"", ""negated"": false, ""source"": ""explicit_requirement"", ""source_turn"": 1, ""strength"": 1.0, ""value"": ""polyester""}]",[],"[""style"", ""fit"", ""comfort"", ""material""]","[""brand""]",brand,"{""entropy"": 5.443856189774724, ""value_counts"": {""adidas"": 1, ""aenmt"": 1, ""asyg"": 1, ""been there brand"": 1, ""bluekiki yeux"": 1, ""campus classics"": 1, ""city threads"": 1, ""cocomo soul"": 2, ""connectyle"": 1, ""dansenvmei"": 1, ""dc"": 2, ""dorfman pacific"": 1, ""eboot"": 1, ""ellonarc"": 1, ""flap happy"": 1, ""flexfit"": 1, ""gaiam"": 1, ""geartop"": 1, ""generic"": 1, ""go all out"": 1, ""headsweats"": 1, ""i play."": 1, ""jaxon & james"": 1, ""jeanne simmons"": 1, ""kancool"": 1, ""katydid"": 2, ""kingree"": 1, ""libredge"": 1, ""lrg"": 1, ""m maximumcatch"": 1, ""nike"": 1, ""o'neill"": 1, ""outdoor research"": 1, ""pusheng"": 1, ""realxgear"": 1, ""simplicity"": 1, ""speedy pros"": 2, ""sun litro"": 1, ""swyss_hat"": 1, ""taylormade"": 1, ""tgif tour"": 1, ""tilley"": 1, ""under armour"": 2, ""wallaroo"": 1, ""xinxin"": 1}}",50,"[""B08576BP9W"", ""B003TOAFPY"", ""B06XXJCVCR"", ""B00I16OKKQ"", ""B00HPWSJZY"", ""B000OIUPTE"", ""B0C4VLWWYY"", ""B0B4KH11PV"", ""B002NSM3PC"", ""B084VQPTYL""]",23.56510001118295,True,buying,B0C4VLWWYY,7
public_0160,1,reranker,entropy,buying,specific,Travel Accessories Packing Organizers,"[{""explicit"": true, ""hard"": true, ""kind"": ""material"", ""negated"": false, ""source"": ""explicit_requirement"", ""source_turn"": 1, ""strength"": 1.0, ""value"": ""fabric""}]",[],"[""material"", ""fit""]","[""brand""]",brand,"{""entropy"": 5.563856189774724, ""value_counts"": {""3together"": 1, ""aeiniwer"": 1, ""amazon basics"": 1, ""bagail"": 2, ""bago"": 1, ""beca concept design"": 1, ""bingonia"": 1, ""cocoly"": 1, ""defway"": 1, ""diniwell"": 1, ""doffey"": 1, ""eagle creek"": 1, ""easortm"": 1, ""etercycle"": 1, ""flymei"": 1, ""generic"": 1, ""genovega"": 1, ""gonex"": 2, ""granny says"": 1, ""hipiwe"": 1, ""ig"": 1, ""inwave"": 1, ""jadinvali"": 1, ""kabum"": 1, ""kcrpm"": 1, ""kiniva"": 1, ""kiva"": 1, ""lark and harper"": 1, ""lcg market guru"": 1, ""lug"": 1, ""mount plus"": 1, ""naturehike"": 1, ""pacific gear"": 1, ""peicees"": 1, ""pg6"": 1, ""quality importers"": 1, ""sailor moon"": 1, ""simplecarry"": 1, ""sinokal"": 1, ""tamfile"": 1, ""travelpro"": 1, ""ubg"": 1, ""uncharted"": 1, ""villsure"": 1, ""wallybags"": 1, ""wigerlon"": 1, ""zeronic"": 1, ""zzkhgo"": 1}}",50,"[""B01AAANF2Y"", ""B075ZQTV39"", ""B07MKGFSK2"", ""B07FCGDBJF"", ""B01IJBD8XW"", ""B071CWNJWY"", ""B0834HJ8TS"", ""B08P4PSWTZ"", ""B07ZBC1249"", ""B06ZZYJ46M""]",24.077200010651723,True,buying,B01AAANF2Y,1
public_0165,1,reranker,entropy,buying,specific,Watches Watch Bands,"[{""explicit"": true, ""hard"": true, ""kind"": ""material"", ""negated"": false, ""source"": ""explicit_requirement"", ""source_turn"": 1, ""strength"": 1.0, ""value"": ""leather""}]",[],"[""material"", ""comfort"", ""fit"", ""style""]","[""brand""]",brand,"{""entropy"": 5.1109023444260835, ""value_counts"": {""artstyle"": 1, ""barton watch bands"": 1, ""clockwork synergy, llc"": 2, ""cluse"": 1, ""de beer"": 1, ""debeer watch bands"": 3, ""ezwatchshop"": 1, ""fullmosa"": 2, ""gc gelfand & co."": 1, ""geckota"": 1, ""hadley-roma"": 1, ""hirsch h"": 1, ""jp leatherworks"": 1, ""langpin"": 1, ""michele"": 1, ""ne watchbands"": 1, ""nemesis"": 2, ""newlife"": 2, ""onthelevel"": 1, ""real leather creations"": 2, ""replacement watch straps"": 1, ""signature"": 1, ""skagen"": 1, ""songdu"": 1, ""speidel"": 2, ""start"": 1, ""strapsco"": 2, ""stuhrling original"": 1, ""swiss army"": 1, ""tech swiss"": 2, ""timex"": 1, ""toscana"": 1, ""victoria hyde"": 1, ""vietnamcreations"": 1, ""wenger"": 1, ""whimsical"": 1, ""wocci"": 2}}",50,"[""B000RNK9QK"", ""B07CRJRKZD"", ""B004S7Z9IO"", ""B001H5KB60"", ""B098NJJTYZ"", ""B077KGJ6SG"", ""B003LUKMNQ"", ""B018AKIC2Y"", ""B00MHZHVZ8"", ""B00PHNKMPI""]",26.840500009711832,True,buying,B09XHSLX4X,
public_0165,2,reranker,entropy,buying,specific,Watches Watch Bands,"[{""explicit"": true, ""hard"": true, ""kind"": ""material"", ""negated"": false, ""source"": ""explicit_requirement"", ""source_turn"": 1, ""strength"": 1.0, ""value"": ""leather""}]",[],"[""material"", ""comfort"", ""fit"", ""style""]","[""brand"", ""feature""]",feature,"{""entropy"": 4.02796102018813, ""value_counts"": {""14mm wide where it connects to the watch. (12mm at the buckl"": 1, ""18mm watch band: use with any traditional or smart watch tha"": 1, ""24mm watch band: use with any traditional or smart watch tha"": 1, ""24mm wide where it connects to the watch. (22mm at the buckl"": 1, ""[easy installation]: quick release design helps you to quick"": 1, ""artstyle watch band is a soft and comfortable watch accessor"": 1, ""black leather and gray nylon"": 1, ""buckle closure"": 14, ""classic design: made of top quality genuine leather, fine wo"": 1, ""compatible with timex dress models with 13mm case lugs"": 1, ""genuine oil-tanned leather; men's regular 115x75mm length"": 1, ""genuine quality italian leathers"": 1, ""genuine superb quality leather watch bracelet with lizard em"": 1, ""hirsch lucca artisan calf leather watch strap (golden brown)"": 1, ""imported"": 2, ""made in usa"": 2, ""material: 100% full grain genuine leather replacement belt. "": 1, ""material: leather calfskin"": 1, ""metal -"": 1, ""movado style"": 1, ""precise, high-quality japanese-quartz movement"": 1, ""quality japanese-quartz movement"": 1, ""quartz movement"": 1, ""strap is 23mm width at the lug side, 21mm at the clasp side"": 1, ""total length (not including buckle): 180mm (110/70) | thickn"": 1, ""total length (not including buckle): 200mm (120/80) | thickn"": 1, ""watch band material: made of good quality crazy-horse leathe"": 1}}",50,"[""B000RNK9QK"", ""B07CRJRKZD"", ""B004S7Z9IO"", ""B001H5KB60"", ""B098NJJTYZ"", ""B077KGJ6SG"", ""B003LUKMNQ"", ""B018AKIC2Y"", ""B00MHZHVZ8"", ""B00PHNKMPI""]",22.711199999321252,True,buying,B09XHSLX4X,
public_0165,3,reranker,entropy,buying,specific,Watches Watch Bands,"[{""explicit"": true, ""hard"": true, ""kind"": ""material"", ""negated"": false, ""source"": ""explicit_requirement"", ""source_turn"": 1, ""strength"": 1.0, ""value"": ""leather""}, {""explicit"": false, ""hard"": false, ""kind"": ""feature"", ""negated"": false, ""source"": ""ambiguous_disclosure"", ""source_turn"": 3, ""strength"": 0.7, ""value"": ""Vintage Design: Equipped with classic buckle, neat stitching and proper padding, creating a simple yet charming look, adding a retro vibe to any occasion. Please avoid soaking the""}]",[],"[""material"", ""comfort"", ""fit"", ""style""]","[""brand"", ""feature"", ""use_case""]",use_case,"{""entropy"": 2.5073801024236357, ""value_counts"": {""casual"": 2, ""gym"": 2, ""outdoor"": 3, ""running"": 3, ""sports"": 2, ""work"": 1}}",50,"[""B09XHSLX4X"", ""B07CRJRKZD"", ""B077KGJ6SG"", ""B0B3189V5T"", ""B098NJJTYZ"", ""B076BNX4YM"", ""B0C61FG7GL"", ""B07X8HNHPR"", ""B01CCOYMD2"", ""B079LSDK7Y""]",276.6350000165403,True,buying,B09XHSLX4X,1
public_0166,1,reranker,entropy,buying,mixed,Boots Rain,"[{""explicit"": false, ""hard"": false, ""kind"": ""feature"", ""negated"": true, ""source"": ""ambiguous_disclosure"", ""source_turn"": 1, ""strength"": 0.7, ""value"": ""Women's-specific last is designed to match the contours of women's feet""}]",[],"[""comfort"", ""fit"", ""style""]","[""brand""]",brand,"{""entropy"": 5.898753523800368, ""value_counts"": {""accessowear"": 1, ""ad tec"": 1, ""allwin"": 1, ""askelly"": 1, ""avanti"": 2, ""babaka"": 1, ""bogs"": 2, ""camelsports"": 1, ""capelli new york"": 2, ""chooka"": 3, ""clarks"": 1, ""clarsunny"": 1, ""columbia"": 1, ""crocs"": 1, ""dailyshoes"": 1, ""drecage"": 1, ""dripdrop"": 1, ""farway"": 1, ""footmarks shoes"": 1, ""fragarn"": 1, ""g4u-rb"": 1, ""gibobby"": 1, ""globalwin"": 1, ""harence"": 1, ""hisea"": 1, ""holzkary"": 1, ""hsbdnzq"": 1, ""jileon"": 1, ""k komforme"": 4, ""kafule"": 2, ""kamik"": 1, ""kidorable"": 1, ""lavau"": 1, ""liberty glove & safety"": 1, ""luckers"": 1, ""masbird"": 1, ""minnetonka"": 1, ""mobesano"": 1, ""mossyzono"": 1, ""muck boot"": 2, ""n\\\\a"": 1, ""nedledk"": 1, ""noldares"": 1, ""nuheel"": 1, ""premier standard"": 1, ""psw"": 1, ""puddle play"": 1, ""rigel"": 1, ""rising phoenix industries"": 1, ""sesame street"": 1, ""shop pretty girl"": 1, ""stephen joseph"": 1, ""tengta"": 1, ""tidewe"": 2, ""towmus"": 1, ""triple deer"": 1, ""unicare"": 1, ""vine"": 1, ""vorolo"": 1, ""wawen"": 1, ""xudanell"": 1, ""yoangry"": 1, ""z j he he z j he he"": 1, ""zoogs"": 1}}",75,"[""B00IHW88W0"", ""B099JMRVGF"", ""B00J57W9ZS"", ""B07XCTXV2T"", ""B076MF8C6H"", ""B07ZR2XC1R"", ""B09PFZY848"", ""B07VCQT55H"", ""B01MQND07Z"", ""B08FBW62T5""]",26.298100012354553,True,intent_override,B00IHW88W0,1
public_0166,2,reranker,entropy,buying,mixed,Boots Rain,"[{""explicit"": false, ""hard"": false, ""kind"": ""feature"", ""negated"": true, ""source"": ""ambiguous_disclosure"", ""source_turn"": 1, ""strength"": 0.7, ""value"": ""Women's-specific last is designed to match the contours of women's feet""}]",[],"[""comfort"", ""fit"", ""style""]","[""brand"", ""feature""]",feature,"{""entropy"": 4.378996209254398, ""value_counts"": {""1"": 1, ""100% cow suede leather"": 1, ""100% manmade"": 1, ""100% nylon"": 1, ""100% rubber"": 3, ""100% synthetic"": 2, ""100% waterproof women's boots are suitable for any season an"": 1, ""ankle booties for women low heel"": 1, ""ankle boots for women with heel with prime"": 1, ""boots for women"": 1, ""crocs"": 1, ""ethylene vinyl acetate sole"": 1, ""fabric"": 1, ""fabric lining"": 1, ""heel measures approximately 1 inches\"""": 1, ""imported"": 6, ""keep your feet safe and dry with durawear protective footwea"": 1, ""know what a child loves - we created a bunch of wonderful pa"": 1, ""leather-and-rubber sole"": 1, ""leather-and-synthetic"": 1, ""logger work boots: designed to be comfortable, durable, with"": 1, ""material: over-the-knee boots designed with high-quality sue"": 1, ""polyurethane sole"": 1, ""polyvinyl chloride sole"": 3, ""product detail : these boots featurs a unisex western cowboy"": 1, ""pvc"": 2, ""pvc & polyester"": 1, ""pvc and polyester lining"": 1, ""rubber"": 5, ""rubber sole"": 22, ""sandalias para mujer sandals for women casual"": 1, ""standard size: the disposable raincoat comes with a hood and"": 1, ""waterproof"": 1, ""waterproof pvc rain boots:our boots are made with polyvinyl "": 1, ""women's classics winter snow boots with soft faux fur fringe"": 1, ""womens booties boots for women"": 1, ""\u2605\u2605\u2605warm tips:\u2605\u2605the material is waterproof for the upper, but"": 1, ""\u3010comfort & quality \u3011- k komforme kids rain boots lightweight"": 1, ""\u3010materials\u3011womens ankle boots are hand crafted using the bes"": 1}}",75,"[""B00IHW88W0"", ""B099JMRVGF"", ""B00J57W9ZS"", ""B07XCTXV2T"", ""B076MF8C6H"", ""B07ZR2XC1R"", ""B09PFZY848"", ""B07VCQT55H"", ""B01MQND07Z"", ""B08FBW62T5""]",16.243200021563098,True,intent_override,B00IHW88W0,1
public_0166,3,reranker,entropy,buying,specific,Boots Rain,"[{""explicit"": false, ""hard"": false, ""kind"": ""feature"", ""negated"": true, ""source"": ""ambiguous_disclosure"", ""source_turn"": 1, ""strength"": 0.7, ""value"": ""Women's-specific last is designed to match the contours of women's feet""}, {""explicit"": false, ""hard"": false, ""kind"": ""feature"", ""negated"": false, ""source"": ""ambiguous_disclosure"", ""source_turn"": 3, ""strength"": 0.7, ""value"": ""Lightweight and breathable mesh lining keeps feet well ventilated for long-wearing dryness; comfort rated from subfreezing to 65 \u00b0F/18 \u00b0C""}]",[],"[""comfort"", ""fit"", ""style""]","[""brand"", ""feature"", ""style""]",style,"{""entropy"": 2.3066086925177047, ""value_counts"": {""boys"": 3, ""girls"": 4, ""hale"": 1, ""mens"": 7, ""rain boots"": 1, ""sport boots"": 1, ""unisex-baby"": 1, ""unisex-child"": 7, ""womens"": 24}}",50,"[""B00IHW88W0"", ""B07VCQT55H"", ""B099JMRVGF"", ""B07ZR2XC1R"", ""B00QT1AZ90"", ""B0B9RJZLW4"", ""B094S49FB2"", ""B076MF8C6H"", ""B07HSQPSGY"", ""B07HT5CCPJ""]",138.36219999939203,True,intent_override,B00IHW88W0,1
public_0166,4,reranker,entropy,buying,specific,Boots Rain,"[{""explicit"": false, ""hard"": false, ""kind"": ""feature"", ""negated"": false, ""source"": ""ambiguous_disclosure"", ""source_turn"": 3, ""strength"": 0.7, ""value"": ""Lightweight and breathable mesh lining keeps feet well ventilated for long-wearing dryness; comfort rated from subfreezing to 65 \u00b0F/18 \u00b0C""}, {""explicit"": true, ""hard"": true, ""kind"": ""use_case"", ""negated"": false, ""source"": ""explicit_requirement"", ""source_turn"": 4, ""strength"": 1.0, ""value"": ""100% waterproof women's boots are suitable for any season and any outdoor activity""}]","[{""explicit"": true, ""hard"": true, ""kind"": ""feature"", ""negated"": true, ""source"": ""negation_or_replacement"", ""source_turn"": 4, ""strength"": 1.0, ""value"": ""Women's-specific last is designed to match the contours of women's feet""}]","[""comfort"", ""fit"", ""style""]","[""brand"", ""feature"", ""style"", ""material""]",material,"{""entropy"": 2.225710090451679, ""value_counts"": {""cotton"": 6, ""fabric"": 6, ""leather"": 11, ""nylon"": 1, ""polyester"": 6, ""wool"": 1}}",50,"[""B00IHW88W0"", ""B0B9RJZLW4"", ""B07VCQT55H"", ""B07KD9QW4C"", ""B099JMRVGF"", ""B07ZR2XC1R"", ""B00QT1AZ90"", ""B08FBW62T5"", ""B07JH3HTR4"", ""B0BS3JHR2D""]",152.7848000114318,True,intent_override,B00IHW88W0,1
public_0169,1,reranker,entropy,browsing,exploratory,Women Jeans,[],[],"[""material"", ""comfort""]","[""feature""]",feature,"{""entropy"": 5.765876452875323, ""value_counts"": {""100% cotton"": 4, ""100% polyester"": 2, ""60% cotton, 22% viscose, 16% polyester, 2% elastane"": 1, ""60% cotton, 23% viscose, 16% polyester, 1% elastane"": 2, ""61% cotton, 25% polyester, 12% viscose, 2% elastane"": 1, ""65% cotton, 20% polyester, 15% spandex"": 1, ""65% cotton, 24% viscose, 9% polyester, 2% elastane"": 1, ""65% cotton/30% polyester 5% lycra/ spandex"": 1, ""67% cotton, 29% polyester, 3% other fibers, 1% elastane"": 1, ""67% cotton, 30% polyester, 1.5% spandex, 1.5% rayon"": 1, ""68% cotton, 23% polyester, 8% viscose, 1% elastane"": 1, ""69% cotton, 21% rayon, 8% polyester, 2% spandex"": 1, ""70% cotton, 13% polyester, 10% lyocell, 5% elastomultiester,"": 1, ""70% cotton, 20% polyester, 10% elastane"": 1, ""71% cotton, 19% polyester, 8% viscose, 2% elastane"": 1, ""72% cotton, 21% polyester, 5% rayon, 2% spandex"": 1, ""73% cotton, 14% rayon, 11% polyester, 2% spandex"": 2, ""74% cotton, 25% polyester, 1% spandex"": 1, ""76% cotton, 21% polyester, 2% metallic, 1% spandex"": 1, ""76% cotton, 22% other fibers, 2% spandex"": 1, ""76% polyester / 19% rayon / 5% spandex"": 1, ""76% polyester, 20% cotton, 4% spandex"": 1, ""77% cotton, 21% polyester, 2% elastane"": 1, ""77% cotton, 21% polyester, 2% spandex"": 2, ""78% cotton, 21% polyester, 1% elastane"": 1, ""79% cotton, 19% polyester, 2% elastane"": 1, ""80% cotton, 18% polyester, 2% spandex"": 1, ""80%cotton, 10%polyester, 5%elastane"": 1, ""81% cotton, 17% polyester, 2% elastane"": 1, ""81% nylon/19% spandex"": 1, ""84% cotton, 14.5% polyester, 1.5% elastane"": 1, ""85% cotton + 13% polyester + 2% spandex"": 1, ""89% cotton, 9% polyester, 2% lycra"": 1, ""91% cotton, 7% polyester, 2% elastane"": 1, ""92% cotton, 7% polyester, 1% elastane"": 1, ""92.5% cotton, 5% polyester, 2.5% elastane"": 1, ""93% cotton, 5% polyester, 2% lycra spandex"": 1, ""93% cotton, 5% polyester, 2% spandex"": 1, ""94% cotton, 5% polyester, 1% elastane"": 1, ""95% polyester, 5% spandex"": 1, ""96.8% cotton, 3.2% elastane"": 1, ""97% cotton, 3% spandex"": 2, ""98% cotton, 2% elastane"": 3, ""98% cotton, 2% spandex"": 3, ""98% soft fabric,1% polyester,1% viscose"": 1, ""99% cotton, 1% elastane"": 3, ""99% cotton, 1% spandex"": 1, ""buckle closure"": 1, ""button closure"": 6, ""cotton+denim"": 1, ""cotton72%,polyester23%,viscose3%,spandex2%"": 1, ""denim"": 4, ""denim,polyester"": 1, ""drawstring closure"": 1, ""elastic closure"": 1, ""imported"": 3, ""machine wash"": 1, ""made in usa"": 1, ""perfect jeans for your curvy frame - this is the jeans made "": 1, ""ploycotton"": 1, ""pull on closure"": 2, ""rayon-blend"": 1, ""the product size is asian size, please try to choose a large"": 1, ""we\u2019re serious about stretch and we created this fabric based"": 1, ""zipper closure"": 5}}",100,"[""B08PF186G7"", ""B076J13CQH"", ""B0116L9MVO"", ""B095H8JKTR"", ""B079KZQMD6"", ""B01M310J8J"", ""B01EI8XEKM"", ""B00PKYCIU6"", ""B09C5FGK9Z"", ""B078C8STKK""]",21.800599992275238,True,boundary,B0829R9M5G,
public_0169,2,reranker,entropy,browsing,exploratory,Women Jeans,[],[],"[""material"", ""comfort""]","[""feature"", ""brand""]",brand,"{""entropy"": 5.63183250389614, ""value_counts"": {""abendedian"": 1, ""amazon essentials"": 1, ""american bazi"": 1, ""beluring"": 1, ""blue age"": 1, ""calvin klein"": 4, ""canis"": 1, ""ceecisee"": 1, ""celebrity pink"": 1, ""cg jeans"": 1, ""conshvi"": 1, ""curvify"": 1, ""daily ritual"": 2, ""dcohmch"": 1, ""desigual"": 2, ""dickies"": 1, ""dkny jeans"": 1, ""fashion2love"": 1, ""fomoyuu"": 1, ""generic"": 1, ""genleck"": 2, ""goodthreads"": 1, ""guess"": 2, ""hber"": 1, ""hot from hollywood"": 1, ""iweager"": 1, ""jag jeans"": 3, ""james jeans"": 1, ""jeans colony"": 1, ""jeansforest"": 1, ""jeansmore"": 1, ""laiyivic"": 2, ""lands' end"": 1, ""levi's"": 16, ""little vintage girls"": 1, ""longbida"": 1, ""longyida"": 1, ""lrosey"": 1, ""machine"": 1, ""machine jeans"": 1, ""mavi"": 1, ""milumia"": 1, ""miss me"": 2, ""misyaa"": 1, ""moda jeans"": 1, ""n/ d"": 1, ""nydj"": 1, ""onlypuff"": 1, ""padasso"": 1, ""plnotme"": 1, ""polofy"": 1, ""pranx"": 1, ""prettygarden"": 1, ""reetwo"": 1, ""riders by lee indigo"": 1, ""senight"": 1, ""silver jeans co."": 4, ""skirt bl"": 1, ""suko jeans"": 1, ""sweatyrocks"": 1, ""sysea"": 1, ""tznzbgy"": 1, ""ulanda"": 1, ""uptown apparel"": 1, ""urban look"": 1, ""utyful"": 1, ""v.i.p. jeans"": 2, ""vintage america blues"": 1, ""virgin only"": 1}}",100,"[""B08PF186G7"", ""B076J13CQH"", ""B0116L9MVO"", ""B095H8JKTR"", ""B079KZQMD6"", ""B01M310J8J"", ""B01EI8XEKM"", ""B00PKYCIU6"", ""B09C5FGK9Z"", ""B078C8STKK""]",14.569299994036555,True,boundary,B0829R9M5G,
public_0169,3,reranker,entropy,browsing,exploratory,Women Jeans,[],[],"[""material"", ""comfort""]","[""feature"", ""brand"", ""use_case""]",use_case,"{""entropy"": 2.378864088188098, ""value_counts"": {""casual"": 16, ""gym"": 2, ""hiking"": 2, ""outdoor"": 1, ""running"": 3, ""sports"": 1, ""winter"": 4, ""work"": 6}}",100,"[""B08PF186G7"", ""B076J13CQH"", ""B0116L9MVO"", ""B095H8JKTR"", ""B079KZQMD6"", ""B01M310J8J"", ""B01EI8XEKM"", ""B00PKYCIU6"", ""B09C5FGK9Z"", ""B078C8STKK""]",14.511499990476295,True,boundary,B0829R9M5G,
public_0169,4,reranker,entropy,browsing,exploratory,Women Jeans,[],[],"[""material"", ""comfort""]","[""feature"", ""brand"", ""use_case"", ""color""]",color,"{""entropy"": 1.8107368046432613, ""value_counts"": {""black"": 14, ""blue"": 13, ""green"": 1, ""pink"": 2, ""white"": 4}}",100,"[""B08PF186G7"", ""B076J13CQH"", ""B0116L9MVO"", ""B095H8JKTR"", ""B079KZQMD6"", ""B01M310J8J"", ""B01EI8XEKM"", ""B00PKYCIU6"", ""B09C5FGK9Z"", ""B078C8STKK""]",25.47180000692606,True,boundary,B0829R9M5G,
public_0169,5,reranker,entropy,browsing,exploratory,Women Jeans,[],[],"[""material"", ""comfort""]","[""feature"", ""brand"", ""use_case"", ""color"", ""budget""]",budget,"{""entropy"": 1.192250860234642, ""value_counts"": {""under_175"": 1, ""under_25"": 3, ""under_50"": 14, ""under_75"": 1}}",100,"[""B08PF186G7"", ""B076J13CQH"", ""B0116L9MVO"", ""B095H8JKTR"", ""B079KZQMD6"", ""B01M310J8J"", ""B01EI8XEKM"", ""B00PKYCIU6"", ""B09C5FGK9Z"", ""B078C8STKK""]",24.888699990697205,True,boundary,B0829R9M5G,
public_0169,6,reranker,entropy,browsing,exploratory,Women Jeans,[],[],"[""material"", ""comfort""]","[""feature"", ""brand"", ""use_case"", ""color"", ""budget"", ""material""]",material,"{""entropy"": 0.9721959049225798, ""value_counts"": {""cotton"": 73, ""fabric"": 6, ""nylon"": 1, ""polyester"": 6, ""rayon"": 1, ""spandex"": 1}}",100,"[""B08PF186G7"", ""B076J13CQH"", ""B0116L9MVO"", ""B095H8JKTR"", ""B079KZQMD6"", ""B01M310J8J"", ""B01EI8XEKM"", ""B00PKYCIU6"", ""B09C5FGK9Z"", ""B078C8STKK""]",30.862299987347797,True,boundary,B0829R9M5G,
public_0169,7,reranker,entropy,browsing,specific,Women Jeans,"[{""explicit"": false, ""hard"": false, ""kind"": ""material"", ""negated"": false, ""source"": ""ambiguous_disclosure"", ""source_turn"": 7, ""strength"": 0.7, ""value"": ""cotton""}, {""explicit"": false, ""hard"": false, ""kind"": ""material"", ""negated"": false, ""source"": ""ambiguous_disclosure"", ""source_turn"": 7, ""strength"": 0.7, ""value"": ""57% Cotton, 26% Polyester, 10% Other Fibers, 7% Elastane""}]",[],"[""material"", ""comfort""]","[""feature"", ""brand"", ""use_case"", ""color"", ""budget"", ""material"", ""style""]",style,"{""entropy"": 0.6933690270668303, ""value_counts"": {""girls"": 1, ""mens"": 2, ""regular fit"": 1, ""tee"": 1, ""womens"": 42}}",50,"[""B0829R9M5G"", ""B07YJP7N3M"", ""B07T7J78G2"", ""B07654QV8W"", ""B095VYFR42"", ""B0994GQDYM"", ""B01I21CI7G"", ""B081TS7SSC"", ""B07YLGX2VF"", ""B07PYB8F1G""]",31.489299988606945,True,boundary,B0829R9M5G,1
public_0170,1,reranker,entropy,browsing,exploratory,Fashion Combat,[],[],"[""material"", ""fit""]","[""brand""]",brand,"{""entropy"": 6.3918841452884285, ""value_counts"": {""acefast inc"": 1, ""agrintol_women dress"": 1, ""anjunie"": 1, ""awesome21"": 1, ""batman"": 1, ""black widow combat sports"": 1, ""blackbeltshop"": 1, ""bluewolfsea"": 2, ""bombshell sportswear"": 1, ""bsunsomem"": 1, ""calvin klein"": 1, ""classb"": 1, ""combat corner"": 1, ""epic armoury"": 1, ""epic mma gear"": 3, ""fanfly"": 1, ""fashion boomy"": 1, ""favalive"": 2, ""fenyong"": 1, ""fight like a girl"": 1, ""flurries"": 1, ""forplay"": 1, ""forthery women"": 1, ""forum novelties"": 1, ""fun world"": 1, ""fun world costumes"": 2, ""glamorous"": 1, ""gnawrishing"": 1, ""grunt style"": 1, ""happishare coats"": 1, ""hippies"": 1, ""ho.volta"": 1, ""hot from hollywood"": 1, ""ieason"": 1, ""inoah apparel"": 1, ""iymoo"": 2, ""iyyvv"": 1, ""krav maga shirt"": 1, ""kxq"": 1, ""lanmertree"": 1, ""lanshulan"": 1, ""leg avenue"": 1, ""leonardo da vinci shirt shop"": 1, ""lilliween"": 1, ""lishan"": 1, ""luxury rebel"": 1, ""lynwitkui"": 1, ""miccostumes"": 1, ""morwenveo"": 1, ""musterbrand"": 1, ""nhgwn"": 1, ""odgear_tops"": 1, ""prettygarden"": 1, ""quoteez"": 1, ""refresh"": 1, ""reminisce"": 1, ""remxi"": 1, ""roma costume"": 1, ""rothco"": 1, ""salomon"": 2, ""sihao"": 1, ""sleity"": 1, ""speedo"": 1, ""star wars"": 1, ""swiusd"": 1, ""tactical gear junkie"": 1, ""taikmd"": 1, ""teedesign"": 2, ""teeuiear"": 1, ""tonight_corset"": 1, ""trendimax"": 1, ""tsmnzmu"": 1, ""uincloset"": 1, ""under armour"": 1, ""underwraps"": 1, ""usharesports"": 1, ""vaiftilno"": 1, ""viishow"": 1, ""vnvne"": 3, ""vssjavun"": 1, ""vybe"": 1, ""warrior 12"": 1, ""weuie"": 1, ""wild pair"": 2, ""xuan2xuan3"": 1, ""youcoo"": 1, ""yuemengxuan"": 1, ""zkess"": 1}}",100,"[""B07DCCZFGQ"", ""B08ZJC4LS8"", ""B09FYX8GD1"", ""B0BHYH5DV4"", ""B01N9HFEBW"", ""B01KACI6XA"", ""B07NS57MQ1"", ""B0BWD9T482"", ""B00P8J8OHE"", ""B07HGDQZNY""]",23.542599985376,True,browsing,B08LRQX5RH,
public_0170,2,reranker,entropy,browsing,exploratory,Fashion Combat,[],[],"[""material"", ""fit""]","[""brand"", ""feature""]",feature,"{""entropy"": 5.4293823239550365, ""value_counts"": {""100% cotton"": 2, ""100% leather"": 1, ""100% manmade"": 1, ""100% polyester"": 12, ""100% rayon"": 1, ""100% spandex"": 1, ""100% synthetic"": 3, ""100% viscose"": 1, ""2\"" round fully embroidered"": 1, ""35% polyester"": 1, ""50% polyester, 50% cotton"": 1, ""55% cotton"": 1, ""80% nylon/20% other fibers"": 1, ""88% polyester"": 1, ""95% polyester, 5% spandex"": 4, ""95% rayon , 5% spandex"": 1, ""aawsks0006 (98% cotton 2% spandex)"": 1, ""bunny hoodie womens hoodie hoodies aesthetic black hoodie wo"": 1, ""button closure"": 4, ""cotton blend"": 3, ""cotton, polyseter"": 1, ""dedicated equipment: built to carry heavy loads in hostile m"": 1, ""drawstring closure"": 1, ""dress features a smocked waist and tiered hemline, elasticiz"": 1, ""dress: 100% polyester; bow: 100% polyester; petticoat: 100% "": 1, ""fabric"": 1, ""fleece"": 1, ""hand wash only"": 3, ""heavily meditated pumpingchampagne crab under thread dank fi"": 1, ""leather"": 1, ""made with the best quality material with your child in mind."": 1, ""material: cotton"": 1, ""material: made of polyester and spandex. not too thick fabri"": 1, ""material: polyester+cotton;"": 1, ""material: pu leather"": 1, ""material:cotton;"": 1, ""mesh"": 2, ""mesh and polyester"": 1, ""nylon,rayon,spandex"": 1, ""please note: this item's color may vary due to inherent manu"": 1, ""polyester"": 1, ""polyester,cotton"": 2, ""polyester,spandex"": 2, ""polyester,spandex,rayon"": 2, ""pull on closure"": 7, ""rayon + polyester, stretchy, soft and comfortable fabrics"": 1, ""sequin"": 1, ""shell 100% cotton lining 100% polyester"": 1, ""solid colors: 100% cotton; heather grey: 90% cotton, 10% pol"": 4, ""spandex,fur"": 1, ""triblend fabric"": 1, ""vents at the back for breathability and split legs for freed"": 1, ""when speed counts: superlight, protective, & fiercely grippe"": 1, ""wrap closure"": 1, ""zipper closure"": 1, ""\u2600 it is made of high quality materials,durable enought for y"": 1, ""\u2665\u2665 pair this slim dress with your flat shoes or boots for a "": 1, ""\u2764cotton blended"": 1, ""\ud83d\udc90\ud83d\udc90\u266b\u266b<b>material:polyester"": 1}}",100,"[""B07DCCZFGQ"", ""B08ZJC4LS8"", ""B09FYX8GD1"", ""B0BHYH5DV4"", ""B01N9HFEBW"", ""B01KACI6XA"", ""B07NS57MQ1"", ""B0BWD9T482"", ""B00P8J8OHE"", ""B07HGDQZNY""]",23.06400000816211,True,browsing,B08LRQX5RH,
public_0170,3,reranker,entropy,browsing,specific,Fashion Combat,"[{""explicit"": false, ""hard"": false, ""kind"": ""feature"", ""negated"": false, ""source"": ""ambiguous_disclosure"", ""source_turn"": 3, ""strength"": 0.7, ""value"": ""Made in the USA or Imported""}, {""explicit"": false, ""hard"": false, ""kind"": ""feature"", ""negated"": false, ""source"": ""ambiguous_disclosure"", ""source_turn"": 3, ""strength"": 0.7, ""value"": ""Rubber sole""}]",[],"[""material"", ""fit""]","[""brand"", ""feature"", ""use_case""]",use_case,"{""entropy"": 2.465957320949175, ""value_counts"": {""casual"": 5, ""hiking"": 1, ""outdoor"": 1, ""running"": 2, ""walking"": 1, ""winter"": 4, ""work"": 6}}",50,"[""B08LRQX5RH"", ""B0B9SFRHX7"", ""B07YJF359M"", ""B07R1ZVV4Z"", ""B00R54VJFY"", ""B07X7VZCQH"", ""B009OVS1QQ"", ""B081TC1X6X"", ""B01IDY9RAI"", ""B00KYCF81A""]",186.52049999218434,True,browsing,B08LRQX5RH,1
public_0176,1,reranker,entropy,browsing,exploratory,Luggage & Travel Gear Waist Packs,[],[],"[""fit"", ""style"", ""material"", ""comfort""]","[""brand""]",brand,"{""entropy"": 6.508144498867488, ""value_counts"": {""3together"": 1, ""adidas"": 1, ""adidas originals"": 1, ""aircar"": 1, ""american tourister"": 2, ""aocina"": 1, ""aostihot"": 1, ""asics"": 1, ""bae systems speciality group inc"": 1, ""bagail"": 1, ""baggallini"": 1, ""bago"": 2, ""bbuddy wear"": 1, ""beca concept design"": 1, ""biefudan"": 1, ""boardingblue"": 1, ""briskyloom"": 1, ""calvin klein"": 2, ""chunful"": 1, ""cobra"": 1, ""concept one"": 1, ""ctwwfs"": 1, ""cuero"": 1, ""defway"": 1, ""diniwell"": 1, ""door"": 1, ""eagle creek"": 1, ""easortm"": 1, ""eastsport"": 1, ""etercycle"": 1, ""extreme 80s"": 1, ""fanny supply co."": 1, ""fasnahok"": 1, ""filson"": 1, ""free knight"": 2, ""frimatio"": 1, ""geead"": 1, ""generic"": 1, ""genesis"": 1, ""gonex"": 1, ""gox"": 1, ""high sierra"": 1, ""inwave"": 1, ""jadinvali"": 1, ""jansport"": 1, ""kcrpm"": 1, ""kenneth cole reaction"": 1, ""kingole"": 1, ""konvok"": 1, ""lucky bums"": 1, ""lucky gourd"": 1, ""maxpedition"": 1, ""mercury luggage"": 1, ""mingseecess"": 1, ""mount plus"": 1, ""mytrip"": 1, ""neelam"": 1, ""newhey"": 1, ""nicole lee"": 1, ""osprey"": 2, ""pacific gear"": 1, ""packtidy"": 1, ""patelai"": 1, ""pysul"": 1, ""rachel charm"": 1, ""ricardo beverly hills"": 1, ""samsonite"": 1, ""simplecarry"": 1, ""stx"": 1, ""susumu"": 1, ""thirty-one"": 1, ""timbuk2"": 1, ""tinyat"": 1, ""toupons"": 1, ""travel accessories"": 1, ""travelon"": 2, ""travelpro"": 1, ""tyklsm"": 1, ""ubg"": 1, ""under armour"": 1, ""unknown"": 1, ""valentoria"": 1, ""venture pal"": 1, ""victorinox"": 1, ""villsure"": 1, ""vos"": 1, ""wallybags"": 1, ""wandf"": 1, ""wenhao"": 1, ""world traveler"": 1, ""zalupri"": 1, ""zeronic"": 1, ""zooron"": 1}}",100,"[""B0B56SVFRZ"", ""B000XJOFZ4"", ""B00JQL1RV0"", ""B07ZBC1249"", ""B076LP154C"", ""B07FCGDBJF"", ""B0BC7WWSCT"", ""B0BS22KZN7"", ""B075ZQTV39"", ""B00RRK8EQI""]",22.61089999228716,True,browsing,B0C3MKNZJN,
public_0176,2,reranker,entropy,browsing,exploratory,Luggage & Travel Gear Waist Packs,[],[],"[""fit"", ""style"", ""material"", ""comfort""]","[""brand"", ""feature""]",feature,"{""entropy"": 6.091293386867136, ""value_counts"": {""(dimension of bag1, bag2, bag3) 15 upright 15\u201d x 10\u201d x 8\u201d 1."": 1, ""100% nylon"": 2, ""100% polyester"": 1, ""100% waterproof waist bag"": 1, ""13 inch tote bag dimensions: 12 inch h x 13 inch l x 8 inch "": 1, ""13\"" h x 22\"" w x 10\""d"": 1, ""600d nylon"": 1, ""600d polyester"": 1, ""6\u201d packing cubes & laundry bags - junebugz packing cubes inc"": 1, ""93% polyester, 3% natural latex rubber, 2% spandex, 2% nylon"": 1, ""<b>[we listen & provide complete customer satisfaction]</b> "": 1, ""<b>ultimate packing optimizer set -</b> 3 packing cubes, 3 e"": 1, ""[large specification] 11\u201dx15\u201dx27\u201d (unfolded size) & 11.8\u201dx12"": 1, ""[size] 8.5*6*3 the casual bag is large enough to hold all yo"": 1, ""canvas"": 1, ""capacity:the 3-piece set includes large (18 x 13 x 6 inches)"": 1, ""carry on & lightweight: foldable garment bag dimension: 37.5"": 1, ""delicate stamp pattern: our luggage straps for suitcases are"": 1, ""fashion design: designed to look like a hairy man's stomach."": 1, ""foldable design - greatly save space after folding, easily c"": 1, ""high quality material. made of natural thick italian cowhide"": 1, ""high quality water resistant nylon"": 1, ""high quality, fanny packs is made of water resistant nylon.i"": 1, ""high-quality waterproof duffel bag: made of high-quality wat"": 1, ""holds multiple suits and dresses for quick & easy packing: w"": 1, ""imported"": 1, ""large mesh interior pocket and large and small front exterio"": 1, ""lightweight & durable: made of high-quality ultra light-weig"": 1, ""lightweight compact packable day pack."": 1, ""locking compartments and slash-proof construction"": 1, ""made from high quality polyester"": 1, ""make organizing easier \u2013 use travel packing cubes & say good"": 1, ""material: made of sturdy and durable polyester,waterproof, a"": 1, ""meets airline carry-on size requirements with front day pack"": 1, ""meterial: 900d polyester,fiber(water repellent wear-resistin"": 1, ""minimizes wrinkles"": 1, ""more large more pieces\uff1aeasortm packing cubes 9 set includes "": 1, ""multi-pocketed to hold all of your gear"": 1, ""nylon"": 4, ""nylon lining"": 4, ""nylon,synthetic leather"": 1, ""overall size: 11\""(l) x 6.25\""(w) x 13.75\""(h)"": 1, ""perfect for vacation excursions or as a carry-on personal it"": 1, ""polyester"": 2, ""powerful function:large capacity,three-in-one,can hold baske"": 1, ""premium quality packing solution--total 7pcs, 3 packing cube"": 1, ""premium upgraded nylon fabric:smooth&soft nylon fabric prote"": 1, ""reinforced hanging hook makes it easy to store on towel rack"": 1, ""removable frame"": 1, ""set includes the following four styles:"": 1, ""set of 3: defway 3 pc packing cubes includes large, medium a"": 1, ""shoes, dry & wet compartment separation: one enormous main c"": 1, ""single adjustable 75in(l) x 1.9in(w) straps"": 1, ""sleek easy access design accommodates wearing under or over "": 1, ""spacious, expandable upright contains the organization and c"": 1, ""strong nylon body"": 1, ""sturdy and durable\uff1a this gym bag is made of high quality tea"": 1, ""stylish and durable poly jacquard tapestry exterior"": 1, ""the packing cubes for everywhere you go - 3 x packing cubes,"": 1, ""the perfect lightweight 8 liter pack any outdoor excursion"": 1, ""timeless style: exactly what you might expect from a luxury "": 2, ""top and side carry handles"": 1, ""travel fanny pack contains two pockets: a main body pocket a"": 1, ""travel packing cubes value set: includes 3 x mesh cubes, 1 x"": 1, ""type/intended use: organizer"": 1, ""very useful advice!!! according to the feedback of my dear c"": 1, ""what you get: the package comes with 2 pieces of green fanny"": 1, ""zipper closure"": 7, ""\u2705after-sale guarantee-dear customer, hello, first of all, th"": 1, ""\u2708\ufe0f save overweight charges - our travel bag unfolds in l: 19"": 1, ""\u2714 essential packing cubes for smart traveling"": 1, ""\u2714\u3010ultralight (0.33lb) and roomy (32l)\u3011 - lightweight design,"": 1, ""\u3010fashion design\u3011the belt bag is equiped with durable zipper,"": 1, ""\u3010material\u3011this fanny pack consists of canvas and polyester l"": 1, ""\u3010set of 11 pieces: 7 packing cubes, 2 luggage straps, 2 tags"": 1, ""\u3010suitable size & large capacity\u3011size: 11.8\""h x 7.1\""l x 3.9\"" "": 1, ""\u3010various selection.choose your love!\u30114 set includes: 3 mediu"": 1, ""\ud83c\udfcb\ufe0f\u200d\ud83c\udfc2\ud83c\udfca\ud83d\udc83\u200d\u3010small duffle bag for gym\u3011:the women gym duffle bag w"": 1}}",100,"[""B0B56SVFRZ"", ""B000XJOFZ4"", ""B00JQL1RV0"", ""B07ZBC1249"", ""B076LP154C"", ""B07FCGDBJF"", ""B0BC7WWSCT"", ""B0BS22KZN7"", ""B075ZQTV39"", ""B00RRK8EQI""]",21.864599984837696,True,browsing,B0C3MKNZJN,
public_0176,3,reranker,entropy,browsing,mixed,Luggage & Travel Gear Waist Packs,"[{""explicit"": false, ""hard"": false, ""kind"": ""feature"", ""negated"": false, ""source"": ""ambiguous_disclosure"", ""source_turn"": 3, ""strength"": 0.7, ""value"": ""Imported""}]",[],"[""fit"", ""style"", ""material"", ""comfort""]","[""brand"", ""feature"", ""style""]",style,"{""entropy"": 3.2519662214454663, ""value_counts"": {""backpack"": 1, ""classic"": 1, ""men"": 1, ""mens"": 2, ""mission sling bag"": 1, ""stylish and elegant"": 1, ""timbuk2 women's canteen pack outdoor backpack"": 1, ""travel wallet"": 1, ""traveling"": 1, ""unisex"": 2, ""unisex adult"": 1, ""unisex-adult"": 16, ""unisex-adult (luggage only)"": 1, ""unisex-adult (novelty and luggage only)"": 1, ""unisex-child"": 3, ""waist reduction"": 1, ""wheelie flight deck"": 1, ""women's"": 1, ""womens"": 12}}",75,"[""B0C3MKNZJN"", ""B00B4334DW"", ""B07LH9GP95"", ""B07L5NL8KJ"", ""B0B56SVFRZ"", ""B09Z2DKQ5G"", ""B07YD4SMBL"", ""B07BWD14JD"", ""B0BS22KZN7"", ""B076LP154C""]",170.19830000936054,True,browsing,B0C3MKNZJN,1
public_0179,1,reranker,entropy,buying,specific,Tees & Blouses Tunics,"[{""explicit"": true, ""hard"": true, ""kind"": ""material"", ""negated"": false, ""source"": ""explicit_requirement"", ""source_turn"": 1, ""strength"": 1.0, ""value"": ""spandex""}]",[],"[""warmth"", ""comfort"", ""material"", ""fit""]","[""brand""]",brand,"{""entropy"": 5.323856189774724, ""value_counts"": {""alimasha"": 1, ""aokosor"": 1, ""avital"": 2, ""ayifu"": 1, ""bagheat"": 1, ""bepei"": 1, ""boutique republic"": 1, ""clothes effect"": 1, ""devon & jones"": 1, ""eleton"": 1, ""evogues apparel"": 1, ""fansic"": 1, ""floral find"": 1, ""frumos"": 4, ""fz fantastic zone"": 1, ""gegekoko"": 1, ""gesdai"": 1, ""i2crazy"": 1, ""jdaxiy"": 1, ""johnny was"": 1, ""jomedesign"": 1, ""kancystore"": 1, ""kogmo"": 1, ""laishen"": 1, ""letdiosto"": 1, ""longyuan"": 1, ""love in"": 2, ""mixshe"": 1, ""nandashe"": 2, ""nouveau monde"": 1, ""nydj"": 1, ""onlyuh"": 1, ""plusashion"": 1, ""ray-jrmall"": 1, ""sampeel"": 1, ""sarin mathews"": 1, ""simlu"": 2, ""smalnnie"": 1, ""star vixen"": 1, ""stretch is comfort"": 1, ""velucci"": 1, ""viv collection"": 1, ""vivifashion"": 1}}",50,"[""B00IV59FN4"", ""B00VQKEG08"", ""B0713MH94B"", ""B01B8BV4GI"", ""B01I24HM92"", ""B07BB28L5G"", ""B00W0UIC76"", ""B010P0AAJ0"", ""B074YZPGJ8"", ""B0BD4QJ21V""]",18.22199998423457,True,buying,B08JK818ZD,
public_0179,2,reranker,entropy,buying,specific,Tees & Blouses Tunics,"[{""explicit"": true, ""hard"": true, ""kind"": ""material"", ""negated"": false, ""source"": ""explicit_requirement"", ""source_turn"": 1, ""strength"": 1.0, ""value"": ""spandex""}]",[],"[""warmth"", ""comfort"", ""material"", ""fit""]","[""brand"", ""feature""]",feature,"{""entropy"": 4.187601311512057, ""value_counts"": {""3x women tops care: hand wash or machine wash in gentle; han"": 1, ""5% spandex"": 6, ""60% polyester"": 1, ""60% polyester, 35% cotton, 5% spandex"": 1, ""60% polyester, 35% rayon, 5% spandex"": 1, ""60%polyester & 35%rayon & 5%spandex"": 1, ""65% polyester"": 1, ""65%polyester, 30%cotton, 5%spandex"": 1, ""67%nylon+33%spandex"": 1, ""75 spoke 5 spandex"": 1, ""92% modal, 8% spandex"": 1, ""92% polyester / 8% spandex,92% polyester, 8% spandex"": 1, ""92% polyester, 8% spandex"": 2, ""95% bamboo, 5% spandex"": 1, ""95% polyester, 5% spandex"": 2, ""95% rayon, 5% spandex"": 14, ""97% cotton, 3% other fibers"": 1, ""cotton+spandex"": 1, ""cotton,polyester,rayon,spandex"": 1, ""criss criss design material: 65% cotton, 35% polyester. cris"": 1, ""fabric: long sleeve style:94% polyester and 6% spandex.short"": 1, ""material - rayon 95% and spandex 5%."": 1, ""material: polyester spandex. !!! it's us size loose fit, if "": 1, ""material: polyester+spandex"": 1, ""modal,rayon,spandex"": 1, ""polyester+spandex"": 1, ""polyester, rayon, spandex"": 1, ""polyester,spandex"": 1, ""polyester,spandex,rayon"": 1, ""spandex,nylon"": 1}}",50,"[""B00IV59FN4"", ""B00VQKEG08"", ""B0713MH94B"", ""B01B8BV4GI"", ""B01I24HM92"", ""B07BB28L5G"", ""B00W0UIC76"", ""B010P0AAJ0"", ""B074YZPGJ8"", ""B0BD4QJ21V""]",17.99700001720339,True,buying,B08JK818ZD,
public_0179,3,reranker,entropy,buying,specific,Tees & Blouses Tunics,"[{""explicit"": true, ""hard"": true, ""kind"": ""material"", ""negated"": false, ""source"": ""explicit_requirement"", ""source_turn"": 1, ""strength"": 1.0, ""value"": ""spandex""}, {""explicit"": false, ""hard"": false, ""kind"": ""feature"", ""negated"": false, ""source"": ""ambiguous_disclosure"", ""source_turn"": 3, ""strength"": 0.7, ""value"": ""Made in the USA""}, {""explicit"": false, ""hard"": false, ""kind"": ""feature"", ""negated"": false, ""source"": ""ambiguous_disclosure"", ""source_turn"": 3, ""strength"": 0.7, ""value"": ""Pull On closure""}]",[],"[""warmth"", ""comfort"", ""material"", ""fit""]","[""brand"", ""feature"", ""color""]",color,"{""entropy"": 2.5495234595978316, ""value_counts"": {""black"": 5, ""blue"": 2, ""green"": 2, ""purple"": 1, ""red"": 1, ""white"": 2, ""yellow"": 1}}",50,"[""B01MY6UDTX"", ""B01K2LYOYO"", ""B00IV59FN4"", ""B06XDS81J9"", ""B01B8BV4GI"", ""B01FRB4R64"", ""B01DL7UBT8"", ""B00W0UIC76"", ""B00X5Y6U9S"", ""B0155EFUUK""]",208.69209998636506,True,buying,B08JK818ZD,
public_0179,4,reranker,entropy,buying,specific,Tees & Blouses Tunics,"[{""explicit"": true, ""hard"": true, ""kind"": ""material"", ""negated"": false, ""source"": ""explicit_requirement"", ""source_turn"": 1, ""strength"": 1.0, ""value"": ""spandex""}, {""explicit"": false, ""hard"": false, ""kind"": ""feature"", ""negated"": false, ""source"": ""ambiguous_disclosure"", ""source_turn"": 3, ""strength"": 0.7, ""value"": ""Made in the USA""}, {""explicit"": false, ""hard"": false, ""kind"": ""feature"", ""negated"": false, ""source"": ""ambiguous_disclosure"", ""source_turn"": 3, ""strength"": 0.7, ""value"": ""Pull On closure""}]",[],"[""warmth"", ""comfort"", ""material"", ""fit""]","[""brand"", ""feature"", ""color"", ""use_case""]",use_case,"{""entropy"": 2.097698154707432, ""value_counts"": {""casual"": 10, ""hiking"": 1, ""outdoor"": 2, ""sports"": 1, ""winter"": 5, ""work"": 10}}",50,"[""B01MY6UDTX"", ""B01K2LYOYO"", ""B00IV59FN4"", ""B06XDS81J9"", ""B01B8BV4GI"", ""B01FRB4R64"", ""B01DL7UBT8"", ""B00W0UIC76"", ""B00X5Y6U9S"", ""B0155EFUUK""]",31.330700003309175,True,buying,B08JK818ZD,
public_0179,5,reranker,entropy,buying,specific,Tees & Blouses Tunics,"[{""explicit"": true, ""hard"": true, ""kind"": ""material"", ""negated"": false, ""source"": ""explicit_requirement"", ""source_turn"": 1, ""strength"": 1.0, ""value"": ""spandex""}, {""explicit"": false, ""hard"": false, ""kind"": ""feature"", ""negated"": false, ""source"": ""ambiguous_disclosure"", ""source_turn"": 3, ""strength"": 0.7, ""value"": ""Made in the USA""}, {""explicit"": false, ""hard"": false, ""kind"": ""feature"", ""negated"": false, ""source"": ""ambiguous_disclosure"", ""source_turn"": 3, ""strength"": 0.7, ""value"": ""Pull On closure""}]",[],"[""warmth"", ""comfort"", ""material"", ""fit""]","[""brand"", ""feature"", ""color"", ""use_case"", ""material""]",material,"{""entropy"": 1.5619280948873624, ""value_counts"": {""cotton"": 8, ""leather"": 1, ""polyester"": 16, ""spandex"": 25}}",50,"[""B01MY6UDTX"", ""B01K2LYOYO"", ""B00IV59FN4"", ""B06XDS81J9"", ""B01B8BV4GI"", ""B01FRB4R64"", ""B01DL7UBT8"", ""B00W0UIC76"", ""B00X5Y6U9S"", ""B0155EFUUK""]",18.739699997240677,True,buying,B08JK818ZD,
public_0179,6,reranker,entropy,buying,specific,Tees & Blouses Tunics,"[{""explicit"": true, ""hard"": true, ""kind"": ""material"", ""negated"": false, ""source"": ""explicit_requirement"", ""source_turn"": 1, ""strength"": 1.0, ""value"": ""spandex""}, {""explicit"": false, ""hard"": false, ""kind"": ""feature"", ""negated"": false, ""source"": ""ambiguous_disclosure"", ""source_turn"": 3, ""strength"": 0.7, ""value"": ""Made in the USA""}, {""explicit"": false, ""hard"": false, ""kind"": ""feature"", ""negated"": false, ""source"": ""ambiguous_disclosure"", ""source_turn"": 3, ""strength"": 0.7, ""value"": ""Pull On closure""}, {""explicit"": false, ""hard"": false, ""kind"": ""material"", ""negated"": false, ""source"": ""ambiguous_disclosure"", ""source_turn"": 6, ""strength"": 0.7, ""value"": ""5% spandex""}]",[],"[""warmth"", ""comfort"", ""material"", ""fit""]","[""brand"", ""feature"", ""color"", ""use_case"", ""material"", ""budget""]",budget,"{""entropy"": 1.295461844238322, ""value_counts"": {""under_100"": 1, ""under_25"": 6, ""under_50"": 3}}",50,"[""B01K2LYOYO"", ""B00IV59FN4"", ""B06XDS81J9"", ""B00X5Y6U9S"", ""B00W0UIC76"", ""B01B8BV4GI"", ""B01FRB4R64"", ""B01MY6UDTX"", ""B01DL7UBT8"", ""B0155EFUUK""]",150.4586999944877,True,buying,B08JK818ZD,
public_0179,7,reranker,entropy,buying,specific,Tees & Blouses Tunics,"[{""explicit"": true, ""hard"": true, ""kind"": ""material"", ""negated"": false, ""source"": ""explicit_requirement"", ""source_turn"": 1, ""strength"": 1.0, ""value"": ""spandex""}, {""explicit"": false, ""hard"": false, ""kind"": ""feature"", ""negated"": false, ""source"": ""ambiguous_disclosure"", ""source_turn"": 3, ""strength"": 0.7, ""value"": ""Made in the USA""}, {""explicit"": false, ""hard"": false, ""kind"": ""feature"", ""negated"": false, ""source"": ""ambiguous_disclosure"", ""source_turn"": 3, ""strength"": 0.7, ""value"": ""Pull On closure""}, {""explicit"": false, ""hard"": false, ""kind"": ""material"", ""negated"": false, ""source"": ""ambiguous_disclosure"", ""source_turn"": 6, ""strength"": 0.7, ""value"": ""5% spandex""}]",[],"[""warmth"", ""comfort"", ""material"", ""fit""]","[""brand"", ""feature"", ""color"", ""use_case"", ""material"", ""budget"", ""size""]",size,"{""entropy"": 1.0, ""value_counts"": {""loose"": 1, ""regular fit"": 1}}",50,"[""B01K2LYOYO"", ""B00IV59FN4"", ""B06XDS81J9"", ""B00X5Y6U9S"", ""B00W0UIC76"", ""B01B8BV4GI"", ""B01FRB4R64"", ""B01MY6UDTX"", ""B01DL7UBT8"", ""B0155EFUUK""]",33.959299995331094,True,buying,B08JK818ZD,
public_0179,8,reranker,entropy,buying,specific,Tees & Blouses Tunics,"[{""explicit"": true, ""hard"": true, ""kind"": ""material"", ""negated"": false, ""source"": ""explicit_requirement"", ""source_turn"": 1, ""strength"": 1.0, ""value"": ""spandex""}, {""explicit"": false, ""hard"": false, ""kind"": ""feature"", ""negated"": false, ""source"": ""ambiguous_disclosure"", ""source_turn"": 3, ""strength"": 0.7, ""value"": ""Made in the USA""}, {""explicit"": false, ""hard"": false, ""kind"": ""feature"", ""negated"": false, ""source"": ""ambiguous_disclosure"", ""source_turn"": 3, ""strength"": 0.7, ""value"": ""Pull On closure""}, {""explicit"": false, ""hard"": false, ""kind"": ""material"", ""negated"": false, ""source"": ""ambiguous_disclosure"", ""source_turn"": 6, ""strength"": 0.7, ""value"": ""5% spandex""}]",[],"[""warmth"", ""comfort"", ""material"", ""fit""]","[""brand"", ""feature"", ""color"", ""use_case"", ""material"", ""budget"", ""size"", ""style""]",style,"{""entropy"": 0.3067556640587811, ""value_counts"": {""loose"": 1, ""regular fit"": 1, ""womens"": 43}}",50,"[""B01K2LYOYO"", ""B00IV59FN4"", ""B06XDS81J9"", ""B00X5Y6U9S"", ""B00W0UIC76"", ""B01B8BV4GI"", ""B01FRB4R64"", ""B01MY6UDTX"", ""B01DL7UBT8"", ""B0155EFUUK""]",38.583199988352135,True,buying,B08JK818ZD,
public_0179,9,reranker,entropy,buying,specific,Tees & Blouses Tunics,"[{""explicit"": true, ""hard"": true, ""kind"": ""material"", ""negated"": false, ""source"": ""explicit_requirement"", ""source_turn"": 1, ""strength"": 1.0, ""value"": ""spandex""}, {""explicit"": false, ""hard"": false, ""kind"": ""feature"", ""negated"": false, ""source"": ""ambiguous_disclosure"", ""source_turn"": 3, ""strength"": 0.7, ""value"": ""Made in the USA""}, {""explicit"": false, ""hard"": false, ""kind"": ""feature"", ""negated"": false, ""source"": ""ambiguous_disclosure"", ""source_turn"": 3, ""strength"": 0.7, ""value"": ""Pull On closure""}, {""explicit"": false, ""hard"": false, ""kind"": ""material"", ""negated"": false, ""source"": ""ambiguous_disclosure"", ""source_turn"": 6, ""strength"": 0.7, ""value"": ""5% spandex""}]",[],"[""warmth"", ""comfort"", ""material"", ""fit""]","[""brand"", ""feature"", ""color"", ""use_case"", ""material"", ""budget"", ""size"", ""style"", ""other""]",other,"{""fallback"": ""fewer_than_two_meaningful_values""}",50,"[""B01K2LYOYO"", ""B00IV59FN4"", ""B06XDS81J9"", ""B00X5Y6U9S"", ""B00W0UIC76"", ""B01B8BV4GI"", ""B01FRB4R64"", ""B01MY6UDTX"", ""B01DL7UBT8"", ""B0155EFUUK""]",38.52430000551976,True,buying,B08JK818ZD,
public_0179,10,reranker,entropy,buying,specific,Tees & Blouses Tunics,"[{""explicit"": true, ""hard"": true, ""kind"": ""material"", ""negated"": false, ""source"": ""explicit_requirement"", ""source_turn"": 1, ""strength"": 1.0, ""value"": ""spandex""}, {""explicit"": false, ""hard"": false, ""kind"": ""feature"", ""negated"": false, ""source"": ""ambiguous_disclosure"", ""source_turn"": 3, ""strength"": 0.7, ""value"": ""Made in the USA""}, {""explicit"": false, ""hard"": false, ""kind"": ""feature"", ""negated"": false, ""source"": ""ambiguous_disclosure"", ""source_turn"": 3, ""strength"": 0.7, ""value"": ""Pull On closure""}, {""explicit"": false, ""hard"": false, ""kind"": ""material"", ""negated"": false, ""source"": ""ambiguous_disclosure"", ""source_turn"": 6, ""strength"": 0.7, ""value"": ""5% spandex""}]",[],"[""warmth"", ""comfort"", ""material"", ""fit""]","[""brand"", ""feature"", ""color"", ""use_case"", ""material"", ""budget"", ""size"", ""style"", ""other""]",other,"{""fallback"": ""fewer_than_two_meaningful_values""}",50,"[""B01K2LYOYO"", ""B00IV59FN4"", ""B06XDS81J9"", ""B00X5Y6U9S"", ""B00W0UIC76"", ""B01B8BV4GI"", ""B01FRB4R64"", ""B01MY6UDTX"", ""B01DL7UBT8"", ""B0155EFUUK""]",28.460800007451326,True,buying,B08JK818ZD,
public_0181,1,reranker,entropy,browsing,exploratory,Sets Tracksuits,[],[],"[""warmth"", ""comfort"", ""material"", ""fit""]","[""brand""]",brand,"{""entropy"": 6.39630731475309, ""value_counts"": {""165"": 1, ""adidas"": 1, ""akk"": 3, ""akmipoem"": 1, ""alunzoem"": 2, ""amtf"": 1, ""annystore"": 1, ""awlsyj"": 1, ""bluewolfsea"": 1, ""body glove"": 1, ""cailami"": 1, ""calebgar"": 1, ""caluomatt"": 1, ""chatinction"": 1, ""chelsea f.c."": 1, ""coofandy"": 2, ""difanlv"": 1, ""duofier"": 1, ""echoine"": 1, ""ekouaer"": 1, ""emporio armani"": 1, ""enidmil"": 1, ""enyce"": 1, ""epic mma gear"": 1, ""esobo"": 1, ""favalive"": 1, ""fixmatti"": 1, ""freosen"": 2, ""generic"": 1, ""glienst"": 1, ""guotn"": 1, ""hckg"": 1, ""hotexy"": 2, ""huasemy"": 1, ""iymoo"": 2, ""jiumi"": 1, ""jnneyuu"": 1, ""kaimimei"": 1, ""lexiart"": 1, ""lisibooo"": 1, ""lkous"": 2, ""logeeyar"": 1, ""logene"": 1, ""lrady"": 1, ""mallimoda"": 1, ""manluo"": 1, ""mantors"": 1, ""mariyshe"": 1, ""mavis garments"": 1, ""mayzia"": 1, ""mejialaa"": 1, ""mintsnow"": 1, ""morwenveo"": 1, ""mrskoala"": 1, ""mydearie"": 1, ""n /c"": 1, ""oluolin"": 1, ""ophestin"": 1, ""pink queen"": 1, ""pinkpatty"": 1, ""plusfeel"": 1, ""prettygarden"": 1, ""qisa"": 1, ""real spark"": 1, ""rongcun"": 1, ""samerm"": 2, ""screenshot"": 1, ""sedrinuo"": 1, ""spalding"": 1, ""speedle"": 1, ""sprifloral"": 2, ""sukiyaki"": 1, ""sun lorence"": 1, ""sunmoot"": 2, ""sweatyrocks"": 1, ""thusfar"": 2, ""tumilkets"": 1, ""victorious"": 1, ""vnvne"": 1, ""voikerdr"": 1, ""watersouprty"": 1, ""wiholl"": 1, ""wsevypo"": 1, ""xinsay lady"": 1, ""xiyuein"": 1, ""yootiko"": 1, ""yyz"": 1, ""zernobleieone"": 1}}",100,"[""B07Z86NS99"", ""B08Q3QM5H2"", ""B088FF738P"", ""B091HWVN21"", ""B07TQGKRR2"", ""B076B3H3YN"", ""B08R62715B"", ""B0BLBNQCVG"", ""B08HQC57W8"", ""B08HQP81MP""]",19.505900010699406,True,browsing,B08M3WKDFJ,
public_0181,2,reranker,entropy,browsing,exploratory,Sets Tracksuits,[],[],"[""warmth"", ""comfort"", ""material"", ""fit""]","[""brand"", ""feature""]",feature,"{""entropy"": 4.635962288635587, ""value_counts"": {""100% cotton"": 1, ""100% polyester"": 7, ""60% cotton, 40% polyester"": 1, ""60% polyester 35% nylon and 5% spandex"": 1, ""65% spandex, 35% polyester"": 1, ""70% polyester,30% others; machine washable softly"": 1, ""80% polyester, 20% spandex"": 1, ""81-90% polyester, soft and comfortable to wear"": 1, ""90% nylon, 10% spandex"": 1, ""95%cotton +5%linen"": 1, ""adjustable closure"": 1, ""buckle closure"": 1, ""button closure"": 1, ""drawstring closure"": 5, ""elastane,polyester"": 1, ""elastic"": 1, ""hand wash only"": 5, ""imported"": 1, ""machine wash"": 2, ""material: 95% rayon , 5% spandex.stretchy,soft and comfy"": 1, ""material: polyester"": 1, ""material: the fabric of two piece sweatpants sets are stretc"": 1, ""mayzia women's two piece sets in summer are made with comfor"": 1, ""nylon"": 1, ""polyester"": 18, ""polyester 65%,cotton 35%"": 1, ""polyester,cotton"": 5, ""polyester,spandex"": 7, ""polyester,spandex,nylon"": 2, ""polyester,spandex,rayon"": 1, ""polyester-blend"": 1, ""pull on closure"": 9, ""sequin"": 1, ""sequin,velvet"": 1, ""size fit: slim"": 1, ""slip on closure"": 1, ""sports tracksuit set with comfortable and soft velour fabric"": 1, ""tee shirt, elastic waist shorts pant, 2 piece tracksuit for "": 1, ""tricot"": 1, ""velvet"": 1, ""workout sets for women 2 piece"": 1, ""zipper closure"": 2, ""\u263amain material: polyester. women 2 piece outfits tracksuit s"": 1}}",100,"[""B07Z86NS99"", ""B08Q3QM5H2"", ""B088FF738P"", ""B091HWVN21"", ""B07TQGKRR2"", ""B076B3H3YN"", ""B08R62715B"", ""B0BLBNQCVG"", ""B08HQC57W8"", ""B08HQP81MP""]",18.940300011308864,True,browsing,B08M3WKDFJ,
public_0181,3,reranker,entropy,browsing,specific,Sets Tracksuits,"[{""explicit"": false, ""hard"": false, ""kind"": ""feature"", ""negated"": false, ""source"": ""ambiguous_disclosure"", ""source_turn"": 3, ""strength"": 0.7, ""value"": ""Drawstring closure""}, {""explicit"": false, ""hard"": false, ""kind"": ""feature"", ""negated"": false, ""source"": ""ambiguous_disclosure"", ""source_turn"": 3, ""strength"": 0.7, ""value"": ""Hand Wash Only""}]",[],"[""warmth"", ""comfort"", ""material"", ""fit""]","[""brand"", ""feature"", ""use_case""]",use_case,"{""entropy"": 2.461091333833609, ""value_counts"": {""casual"": 4, ""gym"": 8, ""hiking"": 2, ""outdoor"": 3, ""running"": 16, ""sports"": 4, ""winter"": 4}}",50,"[""B08M3WKDFJ"", ""B07KZ7S6L3"", ""B09BKYS7HX"", ""B08ZBZ51KY"", ""B08BLPC7JF"", ""B091PMSDFF"", ""B08DX9JPV1"", ""B09X2H58LN"", ""B08HWVC2S5"", ""B092ZPZZFK""]",220.80779998213984,True,browsing,B08M3WKDFJ,1
public_0184,1,reranker,entropy,browsing,exploratory,Sunglasses & Eyewear Accessories Sunglasses,[],[],"[""fit"", ""material"", ""comfort"", ""style""]","[""brand""]",brand,"{""entropy"": 5.820074099411869, ""value_counts"": {""american science & surplus"": 1, ""ao"": 1, ""aoknes"": 1, ""aooffiv"": 1, ""atlantis enterprises"": 1, ""azorb"": 1, ""best&ringlove"": 1, ""boll\u00e9"": 1, ""botai wight"": 1, ""coasion"": 1, ""dioptics"": 1, ""eagle eyes"": 3, ""eason eyewear"": 5, ""emblem eyewear"": 1, ""evebright"": 1, ""eyebobs"": 1, ""eyekepper"": 1, ""eyerno"": 1, ""feelgoodshop"": 1, ""feisedy"": 4, ""flawless eyewear"": 1, ""frienda"": 2, ""gargoyles"": 1, ""generic"": 1, ""girlprops(r)"": 1, ""guess"": 2, ""in style eyes"": 1, ""kathy ireland"": 1, ""kenneth cole"": 1, ""kingseven"": 1, ""le specs"": 1, ""mambo shades"": 1, ""maui jim"": 1, ""messyweekend"": 1, ""mlc eyewear"": 1, ""moda"": 1, ""myeyeglasscase"": 1, ""native eyewear"": 3, ""neff"": 1, ""newbee fashion sunglasses"": 2, ""nike"": 1, ""nobrand"": 1, ""oakley"": 8, ""ocerave"": 1, ""optic nerve"": 1, ""original penguin"": 1, ""oullo"": 1, ""p&p inc."": 1, ""pazzerby"": 1, ""polo ralph lauren"": 1, ""private label"": 1, ""rainbow optx"": 1, ""ray-ban"": 4, ""sa106"": 1, ""scraps eyewear"": 1, ""serengeti"": 2, ""smith"": 2, ""spy"": 1, ""stylle"": 1, ""suncloud"": 1, ""under armour"": 2, ""unknown"": 1, ""urumqi"": 1, ""walleva"": 1, ""weijas"": 1, ""willochra"": 1, ""x loop"": 1, ""yameize"": 1, ""zerouv"": 3}}",100,"[""B01G5NVDKG"", ""B000R2YZGQ"", ""B07BLSLJYB"", ""B00U4BJE6G"", ""B012HL3IW6"", ""B000R2JLGK"", ""B002JINQAC"", ""B00UT4AAES"", ""B002JINQMA"", ""B011K2C2IY""]",29.018100001849234,True,browsing,B0BWLFCTTF,
public_0184,2,reranker,entropy,browsing,exploratory,Sunglasses & Eyewear Accessories Sunglasses,[],[],"[""fit"", ""material"", ""comfort"", ""style""]","[""brand"", ""feature""]",feature,"{""entropy"": 4.377913053298953, ""value_counts"": {""100% nylon"": 1, ""?hard-shell exterior"": 1, ""acetate frame"": 3, ""clasp closure"": 1, ""composite"": 2, ""composite frame"": 4, ""genius glasses a non-pc product offering mockery for the opt"": 1, ""high quality frame: these heart shape sunglasses are manufac"": 1, ""importado"": 1, ""imported"": 18, ""leatherette"": 1, ""made in the usa"": 1, ""made in the usa or imported"": 1, ""made in us"": 2, ""made in usa"": 1, ""made in usa or imported"": 1, ""metal"": 1, ""metal frame"": 9, ""metal/plastic frame"": 1, ""n3 polarized lenses filter blue light, minimizing haze so yo"": 1, ""non-polarized"": 3, ""nylon frame"": 1, ""plastic"": 3, ""plastic frame"": 16, ""polarized"": 2, ""polycarbonate frame"": 2, ""polycarbonate lens"": 1, ""resin frame"": 3, ""rubber frame"": 1, ""snap closure"": 1, ""stainless steel frame"": 1, ""this stylish and attractive large eye glasses case is lightw"": 1, ""tri acetate cellulose lens"": 1, ""tylon frame"": 1, ""uv protection coating coating"": 2, ""vision: anti-reflective and hydroleophobic lens coatings; ch"": 1, ""\u2605 plastic frame"": 1, ""\u8fdb\u53e3"": 1}}",100,"[""B01G5NVDKG"", ""B000R2YZGQ"", ""B07BLSLJYB"", ""B00U4BJE6G"", ""B012HL3IW6"", ""B000R2JLGK"", ""B002JINQAC"", ""B00UT4AAES"", ""B002JINQMA"", ""B011K2C2IY""]",20.470999996177852,True,browsing,B0BWLFCTTF,
public_0184,3,reranker,entropy,browsing,specific,Sunglasses & Eyewear Accessories Sunglasses,"[{""explicit"": false, ""hard"": false, ""kind"": ""feature"", ""negated"": false, ""source"": ""ambiguous_disclosure"", ""source_turn"": 3, ""strength"": 0.7, ""value"": ""Composite/Plastic Frame""}, {""explicit"": false, ""hard"": false, ""kind"": ""feature"", ""negated"": false, ""source"": ""ambiguous_disclosure"", ""source_turn"": 3, ""strength"": 0.7, ""value"": ""Imported""}]",[],"[""fit"", ""material"", ""comfort"", ""style""]","[""brand"", ""feature"", ""budget""]",budget,"{""entropy"": 2.270942421748537, ""value_counts"": {""under_100"": 2, ""under_125"": 2, ""under_150"": 1, ""under_25"": 6, ""under_50"": 1, ""under_75"": 2}}",50,"[""B004KDXE1A"", ""B0084J438E"", ""B00PA4AKN8"", ""B07G4C2VTH"", ""B094LJTYNK"", ""B00C4UQ1Q6"", ""B00LU50ND8"", ""B0BWLFCTTF"", ""B06XGPDNG9"", ""B07FZXXDJR""]",133.71769999503158,True,browsing,B0BWLFCTTF,8
public_0185,1,reranker,entropy,buying,specific,Panties Boy Shorts,"[{""explicit"": true, ""hard"": true, ""kind"": ""material"", ""negated"": false, ""source"": ""explicit_requirement"", ""source_turn"": 1, ""strength"": 1.0, ""value"": ""cotton""}]",[],"[""comfort"", ""style"", ""material"", ""fit""]","[""brand""]",brand,"{""entropy"": 5.323856189774724, ""value_counts"": {""boibokoko"": 1, ""brazilex"": 1, ""calvin klein"": 2, ""comfort choice"": 1, ""creairy"": 1, ""fiomva"": 1, ""freya"": 1, ""fruit of the loom"": 1, ""gossard"": 1, ""gushehua"": 1, ""hanes"": 4, ""happy town"": 1, ""hcaixing"": 1, ""hcntes"": 1, ""hmlai clearance"": 1, ""iesunny"": 1, ""inflation"": 1, ""jiaboy"": 1, ""jiayou"": 1, ""kudico"": 1, ""louis garneau"": 1, ""mens swim trunks"": 1, ""messy code"": 1, ""miotan"": 1, ""miss bei"": 1, ""n\\w"": 1, ""natugloe"": 1, ""nidie"": 1, ""ouenz"": 1, ""pact"": 2, ""pokarla"": 1, ""pollyanna keong"": 1, ""polnhdlt"": 1, ""rhyff"": 1, ""sevim"": 1, ""sexy girl rock"": 1, ""siyecaoo"": 2, ""sociala"": 1, ""taxzode"": 1, ""uratot"": 2, ""vaiftilno"": 1, ""xiong tai"": 1, ""yiner"": 1}}",50,"[""B00FZR0YZE"", ""B005H4YCDA"", ""B00VSKWQLM"", ""B0BCW4QKV5"", ""B09ZDZ3ZZJ"", ""B0176YUJ1M"", ""B005GVBU2K"", ""B01GSMQ8ZO"", ""B09ZP39Z7S"", ""B00R56FD7W""]",34.42609999910928,True,buying,B0BCW4QKV5,4
public_0186,1,reranker,entropy,buying,mixed,Running Road Running,"[{""explicit"": false, ""hard"": false, ""kind"": ""color"", ""negated"": true, ""source"": ""ambiguous_disclosure"", ""source_turn"": 1, ""strength"": 0.7, ""value"": ""Ortholite Sockliner: Moisture management (Ortholite is a registered trademark of O2 Partners LLC)""}]",[],"[""material"", ""comfort"", ""fit"", ""style""]","[""feature""]",feature,"{""entropy"": 3.712825342485789, ""value_counts"": {""100% fabric"": 1, ""100% fabric or textile"": 1, ""100% leather and synthetic"": 2, ""100% leather/synthetic"": 1, ""100% leather_textile"": 1, ""100% manmade"": 2, ""100% mesh and synthetic"": 2, ""100% rubber"": 1, ""100% synthetic"": 31, ""100% synthetic and fabric"": 1, ""100% synthetic and mesh"": 1, ""100% synthetic and nylon"": 1, ""100% synthetic mesh"": 1, ""100% synthetic/mesh"": 3, ""100% synthetic/nylon"": 2, ""100% textile"": 1, ""100% textile and synthetic"": 2, ""100% textile/synthetic"": 3, ""breathable mesh upper - delivers an adaptive, comfortable fi"": 1, ""ethylene vinyl acetate sole"": 1, ""imported"": 1, ""lace-up closure"": 1, ""nylon"": 1, ""rearfoot gel technology cushioning system - attenuates shock"": 1, ""rubber sole"": 5, ""synthetic and mesh"": 2, ""synthetic-and-mesh"": 1, ""textile"": 1, ""textile and leather"": 1, ""textile and synthetic"": 2}}",75,"[""B07XPLHXC1"", ""B07M9SLF2Q"", ""B00KI3PRKW"", ""B00GXEHEN8"", ""B077BCYG46"", ""B00GWKPQPG"", ""B07HMDGFQG"", ""B00ZB0CZ6Q"", ""B00AO3EY3C"", ""B010N12QKW""]",17.674599977908656,True,intent_override,B07XPLHXC1,1
public_0186,2,reranker,entropy,buying,specific,Running Road Running,"[{""explicit"": false, ""hard"": false, ""kind"": ""color"", ""negated"": true, ""source"": ""ambiguous_disclosure"", ""source_turn"": 1, ""strength"": 0.7, ""value"": ""Ortholite Sockliner: Moisture management (Ortholite is a registered trademark of O2 Partners LLC)""}, {""explicit"": false, ""hard"": false, ""kind"": ""feature"", ""negated"": false, ""source"": ""ambiguous_disclosure"", ""source_turn"": 2, ""strength"": 0.7, ""value"": ""100% Synthetic""}, {""explicit"": false, ""hard"": false, ""kind"": ""feature"", ""negated"": false, ""source"": ""ambiguous_disclosure"", ""source_turn"": 2, ""strength"": 0.7, ""value"": ""Rubber sole""}]",[],"[""material"", ""comfort"", ""fit"", ""style""]","[""feature"", ""brand""]",brand,"{""entropy"": 1.920924277228159, ""value_counts"": {""adidas originals"": 1, ""asics"": 11, ""brooks"": 1, ""merrell"": 1, ""mizuno"": 11, ""salomon"": 1, ""saucony"": 24}}",50,"[""B07XPLHXC1"", ""B00GWKPQPG"", ""B005AV3D9O"", ""B00GXEHEN8"", ""B00D45PJ4K"", ""B00KI3PRKW"", ""B004KSQH0A"", ""B00KPU58ZC"", ""B018GVSYFW"", ""B00YBEHHHU""]",29.1060000017751,True,intent_override,B07XPLHXC1,1
public_0186,3,reranker,entropy,buying,specific,Running Road Running,"[{""explicit"": false, ""hard"": false, ""kind"": ""feature"", ""negated"": false, ""source"": ""ambiguous_disclosure"", ""source_turn"": 2, ""strength"": 0.7, ""value"": ""100% Synthetic""}, {""explicit"": false, ""hard"": false, ""kind"": ""feature"", ""negated"": false, ""source"": ""ambiguous_disclosure"", ""source_turn"": 2, ""strength"": 0.7, ""value"": ""Rubber sole""}]","[{""explicit"": true, ""hard"": true, ""kind"": ""color"", ""negated"": true, ""source"": ""negation_or_replacement"", ""source_turn"": 3, ""strength"": 1.0, ""value"": ""Ortholite Sockliner: Moisture management (Ortholite is a registered trademark of O2 Partners LLC)""}]","[""material"", ""comfort"", ""fit"", ""style""]","[""feature"", ""brand"", ""color""]",color,"{""entropy"": 1.5, ""value_counts"": {""black"": 1, ""blue"": 1, ""white"": 2}}",50,"[""B00BLQ99G8"", ""B00AJNRM4K"", ""B00GUTG3SS"", ""B004DEQP1W"", ""B003X4K5V4"", ""B00B5JXA2A"", ""B0044DF2G6"", ""B00C9WD8W4"", ""B01FH5OSVO"", ""B00UVQWXXU""]",27.88359997794032,True,intent_override,B07XPLHXC1,
public_0186,4,reranker,entropy,buying,specific,Running Road Running,"[{""explicit"": false, ""hard"": false, ""kind"": ""feature"", ""negated"": false, ""source"": ""ambiguous_disclosure"", ""source_turn"": 2, ""strength"": 0.7, ""value"": ""100% Synthetic""}, {""explicit"": false, ""hard"": false, ""kind"": ""feature"", ""negated"": false, ""source"": ""ambiguous_disclosure"", ""source_turn"": 2, ""strength"": 0.7, ""value"": ""Rubber sole""}, {""explicit"": false, ""hard"": false, ""kind"": ""color"", ""negated"": false, ""source"": ""ambiguous_disclosure"", ""source_turn"": 4, ""strength"": 0.7, ""value"": ""AmpliFoam Midsole: Engineered to maintain durability at softer densities, providing better flexibility, comfort, and platform adaptability ideal for natural running""}, {""explicit"": false, ""hard"": false, ""kind"": ""color"", ""negated"": false, ""source"": ""ambiguous_disclosure"", ""source_turn"": 4, ""strength"": 0.7, ""value"": ""Ortholite Sockliner: Moisture management (Ortholite is a registered trademark of O2 Partners LLC)""}]","[{""explicit"": true, ""hard"": true, ""kind"": ""color"", ""negated"": true, ""source"": ""negation_or_replacement"", ""source_turn"": 3, ""strength"": 1.0, ""value"": ""Ortholite Sockliner: Moisture management (Ortholite is a registered trademark of O2 Partners LLC)""}]","[""material"", ""comfort"", ""fit"", ""style""]","[""feature"", ""brand"", ""color"", ""material""]",material,"{""entropy"": 1.2957378005380122, ""value_counts"": {""leather"": 5, ""nylon"": 7, ""polyester"": 1}}",50,"[""B07XPLHXC1"", ""B00BLQ99G8"", ""B07G3PJYXB"", ""B07DDND5YC"", ""B00YE1F5TM"", ""B0983577HQ"", ""B01FH5OSVO"", ""B06XX26GSX"", ""B004DEQP1W"", ""B004KSQH0A""]",24.167600000509992,True,intent_override,B07XPLHXC1,1
public_0187,1,reranker,entropy,browsing,exploratory,Shoes Loafers & Slip-Ons,[],[],"[""weather"", ""comfort"", ""style""]","[""brand""]",brand,"{""entropy"": 6.160210910008722, ""value_counts"": {""206 collective"": 1, ""adq"": 1, ""agtcare"": 1, ""alcubieree"": 1, ""asifn"": 1, ""bayq"": 1, ""benhero"": 1, ""beverly hills polo club"": 1, ""beverly st"": 1, ""bostonian"": 2, ""bruno marc"": 5, ""btdream"": 1, ""calvin klein"": 1, ""casmag"": 1, ""cestfini"": 1, ""chakie"": 1, ""clarks"": 2, ""comeshun"": 1, ""cosidram"": 1, ""crocs"": 2, ""dailyshoes"": 2, ""dayjoy"": 1, ""delli aldo"": 1, ""dockers"": 2, ""dr. martens"": 1, ""dream pairs"": 1, ""duoyangjiasha"": 2, ""eagsouni"": 1, ""fanture"": 1, ""forucreate"": 2, ""g.h. bass & co."": 1, ""go tour"": 1, ""goupsky"": 1, ""govicta"": 1, ""gracosy"": 1, ""harence"": 1, ""hkr"": 1, ""interestprint"": 1, ""itazero"": 1, ""jabasic"": 1, ""jenn ardor"": 2, ""jo ghost"": 1, ""jousen"": 2, ""kenneth cole"": 1, ""kisfly"": 1, ""ks"": 2, ""labato"": 2, ""lauren by ralph lauren"": 1, ""lazzy"": 1, ""lifestride"": 2, ""louechy"": 2, ""maizun"": 1, ""mario lopez"": 1, ""michael kors"": 1, ""moodeng"": 1, ""nautica"": 1, ""pierre dumas"": 1, ""qiucdzi"": 1, ""qznonmer"": 1, ""robasiom"": 1, ""rowfaner"": 1, ""rt group"": 1, ""rvrovic"": 2, ""scien"": 1, ""skechers"": 3, ""sorliva"": 2, ""sperry"": 1, ""stacy adams"": 1, ""steve madden"": 1, ""sticky"": 1, ""timberland"": 1, ""tiosebon"": 1, ""tober"": 1, ""uin"": 2, ""vancilin"": 1, ""wanted"": 1, ""zhenghewyh"": 1, ""zhnshm"": 1}}",100,"[""B07Q9PNNB5"", ""B07FML83G6"", ""B083TRSXV1"", ""B0BQHWYCPS"", ""B00MMYD5FE"", ""B0090X4PWC"", ""B0BD8Z9LGG"", ""B08ZJ6GDLR"", ""B0924JF9ST"", ""B07Y8TTXX8""]",16.623000003164634,True,boundary,B000GQ1F3O,
public_0187,2,reranker,entropy,browsing,exploratory,Shoes Loafers & Slip-Ons,[],[],"[""weather"", ""comfort"", ""style""]","[""brand"", ""feature""]",feature,"{""entropy"": 3.5414300972586354, ""value_counts"": {""100% canvas"": 1, ""100% canvas, leather"": 1, ""100% fabric"": 1, ""100% knit fabric"": 1, ""100% leather"": 12, ""100% manmade"": 1, ""100% suede"": 2, ""100% sweater"": 1, ""100% synthetic"": 5, ""100% textile"": 1, ""100%pu"": 1, ""canvas"": 1, ""ethylene vinyl acetate sole"": 4, ""faux leather sole"": 2, ""genuine leather"": 1, ""heel measures approximately 1.25 inches\"""": 1, ""imported"": 4, ""leather sole"": 5, ""linen"": 1, ""made in the usa or imported"": 1, ""made in usa or imported"": 1, ""mesh"": 1, ""microfiber"": 1, ""patsy-9 slip on loafer from pierre dumas!"": 1, ""polyurethane sole"": 1, ""rubber sole"": 36, ""stretchy fabric"": 1, ""suede leather upper"": 2, ""thermoplastic elastomers sole"": 1}}",100,"[""B07Q9PNNB5"", ""B07FML83G6"", ""B083TRSXV1"", ""B0BQHWYCPS"", ""B00MMYD5FE"", ""B0090X4PWC"", ""B0BD8Z9LGG"", ""B08ZJ6GDLR"", ""B0924JF9ST"", ""B07Y8TTXX8""]",18.290100008016452,True,boundary,B000GQ1F3O,
public_0187,3,reranker,entropy,browsing,exploratory,Shoes Loafers & Slip-Ons,[],[],"[""weather"", ""comfort"", ""style""]","[""brand"", ""feature"", ""use_case""]",use_case,"{""entropy"": 2.547303874920411, ""value_counts"": {""casual"": 27, ""gym"": 1, ""hiking"": 9, ""outdoor"": 9, ""running"": 3, ""walking"": 16, ""winter"": 3, ""work"": 12}}",100,"[""B07Q9PNNB5"", ""B07FML83G6"", ""B083TRSXV1"", ""B0BQHWYCPS"", ""B00MMYD5FE"", ""B0090X4PWC"", ""B0BD8Z9LGG"", ""B08ZJ6GDLR"", ""B0924JF9ST"", ""B07Y8TTXX8""]",17.526800016639754,True,boundary,B000GQ1F3O,
public_0187,4,reranker,entropy,browsing,exploratory,Shoes Loafers & Slip-Ons,[],[],"[""weather"", ""comfort"", ""style""]","[""brand"", ""feature"", ""use_case"", ""budget""]",budget,"{""entropy"": 1.9609640474436811, ""value_counts"": {""under_100"": 1, ""under_125"": 2, ""under_25"": 1, ""under_50"": 5, ""under_75"": 1}}",100,"[""B07Q9PNNB5"", ""B07FML83G6"", ""B083TRSXV1"", ""B0BQHWYCPS"", ""B00MMYD5FE"", ""B0090X4PWC"", ""B0BD8Z9LGG"", ""B08ZJ6GDLR"", ""B0924JF9ST"", ""B07Y8TTXX8""]",16.235100018093362,True,boundary,B000GQ1F3O,
public_0187,5,reranker,entropy,browsing,exploratory,Shoes Loafers & Slip-Ons,[],[],"[""weather"", ""comfort"", ""style""]","[""brand"", ""feature"", ""use_case"", ""budget"", ""color""]",color,"{""entropy"": 1.436189844084022, ""value_counts"": {""black"": 23, ""blue"": 1, ""brown"": 4, ""gray"": 1, ""white"": 2, ""yellow"": 1}}",100,"[""B07Q9PNNB5"", ""B07FML83G6"", ""B083TRSXV1"", ""B0BQHWYCPS"", ""B00MMYD5FE"", ""B0090X4PWC"", ""B0BD8Z9LGG"", ""B08ZJ6GDLR"", ""B0924JF9ST"", ""B07Y8TTXX8""]",28.15490000648424,True,boundary,B000GQ1F3O,
public_0187,6,reranker,entropy,browsing,exploratory,Shoes Loafers & Slip-Ons,[],[],"[""weather"", ""comfort"", ""style""]","[""brand"", ""feature"", ""use_case"", ""budget"", ""color"", ""style""]",style,"{""entropy"": 1.150193541407035, ""value_counts"": {""mens"": 45, ""unisex-adult"": 1, ""unisex-child"": 1, ""womens"": 32}}",100,"[""B07Q9PNNB5"", ""B07FML83G6"", ""B083TRSXV1"", ""B0BQHWYCPS"", ""B00MMYD5FE"", ""B0090X4PWC"", ""B0BD8Z9LGG"", ""B08ZJ6GDLR"", ""B0924JF9ST"", ""B07Y8TTXX8""]",17.800500005250797,True,boundary,B000GQ1F3O,
public_0187,7,reranker,entropy,browsing,exploratory,Shoes Loafers & Slip-Ons,[],[],"[""weather"", ""comfort"", ""style""]","[""brand"", ""feature"", ""use_case"", ""budget"", ""color"", ""style"", ""material""]",material,"{""entropy"": 0.6689128250884092, ""value_counts"": {""fabric"": 8, ""leather"": 64, ""wool"": 2}}",100,"[""B07Q9PNNB5"", ""B07FML83G6"", ""B083TRSXV1"", ""B0BQHWYCPS"", ""B00MMYD5FE"", ""B0090X4PWC"", ""B0BD8Z9LGG"", ""B08ZJ6GDLR"", ""B0924JF9ST"", ""B07Y8TTXX8""]",16.73050000681542,True,boundary,B000GQ1F3O,
public_0187,8,reranker,entropy,browsing,specific,Shoes Loafers & Slip-Ons,"[{""explicit"": false, ""hard"": false, ""kind"": ""material"", ""negated"": false, ""source"": ""ambiguous_disclosure"", ""source_turn"": 8, ""strength"": 0.7, ""value"": ""leather""}, {""explicit"": false, ""hard"": false, ""kind"": ""material"", ""negated"": false, ""source"": ""ambiguous_disclosure"", ""source_turn"": 8, ""strength"": 0.7, ""value"": ""100% Leather""}]",[],"[""weather"", ""comfort"", ""style""]","[""brand"", ""feature"", ""use_case"", ""budget"", ""color"", ""style"", ""material"", ""other""]",other,"{""fallback"": ""fewer_than_two_meaningful_values""}",50,"[""B0010ERDSC"", ""B09MFKBSV8"", ""B006PBS7SA"", ""B07CWL6FFR"", ""B0090X4PWC"", ""B00S25TOE8"", ""B000GQ1F3O"", ""B000ML01G0"", ""B010XF96VK"", ""B001FRAZR0""]",26.48380000027828,True,boundary,B000GQ1F3O,7
public_0188,1,reranker,entropy,buying,specific,Handbags & Wallets Crossbody Bags,"[{""explicit"": true, ""hard"": true, ""kind"": ""material"", ""negated"": false, ""source"": ""explicit_requirement"", ""source_turn"": 1, ""strength"": 1.0, ""value"": ""leather""}]",[],"[""material"", ""fit""]","[""brand""]",brand,"{""entropy"": 5.048367439558378, ""value_counts"": {""alnice"": 1, ""alviero martini"": 1, ""american west jewelry"": 1, ""b. makowsky"": 1, ""brahmin"": 1, ""calvin klein"": 1, ""chala"": 1, ""co-lab by christopher kon"": 2, ""coach"": 3, ""cuoieria fiorentina"": 1, ""dooney & bourke"": 1, ""eliteclass"": 1, ""elliott lucca"": 2, ""foley + corinna"": 1, ""fossil"": 3, ""george"": 1, ""guess"": 2, ""ili"": 1, ""inslooks"": 1, ""jjai"": 1, ""k.eyre"": 1, ""kate spade new york"": 3, ""latico"": 1, ""liebeskind berlin"": 1, ""lovevook"": 1, ""lunnanne"": 1, ""oak leathers"": 1, ""over earth"": 1, ""poiugoya"": 1, ""purse king"": 1, ""rebecca minkoff"": 1, ""the sak"": 3, ""tignanello"": 1, ""urban expressions"": 1, ""vimeka"": 1, ""vince camuto"": 3, ""zudy"": 1}}",50,"[""B01IFU2L26"", ""B07G6WBSX9"", ""B00FQZB09O"", ""B0C3GP1BG9"", ""B07S8NW7PV"", ""B00AEIMO16"", ""B00JUILN3G"", ""B00JUILICW"", ""B015VNVBDK"", ""B0BNL5B54Z""]",23.29989999998361,True,buying,B0B5ZS2J2W,
public_0188,2,reranker,entropy,buying,specific,Handbags & Wallets Crossbody Bags,"[{""explicit"": true, ""hard"": true, ""kind"": ""material"", ""negated"": false, ""source"": ""explicit_requirement"", ""source_turn"": 1, ""strength"": 1.0, ""value"": ""leather""}]",[],"[""material"", ""fit""]","[""brand"", ""feature""]",feature,"{""entropy"": 3.4660524458469575, ""value_counts"": {""100% cow leather"": 1, ""100% full grain leather"": 1, ""100% leather"": 9, ""100% nylon"": 1, ""adjustable crossbody strap with 22\"" drop"": 1, ""cowhide leather"": 1, ""designed by italian artist- 100% genuine leather with premiu"": 1, ""embossed leather"": 1, ""faux leather"": 2, ""faux leather,leather,nylon"": 1, ""genuine leather"": 3, ""imported"": 1, ""jacquard,leather"": 1, ""leather"": 16, ""leather,pu leather"": 2, ""polyester"": 2, ""pu leather"": 1, ""synthetic leather"": 1, ""vegan leather"": 1, ""zipper closure"": 2}}",50,"[""B01IFU2L26"", ""B07G6WBSX9"", ""B00FQZB09O"", ""B0C3GP1BG9"", ""B07S8NW7PV"", ""B00AEIMO16"", ""B00JUILN3G"", ""B00JUILICW"", ""B015VNVBDK"", ""B0BNL5B54Z""]",21.561400004429743,True,buying,B0B5ZS2J2W,
public_0188,3,reranker,entropy,buying,specific,Handbags & Wallets Crossbody Bags,"[{""explicit"": true, ""hard"": true, ""kind"": ""material"", ""negated"": false, ""source"": ""explicit_requirement"", ""source_turn"": 1, ""strength"": 1.0, ""value"": ""leather""}, {""explicit"": false, ""hard"": false, ""kind"": ""feature"", ""negated"": false, ""source"": ""ambiguous_disclosure"", ""source_turn"": 3, ""strength"": 0.7, ""value"": ""Imported""}, {""explicit"": false, ""hard"": false, ""kind"": ""feature"", ""negated"": false, ""source"": ""ambiguous_disclosure"", ""source_turn"": 3, ""strength"": 0.7, ""value"": ""Zipper closure""}]",[],"[""material"", ""fit""]","[""brand"", ""feature"", ""use_case""]",use_case,"{""entropy"": 2.0119209285947934, ""value_counts"": {""casual"": 2, ""hiking"": 1, ""outdoor"": 3, ""running"": 1, ""winter"": 1, ""work"": 9}}",50,"[""B00KJEKY3A"", ""B00LNEOK4Y"", ""B0758SP79D"", ""B00WIPG5K4"", ""B06Y5SB28W"", ""B0BNL5B54Z"", ""B08ZXTQC8P"", ""B07YB6K599"", ""B00MY01TOU"", ""B07HMKQF1M""]",165.10149999521673,True,buying,B0B5ZS2J2W,
public_0188,4,reranker,entropy,buying,specific,Handbags & Wallets Crossbody Bags,"[{""explicit"": true, ""hard"": true, ""kind"": ""material"", ""negated"": false, ""source"": ""explicit_requirement"", ""source_turn"": 1, ""strength"": 1.0, ""value"": ""leather""}, {""explicit"": false, ""hard"": false, ""kind"": ""feature"", ""negated"": false, ""source"": ""ambiguous_disclosure"", ""source_turn"": 3, ""strength"": 0.7, ""value"": ""Imported""}, {""explicit"": false, ""hard"": false, ""kind"": ""feature"", ""negated"": false, ""source"": ""ambiguous_disclosure"", ""source_turn"": 3, ""strength"": 0.7, ""value"": ""Zipper closure""}]",[],"[""material"", ""fit""]","[""brand"", ""feature"", ""use_case"", ""budget""]",budget,"{""entropy"": 1.93012496531497, ""value_counts"": {""under_125"": 1, ""under_175"": 1, ""under_25"": 4, ""under_50"": 7, ""under_75"": 2}}",50,"[""B00KJEKY3A"", ""B00LNEOK4Y"", ""B0758SP79D"", ""B00WIPG5K4"", ""B06Y5SB28W"", ""B0BNL5B54Z"", ""B08ZXTQC8P"", ""B07YB6K599"", ""B00MY01TOU"", ""B07HMKQF1M""]",30.905899999197572,True,buying,B0B5ZS2J2W,
public_0188,5,reranker,entropy,buying,specific,Handbags & Wallets Crossbody Bags,"[{""explicit"": true, ""hard"": true, ""kind"": ""material"", ""negated"": false, ""source"": ""explicit_requirement"", ""source_turn"": 1, ""strength"": 1.0, ""value"": ""leather""}, {""explicit"": false, ""hard"": false, ""kind"": ""feature"", ""negated"": false, ""source"": ""ambiguous_disclosure"", ""source_turn"": 3, ""strength"": 0.7, ""value"": ""Imported""}, {""explicit"": false, ""hard"": false, ""kind"": ""feature"", ""negated"": false, ""source"": ""ambiguous_disclosure"", ""source_turn"": 3, ""strength"": 0.7, ""value"": ""Zipper closure""}]",[],"[""material"", ""fit""]","[""brand"", ""feature"", ""use_case"", ""budget"", ""material""]",material,"{""entropy"": 1.3937740706519903, ""value_counts"": {""cotton"": 6, ""leather"": 33, ""nylon"": 2, ""polyester"": 9}}",50,"[""B00KJEKY3A"", ""B00LNEOK4Y"", ""B0758SP79D"", ""B00WIPG5K4"", ""B06Y5SB28W"", ""B0BNL5B54Z"", ""B08ZXTQC8P"", ""B07YB6K599"", ""B00MY01TOU"", ""B07HMKQF1M""]",18.169600021792576,True,buying,B0B5ZS2J2W,
public_0188,6,reranker,entropy,buying,specific,Handbags & Wallets Crossbody Bags,"[{""explicit"": true, ""hard"": true, ""kind"": ""material"", ""negated"": false, ""source"": ""explicit_requirement"", ""source_turn"": 1, ""strength"": 1.0, ""value"": ""leather""}, {""explicit"": false, ""hard"": false, ""kind"": ""feature"", ""negated"": false, ""source"": ""ambiguous_disclosure"", ""source_turn"": 3, ""strength"": 0.7, ""value"": ""Imported""}, {""explicit"": false, ""hard"": false, ""kind"": ""feature"", ""negated"": false, ""source"": ""ambiguous_disclosure"", ""source_turn"": 3, ""strength"": 0.7, ""value"": ""Zipper closure""}, {""explicit"": false, ""hard"": false, ""kind"": ""material"", ""negated"": false, ""source"": ""ambiguous_disclosure"", ""source_turn"": 6, ""strength"": 0.7, ""value"": ""Artificial Leather,Leather,Pu Leather""}]",[],"[""material"", ""fit""]","[""brand"", ""feature"", ""use_case"", ""budget"", ""material"", ""color""]",color,"{""entropy"": 1.311278124459133, ""value_counts"": {""black"": 12, ""brown"": 1, ""purple"": 1, ""white"": 1, ""yellow"": 1}}",50,"[""B0B5ZS2J2W"", ""B0BNL5B54Z"", ""B08SBJ4HD6"", ""B08ZXTQC8P"", ""B0BZRCYNCG"", ""B0C3GP1BG9"", ""B00SV9RW6C"", ""B083VHP6BM"", ""B07MMH1579"", ""B07MYVS3F6""]",127.9668000061065,True,buying,B0B5ZS2J2W,1
public_0196,1,reranker,entropy,browsing,exploratory,Shoes Flats,[],[],"[""material"", ""fit"", ""comfort"", ""style""]","[""brand""]",brand,"{""entropy"": 6.30120956470982, ""value_counts"": {""akklian"": 1, ""alicegana"": 1, ""alpine swiss"": 1, ""andrew stevens"": 1, ""aokasii"": 1, ""asertyl shoes"": 1, ""ataiwee"": 4, ""athlefit"": 1, ""atoshopce"": 1, ""bdshoes"": 1, ""bernie mev"": 1, ""blue berry"": 1, ""chakie"": 1, ""cinak"": 1, ""colorxy"": 1, ""cybling"": 1, ""dailyshoes"": 3, ""defire"": 1, ""dream pairs"": 3, ""eagsouni"": 1, ""ellos"": 1, ""enzo romeo"": 1, ""fancy shoe land"": 1, ""farway"": 1, ""forucreate"": 2, ""generic"": 1, ""goupsky"": 1, ""guilty heart"": 2, ""guilty shoes"": 1, ""gyoume"": 1, ""hey dude"": 1, ""hifuar"": 1, ""ifang"": 1, ""interestprint"": 1, ""jacky's fashion sneakers"": 1, ""journee collection"": 1, ""jousen"": 1, ""kali footwear"": 1, ""keen"": 1, ""kneaborn"": 1, ""kpp"": 1, ""lacegre"": 1, ""lakiolins"": 1, ""laoks"": 1, ""lazzy"": 1, ""libre comme l'air"": 1, ""littleplum"": 1, ""louechy"": 2, ""lucasng"": 1, ""luoika"": 1, ""mordenmiss"": 1, ""mosha belle"": 1, ""mudd"": 1, ""musshoe"": 2, ""my*sky shoes"": 1, ""national"": 1, ""native shoes"": 2, ""nike"": 1, ""nine west"": 1, ""perfection in progress"": 1, ""pidoli"": 1, ""plaka"": 1, ""premier standard"": 1, ""shibever"": 1, ""shoes8teen"": 3, ""skechers"": 1, ""snidel"": 1, ""soho shoes"": 1, ""sole"": 1, ""sorel"": 1, ""sorliva"": 2, ""start"": 1, ""talaria"": 1, ""the house of flats"": 1, ""topline"": 1, ""toryk"": 1, ""uin"": 1, ""veittes"": 1, ""vooncosir"": 1, ""vwyit"": 1, ""wanted"": 1, ""wellup"": 1, ""wnrgd"": 1, ""yuhaotin"": 1, ""zhshiny"": 1}}",100,"[""B06XW5H35Q"", ""B016O9V8OM"", ""B081TLKRD4"", ""B089CWJF8D"", ""B07Y8CPZMS"", ""B095J2HZ35"", ""B08D8992KZ"", ""B08516Z84X"", ""B01EFVYAPK"", ""B09P347HN8""]",27.780500007793307,True,browsing,B073T364MM,
public_0196,2,reranker,entropy,browsing,exploratory,Shoes Flats,[],[],"[""material"", ""fit"", ""comfort"", ""style""]","[""brand"", ""feature""]",feature,"{""entropy"": 4.203251224651485, ""value_counts"": {""1*good stability: this sandal provides support and comfort f"": 1, ""100% fabric"": 1, ""100% fabric & polyester"": 1, ""100% faux suede"": 1, ""100% full grain leather"": 1, ""100% leather"": 5, ""100% mesh"": 1, ""100% polyester"": 2, ""100% synthetic"": 5, ""easy slip on style"": 1, ""eco-friendly and in control. buy these guilt-free, knowing y"": 1, ""ethylene vinyl acetate sole"": 2, ""fabric sole"": 1, ""faux leather sole"": 1, ""flat sandals/ closing method : slip-on"": 1, ""heel measures approximately 0.25 inches\"""": 1, ""heel measures approximately 3.5 inches\"""": 1, ""imported"": 4, ""knit fabric"": 1, ""leather sole"": 3, ""linen"": 1, ""man made"": 1, ""manmade sole"": 2, ""material: made of high-quality artificial pu material"": 1, ""mesh"": 1, ""pleather"": 1, ""polyurethane sole"": 1, ""rubber"": 2, ""rubber outsole."": 1, ""rubber sole"": 32, ""sandals 0-3 months girls; baby boy sandals 12-18 months; san"": 1, ""sandals for women wide width"": 1, ""sequins"": 1, ""shoes water for women woman mens womens men golf kids hiking"": 1, ""suede leather upper"": 2, ""suede sole"": 1, ""synthetic-and-fabric"": 1, ""upper material: cotton cloth"": 1, ""upper material: cow leather; outsole material: rubber"": 1, ""\u261dvisit the akklian store for more new clothes or shoes\u261d"": 1, ""\ud83c\udfc5 jacky's guarantee \u2013 that you will be absolutely satisfied "": 1}}",100,"[""B06XW5H35Q"", ""B016O9V8OM"", ""B081TLKRD4"", ""B089CWJF8D"", ""B07Y8CPZMS"", ""B095J2HZ35"", ""B08D8992KZ"", ""B08516Z84X"", ""B01EFVYAPK"", ""B09P347HN8""]",16.015300003346056,True,browsing,B073T364MM,
public_0196,3,reranker,entropy,browsing,specific,Shoes Flats,"[{""explicit"": false, ""hard"": false, ""kind"": ""feature"", ""negated"": false, ""source"": ""ambiguous_disclosure"", ""source_turn"": 3, ""strength"": 0.7, ""value"": ""Rubber sole""}, {""explicit"": false, ""hard"": false, ""kind"": ""feature"", ""negated"": false, ""source"": ""ambiguous_disclosure"", ""source_turn"": 3, ""strength"": 0.7, ""value"": ""Design in USA""}]",[],"[""material"", ""fit"", ""comfort"", ""style""]","[""brand"", ""feature"", ""use_case""]",use_case,"{""entropy"": 2.2754316010011366, ""value_counts"": {""casual"": 5, ""outdoor"": 1, ""running"": 3, ""walking"": 9, ""winter"": 2, ""work"": 8}}",50,"[""B073T364MM"", ""B08D8992KZ"", ""B081TLKRD4"", ""B077XL9DC8"", ""B07VWRNGFQ"", ""B06XW5H35Q"", ""B00L4DRUKA"", ""B07Y8CPZMS"", ""B016O9V8OM"", ""B071KGG6BT""]",27.9861000017263,True,browsing,B073T364MM,1
public_0198,1,reranker,entropy,buying,mixed,Handbags & Wallets Crossbody Bags,"[{""explicit"": false, ""hard"": false, ""kind"": ""feature"", ""negated"": true, ""source"": ""ambiguous_disclosure"", ""source_turn"": 1, ""strength"": 0.7, ""value"": ""Imported""}]",[],"[""material"", ""durability"", ""fit"", ""comfort""]","[""brand""]",brand,"{""entropy"": 5.579871564321786, ""value_counts"": {""21-k"": 1, ""aldo"": 1, ""alnice"": 1, ""american west jewelry"": 1, ""amhdv"": 1, ""angel kiss"": 1, ""annamito"": 1, ""artevil"": 1, ""baggallini"": 1, ""bcbgeneration"": 1, ""billabong"": 1, ""bostanten"": 1, ""brahmin"": 1, ""calvin klein"": 2, ""chala"": 1, ""chala group"": 2, ""cluci"": 1, ""co-lab by christopher kon"": 3, ""desigual"": 1, ""fashion glad"": 1, ""fossil"": 3, ""frye"": 1, ""generic"": 1, ""guess"": 1, ""ivanka trump"": 1, ""jessica simpson"": 1, ""jjai"": 1, ""jm just must"": 1, ""kana handmade"": 1, ""kate spade new york"": 1, ""kavu"": 1, ""kipling"": 2, ""kkxiu"": 1, ""latico"": 1, ""lesportsac"": 2, ""lovevook"": 1, ""lug"": 1, ""multisac"": 1, ""nine west"": 3, ""oak leathers"": 1, ""oohoo"": 1, ""over earth"": 1, ""paparazzi"": 1, ""poiugoya"": 1, ""rebecca minkoff"": 1, ""relic by fossil"": 1, ""rosetti"": 2, ""sakroots"": 1, ""sam edelman"": 1, ""the sak"": 7, ""think royln"": 1, ""tommy hilfiger"": 1, ""valentino"": 1, ""vera bradley"": 1, ""vince camuto"": 3, ""yaamstore"": 1}}",75,"[""B0BZRCYNCG"", ""B09JWBKRLX"", ""B0758SP79D"", ""B08ZXTQC8P"", ""B0BY2LM1KR"", ""B00FQZB09O"", ""B01I1ISOQ4"", ""B088M19KJ3"", ""B08RNHKLVX"", ""B088WWXD2P""]",73.22489999933168,True,intent_override,B08K1ZJZ4N,
public_0198,2,reranker,entropy,buying,mixed,Handbags & Wallets Crossbody Bags,"[{""explicit"": false, ""hard"": false, ""kind"": ""feature"", ""negated"": true, ""source"": ""ambiguous_disclosure"", ""source_turn"": 1, ""strength"": 0.7, ""value"": ""Imported""}]",[],"[""material"", ""durability"", ""fit"", ""comfort""]","[""brand"", ""feature""]",feature,"{""entropy"": 4.959502126987893, ""value_counts"": {""100% cotton"": 3, ""100% cowhide"": 1, ""100% full grain leather"": 1, ""100% hand-crochet polypropylene; lining: 100% polyester"": 1, ""100% leather"": 9, ""100% nylon"": 3, ""100% polyester"": 3, ""100% polyurethane"": 2, ""100% polyvinyl chloride"": 2, ""100% polyvinyl chloride; trim: 100% polyurethane"": 1, ""100% vinyl"": 1, ""artificial leather,leather,pu leather"": 1, ""canvas"": 2, ""coated canvas/polyester"": 1, ""cotton"": 1, ""cotton canvas"": 1, ""cow leather"": 1, ""cowhide leather"": 1, ""eco-friendly pu leather with gold tone hardware, no animals "": 1, ""embossed leather"": 1, ""faux leather"": 1, ""faux-leather"": 1, ""imported"": 6, ""kipling crossbody bags: fashionable & with multiple pockets,"": 1, ""leather"": 6, ""leather,pu leather"": 2, ""leather/polyester"": 1, ""made in the usa or imported"": 1, ""man made"": 1, ""manmade"": 1, ""nylon"": 2, ""polyester"": 2, ""polyester,pu leather"": 1, ""polypropylene"": 1, ""polyurethane"": 1, ""pu"": 1, ""pu leather"": 2, ""pu/synthetic leather"": 1, ""synthetic"": 1, ""vegan leather"": 2, ""woven"": 1}}",75,"[""B0BZRCYNCG"", ""B09JWBKRLX"", ""B0758SP79D"", ""B08ZXTQC8P"", ""B0BY2LM1KR"", ""B00FQZB09O"", ""B01I1ISOQ4"", ""B088M19KJ3"", ""B08RNHKLVX"", ""B088WWXD2P""]",24.14729999145493,True,intent_override,B08K1ZJZ4N,
public_0198,3,reranker,entropy,buying,specific,Handbags & Wallets Crossbody Bags,"[{""explicit"": false, ""hard"": false, ""kind"": ""feature"", ""negated"": true, ""source"": ""ambiguous_disclosure"", ""source_turn"": 1, ""strength"": 0.7, ""value"": ""Imported""}, {""explicit"": false, ""hard"": false, ""kind"": ""feature"", ""negated"": false, ""source"": ""ambiguous_disclosure"", ""source_turn"": 3, ""strength"": 0.7, ""value"": ""PU""}]",[],"[""material"", ""durability"", ""fit"", ""comfort""]","[""brand"", ""feature"", ""use_case""]",use_case,"{""entropy"": 2.252878689342031, ""value_counts"": {""casual"": 4, ""gym"": 2, ""hiking"": 2, ""outdoor"": 3, ""walking"": 1, ""winter"": 1, ""work"": 12}}",50,"[""B08SBJ4HD6"", ""B0BNL5B54Z"", ""B088M19KJ3"", ""B07Q8VPHJJ"", ""B09JWBKRLX"", ""B0BZRCYNCG"", ""B07PPSWHR3"", ""B07T4JG816"", ""B0BY2LM1KR"", ""B06Y16JRPV""]",141.08249999117106,True,intent_override,B08K1ZJZ4N,
public_0198,4,reranker,entropy,buying,specific,Handbags & Wallets Crossbody Bags,"[{""explicit"": false, ""hard"": false, ""kind"": ""feature"", ""negated"": false, ""source"": ""ambiguous_disclosure"", ""source_turn"": 3, ""strength"": 0.7, ""value"": ""PU""}, {""explicit"": true, ""hard"": true, ""kind"": ""material"", ""negated"": false, ""source"": ""explicit_requirement"", ""source_turn"": 4, ""strength"": 1.0, ""value"": ""leather""}]","[{""explicit"": true, ""hard"": true, ""kind"": ""feature"", ""negated"": true, ""source"": ""negation_or_replacement"", ""source_turn"": 4, ""strength"": 1.0, ""value"": ""Imported""}]","[""material"", ""durability"", ""fit"", ""comfort""]","[""brand"", ""feature"", ""use_case"", ""color""]",color,"{""entropy"": 2.040223928941852, ""value_counts"": {""black"": 8, ""blue"": 2, ""orange"": 1, ""pink"": 1, ""red"": 2, ""white"": 1}}",50,"[""B0832WHYH3"", ""B07B2S1XWM"", ""B09CPRC24M"", ""B07XJ7496T"", ""B07T6Y4T31"", ""B09GXCZQLV"", ""B08XXBRXHG"", ""B07M774DH5"", ""B092S3YGJZ"", ""B07YJNJYK6""]",160.54599999915808,True,intent_override,B08K1ZJZ4N,
public_0198,5,reranker,entropy,buying,specific,Handbags & Wallets Crossbody Bags,"[{""explicit"": false, ""hard"": false, ""kind"": ""feature"", ""negated"": false, ""source"": ""ambiguous_disclosure"", ""source_turn"": 3, ""strength"": 0.7, ""value"": ""PU""}, {""explicit"": true, ""hard"": true, ""kind"": ""material"", ""negated"": false, ""source"": ""explicit_requirement"", ""source_turn"": 4, ""strength"": 1.0, ""value"": ""leather""}, {""explicit"": false, ""hard"": false, ""kind"": ""color"", ""negated"": false, ""source"": ""ambiguous_disclosure"", ""source_turn"": 5, ""strength"": 0.7, ""value"": ""color: black""}]","[{""explicit"": true, ""hard"": true, ""kind"": ""feature"", ""negated"": true, ""source"": ""negation_or_replacement"", ""source_turn"": 4, ""strength"": 1.0, ""value"": ""Imported""}]","[""material"", ""durability"", ""fit"", ""comfort""]","[""brand"", ""feature"", ""use_case"", ""color"", ""size""]",size,"{""entropy"": 1.0, ""value_counts"": {""2.8\"" x 4.8\"""": 1, ""large"": 1}}",50,"[""B019F0SN0O"", ""B07M774DH5"", ""B0832WHYH3"", ""B0BGHFFFTJ"", ""B07B2S1XWM"", ""B07XJ7496T"", ""B09GXCZQLV"", ""B07Y5QHFKZ"", ""B07YJNJYK6"", ""B07XKRM2XD""]",168.7505999871064,True,intent_override,B08K1ZJZ4N,
public_0198,6,reranker,entropy,buying,specific,Handbags & Wallets Crossbody Bags,"[{""explicit"": false, ""hard"": false, ""kind"": ""feature"", ""negated"": false, ""source"": ""ambiguous_disclosure"", ""source_turn"": 3, ""strength"": 0.7, ""value"": ""PU""}, {""explicit"": true, ""hard"": true, ""kind"": ""material"", ""negated"": false, ""source"": ""explicit_requirement"", ""source_turn"": 4, ""strength"": 1.0, ""value"": ""leather""}, {""explicit"": false, ""hard"": false, ""kind"": ""color"", ""negated"": false, ""source"": ""ambiguous_disclosure"", ""source_turn"": 5, ""strength"": 0.7, ""value"": ""color: black""}]","[{""explicit"": true, ""hard"": true, ""kind"": ""feature"", ""negated"": true, ""source"": ""negation_or_replacement"", ""source_turn"": 4, ""strength"": 1.0, ""value"": ""Imported""}]","[""material"", ""durability"", ""fit"", ""comfort""]","[""brand"", ""feature"", ""use_case"", ""color"", ""size"", ""budget""]",budget,"{""entropy"": 0.9967916319816366, ""value_counts"": {""under_25"": 8, ""under_50"": 7}}",50,"[""B019F0SN0O"", ""B07M774DH5"", ""B0832WHYH3"", ""B0BGHFFFTJ"", ""B07B2S1XWM"", ""B07XJ7496T"", ""B09GXCZQLV"", ""B07Y5QHFKZ"", ""B07YJNJYK6"", ""B07XKRM2XD""]",25.843899988103658,True,intent_override,B08K1ZJZ4N,
public_0198,7,reranker,entropy,buying,specific,Handbags & Wallets Crossbody Bags,"[{""explicit"": false, ""hard"": false, ""kind"": ""feature"", ""negated"": false, ""source"": ""ambiguous_disclosure"", ""source_turn"": 3, ""strength"": 0.7, ""value"": ""PU""}, {""explicit"": true, ""hard"": true, ""kind"": ""material"", ""negated"": false, ""source"": ""explicit_requirement"", ""source_turn"": 4, ""strength"": 1.0, ""value"": ""leather""}, {""explicit"": false, ""hard"": false, ""kind"": ""color"", ""negated"": false, ""source"": ""ambiguous_disclosure"", ""source_turn"": 5, ""strength"": 0.7, ""value"": ""color: black""}]","[{""explicit"": true, ""hard"": true, ""kind"": ""feature"", ""negated"": true, ""source"": ""negation_or_replacement"", ""source_turn"": 4, ""strength"": 1.0, ""value"": ""Imported""}]","[""material"", ""durability"", ""fit"", ""comfort""]","[""brand"", ""feature"", ""use_case"", ""color"", ""size"", ""budget"", ""style""]",style,"{""entropy"": 0.8380476405328693, ""value_counts"": {""unisex-adult"": 2, ""women"": 4, ""womens"": 38, ""womens, mens"": 1}}",50,"[""B019F0SN0O"", ""B07M774DH5"", ""B0832WHYH3"", ""B0BGHFFFTJ"", ""B07B2S1XWM"", ""B07XJ7496T"", ""B09GXCZQLV"", ""B07Y5QHFKZ"", ""B07YJNJYK6"", ""B07XKRM2XD""]",25.685800006613135,True,intent_override,B08K1ZJZ4N,
public_0198,8,reranker,entropy,buying,specific,Handbags & Wallets Crossbody Bags,"[{""explicit"": false, ""hard"": false, ""kind"": ""feature"", ""negated"": false, ""source"": ""ambiguous_disclosure"", ""source_turn"": 3, ""strength"": 0.7, ""value"": ""PU""}, {""explicit"": true, ""hard"": true, ""kind"": ""material"", ""negated"": false, ""source"": ""explicit_requirement"", ""source_turn"": 4, ""strength"": 1.0, ""value"": ""leather""}, {""explicit"": false, ""hard"": false, ""kind"": ""color"", ""negated"": false, ""source"": ""ambiguous_disclosure"", ""source_turn"": 5, ""strength"": 0.7, ""value"": ""color: black""}]","[{""explicit"": true, ""hard"": true, ""kind"": ""feature"", ""negated"": true, ""source"": ""negation_or_replacement"", ""source_turn"": 4, ""strength"": 1.0, ""value"": ""Imported""}]","[""material"", ""durability"", ""fit"", ""comfort""]","[""brand"", ""feature"", ""use_case"", ""color"", ""size"", ""budget"", ""style"", ""material""]",material,"{""entropy"": 0.8157272136052185, ""value_counts"": {""leather"": 40, ""nylon"": 1, ""polyester"": 9}}",50,"[""B019F0SN0O"", ""B07M774DH5"", ""B0832WHYH3"", ""B0BGHFFFTJ"", ""B07B2S1XWM"", ""B07XJ7496T"", ""B09GXCZQLV"", ""B07Y5QHFKZ"", ""B07YJNJYK6"", ""B07XKRM2XD""]",17.92169999680482,True,intent_override,B08K1ZJZ4N,
public_0198,9,reranker,entropy,buying,specific,Handbags & Wallets Crossbody Bags,"[{""explicit"": false, ""hard"": false, ""kind"": ""feature"", ""negated"": false, ""source"": ""ambiguous_disclosure"", ""source_turn"": 3, ""strength"": 0.7, ""value"": ""PU""}, {""explicit"": true, ""hard"": true, ""kind"": ""material"", ""negated"": false, ""source"": ""explicit_requirement"", ""source_turn"": 4, ""strength"": 1.0, ""value"": ""leather""}, {""explicit"": false, ""hard"": false, ""kind"": ""color"", ""negated"": false, ""source"": ""ambiguous_disclosure"", ""source_turn"": 5, ""strength"": 0.7, ""value"": ""color: black""}]","[{""explicit"": true, ""hard"": true, ""kind"": ""feature"", ""negated"": true, ""source"": ""negation_or_replacement"", ""source_turn"": 4, ""strength"": 1.0, ""value"": ""Imported""}]","[""material"", ""durability"", ""fit"", ""comfort""]","[""brand"", ""feature"", ""use_case"", ""color"", ""size"", ""budget"", ""style"", ""material"", ""other""]",other,"{""fallback"": ""fewer_than_two_meaningful_values""}",50,"[""B019F0SN0O"", ""B07M774DH5"", ""B0832WHYH3"", ""B0BGHFFFTJ"", ""B07B2S1XWM"", ""B07XJ7496T"", ""B09GXCZQLV"", ""B07Y5QHFKZ"", ""B07YJNJYK6"", ""B07XKRM2XD""]",14.958899992052466,True,intent_override,B08K1ZJZ4N,
public_0198,10,reranker,entropy,buying,specific,Handbags & Wallets Crossbody Bags,"[{""explicit"": false, ""hard"": false, ""kind"": ""feature"", ""negated"": false, ""source"": ""ambiguous_disclosure"", ""source_turn"": 3, ""strength"": 0.7, ""value"": ""PU""}, {""explicit"": true, ""hard"": true, ""kind"": ""material"", ""negated"": false, ""source"": ""explicit_requirement"", ""source_turn"": 4, ""strength"": 1.0, ""value"": ""leather""}, {""explicit"": false, ""hard"": false, ""kind"": ""color"", ""negated"": false, ""source"": ""ambiguous_disclosure"", ""source_turn"": 5, ""strength"": 0.7, ""value"": ""color: black""}]","[{""explicit"": true, ""hard"": true, ""kind"": ""feature"", ""negated"": true, ""source"": ""negation_or_replacement"", ""source_turn"": 4, ""strength"": 1.0, ""value"": ""Imported""}]","[""material"", ""durability"", ""fit"", ""comfort""]","[""brand"", ""feature"", ""use_case"", ""color"", ""size"", ""budget"", ""style"", ""material"", ""other""]",other,"{""fallback"": ""fewer_than_two_meaningful_values""}",50,"[""B019F0SN0O"", ""B07M774DH5"", ""B0832WHYH3"", ""B0BGHFFFTJ"", ""B07B2S1XWM"", ""B07XJ7496T"", ""B09GXCZQLV"", ""B07Y5QHFKZ"", ""B07YJNJYK6"", ""B07XKRM2XD""]",15.171300008660182,True,intent_override,B08K1ZJZ4N,
public_0001,1,reranker,rank_aware,buying,specific,Jewelry Necklaces,"[{""explicit"": true, ""hard"": true, ""kind"": ""feature"", ""negated"": false, ""source"": ""explicit_requirement"", ""source_turn"": 1, ""strength"": 1.0, ""value"": ""Material:alloy""}]",[],"[""fit"", ""comfort"", ""durability""]","[""feature""]",feature,"{""baseline_utility"": 0.2899841067665885, ""expected_gain"": 1.5918730360905544, ""expected_utility"": 1.881857142857143, ""meaningful_values"": 41}",50,"[""B0140NWUGE"", ""B072PTLN1L"", ""B017NHP88G"", ""B0046EC1NK"", ""B003UHUPM8"", ""B07CZ2TPVB"", ""B0028N6VFA"", ""B07CVVF3G2"", ""B000UZJVU0"", ""B075KXNBNF""]",15.212300000712276,True,buying,B09PYB7B6Z,
public_0001,2,reranker,rank_aware,buying,specific,Jewelry Necklaces,"[{""explicit"": true, ""hard"": true, ""kind"": ""feature"", ""negated"": false, ""source"": ""explicit_requirement"", ""source_turn"": 1, ""strength"": 1.0, ""value"": ""Material:alloy""}, {""explicit"": false, ""hard"": false, ""kind"": ""feature"", ""negated"": false, ""source"": ""ambiguous_disclosure"", ""source_turn"": 2, ""strength"": 0.7, ""value"": ""Triple Moon Pentagram Symbol""}, {""explicit"": false, ""hard"": false, ""kind"": ""feature"", ""negated"": false, ""source"": ""ambiguous_disclosure"", ""source_turn"": 2, ""strength"": 0.7, ""value"": ""The Triple Moon represents the Phases of the Moon which are linked to the three aspects of the Goddess and the phases of the Life of Women.The Pentagram representing the holistic r""}]",[],"[""fit"", ""comfort"", ""durability""]","[""feature"", ""brand""]",brand,"{""baseline_utility"": 0.2899841067665885, ""expected_gain"": 1.5810397027572212, ""expected_utility"": 1.8710238095238096, ""meaningful_values"": 41}",50,"[""B09PYB7B6Z"", ""B0B3MQKT6F"", ""B087CP31XD"", ""B0BG21X73H"", ""B07HRJVGP2"", ""B0817Y931T"", ""B01KXEV2M2"", ""B083SDLMWT"", ""B07JVDM9VX"", ""B000UZJVU0""]",19.09479999449104,True,buying,B09PYB7B6Z,1
public_0003,1,reranker,rank_aware,buying,mixed,Watches Wrist Watches,"[{""explicit"": false, ""hard"": false, ""kind"": ""feature"", ""negated"": true, ""source"": ""ambiguous_disclosure"", ""source_turn"": 1, ""strength"": 0.7, ""value"": ""Stainless Steel Band""}]",[],"[""material"", ""fit""]","[""brand""]",brand,"{""baseline_utility"": 0.1986847417407073, ""expected_gain"": 1.6634792794233142, ""expected_utility"": 1.8621640211640216, ""meaningful_values"": 59}",75,"[""B07CYNQZ3Z"", ""B089JY2X5D"", ""B0196A59GY"", ""B01ETFUBCS"", ""B07GPDCGD2"", ""B013W4LCFC"", ""B08R3J6GRL"", ""B07CQHXB6X"", ""B07K2Q1N4B"", ""B07NJFNRG9""]",15.149700018810108,True,intent_override,B09YMTWDXJ,
public_0003,2,reranker,rank_aware,buying,mixed,Watches Wrist Watches,"[{""explicit"": false, ""hard"": false, ""kind"": ""feature"", ""negated"": true, ""source"": ""ambiguous_disclosure"", ""source_turn"": 1, ""strength"": 0.7, ""value"": ""Stainless Steel Band""}]",[],"[""material"", ""fit""]","[""brand"", ""feature""]",feature,"{""baseline_utility"": 0.1986847417407073, ""expected_gain"": 1.5698593091366768, ""expected_utility"": 1.7685440508773842, ""meaningful_values"": 59}",75,"[""B07CYNQZ3Z"", ""B089JY2X5D"", ""B0196A59GY"", ""B01ETFUBCS"", ""B07GPDCGD2"", ""B013W4LCFC"", ""B08R3J6GRL"", ""B07CQHXB6X"", ""B07K2Q1N4B"", ""B07NJFNRG9""]",14.93149998714216,True,intent_override,B09YMTWDXJ,
public_0003,3,reranker,rank_aware,buying,specific,Watches Wrist Watches,"[{""explicit"": true, ""hard"": true, ""kind"": ""feature"", ""negated"": false, ""source"": ""explicit_requirement"", ""source_turn"": 3, ""strength"": 1.0, ""value"": ""Water Resistant""}]","[{""explicit"": true, ""hard"": true, ""kind"": ""feature"", ""negated"": true, ""source"": ""negation_or_replacement"", ""source_turn"": 3, ""strength"": 1.0, ""value"": ""Stainless Steel Band""}]","[""material"", ""fit""]","[""brand"", ""feature"", ""color""]",color,"{""baseline_utility"": 0.2899841067665885, ""expected_gain"": 0.6828697872753865, ""expected_utility"": 0.972853894041975, ""meaningful_values"": 7}",50,"[""B0006ZR4J4"", ""B01J5RRQJG"", ""B07QW3GYSP"", ""B07CYNQZ3Z"", ""B00016W998"", ""B000IZ9F5I"", ""B001792BWI"", ""B001XQQXZG"", ""B08GHDQLPK"", ""B000UVTZUU""]",164.1302999923937,True,intent_override,B09YMTWDXJ,
public_0003,4,reranker,rank_aware,buying,specific,Watches Wrist Watches,"[{""explicit"": true, ""hard"": true, ""kind"": ""feature"", ""negated"": false, ""source"": ""explicit_requirement"", ""source_turn"": 3, ""strength"": 1.0, ""value"": ""Water Resistant""}]","[{""explicit"": true, ""hard"": true, ""kind"": ""feature"", ""negated"": true, ""source"": ""negation_or_replacement"", ""source_turn"": 3, ""strength"": 1.0, ""value"": ""Stainless Steel Band""}]","[""material"", ""fit""]","[""brand"", ""feature"", ""color"", ""style""]",style,"{""baseline_utility"": 0.2899841067665885, ""expected_gain"": 0.5148911853319301, ""expected_utility"": 0.8048752920985186, ""meaningful_values"": 7}",50,"[""B0006ZR4J4"", ""B01J5RRQJG"", ""B07QW3GYSP"", ""B07CYNQZ3Z"", ""B00016W998"", ""B000IZ9F5I"", ""B001792BWI"", ""B001XQQXZG"", ""B08GHDQLPK"", ""B000UVTZUU""]",17.75379999889992,True,intent_override,B09YMTWDXJ,
public_0003,5,reranker,rank_aware,buying,specific,Watches Wrist Watches,"[{""explicit"": true, ""hard"": true, ""kind"": ""feature"", ""negated"": false, ""source"": ""explicit_requirement"", ""source_turn"": 3, ""strength"": 1.0, ""value"": ""Water Resistant""}]","[{""explicit"": true, ""hard"": true, ""kind"": ""feature"", ""negated"": true, ""source"": ""negation_or_replacement"", ""source_turn"": 3, ""strength"": 1.0, ""value"": ""Stainless Steel Band""}]","[""material"", ""fit""]","[""brand"", ""feature"", ""color"", ""style"", ""use_case""]",use_case,"{""baseline_utility"": 0.2899841067665885, ""expected_gain"": 0.47519954850236423, ""expected_utility"": 0.7651836552689527, ""meaningful_values"": 7}",50,"[""B0006ZR4J4"", ""B01J5RRQJG"", ""B07QW3GYSP"", ""B07CYNQZ3Z"", ""B00016W998"", ""B000IZ9F5I"", ""B001792BWI"", ""B001XQQXZG"", ""B08GHDQLPK"", ""B000UVTZUU""]",13.482199981808662,True,intent_override,B09YMTWDXJ,
public_0003,6,reranker,rank_aware,buying,specific,Watches Wrist Watches,"[{""explicit"": true, ""hard"": true, ""kind"": ""feature"", ""negated"": false, ""source"": ""explicit_requirement"", ""source_turn"": 3, ""strength"": 1.0, ""value"": ""Water Resistant""}]","[{""explicit"": true, ""hard"": true, ""kind"": ""feature"", ""negated"": true, ""source"": ""negation_or_replacement"", ""source_turn"": 3, ""strength"": 1.0, ""value"": ""Stainless Steel Band""}]","[""material"", ""fit""]","[""brand"", ""feature"", ""color"", ""style"", ""use_case"", ""material""]",material,"{""baseline_utility"": 0.2899841067665885, ""expected_gain"": 0.3973042232755931, ""expected_utility"": 0.6872883300421816, ""meaningful_values"": 5}",50,"[""B0006ZR4J4"", ""B01J5RRQJG"", ""B07QW3GYSP"", ""B07CYNQZ3Z"", ""B00016W998"", ""B000IZ9F5I"", ""B001792BWI"", ""B001XQQXZG"", ""B08GHDQLPK"", ""B000UVTZUU""]",13.120699994033203,True,intent_override,B09YMTWDXJ,
public_0003,7,reranker,rank_aware,buying,specific,Watches Wrist Watches,"[{""explicit"": true, ""hard"": true, ""kind"": ""feature"", ""negated"": false, ""source"": ""explicit_requirement"", ""source_turn"": 3, ""strength"": 1.0, ""value"": ""Water Resistant""}]","[{""explicit"": true, ""hard"": true, ""kind"": ""feature"", ""negated"": true, ""source"": ""negation_or_replacement"", ""source_turn"": 3, ""strength"": 1.0, ""value"": ""Stainless Steel Band""}]","[""material"", ""fit""]","[""brand"", ""feature"", ""color"", ""style"", ""use_case"", ""material"", ""budget""]",budget,"{""baseline_utility"": 0.2899841067665885, ""expected_gain"": 0.12785935180603675, ""expected_utility"": 0.4178434585726252, ""meaningful_values"": 4}",50,"[""B0006ZR4J4"", ""B01J5RRQJG"", ""B07QW3GYSP"", ""B07CYNQZ3Z"", ""B00016W998"", ""B000IZ9F5I"", ""B001792BWI"", ""B001XQQXZG"", ""B08GHDQLPK"", ""B000UVTZUU""]",16.860299976542592,True,intent_override,B09YMTWDXJ,
public_0003,8,reranker,rank_aware,buying,specific,Watches Wrist Watches,"[{""explicit"": true, ""hard"": true, ""kind"": ""feature"", ""negated"": false, ""source"": ""explicit_requirement"", ""source_turn"": 3, ""strength"": 1.0, ""value"": ""Water Resistant""}]","[{""explicit"": true, ""hard"": true, ""kind"": ""feature"", ""negated"": true, ""source"": ""negation_or_replacement"", ""source_turn"": 3, ""strength"": 1.0, ""value"": ""Stainless Steel Band""}]","[""material"", ""fit""]","[""brand"", ""feature"", ""color"", ""style"", ""use_case"", ""material"", ""budget"", ""size""]",size,"{""baseline_utility"": 0.2899841067665885, ""expected_gain"": 0.10750478927203055, ""expected_utility"": 0.39748889603861903, ""meaningful_values"": 2}",50,"[""B0006ZR4J4"", ""B01J5RRQJG"", ""B07QW3GYSP"", ""B07CYNQZ3Z"", ""B00016W998"", ""B000IZ9F5I"", ""B001792BWI"", ""B001XQQXZG"", ""B08GHDQLPK"", ""B000UVTZUU""]",23.96660001249984,True,intent_override,B09YMTWDXJ,
public_0003,9,reranker,rank_aware,buying,specific,Watches Wrist Watches,"[{""explicit"": true, ""hard"": true, ""kind"": ""feature"", ""negated"": false, ""source"": ""explicit_requirement"", ""source_turn"": 3, ""strength"": 1.0, ""value"": ""Water Resistant""}]","[{""explicit"": true, ""hard"": true, ""kind"": ""feature"", ""negated"": true, ""source"": ""negation_or_replacement"", ""source_turn"": 3, ""strength"": 1.0, ""value"": ""Stainless Steel Band""}]","[""material"", ""fit""]","[""brand"", ""feature"", ""color"", ""style"", ""use_case"", ""material"", ""budget"", ""size"", ""other""]",other,"{""fallback"": ""fewer_than_two_meaningful_values""}",50,"[""B0006ZR4J4"", ""B01J5RRQJG"", ""B07QW3GYSP"", ""B07CYNQZ3Z"", ""B00016W998"", ""B000IZ9F5I"", ""B001792BWI"", ""B001XQQXZG"", ""B08GHDQLPK"", ""B000UVTZUU""]",33.62069997820072,True,intent_override,B09YMTWDXJ,
public_0003,10,reranker,rank_aware,buying,specific,Watches Wrist Watches,"[{""explicit"": true, ""hard"": true, ""kind"": ""feature"", ""negated"": false, ""source"": ""explicit_requirement"", ""source_turn"": 3, ""strength"": 1.0, ""value"": ""Water Resistant""}, {""explicit"": false, ""hard"": false, ""kind"": ""feature"", ""negated"": false, ""source"": ""ambiguous_disclosure"", ""source_turn"": 10, ""strength"": 0.7, ""value"": ""3 Year Battery""}, {""explicit"": false, ""hard"": false, ""kind"": ""feature"", ""negated"": false, ""source"": ""ambiguous_disclosure"", ""source_turn"": 10, ""strength"": 0.7, ""value"": ""Day / Date Indicator""}]","[{""explicit"": true, ""hard"": true, ""kind"": ""feature"", ""negated"": true, ""source"": ""negation_or_replacement"", ""source_turn"": 3, ""strength"": 1.0, ""value"": ""Stainless Steel Band""}]","[""material"", ""fit""]","[""brand"", ""feature"", ""color"", ""style"", ""use_case"", ""material"", ""budget"", ""size"", ""other""]",other,"{""fallback"": ""fewer_than_two_meaningful_values""}",50,"[""B002EZZN4W"", ""B09YMTWDXJ"", ""B000EQU0NW"", ""B079Q78Q9N"", ""B00IRLC1OC"", ""B0BM4WGCJ6"", ""B07WDTRJK7"", ""B00284ADC6"", ""B07GBT82S7"", ""B004XF7NH6""]",165.6498999800533,True,intent_override,B09YMTWDXJ,2
public_0004,1,reranker,rank_aware,buying,mixed,Tops & Tees Tanks & Camis,"[{""explicit"": false, ""hard"": false, ""kind"": ""style"", ""negated"": true, ""source"": ""ambiguous_disclosure"", ""source_turn"": 1, ""strength"": 0.7, ""value"": ""Long torso camisole for extra coverage with spagetti adjustable strap for perfect fit""}]",[],"[""weather"", ""warmth"", ""material"", ""comfort""]","[""brand""]",brand,"{""baseline_utility"": 0.1986847417407073, ""expected_gain"": 1.7424263693704038, ""expected_utility"": 1.9411111111111112, ""meaningful_values"": 67}",75,"[""B08GJ7RG8D"", ""B07C2XPZ6D"", ""B08BWZD2FH"", ""B07F3FRGB5"", ""B09H227YL1"", ""B08BC78Y59"", ""B088KD56CJ"", ""B09Z7DBCKQ"", ""B08YJV7B6K"", ""B09ZH7HNCG""]",26.24660002766177,True,intent_override,B07C2XPZ6D,2
public_0004,2,reranker,rank_aware,buying,mixed,Tops & Tees Tanks & Camis,"[{""explicit"": false, ""hard"": false, ""kind"": ""style"", ""negated"": true, ""source"": ""ambiguous_disclosure"", ""source_turn"": 1, ""strength"": 0.7, ""value"": ""Long torso camisole for extra coverage with spagetti adjustable strap for perfect fit""}]",[],"[""weather"", ""warmth"", ""material"", ""comfort""]","[""brand"", ""feature""]",feature,"{""baseline_utility"": 0.1986847417407073, ""expected_gain"": 1.5764581154021495, ""expected_utility"": 1.775142857142857, ""meaningful_values"": 49}",75,"[""B08GJ7RG8D"", ""B07C2XPZ6D"", ""B08BWZD2FH"", ""B07F3FRGB5"", ""B09H227YL1"", ""B08BC78Y59"", ""B088KD56CJ"", ""B09Z7DBCKQ"", ""B08YJV7B6K"", ""B09ZH7HNCG""]",23.119599994970486,True,intent_override,B07C2XPZ6D,2
public_0004,3,reranker,rank_aware,buying,specific,Tops & Tees Tanks & Camis,"[{""explicit"": true, ""hard"": true, ""kind"": ""material"", ""negated"": false, ""source"": ""explicit_requirement"", ""source_turn"": 3, ""strength"": 1.0, ""value"": ""polyester""}]","[{""explicit"": true, ""hard"": true, ""kind"": ""style"", ""negated"": true, ""source"": ""negation_or_replacement"", ""source_turn"": 3, ""strength"": 1.0, ""value"": ""Long torso camisole for extra coverage with spagetti adjustable strap for perfect fit""}]","[""weather"", ""warmth"", ""material"", ""comfort""]","[""brand"", ""feature"", ""color""]",color,"{""baseline_utility"": 0.2899841067665885, ""expected_gain"": 0.5314927429923815, ""expected_utility"": 0.82147684975897, ""meaningful_values"": 7}",50,"[""B016NUQODM"", ""B01H3R4LQ6"", ""B07CMP3PG8"", ""B00L9ZBCV6"", ""B015LCMLQM"", ""B00HA8565E"", ""B011INL1WS"", ""B014J9VXLW"", ""B07Z5S6GHC"", ""B01MSCZNDL""]",29.96980000170879,True,intent_override,B07C2XPZ6D,
public_0004,4,reranker,rank_aware,buying,specific,Tops & Tees Tanks & Camis,"[{""explicit"": true, ""hard"": true, ""kind"": ""material"", ""negated"": false, ""source"": ""explicit_requirement"", ""source_turn"": 3, ""strength"": 1.0, ""value"": ""polyester""}]","[{""explicit"": true, ""hard"": true, ""kind"": ""style"", ""negated"": true, ""source"": ""negation_or_replacement"", ""source_turn"": 3, ""strength"": 1.0, ""value"": ""Long torso camisole for extra coverage with spagetti adjustable strap for perfect fit""}]","[""weather"", ""warmth"", ""material"", ""comfort""]","[""brand"", ""feature"", ""color"", ""use_case""]",use_case,"{""baseline_utility"": 0.2899841067665885, ""expected_gain"": 0.49745484576475807, ""expected_utility"": 0.7874389525313465, ""meaningful_values"": 6}",50,"[""B016NUQODM"", ""B01H3R4LQ6"", ""B07CMP3PG8"", ""B00L9ZBCV6"", ""B015LCMLQM"", ""B00HA8565E"", ""B011INL1WS"", ""B014J9VXLW"", ""B07Z5S6GHC"", ""B01MSCZNDL""]",21.242399991024286,True,intent_override,B07C2XPZ6D,
public_0004,5,reranker,rank_aware,buying,specific,Tops & Tees Tanks & Camis,"[{""explicit"": true, ""hard"": true, ""kind"": ""material"", ""negated"": false, ""source"": ""explicit_requirement"", ""source_turn"": 3, ""strength"": 1.0, ""value"": ""polyester""}]","[{""explicit"": true, ""hard"": true, ""kind"": ""style"", ""negated"": true, ""source"": ""negation_or_replacement"", ""source_turn"": 3, ""strength"": 1.0, ""value"": ""Long torso camisole for extra coverage with spagetti adjustable strap for perfect fit""}]","[""weather"", ""warmth"", ""material"", ""comfort""]","[""brand"", ""feature"", ""color"", ""use_case"", ""material""]",material,"{""baseline_utility"": 0.2899841067665885, ""expected_gain"": 0.2610879587060684, ""expected_utility"": 0.5510720654726569, ""meaningful_values"": 2}",50,"[""B016NUQODM"", ""B01H3R4LQ6"", ""B07CMP3PG8"", ""B00L9ZBCV6"", ""B015LCMLQM"", ""B00HA8565E"", ""B011INL1WS"", ""B014J9VXLW"", ""B07Z5S6GHC"", ""B01MSCZNDL""]",31.74459998263046,True,intent_override,B07C2XPZ6D,
public_0004,6,reranker,rank_aware,buying,specific,Tops & Tees Tanks & Camis,"[{""explicit"": true, ""hard"": true, ""kind"": ""material"", ""negated"": false, ""source"": ""explicit_requirement"", ""source_turn"": 3, ""strength"": 1.0, ""value"": ""polyester""}, {""explicit"": false, ""hard"": false, ""kind"": ""material"", ""negated"": false, ""source"": ""ambiguous_disclosure"", ""source_turn"": 6, ""strength"": 0.7, ""value"": ""Polyester,Cotton,Spandex""}, {""explicit"": false, ""hard"": false, ""kind"": ""material"", ""negated"": false, ""source"": ""ambiguous_disclosure"", ""source_turn"": 6, ""strength"": 0.7, ""value"": ""Quality soft cottonblend camisole, 95% cotton, 5% spandex, Neon Colors 57% cotton 38% polyester 5% spandex""}]","[{""explicit"": true, ""hard"": true, ""kind"": ""style"", ""negated"": true, ""source"": ""negation_or_replacement"", ""source_turn"": 3, ""strength"": 1.0, ""value"": ""Long torso camisole for extra coverage with spagetti adjustable strap for perfect fit""}]","[""weather"", ""warmth"", ""material"", ""comfort""]","[""brand"", ""feature"", ""color"", ""use_case"", ""material"", ""style""]",style,"{""baseline_utility"": 0.2899841067665885, ""expected_gain"": 0.20947041109999365, ""expected_utility"": 0.4994545178665821, ""meaningful_values"": 5}",50,"[""B08FC1WB1X"", ""B07DCB85D3"", ""B011INL1WS"", ""B015LCMLQM"", ""B01I9XLXAA"", ""B014J9VXLW"", ""B08R3PDQHG"", ""B07C2XPZ6D"", ""B07CMP3PG8"", ""B08922HTZB""]",30.71690001524985,True,intent_override,B07C2XPZ6D,8
public_0005,1,reranker,rank_aware,buying,specific,Outdoor & Work Snow & Cold Weather,"[{""explicit"": true, ""hard"": true, ""kind"": ""material"", ""negated"": false, ""source"": ""explicit_requirement"", ""source_turn"": 1, ""strength"": 1.0, ""value"": ""leather""}]",[],"[""comfort"", ""fit"", ""style"", ""durability""]","[""brand""]",brand,"{""baseline_utility"": 0.2899841067665885, ""expected_gain"": 1.401080106797625, ""expected_utility"": 1.6910642135642135, ""meaningful_values"": 32}",50,"[""B001AO2Y4U"", ""B004LDLVQO"", ""B004KNW8QM"", ""B0031MAI56"", ""B01N6GQYJ5"", ""B098WSZ5KD"", ""B004KNWHGS"", ""B0091GVUEE"", ""B006L2P7A4"", ""B018TA64VQ""]",37.84470001119189,True,buying,B074G1JP8Z,
public_0005,2,reranker,rank_aware,buying,specific,Outdoor & Work Snow & Cold Weather,"[{""explicit"": true, ""hard"": true, ""kind"": ""material"", ""negated"": false, ""source"": ""explicit_requirement"", ""source_turn"": 1, ""strength"": 1.0, ""value"": ""leather""}]",[],"[""comfort"", ""fit"", ""style"", ""durability""]","[""brand"", ""feature""]",feature,"{""baseline_utility"": 0.2899841067665885, ""expected_gain"": 1.0687438123730955, ""expected_utility"": 1.358727919139684, ""meaningful_values"": 21}",50,"[""B001AO2Y4U"", ""B004LDLVQO"", ""B004KNW8QM"", ""B0031MAI56"", ""B01N6GQYJ5"", ""B098WSZ5KD"", ""B004KNWHGS"", ""B0091GVUEE"", ""B006L2P7A4"", ""B018TA64VQ""]",23.95440000691451,True,buying,B074G1JP8Z,
public_0005,3,reranker,rank_aware,buying,specific,Outdoor & Work Snow & Cold Weather,"[{""explicit"": true, ""hard"": true, ""kind"": ""material"", ""negated"": false, ""source"": ""explicit_requirement"", ""source_turn"": 1, ""strength"": 1.0, ""value"": ""leather""}, {""explicit"": false, ""hard"": false, ""kind"": ""feature"", ""negated"": false, ""source"": ""ambiguous_disclosure"", ""source_turn"": 3, ""strength"": 0.7, ""value"": ""Rubber sole""}, {""explicit"": false, ""hard"": false, ""kind"": ""feature"", ""negated"": false, ""source"": ""ambiguous_disclosure"", ""source_turn"": 3, ""strength"": 0.7, ""value"": ""Shaft measures approximately 8.37\"" from arch""}]",[],"[""comfort"", ""fit"", ""style"", ""durability""]","[""brand"", ""feature"", ""use_case""]",use_case,"{""baseline_utility"": 0.2899841067665885, ""expected_gain"": 0.41917311578830563, ""expected_utility"": 0.7091572225548941, ""meaningful_values"": 4}",50,"[""B01N6GQYJ5"", ""B004KNWHGS"", ""B0031MAI56"", ""B01N4BN77E"", ""B004LKRJ7W"", ""B09FXYPY7T"", ""B074G1JP8Z"", ""B01ALHKQKK"", ""B002N00000"", ""B00HSZ4Q4G""]",34.4463000074029,True,buying,B074G1JP8Z,7
public_0010,1,reranker,rank_aware,buying,specific,Women Bodysuits,"[{""explicit"": true, ""hard"": true, ""kind"": ""material"", ""negated"": false, ""source"": ""explicit_requirement"", ""source_turn"": 1, ""strength"": 1.0, ""value"": ""fabric""}]",[],"[""material"", ""fit"", ""performance"", ""comfort""]","[""brand""]",brand,"{""baseline_utility"": 0.2899841067665885, ""expected_gain"": 1.6466825599000783, ""expected_utility"": 1.9366666666666668, ""meaningful_values"": 44}",50,"[""B083GB47SQ"", ""B000QW6LPK"", ""B0C6DQNQK7"", ""B000IM3ICW"", ""B0018R18HS"", ""B074DR42J6"", ""B002V8WPBG"", ""B000VA10MQ"", ""B0BBJ1S5NN"", ""B0B53H6J51""]",29.77549997740425,True,buying,B0929KL5W7,
public_0010,2,reranker,rank_aware,buying,specific,Women Bodysuits,"[{""explicit"": true, ""hard"": true, ""kind"": ""material"", ""negated"": false, ""source"": ""explicit_requirement"", ""source_turn"": 1, ""strength"": 1.0, ""value"": ""fabric""}]",[],"[""material"", ""fit"", ""performance"", ""comfort""]","[""brand"", ""feature""]",feature,"{""baseline_utility"": 0.2899841067665885, ""expected_gain"": 1.5716825599000779, ""expected_utility"": 1.8616666666666664, ""meaningful_values"": 38}",50,"[""B083GB47SQ"", ""B000QW6LPK"", ""B0C6DQNQK7"", ""B000IM3ICW"", ""B0018R18HS"", ""B074DR42J6"", ""B002V8WPBG"", ""B000VA10MQ"", ""B0BBJ1S5NN"", ""B0B53H6J51""]",24.946099991211668,True,buying,B0929KL5W7,
public_0010,3,reranker,rank_aware,buying,specific,Women Bodysuits,"[{""explicit"": true, ""hard"": true, ""kind"": ""material"", ""negated"": false, ""source"": ""explicit_requirement"", ""source_turn"": 1, ""strength"": 1.0, ""value"": ""fabric""}, {""explicit"": false, ""hard"": false, ""kind"": ""feature"", ""negated"": false, ""source"": ""ambiguous_disclosure"", ""source_turn"": 3, ""strength"": 0.7, ""value"": ""Imported""}, {""explicit"": false, ""hard"": false, ""kind"": ""feature"", ""negated"": false, ""source"": ""ambiguous_disclosure"", ""source_turn"": 3, ""strength"": 0.7, ""value"": ""Snap closure""}]",[],"[""material"", ""fit"", ""performance"", ""comfort""]","[""brand"", ""feature"", ""material""]",material,"{""baseline_utility"": 0.2899841067665885, ""expected_gain"": 0.8736005944798781, ""expected_utility"": 1.1635847012464666, ""meaningful_values"": 7}",50,"[""B08VXJ2C3W"", ""B0929KL5W7"", ""B09PMPGNVP"", ""B0936ZJJ68"", ""B00AZO9Q4W"", ""B0B7DWBL9Y"", ""B0B53H6J51"", ""B08H2C3NGL"", ""B00L6EJUOQ"", ""B0B97JNGGY""]",30.898500001057982,True,buying,B0929KL5W7,2
public_0013,1,reranker,rank_aware,buying,mixed,Shoes Slippers,"[{""explicit"": false, ""hard"": false, ""kind"": ""style"", ""negated"": true, ""source"": ""ambiguous_disclosure"", ""source_turn"": 1, ""strength"": 0.7, ""value"": ""YOUR NEW FAVORITE SLIPPERS: Slip into divine comfort with Gemma, a plush mule-style spa slipper with an adjustable hook-and-loop closure across the vamp""}]",[],"[""comfort"", ""material""]","[""brand""]",brand,"{""baseline_utility"": 0.1986847417407073, ""expected_gain"": 1.7095374804815149, ""expected_utility"": 1.9082222222222223, ""meaningful_values"": 63}",75,"[""B0C65TFM9F"", ""B01N7KMQ0C"", ""B011PTO1VI"", ""B0BY1MFJBZ"", ""B09FSZ3L6Z"", ""B08TM91C69"", ""B078J57PWJ"", ""B07FNMYSD7"", ""B079FDJRPW"", ""B07X5SVSMW""]",30.76110000256449,True,intent_override,B0C65TFM9F,1
public_0013,2,reranker,rank_aware,buying,mixed,Shoes Slippers,"[{""explicit"": false, ""hard"": false, ""kind"": ""style"", ""negated"": true, ""source"": ""ambiguous_disclosure"", ""source_turn"": 1, ""strength"": 0.7, ""value"": ""YOUR NEW FAVORITE SLIPPERS: Slip into divine comfort with Gemma, a plush mule-style spa slipper with an adjustable hook-and-loop closure across the vamp""}]",[],"[""comfort"", ""material""]","[""brand"", ""feature""]",feature,"{""baseline_utility"": 0.1986847417407073, ""expected_gain"": 1.0926616657629715, ""expected_utility"": 1.291346407503679, ""meaningful_values"": 29}",75,"[""B0C65TFM9F"", ""B01N7KMQ0C"", ""B011PTO1VI"", ""B0BY1MFJBZ"", ""B09FSZ3L6Z"", ""B08TM91C69"", ""B078J57PWJ"", ""B07FNMYSD7"", ""B079FDJRPW"", ""B07X5SVSMW""]",32.398900017142296,True,intent_override,B0C65TFM9F,1
public_0013,3,reranker,rank_aware,buying,specific,Shoes Slippers,"[{""explicit"": false, ""hard"": false, ""kind"": ""style"", ""negated"": true, ""source"": ""ambiguous_disclosure"", ""source_turn"": 1, ""strength"": 0.7, ""value"": ""YOUR NEW FAVORITE SLIPPERS: Slip into divine comfort with Gemma, a plush mule-style spa slipper with an adjustable hook-and-loop closure across the vamp""}, {""explicit"": false, ""hard"": false, ""kind"": ""feature"", ""negated"": false, ""source"": ""ambiguous_disclosure"", ""source_turn"": 3, ""strength"": 0.7, ""value"": ""Rubber sole""}, {""explicit"": false, ""hard"": false, ""kind"": ""feature"", ""negated"": false, ""source"": ""ambiguous_disclosure"", ""source_turn"": 3, ""strength"": 0.7, ""value"": ""Received APMA (American Podiatric Medical Association) Seal of Acceptance""}]",[],"[""comfort"", ""material""]","[""brand"", ""feature"", ""use_case""]",use_case,"{""baseline_utility"": 0.2899841067665885, ""expected_gain"": 0.7190659244715238, ""expected_utility"": 1.0090500312381123, ""meaningful_values"": 6}",50,"[""B0C65TFM9F"", ""B07H88B814"", ""B08C78VZ66"", ""B07X5SVSMW"", ""B09B9PS72Z"", ""B075MHMZ8R"", ""B07MBC394L"", ""B09KLT34T8"", ""B00LM8K69E"", ""B00LM8PDZG""]",31.911099998978898,True,intent_override,B0C65TFM9F,1
public_0013,4,reranker,rank_aware,buying,specific,Shoes Slippers,"[{""explicit"": false, ""hard"": false, ""kind"": ""feature"", ""negated"": false, ""source"": ""ambiguous_disclosure"", ""source_turn"": 3, ""strength"": 0.7, ""value"": ""Rubber sole""}, {""explicit"": false, ""hard"": false, ""kind"": ""feature"", ""negated"": false, ""source"": ""ambiguous_disclosure"", ""source_turn"": 3, ""strength"": 0.7, ""value"": ""Received APMA (American Podiatric Medical Association) Seal of Acceptance""}]","[{""explicit"": true, ""hard"": true, ""kind"": ""style"", ""negated"": true, ""source"": ""negation_or_replacement"", ""source_turn"": 4, ""strength"": 1.0, ""value"": ""YOUR NEW FAVORITE SLIPPERS: Slip into divine comfort with Gemma, a plush mule-style spa slipper with an adjustable hook-and-loop closure across the vamp""}]","[""comfort"", ""material""]","[""brand"", ""feature"", ""use_case"", ""material""]",material,"{""baseline_utility"": 0.2899841067665885, ""expected_gain"": 0.5541082122007674, ""expected_utility"": 0.8440923189673559, ""meaningful_values"": 5}",50,"[""B003ICW4QK"", ""B09WG2J6RW"", ""B0C65TFM9F"", ""B002MUBEOC"", ""B000F7STY2"", ""B075PF4PM3"", ""B0056E6IHY"", ""B00CX9U132"", ""B001D1Q83I"", ""B00KWKMVM8""]",30.850500013912097,True,intent_override,B0C65TFM9F,3
public_0021,1,reranker,rank_aware,browsing,exploratory,Men Pants,[],[],"[""material"", ""fit""]","[""brand""]",brand,"{""baseline_utility"": 0.1518737751763962, ""expected_gain"": 1.7385547962521752, ""expected_utility"": 1.8904285714285713, ""meaningful_values"": 83}",100,"[""B06XRD8TZX"", ""B08C9YTFW9"", ""B0842J3B9N"", ""B07S1LNZZH"", ""B005BVPAH6"", ""B097SM8WDS"", ""B00B6EARX4"", ""B008IW0174"", ""B00JHOP366"", ""B00DIB2IXA""]",25.94010002212599,True,browsing,B07K4FX4WZ,
public_0021,2,reranker,rank_aware,browsing,exploratory,Men Pants,[],[],"[""material"", ""fit""]","[""brand"", ""feature""]",feature,"{""baseline_utility"": 0.1518737751763962, ""expected_gain"": 1.3914017523997704, ""expected_utility"": 1.5432755275761665, ""meaningful_values"": 52}",100,"[""B06XRD8TZX"", ""B08C9YTFW9"", ""B0842J3B9N"", ""B07S1LNZZH"", ""B005BVPAH6"", ""B097SM8WDS"", ""B00B6EARX4"", ""B008IW0174"", ""B00JHOP366"", ""B00DIB2IXA""]",21.439300006022677,True,browsing,B07K4FX4WZ,
public_0021,3,reranker,rank_aware,browsing,specific,Men Pants,"[{""explicit"": false, ""hard"": false, ""kind"": ""feature"", ""negated"": false, ""source"": ""ambiguous_disclosure"", ""source_turn"": 3, ""strength"": 0.7, ""value"": ""Imported""}, {""explicit"": false, ""hard"": false, ""kind"": ""feature"", ""negated"": false, ""source"": ""ambiguous_disclosure"", ""source_turn"": 3, ""strength"": 0.7, ""value"": ""Zipper closure""}]",[],"[""material"", ""fit""]","[""brand"", ""feature"", ""use_case""]",use_case,"{""baseline_utility"": 0.2899841067665885, ""expected_gain"": 0.6776450109611757, ""expected_utility"": 0.9676291177277642, ""meaningful_values"": 7}",50,"[""B0BF8WFXSY"", ""B00RGANJFA"", ""B002PU9T4Q"", ""B07BMCB4LC"", ""B0C4NH42NH"", ""B087R8WNF6"", ""B09LKK71J2"", ""B08X9KBY42"", ""B00FU5DMYG"", ""B01010XX0M""]",26.986199984094128,True,browsing,B07K4FX4WZ,
public_0021,4,reranker,rank_aware,browsing,specific,Men Pants,"[{""explicit"": false, ""hard"": false, ""kind"": ""feature"", ""negated"": false, ""source"": ""ambiguous_disclosure"", ""source_turn"": 3, ""strength"": 0.7, ""value"": ""Imported""}, {""explicit"": false, ""hard"": false, ""kind"": ""feature"", ""negated"": false, ""source"": ""ambiguous_disclosure"", ""source_turn"": 3, ""strength"": 0.7, ""value"": ""Zipper closure""}]",[],"[""material"", ""fit""]","[""brand"", ""feature"", ""use_case"", ""material""]",material,"{""baseline_utility"": 0.2899841067665885, ""expected_gain"": 0.48422293263812266, ""expected_utility"": 0.7742070394047111, ""meaningful_values"": 5}",50,"[""B0BF8WFXSY"", ""B00RGANJFA"", ""B002PU9T4Q"", ""B07BMCB4LC"", ""B0C4NH42NH"", ""B087R8WNF6"", ""B09LKK71J2"", ""B08X9KBY42"", ""B00FU5DMYG"", ""B01010XX0M""]",25.969900016207248,True,browsing,B07K4FX4WZ,
public_0021,5,reranker,rank_aware,browsing,specific,Men Pants,"[{""explicit"": false, ""hard"": false, ""kind"": ""feature"", ""negated"": false, ""source"": ""ambiguous_disclosure"", ""source_turn"": 3, ""strength"": 0.7, ""value"": ""Imported""}, {""explicit"": false, ""hard"": false, ""kind"": ""feature"", ""negated"": false, ""source"": ""ambiguous_disclosure"", ""source_turn"": 3, ""strength"": 0.7, ""value"": ""Zipper closure""}, {""explicit"": false, ""hard"": false, ""kind"": ""material"", ""negated"": false, ""source"": ""ambiguous_disclosure"", ""source_turn"": 5, ""strength"": 0.7, ""value"": ""polyester""}, {""explicit"": false, ""hard"": false, ""kind"": ""material"", ""negated"": false, ""source"": ""ambiguous_disclosure"", ""source_turn"": 5, ""strength"": 0.7, ""value"": ""98% Polyester, 2% Spandex""}]",[],"[""material"", ""fit""]","[""brand"", ""feature"", ""use_case"", ""material"", ""style""]",style,"{""baseline_utility"": 0.2899841067665885, ""expected_gain"": 0.4543712228275679, ""expected_utility"": 0.7443553295941564, ""meaningful_values"": 7}",50,"[""B07K4FX4WZ"", ""B00WB99UL8"", ""B0C4NH42NH"", ""B002GHCE3Q"", ""B07HR1B7TS"", ""B0B7BR44DR"", ""B08M5XHWSJ"", ""B00QPO13HO"", ""B07BQGXVVW"", ""B01KCPKHSM""]",29.683500004466623,True,browsing,B07K4FX4WZ,1
public_0022,1,reranker,rank_aware,buying,specific,Dresses Casual,"[{""explicit"": true, ""hard"": true, ""kind"": ""material"", ""negated"": false, ""source"": ""explicit_requirement"", ""source_turn"": 1, ""strength"": 1.0, ""value"": ""fabric""}]",[],"[""comfort"", ""fit"", ""style"", ""material""]","[""brand""]",brand,"{""baseline_utility"": 0.2899841067665885, ""expected_gain"": 1.6316825599000782, ""expected_utility"": 1.9216666666666666, ""meaningful_values"": 43}",50,"[""B07483YC42"", ""B01NBF7O73"", ""B088HDH339"", ""B09CTWQHL1"", ""B07DMDCNYH"", ""B07MTXG184"", ""B07QCKPNG1"", ""B0B64SWL1N"", ""B07CR7TQJV"", ""B07PCHWJFW""]",29.682899999897927,True,buying,B08F5G843H,
public_0022,2,reranker,rank_aware,buying,specific,Dresses Casual,"[{""explicit"": true, ""hard"": true, ""kind"": ""material"", ""negated"": false, ""source"": ""explicit_requirement"", ""source_turn"": 1, ""strength"": 1.0, ""value"": ""fabric""}]",[],"[""comfort"", ""fit"", ""style"", ""material""]","[""brand"", ""feature""]",feature,"{""baseline_utility"": 0.2899841067665885, ""expected_gain"": 1.576682559900078, ""expected_utility"": 1.8666666666666665, ""meaningful_values"": 38}",50,"[""B07483YC42"", ""B01NBF7O73"", ""B088HDH339"", ""B09CTWQHL1"", ""B07DMDCNYH"", ""B07MTXG184"", ""B07QCKPNG1"", ""B0B64SWL1N"", ""B07CR7TQJV"", ""B07PCHWJFW""]",22.444000001996756,True,buying,B08F5G843H,
public_0022,3,reranker,rank_aware,buying,specific,Dresses Casual,"[{""explicit"": true, ""hard"": true, ""kind"": ""material"", ""negated"": false, ""source"": ""explicit_requirement"", ""source_turn"": 1, ""strength"": 1.0, ""value"": ""fabric""}, {""explicit"": false, ""hard"": false, ""kind"": ""feature"", ""negated"": false, ""source"": ""ambiguous_disclosure"", ""source_turn"": 3, ""strength"": 0.7, ""value"": ""Imported""}, {""explicit"": false, ""hard"": false, ""kind"": ""feature"", ""negated"": false, ""source"": ""ambiguous_disclosure"", ""source_turn"": 3, ""strength"": 0.7, ""value"": ""Pull On closure""}]",[],"[""comfort"", ""fit"", ""style"", ""material""]","[""brand"", ""feature"", ""use_case""]",use_case,"{""baseline_utility"": 0.2899841067665885, ""expected_gain"": 0.729113613909457, ""expected_utility"": 1.0190977206760454, ""meaningful_values"": 6}",50,"[""B072WJ1GWL"", ""B09D75F31V"", ""B07K7B7CRF"", ""B01M1LATYH"", ""B07FCKXH14"", ""B0BYT47WQR"", ""B00JBOV0AA"", ""B075CCQMW5"", ""B08L5XP1H9"", ""B0B7NJNR76""]",29.88680000999011,True,buying,B08F5G843H,
public_0022,4,reranker,rank_aware,buying,specific,Dresses Casual,"[{""explicit"": true, ""hard"": true, ""kind"": ""material"", ""negated"": false, ""source"": ""explicit_requirement"", ""source_turn"": 1, ""strength"": 1.0, ""value"": ""fabric""}, {""explicit"": false, ""hard"": false, ""kind"": ""feature"", ""negated"": false, ""source"": ""ambiguous_disclosure"", ""source_turn"": 3, ""strength"": 0.7, ""value"": ""Imported""}, {""explicit"": false, ""hard"": false, ""kind"": ""feature"", ""negated"": false, ""source"": ""ambiguous_disclosure"", ""source_turn"": 3, ""strength"": 0.7, ""value"": ""Pull On closure""}]",[],"[""comfort"", ""fit"", ""style"", ""material""]","[""brand"", ""feature"", ""use_case"", ""material""]",material,"{""baseline_utility"": 0.2899841067665885, ""expected_gain"": 0.6750106925517412, ""expected_utility"": 0.9649947993183297, ""meaningful_values"": 6}",50,"[""B072WJ1GWL"", ""B09D75F31V"", ""B07K7B7CRF"", ""B01M1LATYH"", ""B07FCKXH14"", ""B0BYT47WQR"", ""B00JBOV0AA"", ""B075CCQMW5"", ""B08L5XP1H9"", ""B0B7NJNR76""]",31.77589998813346,True,buying,B08F5G843H,
public_0022,5,reranker,rank_aware,buying,specific,Dresses Casual,"[{""explicit"": true, ""hard"": true, ""kind"": ""material"", ""negated"": false, ""source"": ""explicit_requirement"", ""source_turn"": 1, ""strength"": 1.0, ""value"": ""fabric""}, {""explicit"": false, ""hard"": false, ""kind"": ""feature"", ""negated"": false, ""source"": ""ambiguous_disclosure"", ""source_turn"": 3, ""strength"": 0.7, ""value"": ""Imported""}, {""explicit"": false, ""hard"": false, ""kind"": ""feature"", ""negated"": false, ""source"": ""ambiguous_disclosure"", ""source_turn"": 3, ""strength"": 0.7, ""value"": ""Pull On closure""}, {""explicit"": false, ""hard"": false, ""kind"": ""material"", ""negated"": false, ""source"": ""ambiguous_disclosure"", ""source_turn"": 5, ""strength"": 0.7, ""value"": ""Fabric: 100% Cotton, Soft, Comfy, Breathable and keep you cool""}]",[],"[""comfort"", ""fit"", ""style"", ""material""]","[""brand"", ""feature"", ""use_case"", ""material"", ""color""]",color,"{""baseline_utility"": 0.2899841067665885, ""expected_gain"": 0.4249367289735716, ""expected_utility"": 0.7149208357401601, ""meaningful_values"": 6}",50,"[""B08F5G843H"", ""B09D75F31V"", ""B09XF84RFM"", ""B07W4K48V5"", ""B08B8BKPQS"", ""B0BYT47WQR"", ""B0B4NT91ZR"", ""B0B6ZY9MMV"", ""B00J0834R4"", ""B07B8N5S5L""]",27.627000003121793,True,buying,B08F5G843H,1
public_0025,1,reranker,rank_aware,browsing,exploratory,Rompers & Overalls Rompers,[],[],"[""material"", ""fit"", ""comfort"", ""style""]","[""brand""]",brand,"{""baseline_utility"": 0.1518737751763962, ""expected_gain"": 1.7028047962521748, ""expected_utility"": 1.854678571428571, ""meaningful_values"": 77}",100,"[""B0859TL6QX"", ""B08DNMTZK6"", ""B09Z9351BN"", ""B09Z945FVX"", ""B078VLQ9PH"", ""B0B3RJYM8C"", ""B088NFV83H"", ""B0899QTXHP"", ""B07TBZGW7R"", ""B0912RNG8S""]",26.87200001673773,True,browsing,B0BRS1DHVQ,
public_0025,2,reranker,rank_aware,browsing,exploratory,Rompers & Overalls Rompers,[],[],"[""material"", ""fit"", ""comfort"", ""style""]","[""brand"", ""feature""]",feature,"{""baseline_utility"": 0.1518737751763962, ""expected_gain"": 1.3214575970212332, ""expected_utility"": 1.4733313721976293, ""meaningful_values"": 46}",100,"[""B0859TL6QX"", ""B08DNMTZK6"", ""B09Z9351BN"", ""B09Z945FVX"", ""B078VLQ9PH"", ""B0B3RJYM8C"", ""B088NFV83H"", ""B0899QTXHP"", ""B07TBZGW7R"", ""B0912RNG8S""]",20.30860001104884,True,browsing,B0BRS1DHVQ,
public_0025,3,reranker,rank_aware,browsing,specific,Rompers & Overalls Rompers,"[{""explicit"": false, ""hard"": false, ""kind"": ""feature"", ""negated"": false, ""source"": ""ambiguous_disclosure"", ""source_turn"": 3, ""strength"": 0.7, ""value"": ""Imported""}, {""explicit"": false, ""hard"": false, ""kind"": ""feature"", ""negated"": false, ""source"": ""ambiguous_disclosure"", ""source_turn"": 3, ""strength"": 0.7, ""value"": ""Hook and Eye closure""}]",[],"[""material"", ""fit"", ""comfort"", ""style""]","[""brand"", ""feature"", ""material""]",material,"{""baseline_utility"": 0.2899841067665885, ""expected_gain"": 0.6540980867536864, ""expected_utility"": 0.9440821935202749, ""meaningful_values"": 6}",50,"[""B0BRS1DHVQ"", ""B07DPNFST4"", ""B07BLMLLVW"", ""B09NPTS7SV"", ""B09ZJNQ64X"", ""B086755PW7"", ""B09YHKC651"", ""B0BP6MDDKN"", ""B0C85DLG1F"", ""B09WQD14BT""]",26.498799998080358,True,browsing,B0BRS1DHVQ,1
public_0026,1,reranker,rank_aware,buying,specific,Running Trail Running,"[{""explicit"": true, ""hard"": true, ""kind"": ""feature"", ""negated"": false, ""source"": ""explicit_requirement"", ""source_turn"": 1, ""strength"": 1.0, ""value"": ""100% Synthetic""}]",[],"[""material"", ""fit""]","[""brand""]",brand,"{""baseline_utility"": 0.2899841067665885, ""expected_gain"": 1.1525721702896892, ""expected_utility"": 1.4425562770562776, ""meaningful_values"": 14}",50,"[""B073K3Z3JM"", ""B002EQAHR4"", ""B008JEWBAG"", ""B0002M13Q6"", ""B0033PSIHQ"", ""B0039UTDFQ"", ""B00BMLXS0U"", ""B00AO3BMPU"", ""B0056EG9MS"", ""B07CZ862B2""]",23.26389998779632,True,buying,B093R14VP1,
public_0026,2,reranker,rank_aware,buying,specific,Running Trail Running,"[{""explicit"": true, ""hard"": true, ""kind"": ""feature"", ""negated"": false, ""source"": ""explicit_requirement"", ""source_turn"": 1, ""strength"": 1.0, ""value"": ""100% Synthetic""}]",[],"[""material"", ""fit""]","[""brand"", ""feature""]",feature,"{""baseline_utility"": 0.2899841067665885, ""expected_gain"": 0.8289614304148554, ""expected_utility"": 1.1189455371814439, ""meaningful_values"": 16}",50,"[""B073K3Z3JM"", ""B002EQAHR4"", ""B008JEWBAG"", ""B0002M13Q6"", ""B0033PSIHQ"", ""B0039UTDFQ"", ""B00BMLXS0U"", ""B00AO3BMPU"", ""B0056EG9MS"", ""B07CZ862B2""]",24.25659997970797,True,buying,B093R14VP1,
public_0026,3,reranker,rank_aware,buying,specific,Running Trail Running,"[{""explicit"": true, ""hard"": true, ""kind"": ""feature"", ""negated"": false, ""source"": ""explicit_requirement"", ""source_turn"": 1, ""strength"": 1.0, ""value"": ""100% Synthetic""}, {""explicit"": false, ""hard"": false, ""kind"": ""feature"", ""negated"": false, ""source"": ""ambiguous_disclosure"", ""source_turn"": 3, ""strength"": 0.7, ""value"": ""Imported""}, {""explicit"": false, ""hard"": false, ""kind"": ""feature"", ""negated"": false, ""source"": ""ambiguous_disclosure"", ""source_turn"": 3, ""strength"": 0.7, ""value"": ""Rubber sole""}]",[],"[""material"", ""fit""]","[""brand"", ""feature"", ""material""]",material,"{""baseline_utility"": 0.2899841067665885, ""expected_gain"": 0.36727702635109016, ""expected_utility"": 0.6572611331176786, ""meaningful_values"": 3}",50,"[""B0002M13Q6"", ""B008JEWBAG"", ""B00BMLXS0U"", ""B073K3Z3JM"", ""B093R14VP1"", ""B00B9TVIBQ"", ""B00KXIMWVY"", ""B008JFE84W"", ""B07CZ862B2"", ""B00GUTG3SS""]",29.649500007508323,True,buying,B093R14VP1,5
public_0028,1,reranker,rank_aware,buying,specific,Card Cases & Money Organizers Wallets,"[{""explicit"": true, ""hard"": true, ""kind"": ""material"", ""negated"": false, ""source"": ""explicit_requirement"", ""source_turn"": 1, ""strength"": 1.0, ""value"": ""leather""}]",[],"[""material"", ""fit""]","[""brand""]",brand,"{""baseline_utility"": 0.2899841067665885, ""expected_gain"": 1.605460337677856, ""expected_utility"": 1.8954444444444445, ""meaningful_values"": 43}",50,"[""B0009WOM76"", ""B00BRSVXFK"", ""B008KWRQ48"", ""B00793M0Z4"", ""B006UTCYWM"", ""B0051XTYKI"", ""B00CDWJ3B0"", ""B002JIO3RC"", ""B00AT8IWWQ"", ""B008UZO4KO""]",21.649700007401407,True,buying,B0B9ZYDDZ1,
public_0028,2,reranker,rank_aware,buying,specific,Card Cases & Money Organizers Wallets,"[{""explicit"": true, ""hard"": true, ""kind"": ""material"", ""negated"": false, ""source"": ""explicit_requirement"", ""source_turn"": 1, ""strength"": 1.0, ""value"": ""leather""}]",[],"[""material"", ""fit""]","[""brand"", ""style""]",style,"{""baseline_utility"": 0.2899841067665885, ""expected_gain"": 1.2280471397646577, ""expected_utility"": 1.5180312465312462, ""meaningful_values"": 23}",50,"[""B0009WOM76"", ""B00BRSVXFK"", ""B008KWRQ48"", ""B00793M0Z4"", ""B006UTCYWM"", ""B0051XTYKI"", ""B00CDWJ3B0"", ""B002JIO3RC"", ""B00AT8IWWQ"", ""B008UZO4KO""]",20.621400006348267,True,buying,B0B9ZYDDZ1,
public_0028,3,reranker,rank_aware,buying,specific,Card Cases & Money Organizers Wallets,"[{""explicit"": true, ""hard"": true, ""kind"": ""material"", ""negated"": false, ""source"": ""explicit_requirement"", ""source_turn"": 1, ""strength"": 1.0, ""value"": ""leather""}]",[],"[""material"", ""fit""]","[""brand"", ""style"", ""feature""]",feature,"{""baseline_utility"": 0.2899841067665885, ""expected_gain"": 1.167108348821784, ""expected_utility"": 1.4570924555883724, ""meaningful_values"": 25}",50,"[""B0009WOM76"", ""B00BRSVXFK"", ""B008KWRQ48"", ""B00793M0Z4"", ""B006UTCYWM"", ""B0051XTYKI"", ""B00CDWJ3B0"", ""B002JIO3RC"", ""B00AT8IWWQ"", ""B008UZO4KO""]",22.814800002379343,True,buying,B0B9ZYDDZ1,
public_0028,4,reranker,rank_aware,buying,specific,Card Cases & Money Organizers Wallets,"[{""explicit"": true, ""hard"": true, ""kind"": ""material"", ""negated"": false, ""source"": ""explicit_requirement"", ""source_turn"": 1, ""strength"": 1.0, ""value"": ""leather""}]",[],"[""material"", ""fit""]","[""brand"", ""style"", ""feature"", ""color""]",color,"{""baseline_utility"": 0.2899841067665885, ""expected_gain"": 0.7071364214284386, ""expected_utility"": 0.9971205281950271, ""meaningful_values"": 7}",50,"[""B0009WOM76"", ""B00BRSVXFK"", ""B008KWRQ48"", ""B00793M0Z4"", ""B006UTCYWM"", ""B0051XTYKI"", ""B00CDWJ3B0"", ""B002JIO3RC"", ""B00AT8IWWQ"", ""B008UZO4KO""]",24.346600024728104,True,buying,B0B9ZYDDZ1,
public_0028,5,reranker,rank_aware,buying,specific,Card Cases & Money Organizers Wallets,"[{""explicit"": true, ""hard"": true, ""kind"": ""material"", ""negated"": false, ""source"": ""explicit_requirement"", ""source_turn"": 1, ""strength"": 1.0, ""value"": ""leather""}, {""explicit"": false, ""hard"": false, ""kind"": ""color"", ""negated"": false, ""source"": ""ambiguous_disclosure"", ""source_turn"": 5, ""strength"": 0.7, ""value"": ""color: black""}]",[],"[""material"", ""fit""]","[""brand"", ""style"", ""feature"", ""color"", ""budget""]",budget,"{""baseline_utility"": 0.2899841067665885, ""expected_gain"": 0.26361326173826183, ""expected_utility"": 0.5535973685048503, ""meaningful_values"": 4}",50,"[""B008UZO4KO"", ""B00793M0Z4"", ""B007IW47FC"", ""B008KWRQ48"", ""B002JIO3RC"", ""B008LMNKYW"", ""B0099NSYPM"", ""B01NAAWLXP"", ""B014KPGIG0"", ""B00KI0KOPS""]",26.410499995108694,True,buying,B0B9ZYDDZ1,
public_0028,6,reranker,rank_aware,buying,specific,Card Cases & Money Organizers Wallets,"[{""explicit"": true, ""hard"": true, ""kind"": ""material"", ""negated"": false, ""source"": ""explicit_requirement"", ""source_turn"": 1, ""strength"": 1.0, ""value"": ""leather""}, {""explicit"": false, ""hard"": false, ""kind"": ""color"", ""negated"": false, ""source"": ""ambiguous_disclosure"", ""source_turn"": 5, ""strength"": 0.7, ""value"": ""color: black""}]",[],"[""material"", ""fit""]","[""brand"", ""style"", ""feature"", ""color"", ""budget"", ""material""]",material,"{""baseline_utility"": 0.2899841067665885, ""expected_gain"": 0.1779148555444382, ""expected_utility"": 0.4678989623110267, ""meaningful_values"": 4}",50,"[""B008UZO4KO"", ""B00793M0Z4"", ""B007IW47FC"", ""B008KWRQ48"", ""B002JIO3RC"", ""B008LMNKYW"", ""B0099NSYPM"", ""B01NAAWLXP"", ""B014KPGIG0"", ""B00KI0KOPS""]",25.432199996430427,True,buying,B0B9ZYDDZ1,
public_0028,7,reranker,rank_aware,buying,specific,Card Cases & Money Organizers Wallets,"[{""explicit"": true, ""hard"": true, ""kind"": ""material"", ""negated"": false, ""source"": ""explicit_requirement"", ""source_turn"": 1, ""strength"": 1.0, ""value"": ""leather""}, {""explicit"": false, ""hard"": false, ""kind"": ""color"", ""negated"": false, ""source"": ""ambiguous_disclosure"", ""source_turn"": 5, ""strength"": 0.7, ""value"": ""color: black""}, {""explicit"": false, ""hard"": false, ""kind"": ""material"", ""negated"": false, ""source"": ""ambiguous_disclosure"", ""source_turn"": 7, ""strength"": 0.7, ""value"": ""Leather""}, {""explicit"": false, ""hard"": false, ""kind"": ""material"", ""negated"": false, ""source"": ""ambiguous_disclosure"", ""source_turn"": 7, ""strength"": 0.7, ""value"": ""Polyester lining""}]",[],"[""material"", ""fit""]","[""brand"", ""style"", ""feature"", ""color"", ""budget"", ""material"", ""use_case""]",use_case,"{""baseline_utility"": 0.2899841067665885, ""expected_gain"": 0.26814143562647874, ""expected_utility"": 0.5581255423930672, ""meaningful_values"": 4}",50,"[""B08172T8MD"", ""B07SQFLSGJ"", ""B008KWRQ48"", ""B00793M0Z4"", ""B008UZO4KO"", ""B014KPGIG0"", ""B07NVXYHLX"", ""B00X6OGGTG"", ""B002JIO3RC"", ""B0099NSYPM""]",34.86960000009276,True,buying,B0B9ZYDDZ1,
public_0028,8,reranker,rank_aware,buying,specific,Card Cases & Money Organizers Wallets,"[{""explicit"": true, ""hard"": true, ""kind"": ""material"", ""negated"": false, ""source"": ""explicit_requirement"", ""source_turn"": 1, ""strength"": 1.0, ""value"": ""leather""}, {""explicit"": false, ""hard"": false, ""kind"": ""color"", ""negated"": false, ""source"": ""ambiguous_disclosure"", ""source_turn"": 5, ""strength"": 0.7, ""value"": ""color: black""}, {""explicit"": false, ""hard"": false, ""kind"": ""material"", ""negated"": false, ""source"": ""ambiguous_disclosure"", ""source_turn"": 7, ""strength"": 0.7, ""value"": ""Leather""}, {""explicit"": false, ""hard"": false, ""kind"": ""material"", ""negated"": false, ""source"": ""ambiguous_disclosure"", ""source_turn"": 7, ""strength"": 0.7, ""value"": ""Polyester lining""}]",[],"[""material"", ""fit""]","[""brand"", ""style"", ""feature"", ""color"", ""budget"", ""material"", ""use_case"", ""other""]",other,"{""fallback"": ""fewer_than_two_meaningful_values""}",50,"[""B08172T8MD"", ""B07SQFLSGJ"", ""B008KWRQ48"", ""B00793M0Z4"", ""B008UZO4KO"", ""B014KPGIG0"", ""B07NVXYHLX"", ""B00X6OGGTG"", ""B002JIO3RC"", ""B0099NSYPM""]",83.28039999469183,True,buying,B0B9ZYDDZ1,
public_0028,9,reranker,rank_aware,buying,specific,Card Cases & Money Organizers Wallets,"[{""explicit"": true, ""hard"": true, ""kind"": ""material"", ""negated"": false, ""source"": ""explicit_requirement"", ""source_turn"": 1, ""strength"": 1.0, ""value"": ""leather""}, {""explicit"": false, ""hard"": false, ""kind"": ""color"", ""negated"": false, ""source"": ""ambiguous_disclosure"", ""source_turn"": 5, ""strength"": 0.7, ""value"": ""color: black""}, {""explicit"": false, ""hard"": false, ""kind"": ""material"", ""negated"": false, ""source"": ""ambiguous_disclosure"", ""source_turn"": 7, ""strength"": 0.7, ""value"": ""Leather""}, {""explicit"": false, ""hard"": false, ""kind"": ""material"", ""negated"": false, ""source"": ""ambiguous_disclosure"", ""source_turn"": 7, ""strength"": 0.7, ""value"": ""Polyester lining""}]",[],"[""material"", ""fit""]","[""brand"", ""style"", ""feature"", ""color"", ""budget"", ""material"", ""use_case"", ""other""]",other,"{""fallback"": ""fewer_than_two_meaningful_values""}",50,"[""B08172T8MD"", ""B07SQFLSGJ"", ""B008KWRQ48"", ""B00793M0Z4"", ""B008UZO4KO"", ""B014KPGIG0"", ""B07NVXYHLX"", ""B00X6OGGTG"", ""B002JIO3RC"", ""B0099NSYPM""]",31.766800006153062,True,buying,B0B9ZYDDZ1,
public_0028,10,reranker,rank_aware,buying,specific,Card Cases & Money Organizers Wallets,"[{""explicit"": true, ""hard"": true, ""kind"": ""material"", ""negated"": false, ""source"": ""explicit_requirement"", ""source_turn"": 1, ""strength"": 1.0, ""value"": ""leather""}, {""explicit"": false, ""hard"": false, ""kind"": ""color"", ""negated"": false, ""source"": ""ambiguous_disclosure"", ""source_turn"": 5, ""strength"": 0.7, ""value"": ""color: black""}, {""explicit"": false, ""hard"": false, ""kind"": ""material"", ""negated"": false, ""source"": ""ambiguous_disclosure"", ""source_turn"": 7, ""strength"": 0.7, ""value"": ""Leather""}, {""explicit"": false, ""hard"": false, ""kind"": ""material"", ""negated"": false, ""source"": ""ambiguous_disclosure"", ""source_turn"": 7, ""strength"": 0.7, ""value"": ""Polyester lining""}]",[],"[""material"", ""fit""]","[""brand"", ""style"", ""feature"", ""color"", ""budget"", ""material"", ""use_case"", ""other""]",other,"{""fallback"": ""fewer_than_two_meaningful_values""}",50,"[""B08172T8MD"", ""B07SQFLSGJ"", ""B008KWRQ48"", ""B00793M0Z4"", ""B008UZO4KO"", ""B014KPGIG0"", ""B07NVXYHLX"", ""B00X6OGGTG"", ""B002JIO3RC"", ""B0099NSYPM""]",26.639599993359298,True,buying,B0B9ZYDDZ1,
public_0035,1,reranker,rank_aware,browsing,exploratory,Athletic Walking,[],[],"[""material"", ""performance"", ""durability""]","[""brand""]",brand,"{""baseline_utility"": 0.1518737751763962, ""expected_gain"": 1.7119714629188418, ""expected_utility"": 1.863845238095238, ""meaningful_values"": 78}",100,"[""B0925MM7CD"", ""B0B6TPKVHX"", ""B08ZK7NZBX"", ""B09YQCNHZG"", ""B0BLRS4D39"", ""B019ELI8TA"", ""B07L3W74QQ"", ""B08RMT7665"", ""B09D96W56J"", ""B00MES8EIQ""]",22.10830000694841,True,boundary,B0BN6CCHB7,
public_0035,2,reranker,rank_aware,browsing,exploratory,Athletic Walking,[],[],"[""material"", ""performance"", ""durability""]","[""brand"", ""feature""]",feature,"{""baseline_utility"": 0.1518737751763962, ""expected_gain"": 1.020691426196186, ""expected_utility"": 1.172565201372582, ""meaningful_values"": 38}",100,"[""B0925MM7CD"", ""B0B6TPKVHX"", ""B08ZK7NZBX"", ""B09YQCNHZG"", ""B0BLRS4D39"", ""B019ELI8TA"", ""B07L3W74QQ"", ""B08RMT7665"", ""B09D96W56J"", ""B00MES8EIQ""]",21.91579999634996,True,boundary,B0BN6CCHB7,
public_0035,3,reranker,rank_aware,browsing,specific,Athletic Walking,"[{""explicit"": false, ""hard"": false, ""kind"": ""feature"", ""negated"": false, ""source"": ""ambiguous_disclosure"", ""source_turn"": 3, ""strength"": 0.7, ""value"": ""100% Textile""}, {""explicit"": false, ""hard"": false, ""kind"": ""feature"", ""negated"": false, ""source"": ""ambiguous_disclosure"", ""source_turn"": 3, ""strength"": 0.7, ""value"": ""Imported""}]",[],"[""material"", ""performance"", ""durability""]","[""brand"", ""feature"", ""use_case""]",use_case,"{""baseline_utility"": 0.2899841067665885, ""expected_gain"": 0.4145403893895985, ""expected_utility"": 0.704524496156187, ""meaningful_values"": 5}",50,"[""B00HF6K5ZM"", ""B00MES8EIQ"", ""B00ITKSNFM"", ""B00UZ23FRI"", ""B00I9TMYVC"", ""B00ITKT4XM"", ""B09JLJP8VS"", ""B01I42AKS2"", ""B078GTVCS6"", ""B0BN6CCHB7""]",36.199199996190146,True,boundary,B0BN6CCHB7,10
public_0039,1,reranker,rank_aware,browsing,exploratory,Women Jerseys,[],[],"[""comfort"", ""performance"", ""durability"", ""style""]","[""brand""]",brand,"{""baseline_utility"": 0.1518737751763962, ""expected_gain"": 1.520665657613037, ""expected_utility"": 1.6725394327894332, ""meaningful_values"": 62}",100,"[""B009GJ6WLM"", ""B09KMX2SZR"", ""B008WICX9S"", ""B077Y6TRFD"", ""B088B5V3D5"", ""B07Y8F4JTC"", ""B01CE5HHAY"", ""B004R1NN4S"", ""B084B4VYMR"", ""B00R8KLOWI""]",33.23669999372214,True,browsing,B07TZCJW9X,
public_0039,2,reranker,rank_aware,browsing,exploratory,Women Jerseys,[],[],"[""comfort"", ""performance"", ""durability"", ""style""]","[""brand"", ""feature""]",feature,"{""baseline_utility"": 0.1518737751763962, ""expected_gain"": 1.3794384666603778, ""expected_utility"": 1.531312241836774, ""meaningful_values"": 55}",100,"[""B009GJ6WLM"", ""B09KMX2SZR"", ""B008WICX9S"", ""B077Y6TRFD"", ""B088B5V3D5"", ""B07Y8F4JTC"", ""B01CE5HHAY"", ""B004R1NN4S"", ""B084B4VYMR"", ""B00R8KLOWI""]",18.072199978632852,True,browsing,B07TZCJW9X,
public_0039,3,reranker,rank_aware,browsing,specific,Women Jerseys,"[{""explicit"": false, ""hard"": false, ""kind"": ""feature"", ""negated"": false, ""source"": ""ambiguous_disclosure"", ""source_turn"": 3, ""strength"": 0.7, ""value"": ""Zipper closure""}, {""explicit"": false, ""hard"": false, ""kind"": ""feature"", ""negated"": false, ""source"": ""ambiguous_disclosure"", ""source_turn"": 3, ""strength"": 0.7, ""value"": ""Hand Wash Only""}]",[],"[""comfort"", ""performance"", ""durability"", ""style""]","[""brand"", ""feature"", ""use_case""]",use_case,"{""baseline_utility"": 0.2899841067665885, ""expected_gain"": 0.7768813685258658, ""expected_utility"": 1.0668654752924542, ""meaningful_values"": 7}",50,"[""B07TZCJW9X"", ""B08KXMJSZK"", ""B079JFMZ18"", ""B003O2TNSQ"", ""B07GD9HL4J"", ""B00N9TVN0K"", ""B003BLOWMW"", ""B018S9VM24"", ""B0056QQNEA"", ""B08HHB8DZJ""]",22.22990000154823,True,browsing,B07TZCJW9X,1
public_0040,1,reranker,rank_aware,browsing,exploratory,Active Pants Sweatpants,[],[],"[""material"", ""comfort"", ""fit"", ""style""]","[""brand""]",brand,"{""baseline_utility"": 0.1518737751763962, ""expected_gain"": 1.7842452724426514, ""expected_utility"": 1.9361190476190475, ""meaningful_values"": 91}",100,"[""B07XXJRC62"", ""B07KSW1CVQ"", ""B08K8N3TGP"", ""B09QGLP7DG"", ""B08938H44N"", ""B09X439MFW"", ""B08DFVFZSP"", ""B087PNX5ZT"", ""B08LQGQY6F"", ""B099FCZVV3""]",15.513499994995072,True,browsing,B08ZJWTCDR,
public_0040,2,reranker,rank_aware,browsing,exploratory,Active Pants Sweatpants,[],[],"[""material"", ""comfort"", ""fit"", ""style""]","[""brand"", ""feature""]",feature,"{""baseline_utility"": 0.1518737751763962, ""expected_gain"": 1.409493792628467, ""expected_utility"": 1.561367567804863, ""meaningful_values"": 58}",100,"[""B07XXJRC62"", ""B07KSW1CVQ"", ""B08K8N3TGP"", ""B09QGLP7DG"", ""B08938H44N"", ""B09X439MFW"", ""B08DFVFZSP"", ""B087PNX5ZT"", ""B08LQGQY6F"", ""B099FCZVV3""]",18.107499985489994,True,browsing,B08ZJWTCDR,
public_0040,3,reranker,rank_aware,browsing,mixed,Active Pants Sweatpants,"[{""explicit"": false, ""hard"": false, ""kind"": ""feature"", ""negated"": false, ""source"": ""ambiguous_disclosure"", ""source_turn"": 3, ""strength"": 0.7, ""value"": ""Imported""}]",[],"[""material"", ""comfort"", ""fit"", ""style""]","[""brand"", ""feature"", ""use_case""]",use_case,"{""baseline_utility"": 0.1986847417407073, ""expected_gain"": 0.5540122960252284, ""expected_utility"": 0.7526970377659357, ""meaningful_values"": 7}",75,"[""B07XXJRC62"", ""B012Q9EF5S"", ""B0973M4832"", ""B085L58P9F"", ""B09P8BWX7P"", ""B09QGLP7DG"", ""B08JLG55SX"", ""B009VHH6WI"", ""B08T7JWRH1"", ""B09NB7MT7M""]",20.235500007402152,True,browsing,B08ZJWTCDR,
public_0040,4,reranker,rank_aware,browsing,mixed,Active Pants Sweatpants,"[{""explicit"": false, ""hard"": false, ""kind"": ""feature"", ""negated"": false, ""source"": ""ambiguous_disclosure"", ""source_turn"": 3, ""strength"": 0.7, ""value"": ""Imported""}]",[],"[""material"", ""comfort"", ""fit"", ""style""]","[""brand"", ""feature"", ""use_case"", ""style""]",style,"{""baseline_utility"": 0.1986847417407073, ""expected_gain"": 0.3427193944806788, ""expected_utility"": 0.5414041362213861, ""meaningful_values"": 5}",75,"[""B07XXJRC62"", ""B012Q9EF5S"", ""B0973M4832"", ""B085L58P9F"", ""B09P8BWX7P"", ""B09QGLP7DG"", ""B08JLG55SX"", ""B009VHH6WI"", ""B08T7JWRH1"", ""B09NB7MT7M""]",17.42980000562966,True,browsing,B08ZJWTCDR,
public_0040,5,reranker,rank_aware,browsing,mixed,Active Pants Sweatpants,"[{""explicit"": false, ""hard"": false, ""kind"": ""feature"", ""negated"": false, ""source"": ""ambiguous_disclosure"", ""source_turn"": 3, ""strength"": 0.7, ""value"": ""Imported""}]",[],"[""material"", ""comfort"", ""fit"", ""style""]","[""brand"", ""feature"", ""use_case"", ""style"", ""material""]",material,"{""baseline_utility"": 0.1986847417407073, ""expected_gain"": 0.3402699597286143, ""expected_utility"": 0.5389547014693216, ""meaningful_values"": 3}",75,"[""B07XXJRC62"", ""B012Q9EF5S"", ""B0973M4832"", ""B085L58P9F"", ""B09P8BWX7P"", ""B09QGLP7DG"", ""B08JLG55SX"", ""B009VHH6WI"", ""B08T7JWRH1"", ""B09NB7MT7M""]",23.000099987257272,True,browsing,B08ZJWTCDR,
public_0040,6,reranker,rank_aware,browsing,specific,Active Pants Sweatpants,"[{""explicit"": false, ""hard"": false, ""kind"": ""feature"", ""negated"": false, ""source"": ""ambiguous_disclosure"", ""source_turn"": 3, ""strength"": 0.7, ""value"": ""Imported""}, {""explicit"": false, ""hard"": false, ""kind"": ""material"", ""negated"": false, ""source"": ""ambiguous_disclosure"", ""source_turn"": 6, ""strength"": 0.7, ""value"": ""cotton""}, {""explicit"": false, ""hard"": false, ""kind"": ""material"", ""negated"": false, ""source"": ""ambiguous_disclosure"", ""source_turn"": 6, ""strength"": 0.7, ""value"": ""100% Cotton""}]",[],"[""material"", ""comfort"", ""fit"", ""style""]","[""brand"", ""feature"", ""use_case"", ""style"", ""material"", ""color""]",color,"{""baseline_utility"": 0.2899841067665885, ""expected_gain"": 0.4111351675304502, ""expected_utility"": 0.7011192742970387, ""meaningful_values"": 6}",50,"[""B07S1LNZZH"", ""B07L4ZQWLB"", ""B07KXP7G3Y"", ""B084GFK3GR"", ""B0BYCW1T1C"", ""B07CK79Z58"", ""B001V2QXW0"", ""B06Y2TYNRF"", ""B09P8BWX7P"", ""B09QGLP7DG""]",201.7801000038162,True,browsing,B08ZJWTCDR,
public_0040,7,reranker,rank_aware,browsing,specific,Active Pants Sweatpants,"[{""explicit"": false, ""hard"": false, ""kind"": ""feature"", ""negated"": false, ""source"": ""ambiguous_disclosure"", ""source_turn"": 3, ""strength"": 0.7, ""value"": ""Imported""}, {""explicit"": false, ""hard"": false, ""kind"": ""material"", ""negated"": false, ""source"": ""ambiguous_disclosure"", ""source_turn"": 6, ""strength"": 0.7, ""value"": ""cotton""}, {""explicit"": false, ""hard"": false, ""kind"": ""material"", ""negated"": false, ""source"": ""ambiguous_disclosure"", ""source_turn"": 6, ""strength"": 0.7, ""value"": ""100% Cotton""}, {""explicit"": false, ""hard"": false, ""kind"": ""color"", ""negated"": false, ""source"": ""ambiguous_disclosure"", ""source_turn"": 7, ""strength"": 0.7, ""value"": ""color: black""}]",[],"[""material"", ""comfort"", ""fit"", ""style""]","[""brand"", ""feature"", ""use_case"", ""style"", ""material"", ""color"", ""size""]",size,"{""baseline_utility"": 0.2899841067665885, ""expected_gain"": 0.46096276274999015, ""expected_utility"": 0.7509468695165786, ""meaningful_values"": 6}",50,"[""B08FL9B9NR"", ""B09NB7MT7M"", ""B07L4ZQWLB"", ""B0BYCW1T1C"", ""B07S1LNZZH"", ""B07SXBCKM6"", ""B097SM8WDS"", ""B08ZJWTCDR"", ""B0B1HLDQ61"", ""B093BVDGSK""]",168.51270000915974,True,browsing,B08ZJWTCDR,8
public_0052,1,reranker,rank_aware,buying,mixed,Tees & Blouses Tunics,"[{""explicit"": false, ""hard"": false, ""kind"": ""feature"", ""negated"": true, ""source"": ""ambiguous_disclosure"", ""source_turn"": 1, ""strength"": 0.7, ""value"": ""Hand Wash Only""}]",[],"[""comfort"", ""style"", ""material""]","[""brand""]",brand,"{""baseline_utility"": 0.1986847417407073, ""expected_gain"": 1.7524263693704039, ""expected_utility"": 1.9511111111111112, ""meaningful_values"": 68}",75,"[""B00XV4CKDW"", ""B07XBPVLSD"", ""B076M663KT"", ""B09QRMJQ4J"", ""B07L8Y63VB"", ""B09MSY8926"", ""B07R4X4HH7"", ""B097N238QP"", ""B00U9TV0WY"", ""B071HDP43V""]",33.65139997913502,True,intent_override,B09G2ZNZY4,
public_0052,2,reranker,rank_aware,buying,mixed,Tees & Blouses Tunics,"[{""explicit"": false, ""hard"": false, ""kind"": ""feature"", ""negated"": true, ""source"": ""ambiguous_disclosure"", ""source_turn"": 1, ""strength"": 0.7, ""value"": ""Hand Wash Only""}]",[],"[""comfort"", ""style"", ""material""]","[""brand"", ""feature""]",feature,"{""baseline_utility"": 0.1986847417407073, ""expected_gain"": 1.4963681683122028, ""expected_utility"": 1.6950529100529101, ""meaningful_values"": 41}",75,"[""B00XV4CKDW"", ""B07XBPVLSD"", ""B076M663KT"", ""B09QRMJQ4J"", ""B07L8Y63VB"", ""B09MSY8926"", ""B07R4X4HH7"", ""B097N238QP"", ""B00U9TV0WY"", ""B071HDP43V""]",21.143299993127584,True,intent_override,B09G2ZNZY4,
public_0052,3,reranker,rank_aware,buying,specific,Tees & Blouses Tunics,"[{""explicit"": true, ""hard"": true, ""kind"": ""material"", ""negated"": false, ""source"": ""explicit_requirement"", ""source_turn"": 3, ""strength"": 1.0, ""value"": ""polyester""}]","[{""explicit"": true, ""hard"": true, ""kind"": ""feature"", ""negated"": true, ""source"": ""negation_or_replacement"", ""source_turn"": 3, ""strength"": 1.0, ""value"": ""Hand Wash Only""}]","[""comfort"", ""style"", ""material""]","[""brand"", ""feature"", ""use_case""]",use_case,"{""baseline_utility"": 0.2899841067665885, ""expected_gain"": 0.6782278863386219, ""expected_utility"": 0.9682119931052103, ""meaningful_values"": 5}",50,"[""B07YG84J18"", ""B0B64TYV9T"", ""B0713MH94B"", ""B00TOBRYH8"", ""B095NNNXDN"", ""B01I24HM92"", ""B0BD4QJ21V"", ""B07X2Z1L1S"", ""B083DNTR5X"", ""B01HP1ZW4K""]",23.31759998924099,True,intent_override,B09G2ZNZY4,
public_0052,4,reranker,rank_aware,buying,specific,Tees & Blouses Tunics,"[{""explicit"": true, ""hard"": true, ""kind"": ""material"", ""negated"": false, ""source"": ""explicit_requirement"", ""source_turn"": 3, ""strength"": 1.0, ""value"": ""polyester""}]","[{""explicit"": true, ""hard"": true, ""kind"": ""feature"", ""negated"": true, ""source"": ""negation_or_replacement"", ""source_turn"": 3, ""strength"": 1.0, ""value"": ""Hand Wash Only""}]","[""comfort"", ""style"", ""material""]","[""brand"", ""feature"", ""use_case"", ""color""]",color,"{""baseline_utility"": 0.2899841067665885, ""expected_gain"": 0.6161235739599377, ""expected_utility"": 0.9061076807265261, ""meaningful_values"": 11}",50,"[""B07YG84J18"", ""B0B64TYV9T"", ""B0713MH94B"", ""B00TOBRYH8"", ""B095NNNXDN"", ""B01I24HM92"", ""B0BD4QJ21V"", ""B07X2Z1L1S"", ""B083DNTR5X"", ""B01HP1ZW4K""]",26.088899991009384,True,intent_override,B09G2ZNZY4,
public_0052,5,reranker,rank_aware,buying,specific,Tees & Blouses Tunics,"[{""explicit"": true, ""hard"": true, ""kind"": ""material"", ""negated"": false, ""source"": ""explicit_requirement"", ""source_turn"": 3, ""strength"": 1.0, ""value"": ""polyester""}]","[{""explicit"": true, ""hard"": true, ""kind"": ""feature"", ""negated"": true, ""source"": ""negation_or_replacement"", ""source_turn"": 3, ""strength"": 1.0, ""value"": ""Hand Wash Only""}]","[""comfort"", ""style"", ""material""]","[""brand"", ""feature"", ""use_case"", ""color"", ""material""]",material,"{""baseline_utility"": 0.2899841067665885, ""expected_gain"": 0.25999467290690026, ""expected_utility"": 0.5499787796734887, ""meaningful_values"": 2}",50,"[""B07YG84J18"", ""B0B64TYV9T"", ""B0713MH94B"", ""B00TOBRYH8"", ""B095NNNXDN"", ""B01I24HM92"", ""B0BD4QJ21V"", ""B07X2Z1L1S"", ""B083DNTR5X"", ""B01HP1ZW4K""]",32.81190001871437,True,intent_override,B09G2ZNZY4,
public_0052,6,reranker,rank_aware,buying,specific,Tees & Blouses Tunics,"[{""explicit"": true, ""hard"": true, ""kind"": ""material"", ""negated"": false, ""source"": ""explicit_requirement"", ""source_turn"": 3, ""strength"": 1.0, ""value"": ""polyester""}, {""explicit"": false, ""hard"": false, ""kind"": ""material"", ""negated"": false, ""source"": ""ambiguous_disclosure"", ""source_turn"": 6, ""strength"": 0.7, ""value"": ""60% polyester""}]","[{""explicit"": true, ""hard"": true, ""kind"": ""feature"", ""negated"": true, ""source"": ""negation_or_replacement"", ""source_turn"": 3, ""strength"": 1.0, ""value"": ""Hand Wash Only""}]","[""comfort"", ""style"", ""material""]","[""brand"", ""feature"", ""use_case"", ""color"", ""material"", ""style""]",style,"{""baseline_utility"": 0.2899841067665885, ""expected_gain"": 0.20426395282958193, ""expected_utility"": 0.4942480595961704, ""meaningful_values"": 3}",50,"[""B075KWDCN3"", ""B0BD4QJ21V"", ""B095NNNXDN"", ""B0B7VYPTYQ"", ""B07VBZG1WN"", ""B08FYN6CBS"", ""B07WV1SC15"", ""B0BP2CSW2D"", ""B08DXV8WR3"", ""B0713MH94B""]",29.35939998133108,True,intent_override,B09G2ZNZY4,
public_0052,7,reranker,rank_aware,buying,specific,Tees & Blouses Tunics,"[{""explicit"": true, ""hard"": true, ""kind"": ""material"", ""negated"": false, ""source"": ""explicit_requirement"", ""source_turn"": 3, ""strength"": 1.0, ""value"": ""polyester""}, {""explicit"": false, ""hard"": false, ""kind"": ""material"", ""negated"": false, ""source"": ""ambiguous_disclosure"", ""source_turn"": 6, ""strength"": 0.7, ""value"": ""60% polyester""}]","[{""explicit"": true, ""hard"": true, ""kind"": ""feature"", ""negated"": true, ""source"": ""negation_or_replacement"", ""source_turn"": 3, ""strength"": 1.0, ""value"": ""Hand Wash Only""}]","[""comfort"", ""style"", ""material""]","[""brand"", ""feature"", ""use_case"", ""color"", ""material"", ""style"", ""budget""]",budget,"{""baseline_utility"": 0.2899841067665885, ""expected_gain"": 0.17979724958949117, ""expected_utility"": 0.46978135635607965, ""meaningful_values"": 2}",50,"[""B075KWDCN3"", ""B0BD4QJ21V"", ""B095NNNXDN"", ""B0B7VYPTYQ"", ""B07VBZG1WN"", ""B08FYN6CBS"", ""B07WV1SC15"", ""B0BP2CSW2D"", ""B08DXV8WR3"", ""B0713MH94B""]",30.333200003951788,True,intent_override,B09G2ZNZY4,
public_0052,8,reranker,rank_aware,buying,specific,Tees & Blouses Tunics,"[{""explicit"": true, ""hard"": true, ""kind"": ""material"", ""negated"": false, ""source"": ""explicit_requirement"", ""source_turn"": 3, ""strength"": 1.0, ""value"": ""polyester""}, {""explicit"": false, ""hard"": false, ""kind"": ""material"", ""negated"": false, ""source"": ""ambiguous_disclosure"", ""source_turn"": 6, ""strength"": 0.7, ""value"": ""60% polyester""}]","[{""explicit"": true, ""hard"": true, ""kind"": ""feature"", ""negated"": true, ""source"": ""negation_or_replacement"", ""source_turn"": 3, ""strength"": 1.0, ""value"": ""Hand Wash Only""}]","[""comfort"", ""style"", ""material""]","[""brand"", ""feature"", ""use_case"", ""color"", ""material"", ""style"", ""budget"", ""other""]",other,"{""fallback"": ""fewer_than_two_meaningful_values""}",50,"[""B075KWDCN3"", ""B0BD4QJ21V"", ""B095NNNXDN"", ""B0B7VYPTYQ"", ""B07VBZG1WN"", ""B08FYN6CBS"", ""B07WV1SC15"", ""B0BP2CSW2D"", ""B08DXV8WR3"", ""B0713MH94B""]",24.005699990084395,True,intent_override,B09G2ZNZY4,
public_0052,9,reranker,rank_aware,buying,specific,Tees & Blouses Tunics,"[{""explicit"": true, ""hard"": true, ""kind"": ""material"", ""negated"": false, ""source"": ""explicit_requirement"", ""source_turn"": 3, ""strength"": 1.0, ""value"": ""polyester""}, {""explicit"": false, ""hard"": false, ""kind"": ""material"", ""negated"": false, ""source"": ""ambiguous_disclosure"", ""source_turn"": 6, ""strength"": 0.7, ""value"": ""60% polyester""}, {""explicit"": false, ""hard"": false, ""kind"": ""feature"", ""negated"": false, ""source"": ""ambiguous_disclosure"", ""source_turn"": 9, ""strength"": 0.7, ""value"": ""Button closure""}, {""explicit"": false, ""hard"": false, ""kind"": ""feature"", ""negated"": false, ""source"": ""ambiguous_disclosure"", ""source_turn"": 9, ""strength"": 0.7, ""value"": ""Hand Wash Only""}]","[{""explicit"": true, ""hard"": true, ""kind"": ""feature"", ""negated"": true, ""source"": ""negation_or_replacement"", ""source_turn"": 3, ""strength"": 1.0, ""value"": ""Hand Wash Only""}]","[""comfort"", ""style"", ""material""]","[""brand"", ""feature"", ""use_case"", ""color"", ""material"", ""style"", ""budget"", ""other""]",other,"{""fallback"": ""fewer_than_two_meaningful_values""}",50,"[""B09G2ZNZY4"", ""B075YDLHCJ"", ""B0BP2CSW2D"", ""B07PP1V31X"", ""B08D6BM126"", ""B07R8JTSL7"", ""B07L8Y63VB"", ""B075KWDCN3"", ""B08KRGMNL4"", ""B07Z8NTWVV""]",27.354099991498515,True,intent_override,B09G2ZNZY4,1
public_0053,1,reranker,rank_aware,buying,specific,Travel Accessories Passport Covers,"[{""explicit"": true, ""hard"": true, ""kind"": ""material"", ""negated"": false, ""source"": ""explicit_requirement"", ""source_turn"": 1, ""strength"": 1.0, ""value"": ""leather""}]",[],"[""material"", ""fit""]","[""brand""]",brand,"{""baseline_utility"": 0.2899841067665885, ""expected_gain"": 1.6822381154556338, ""expected_utility"": 1.9722222222222223, ""meaningful_values"": 48}",50,"[""B01DKXULIO"", ""B07TZK3GZK"", ""B08KWQR9YN"", ""B00Z91DYPI"", ""B07W4PP3M9"", ""B07ZR88YLW"", ""B000R4JP7S"", ""B099FJP9KP"", ""B001COIINO"", ""B01M2YFAGT""]",25.830700004007667,True,buying,B07TZK3GZK,2
public_0054,1,reranker,rank_aware,buying,specific,Women Fashion Hoodies & Sweatshirts,"[{""explicit"": true, ""hard"": true, ""kind"": ""material"", ""negated"": false, ""source"": ""explicit_requirement"", ""source_turn"": 1, ""strength"": 1.0, ""value"": ""fabric""}]",[],"[""weather"", ""comfort"", ""durability"", ""style""]","[""brand""]",brand,"{""baseline_utility"": 0.2899841067665885, ""expected_gain"": 1.636682559900078, ""expected_utility"": 1.9266666666666665, ""meaningful_values"": 43}",50,"[""B09BJMYCQ8"", ""B07X3CX1C3"", ""B08K3J2XNY"", ""B08P7HS6QL"", ""B0BMLTW4D5"", ""B07RP71WXG"", ""B09L1K3BJT"", ""B07WQX9SM2"", ""B07VSNK5J1"", ""B08KGDSNTR""]",23.86099999421276,True,buying,B08PP1ZJQ5,
public_0054,2,reranker,rank_aware,buying,specific,Women Fashion Hoodies & Sweatshirts,"[{""explicit"": true, ""hard"": true, ""kind"": ""material"", ""negated"": false, ""source"": ""explicit_requirement"", ""source_turn"": 1, ""strength"": 1.0, ""value"": ""fabric""}]",[],"[""weather"", ""comfort"", ""durability"", ""style""]","[""brand"", ""feature""]",feature,"{""baseline_utility"": 0.2899841067665885, ""expected_gain"": 1.626682559900078, ""expected_utility"": 1.9166666666666665, ""meaningful_values"": 42}",50,"[""B09BJMYCQ8"", ""B07X3CX1C3"", ""B08K3J2XNY"", ""B08P7HS6QL"", ""B0BMLTW4D5"", ""B07RP71WXG"", ""B09L1K3BJT"", ""B07WQX9SM2"", ""B07VSNK5J1"", ""B08KGDSNTR""]",25.235000008251518,True,buying,B08PP1ZJQ5,
public_0054,3,reranker,rank_aware,buying,specific,Women Fashion Hoodies & Sweatshirts,"[{""explicit"": true, ""hard"": true, ""kind"": ""material"", ""negated"": false, ""source"": ""explicit_requirement"", ""source_turn"": 1, ""strength"": 1.0, ""value"": ""fabric""}, {""explicit"": false, ""hard"": false, ""kind"": ""feature"", ""negated"": false, ""source"": ""ambiguous_disclosure"", ""source_turn"": 3, ""strength"": 0.7, ""value"": ""Pull On closure""}, {""explicit"": false, ""hard"": false, ""kind"": ""feature"", ""negated"": false, ""source"": ""ambiguous_disclosure"", ""source_turn"": 3, ""strength"": 0.7, ""value"": ""Machine Wash""}]",[],"[""weather"", ""comfort"", ""durability"", ""style""]","[""brand"", ""feature"", ""use_case""]",use_case,"{""baseline_utility"": 0.2899841067665885, ""expected_gain"": 0.7015107335588807, ""expected_utility"": 0.9914948403254692, ""meaningful_values"": 8}",50,"[""B07X3CX1C3"", ""B09G6WJT4D"", ""B099VZRSBD"", ""B07VX63TJV"", ""B07G1TC1X8"", ""B08GHZRDHJ"", ""B076QCM7QQ"", ""B09MW7S74R"", ""B07ZVF8S3X"", ""B09MMRCQSS""]",26.877999975113198,True,buying,B08PP1ZJQ5,
public_0054,4,reranker,rank_aware,buying,specific,Women Fashion Hoodies & Sweatshirts,"[{""explicit"": true, ""hard"": true, ""kind"": ""material"", ""negated"": false, ""source"": ""explicit_requirement"", ""source_turn"": 1, ""strength"": 1.0, ""value"": ""fabric""}, {""explicit"": false, ""hard"": false, ""kind"": ""feature"", ""negated"": false, ""source"": ""ambiguous_disclosure"", ""source_turn"": 3, ""strength"": 0.7, ""value"": ""Pull On closure""}, {""explicit"": false, ""hard"": false, ""kind"": ""feature"", ""negated"": false, ""source"": ""ambiguous_disclosure"", ""source_turn"": 3, ""strength"": 0.7, ""value"": ""Machine Wash""}]",[],"[""weather"", ""comfort"", ""durability"", ""style""]","[""brand"", ""feature"", ""use_case"", ""budget""]",budget,"{""baseline_utility"": 0.2899841067665885, ""expected_gain"": 0.4123271819304746, ""expected_utility"": 0.702311288697063, ""meaningful_values"": 2}",50,"[""B07X3CX1C3"", ""B09G6WJT4D"", ""B099VZRSBD"", ""B07VX63TJV"", ""B07G1TC1X8"", ""B08GHZRDHJ"", ""B076QCM7QQ"", ""B09MW7S74R"", ""B07ZVF8S3X"", ""B09MMRCQSS""]",27.534599998034537,True,buying,B08PP1ZJQ5,
public_0054,5,reranker,rank_aware,buying,specific,Women Fashion Hoodies & Sweatshirts,"[{""explicit"": true, ""hard"": true, ""kind"": ""material"", ""negated"": false, ""source"": ""explicit_requirement"", ""source_turn"": 1, ""strength"": 1.0, ""value"": ""fabric""}, {""explicit"": false, ""hard"": false, ""kind"": ""feature"", ""negated"": false, ""source"": ""ambiguous_disclosure"", ""source_turn"": 3, ""strength"": 0.7, ""value"": ""Pull On closure""}, {""explicit"": false, ""hard"": false, ""kind"": ""feature"", ""negated"": false, ""source"": ""ambiguous_disclosure"", ""source_turn"": 3, ""strength"": 0.7, ""value"": ""Machine Wash""}]",[],"[""weather"", ""comfort"", ""durability"", ""style""]","[""brand"", ""feature"", ""use_case"", ""budget"", ""color""]",color,"{""baseline_utility"": 0.2899841067665885, ""expected_gain"": 0.39653982050810954, ""expected_utility"": 0.686523927274698, ""meaningful_values"": 4}",50,"[""B07X3CX1C3"", ""B09G6WJT4D"", ""B099VZRSBD"", ""B07VX63TJV"", ""B07G1TC1X8"", ""B08GHZRDHJ"", ""B076QCM7QQ"", ""B09MW7S74R"", ""B07ZVF8S3X"", ""B09MMRCQSS""]",30.45750001911074,True,buying,B08PP1ZJQ5,
public_0054,6,reranker,rank_aware,buying,specific,Women Fashion Hoodies & Sweatshirts,"[{""explicit"": true, ""hard"": true, ""kind"": ""material"", ""negated"": false, ""source"": ""explicit_requirement"", ""source_turn"": 1, ""strength"": 1.0, ""value"": ""fabric""}, {""explicit"": false, ""hard"": false, ""kind"": ""feature"", ""negated"": false, ""source"": ""ambiguous_disclosure"", ""source_turn"": 3, ""strength"": 0.7, ""value"": ""Pull On closure""}, {""explicit"": false, ""hard"": false, ""kind"": ""feature"", ""negated"": false, ""source"": ""ambiguous_disclosure"", ""source_turn"": 3, ""strength"": 0.7, ""value"": ""Machine Wash""}]",[],"[""weather"", ""comfort"", ""durability"", ""style""]","[""brand"", ""feature"", ""use_case"", ""budget"", ""color"", ""material""]",material,"{""baseline_utility"": 0.2899841067665885, ""expected_gain"": 0.32774204367338855, ""expected_utility"": 0.617726150439977, ""meaningful_values"": 3}",50,"[""B07X3CX1C3"", ""B09G6WJT4D"", ""B099VZRSBD"", ""B07VX63TJV"", ""B07G1TC1X8"", ""B08GHZRDHJ"", ""B076QCM7QQ"", ""B09MW7S74R"", ""B07ZVF8S3X"", ""B09MMRCQSS""]",19.53650001087226,True,buying,B08PP1ZJQ5,
public_0054,7,reranker,rank_aware,buying,specific,Women Fashion Hoodies & Sweatshirts,"[{""explicit"": true, ""hard"": true, ""kind"": ""material"", ""negated"": false, ""source"": ""explicit_requirement"", ""source_turn"": 1, ""strength"": 1.0, ""value"": ""fabric""}, {""explicit"": false, ""hard"": false, ""kind"": ""feature"", ""negated"": false, ""source"": ""ambiguous_disclosure"", ""source_turn"": 3, ""strength"": 0.7, ""value"": ""Pull On closure""}, {""explicit"": false, ""hard"": false, ""kind"": ""feature"", ""negated"": false, ""source"": ""ambiguous_disclosure"", ""source_turn"": 3, ""strength"": 0.7, ""value"": ""Machine Wash""}, {""explicit"": false, ""hard"": false, ""kind"": ""material"", ""negated"": false, ""source"": ""ambiguous_disclosure"", ""source_turn"": 7, ""strength"": 0.7, ""value"": ""Soft Fabric""}]",[],"[""weather"", ""comfort"", ""durability"", ""style""]","[""brand"", ""feature"", ""use_case"", ""budget"", ""color"", ""material"", ""style""]",style,"{""baseline_utility"": 0.2899841067665885, ""expected_gain"": 0.3566652404346107, ""expected_utility"": 0.6466493472011992, ""meaningful_values"": 4}",50,"[""B07X3CX1C3"", ""B07ZVF8S3X"", ""B07G1TC1X8"", ""B0BBLPS1Z4"", ""B08PP1ZJQ5"", ""B07VX63TJV"", ""B076QCM7QQ"", ""B07G5QX7FV"", ""B07YJVQYKK"", ""B09C1Z192C""]",23.10550000402145,True,buying,B08PP1ZJQ5,5
public_0055,1,reranker,rank_aware,browsing,exploratory,Shoes Mules & Clogs,[],[],"[""fit"", ""comfort"", ""material"", ""style""]","[""brand""]",brand,"{""baseline_utility"": 0.1518737751763962, ""expected_gain"": 1.5158550833833448, ""expected_utility"": 1.667728858559741, ""meaningful_values"": 61}",100,"[""B007IDERHO"", ""B0B74XT5PT"", ""B08DXRGQKS"", ""B082WXH61Q"", ""B091CVBDB2"", ""B094BZMRLZ"", ""B091CTCW83"", ""B096KWG7YN"", ""B0814CS8MN"", ""B000H76YK6""]",31.026799988467246,True,browsing,B0C1TDJ9HZ,
public_0055,2,reranker,rank_aware,browsing,exploratory,Shoes Mules & Clogs,[],[],"[""fit"", ""comfort"", ""material"", ""style""]","[""brand"", ""feature""]",feature,"{""baseline_utility"": 0.1518737751763962, ""expected_gain"": 1.1301229058717783, ""expected_utility"": 1.2819966810481744, ""meaningful_values"": 31}",100,"[""B007IDERHO"", ""B0B74XT5PT"", ""B08DXRGQKS"", ""B082WXH61Q"", ""B091CVBDB2"", ""B094BZMRLZ"", ""B091CTCW83"", ""B096KWG7YN"", ""B0814CS8MN"", ""B000H76YK6""]",19.545700022717938,True,browsing,B0C1TDJ9HZ,
public_0055,3,reranker,rank_aware,browsing,specific,Shoes Mules & Clogs,"[{""explicit"": false, ""hard"": false, ""kind"": ""feature"", ""negated"": false, ""source"": ""ambiguous_disclosure"", ""source_turn"": 3, ""strength"": 0.7, ""value"": ""100% Croslite Foam""}, {""explicit"": false, ""hard"": false, ""kind"": ""feature"", ""negated"": false, ""source"": ""ambiguous_disclosure"", ""source_turn"": 3, ""strength"": 0.7, ""value"": ""Imported""}]",[],"[""fit"", ""comfort"", ""material"", ""style""]","[""brand"", ""feature"", ""style""]",style,"{""baseline_utility"": 0.2899841067665885, ""expected_gain"": 0.849772273677873, ""expected_utility"": 1.1397563804444615, ""meaningful_values"": 8}",50,"[""B01A6LZT26"", ""B01A6LZQ60"", ""B00LUOJUE2"", ""B00LUOJCH2"", ""B0014C40B8"", ""B0C1TDJ9HZ"", ""B010WE6VHO"", ""B01HQAMJ8W"", ""B085RX192V"", ""B00LWS1V5W""]",21.0695999849122,True,browsing,B0C1TDJ9HZ,6
public_0060,1,reranker,rank_aware,browsing,exploratory,Sleep & Lounge Sleep Bottoms,[],[],"[""material"", ""fit"", ""style"", ""warmth""]","[""brand""]",brand,"{""baseline_utility"": 0.1518737751763962, ""expected_gain"": 1.753126224823604, ""expected_utility"": 1.905, ""meaningful_values"": 82}",100,"[""B00CXWF4P4"", ""B08MCF3LF7"", ""B07TXN5YR4"", ""B08J4CQ72B"", ""B08QZRYN4T"", ""B0897NQF8M"", ""B07DCDQDPV"", ""B08965CTGN"", ""B07WZRWQBF"", ""B08BRDGWL4""]",16.652899998007342,True,browsing,B08R61K9B9,
public_0060,2,reranker,rank_aware,browsing,exploratory,Sleep & Lounge Sleep Bottoms,[],[],"[""material"", ""fit"", ""style"", ""warmth""]","[""brand"", ""feature""]",feature,"{""baseline_utility"": 0.1518737751763962, ""expected_gain"": 1.5485999598699196, ""expected_utility"": 1.7004737350463157, ""meaningful_values"": 61}",100,"[""B00CXWF4P4"", ""B08MCF3LF7"", ""B07TXN5YR4"", ""B08J4CQ72B"", ""B08QZRYN4T"", ""B0897NQF8M"", ""B07DCDQDPV"", ""B08965CTGN"", ""B07WZRWQBF"", ""B08BRDGWL4""]",16.016600013244897,True,browsing,B08R61K9B9,
public_0060,3,reranker,rank_aware,browsing,specific,Sleep & Lounge Sleep Bottoms,"[{""explicit"": false, ""hard"": false, ""kind"": ""feature"", ""negated"": false, ""source"": ""ambiguous_disclosure"", ""source_turn"": 3, ""strength"": 0.7, ""value"": ""Imported""}, {""explicit"": false, ""hard"": false, ""kind"": ""feature"", ""negated"": false, ""source"": ""ambiguous_disclosure"", ""source_turn"": 3, ""strength"": 0.7, ""value"": ""Drawstring Waist closure""}]",[],"[""material"", ""fit"", ""style"", ""warmth""]","[""brand"", ""feature"", ""use_case""]",use_case,"{""baseline_utility"": 0.2899841067665885, ""expected_gain"": 0.5614724555397728, ""expected_utility"": 0.8514565623063612, ""meaningful_values"": 6}",50,"[""B0751QQNLJ"", ""B08V1L294M"", ""B071J3LHYK"", ""B012SJWZG2"", ""B08L7926KL"", ""B00V8IL52U"", ""B076M48KKT"", ""B08R61K9B9"", ""B00UHLFR32"", ""B0BXX4XSN4""]",18.360799993388355,True,browsing,B08R61K9B9,8
public_0061,1,reranker,rank_aware,buying,specific,Piercing Jewelry Rings,"[{""explicit"": true, ""hard"": true, ""kind"": ""feature"", ""negated"": false, ""source"": ""explicit_requirement"", ""source_turn"": 1, ""strength"": 1.0, ""value"": ""Snap closure""}]",[],"[""material"", ""comfort""]","[""brand""]",brand,"{""baseline_utility"": 0.2899841067665885, ""expected_gain"": 1.6171825599000782, ""expected_utility"": 1.9071666666666667, ""meaningful_values"": 44}",50,"[""B08J295KCZ"", ""B08HCP9YTV"", ""B00YET4UBI"", ""B09W9CFRYW"", ""B016ZY19PE"", ""B074TTJYBZ"", ""B089DZT2C7"", ""B0C1B2KLTK"", ""B09Q7VYP3Q"", ""B07L5RJF77""]",20.54689999204129,True,buying,B08HCP9YTV,2
public_0065,1,reranker,rank_aware,buying,specific,Bibs & Pants Bibs,"[{""explicit"": true, ""hard"": true, ""kind"": ""material"", ""negated"": false, ""source"": ""explicit_requirement"", ""source_turn"": 1, ""strength"": 1.0, ""value"": ""polyester""}]",[],"[""material"", ""fit"", ""comfort""]","[""brand""]",brand,"{""baseline_utility"": 0.2899841067665885, ""expected_gain"": 1.6900158932334115, ""expected_utility"": 1.98, ""meaningful_values"": 48}",50,"[""B074BMLZTL"", ""B07N8SGDV8"", ""B0BSQ9TCYC"", ""B01C5FCEHO"", ""B003BLOS1W"", ""B0B6VK1XNY"", ""B088Q72T6J"", ""B07CJ8PTJN"", ""B014VPTTQA"", ""B00JMTNEYY""]",22.73389999754727,True,buying,B0BSQ9TCYC,3
public_0074,1,reranker,rank_aware,browsing,exploratory,Athletic Walking,[],[],"[""style""]","[""brand""]",brand,"{""baseline_utility"": 0.1518737751763962, ""expected_gain"": 1.7119714629188418, ""expected_utility"": 1.863845238095238, ""meaningful_values"": 78}",100,"[""B0925MM7CD"", ""B0B6TPKVHX"", ""B08ZK7NZBX"", ""B09YQCNHZG"", ""B0BLRS4D39"", ""B019ELI8TA"", ""B07L3W74QQ"", ""B08RMT7665"", ""B09D96W56J"", ""B00MES8EIQ""]",16.847699997015297,True,browsing,B07N15QTKC,
public_0074,2,reranker,rank_aware,browsing,exploratory,Athletic Walking,[],[],"[""style""]","[""brand"", ""feature""]",feature,"{""baseline_utility"": 0.1518737751763962, ""expected_gain"": 1.020691426196186, ""expected_utility"": 1.172565201372582, ""meaningful_values"": 38}",100,"[""B0925MM7CD"", ""B0B6TPKVHX"", ""B08ZK7NZBX"", ""B09YQCNHZG"", ""B0BLRS4D39"", ""B019ELI8TA"", ""B07L3W74QQ"", ""B08RMT7665"", ""B09D96W56J"", ""B00MES8EIQ""]",14.828900020802394,True,browsing,B07N15QTKC,
public_0074,3,reranker,rank_aware,browsing,specific,Athletic Walking,"[{""explicit"": false, ""hard"": false, ""kind"": ""feature"", ""negated"": false, ""source"": ""ambiguous_disclosure"", ""source_turn"": 3, ""strength"": 0.7, ""value"": ""mesh""}, {""explicit"": false, ""hard"": false, ""kind"": ""feature"", ""negated"": false, ""source"": ""ambiguous_disclosure"", ""source_turn"": 3, ""strength"": 0.7, ""value"": ""Imported""}]",[],"[""style""]","[""brand"", ""feature"", ""use_case""]",use_case,"{""baseline_utility"": 0.2899841067665885, ""expected_gain"": 0.6142948747482997, ""expected_utility"": 0.9042789815148882, ""meaningful_values"": 6}",50,"[""B01HLQEP1U"", ""B00MES8EIQ"", ""B005A97OP0"", ""B005A996E2"", ""B07N15QTKC"", ""B01J2NW0B2"", ""B01J2Q2RC6"", ""B01IJCOZOW"", ""B08SH8GF6K"", ""B00DVOKL6A""]",19.105899991700426,True,browsing,B07N15QTKC,5
public_0076,1,reranker,rank_aware,browsing,exploratory,Women Hoodies,[],[],"[""style"", ""comfort"", ""performance"", ""fit""]","[""brand""]",brand,"{""baseline_utility"": 0.1518737751763962, ""expected_gain"": 1.791459558156937, ""expected_utility"": 1.9433333333333331, ""meaningful_values"": 89}",100,"[""B08JPV5NWY"", ""B0B9WR83YN"", ""B09F2KFNQZ"", ""B08P7HS6QL"", ""B09HCGHMWZ"", ""B07Z41K188"", ""B09BNFRXNS"", ""B07X3CX1C3"", ""B07GKPQGB1"", ""B07H2MMMR3""]",19.122500001685694,True,browsing,B07XT6PLTB,
public_0076,2,reranker,rank_aware,browsing,exploratory,Women Hoodies,[],[],"[""style"", ""comfort"", ""performance"", ""fit""]","[""brand"", ""feature""]",feature,"{""baseline_utility"": 0.1518737751763962, ""expected_gain"": 1.4066615757594465, ""expected_utility"": 1.5585353509358426, ""meaningful_values"": 52}",100,"[""B08JPV5NWY"", ""B0B9WR83YN"", ""B09F2KFNQZ"", ""B08P7HS6QL"", ""B09HCGHMWZ"", ""B07Z41K188"", ""B09BNFRXNS"", ""B07X3CX1C3"", ""B07GKPQGB1"", ""B07H2MMMR3""]",16.707199974916875,True,browsing,B07XT6PLTB,
public_0076,3,reranker,rank_aware,browsing,mixed,Women Hoodies,"[{""explicit"": false, ""hard"": false, ""kind"": ""feature"", ""negated"": false, ""source"": ""ambiguous_disclosure"", ""source_turn"": 3, ""strength"": 0.7, ""value"": ""Imported""}]",[],"[""style"", ""comfort"", ""performance"", ""fit""]","[""brand"", ""feature"", ""use_case""]",use_case,"{""baseline_utility"": 0.1986847417407073, ""expected_gain"": 0.6221988575278302, ""expected_utility"": 0.8208835992685375, ""meaningful_values"": 8}",75,"[""B09BJMYCQ8"", ""B09BNFRXNS"", ""B0B9WR83YN"", ""B0076TPF5I"", ""B0822DPK4F"", ""B0BMLTW4D5"", ""B08L4FLRDT"", ""B08JPVWF9W"", ""B0B6BHND47"", ""B00G6YQFYY""]",35.545999999158084,True,browsing,B07XT6PLTB,
public_0076,4,reranker,rank_aware,browsing,mixed,Women Hoodies,"[{""explicit"": false, ""hard"": false, ""kind"": ""feature"", ""negated"": false, ""source"": ""ambiguous_disclosure"", ""source_turn"": 3, ""strength"": 0.7, ""value"": ""Imported""}]",[],"[""style"", ""comfort"", ""performance"", ""fit""]","[""brand"", ""feature"", ""use_case"", ""color""]",color,"{""baseline_utility"": 0.1986847417407073, ""expected_gain"": 0.43897912832611174, ""expected_utility"": 0.637663870066819, ""meaningful_values"": 9}",75,"[""B09BJMYCQ8"", ""B09BNFRXNS"", ""B0B9WR83YN"", ""B0076TPF5I"", ""B0822DPK4F"", ""B0BMLTW4D5"", ""B08L4FLRDT"", ""B08JPVWF9W"", ""B0B6BHND47"", ""B00G6YQFYY""]",19.37809999799356,True,browsing,B07XT6PLTB,
public_0076,5,reranker,rank_aware,browsing,specific,Women Hoodies,"[{""explicit"": false, ""hard"": false, ""kind"": ""feature"", ""negated"": false, ""source"": ""ambiguous_disclosure"", ""source_turn"": 3, ""strength"": 0.7, ""value"": ""Imported""}, {""explicit"": false, ""hard"": false, ""kind"": ""color"", ""negated"": false, ""source"": ""ambiguous_disclosure"", ""source_turn"": 5, ""strength"": 0.7, ""value"": ""color: grey""}]",[],"[""style"", ""comfort"", ""performance"", ""fit""]","[""brand"", ""feature"", ""use_case"", ""color"", ""material""]",material,"{""baseline_utility"": 0.2899841067665885, ""expected_gain"": 0.4853049215661054, ""expected_utility"": 0.7752890283326939, ""meaningful_values"": 5}",50,"[""B08JPVWF9W"", ""B0BMLTW4D5"", ""B09BJMYCQ8"", ""B079P33H83"", ""B00NUIZHVQ"", ""B07VH36S6W"", ""B07T9LRYRP"", ""B07DNXYK7D"", ""B019DRXJRQ"", ""B07YW4DQ3C""]",22.08449997124262,True,browsing,B07XT6PLTB,
public_0076,6,reranker,rank_aware,browsing,specific,Women Hoodies,"[{""explicit"": false, ""hard"": false, ""kind"": ""feature"", ""negated"": false, ""source"": ""ambiguous_disclosure"", ""source_turn"": 3, ""strength"": 0.7, ""value"": ""Imported""}, {""explicit"": false, ""hard"": false, ""kind"": ""color"", ""negated"": false, ""source"": ""ambiguous_disclosure"", ""source_turn"": 5, ""strength"": 0.7, ""value"": ""color: grey""}, {""explicit"": false, ""hard"": false, ""kind"": ""material"", ""negated"": false, ""source"": ""ambiguous_disclosure"", ""source_turn"": 6, ""strength"": 0.7, ""value"": ""cotton""}, {""explicit"": false, ""hard"": false, ""kind"": ""material"", ""negated"": false, ""source"": ""ambiguous_disclosure"", ""source_turn"": 6, ""strength"": 0.7, ""value"": ""Solid colors: 80% Cotton, 20% Polyester; Heather Grey: 78% Cotton, 22% Poly; Dark Heather: 50% Cotton, 50% Polyester""}]",[],"[""style"", ""comfort"", ""performance"", ""fit""]","[""brand"", ""feature"", ""use_case"", ""color"", ""material"", ""style""]",style,"{""baseline_utility"": 0.2899841067665885, ""expected_gain"": 0.7975143947319137, ""expected_utility"": 1.0874985014985021, ""meaningful_values"": 9}",50,"[""B079P33H83"", ""B07DNXYK7D"", ""B07BPBR7ZS"", ""B0777Z9JTC"", ""B07FHF73YF"", ""B079786GXZ"", ""B079JLLMTY"", ""B07DW2THB1"", ""B09BJMYCQ8"", ""B07XT6PLTB""]",21.208699996350333,True,browsing,B07XT6PLTB,10
public_0081,1,reranker,rank_aware,browsing,exploratory,Underwear Undershirts,[],[],"[""fit"", ""material"", ""style"", ""durability""]","[""brand""]",brand,"{""baseline_utility"": 0.1518737751763962, ""expected_gain"": 1.7186723241143842, ""expected_utility"": 1.8705460992907803, ""meaningful_values"": 80}",100,"[""B005CJJHNK"", ""B00M798WWA"", ""B0149B4YHK"", ""B0BXP6MG3X"", ""B00L10BT3A"", ""B07DQSWHWN"", ""B07NCS6DTX"", ""B0891LTVHT"", ""B0036UZNBC"", ""B015Y7J6EY""]",17.30059998226352,True,browsing,B0BSS36XCS,
public_0081,2,reranker,rank_aware,browsing,exploratory,Underwear Undershirts,[],[],"[""fit"", ""material"", ""style"", ""durability""]","[""brand"", ""feature""]",feature,"{""baseline_utility"": 0.1518737751763962, ""expected_gain"": 1.2815046675613793, ""expected_utility"": 1.4333784427377754, ""meaningful_values"": 52}",100,"[""B005CJJHNK"", ""B00M798WWA"", ""B0149B4YHK"", ""B0BXP6MG3X"", ""B00L10BT3A"", ""B07DQSWHWN"", ""B07NCS6DTX"", ""B0891LTVHT"", ""B0036UZNBC"", ""B015Y7J6EY""]",16.74959997762926,True,browsing,B0BSS36XCS,
public_0081,3,reranker,rank_aware,browsing,specific,Underwear Undershirts,"[{""explicit"": false, ""hard"": false, ""kind"": ""feature"", ""negated"": false, ""source"": ""ambiguous_disclosure"", ""source_turn"": 3, ""strength"": 0.7, ""value"": ""Pull On closure""}, {""explicit"": false, ""hard"": false, ""kind"": ""feature"", ""negated"": false, ""source"": ""ambiguous_disclosure"", ""source_turn"": 3, ""strength"": 0.7, ""value"": ""Machine Wash""}]",[],"[""fit"", ""material"", ""style"", ""durability""]","[""brand"", ""feature"", ""budget""]",budget,"{""baseline_utility"": 0.2899841067665885, ""expected_gain"": 0.5178927923619341, ""expected_utility"": 0.8078768991285226, ""meaningful_values"": 4}",50,"[""B004JYCIDU"", ""B00M798WWA"", ""B0149B4YHK"", ""B07FHZ5VGS"", ""B005CJJHNK"", ""B07DQSWHWN"", ""B00W57TS6S"", ""B07DJSPRYY"", ""B019P5WRLK"", ""B07HYJZKW4""]",22.22399998572655,True,browsing,B0BSS36XCS,
public_0081,4,reranker,rank_aware,browsing,specific,Underwear Undershirts,"[{""explicit"": false, ""hard"": false, ""kind"": ""feature"", ""negated"": false, ""source"": ""ambiguous_disclosure"", ""source_turn"": 3, ""strength"": 0.7, ""value"": ""Pull On closure""}, {""explicit"": false, ""hard"": false, ""kind"": ""feature"", ""negated"": false, ""source"": ""ambiguous_disclosure"", ""source_turn"": 3, ""strength"": 0.7, ""value"": ""Machine Wash""}]",[],"[""fit"", ""material"", ""style"", ""durability""]","[""brand"", ""feature"", ""budget"", ""use_case""]",use_case,"{""baseline_utility"": 0.2899841067665885, ""expected_gain"": 0.4617676770268513, ""expected_utility"": 0.7517517837934398, ""meaningful_values"": 5}",50,"[""B004JYCIDU"", ""B00M798WWA"", ""B0149B4YHK"", ""B07FHZ5VGS"", ""B005CJJHNK"", ""B07DQSWHWN"", ""B00W57TS6S"", ""B07DJSPRYY"", ""B019P5WRLK"", ""B07HYJZKW4""]",18.102499976521358,True,browsing,B0BSS36XCS,
public_0081,5,reranker,rank_aware,browsing,specific,Underwear Undershirts,"[{""explicit"": false, ""hard"": false, ""kind"": ""feature"", ""negated"": false, ""source"": ""ambiguous_disclosure"", ""source_turn"": 3, ""strength"": 0.7, ""value"": ""Pull On closure""}, {""explicit"": false, ""hard"": false, ""kind"": ""feature"", ""negated"": false, ""source"": ""ambiguous_disclosure"", ""source_turn"": 3, ""strength"": 0.7, ""value"": ""Machine Wash""}]",[],"[""fit"", ""material"", ""style"", ""durability""]","[""brand"", ""feature"", ""budget"", ""use_case"", ""style""]",style,"{""baseline_utility"": 0.2899841067665885, ""expected_gain"": 0.3804186462479937, ""expected_utility"": 0.6704027530145822, ""meaningful_values"": 4}",50,"[""B004JYCIDU"", ""B00M798WWA"", ""B0149B4YHK"", ""B07FHZ5VGS"", ""B005CJJHNK"", ""B07DQSWHWN"", ""B00W57TS6S"", ""B07DJSPRYY"", ""B019P5WRLK"", ""B07HYJZKW4""]",19.507099990732968,True,browsing,B0BSS36XCS,
public_0081,6,reranker,rank_aware,browsing,specific,Underwear Undershirts,"[{""explicit"": false, ""hard"": false, ""kind"": ""feature"", ""negated"": false, ""source"": ""ambiguous_disclosure"", ""source_turn"": 3, ""strength"": 0.7, ""value"": ""Pull On closure""}, {""explicit"": false, ""hard"": false, ""kind"": ""feature"", ""negated"": false, ""source"": ""ambiguous_disclosure"", ""source_turn"": 3, ""strength"": 0.7, ""value"": ""Machine Wash""}]",[],"[""fit"", ""material"", ""style"", ""durability""]","[""brand"", ""feature"", ""budget"", ""use_case"", ""style"", ""material""]",material,"{""baseline_utility"": 0.2899841067665885, ""expected_gain"": 0.36108418802329156, ""expected_utility"": 0.65106829478988, ""meaningful_values"": 4}",50,"[""B004JYCIDU"", ""B00M798WWA"", ""B0149B4YHK"", ""B07FHZ5VGS"", ""B005CJJHNK"", ""B07DQSWHWN"", ""B00W57TS6S"", ""B07DJSPRYY"", ""B019P5WRLK"", ""B07HYJZKW4""]",19.16010002605617,True,browsing,B0BSS36XCS,
public_0081,7,reranker,rank_aware,browsing,specific,Underwear Undershirts,"[{""explicit"": false, ""hard"": false, ""kind"": ""feature"", ""negated"": false, ""source"": ""ambiguous_disclosure"", ""source_turn"": 3, ""strength"": 0.7, ""value"": ""Pull On closure""}, {""explicit"": false, ""hard"": false, ""kind"": ""feature"", ""negated"": false, ""source"": ""ambiguous_disclosure"", ""source_turn"": 3, ""strength"": 0.7, ""value"": ""Machine Wash""}, {""explicit"": false, ""hard"": false, ""kind"": ""material"", ""negated"": false, ""source"": ""ambiguous_disclosure"", ""source_turn"": 7, ""strength"": 0.7, ""value"": ""cotton""}, {""explicit"": false, ""hard"": false, ""kind"": ""material"", ""negated"": false, ""source"": ""ambiguous_disclosure"", ""source_turn"": 7, ""strength"": 0.7, ""value"": ""100% Cotton""}]",[],"[""fit"", ""material"", ""style"", ""durability""]","[""brand"", ""feature"", ""budget"", ""use_case"", ""style"", ""material"", ""color""]",color,"{""baseline_utility"": 0.2899841067665885, ""expected_gain"": 0.2916942204335429, ""expected_utility"": 0.5816783272001314, ""meaningful_values"": 4}",50,"[""B004JYCIDU"", ""B019P5WRLK"", ""B07DJSPRYY"", ""B07DQSWHWN"", ""B0BXP6MG3X"", ""B008U7KRBW"", ""B0891LTVHT"", ""B00W57TS6S"", ""B0BT8T2FQ3"", ""B07HC5LL2H""]",18.10829999158159,True,browsing,B0BSS36XCS,
public_0081,8,reranker,rank_aware,browsing,specific,Underwear Undershirts,"[{""explicit"": false, ""hard"": false, ""kind"": ""feature"", ""negated"": false, ""source"": ""ambiguous_disclosure"", ""source_turn"": 3, ""strength"": 0.7, ""value"": ""Pull On closure""}, {""explicit"": false, ""hard"": false, ""kind"": ""feature"", ""negated"": false, ""source"": ""ambiguous_disclosure"", ""source_turn"": 3, ""strength"": 0.7, ""value"": ""Machine Wash""}, {""explicit"": false, ""hard"": false, ""kind"": ""material"", ""negated"": false, ""source"": ""ambiguous_disclosure"", ""source_turn"": 7, ""strength"": 0.7, ""value"": ""cotton""}, {""explicit"": false, ""hard"": false, ""kind"": ""material"", ""negated"": false, ""source"": ""ambiguous_disclosure"", ""source_turn"": 7, ""strength"": 0.7, ""value"": ""100% Cotton""}]",[],"[""fit"", ""material"", ""style"", ""durability""]","[""brand"", ""feature"", ""budget"", ""use_case"", ""style"", ""material"", ""color"", ""other""]",other,"{""fallback"": ""fewer_than_two_meaningful_values""}",50,"[""B004JYCIDU"", ""B019P5WRLK"", ""B07DJSPRYY"", ""B07DQSWHWN"", ""B0BXP6MG3X"", ""B008U7KRBW"", ""B0891LTVHT"", ""B00W57TS6S"", ""B0BT8T2FQ3"", ""B07HC5LL2H""]",21.65519999107346,True,browsing,B0BSS36XCS,
public_0081,9,reranker,rank_aware,browsing,specific,Underwear Undershirts,"[{""explicit"": false, ""hard"": false, ""kind"": ""feature"", ""negated"": false, ""source"": ""ambiguous_disclosure"", ""source_turn"": 3, ""strength"": 0.7, ""value"": ""Pull On closure""}, {""explicit"": false, ""hard"": false, ""kind"": ""feature"", ""negated"": false, ""source"": ""ambiguous_disclosure"", ""source_turn"": 3, ""strength"": 0.7, ""value"": ""Machine Wash""}, {""explicit"": false, ""hard"": false, ""kind"": ""material"", ""negated"": false, ""source"": ""ambiguous_disclosure"", ""source_turn"": 7, ""strength"": 0.7, ""value"": ""cotton""}, {""explicit"": false, ""hard"": false, ""kind"": ""material"", ""negated"": false, ""source"": ""ambiguous_disclosure"", ""source_turn"": 7, ""strength"": 0.7, ""value"": ""100% Cotton""}]",[],"[""fit"", ""material"", ""style"", ""durability""]","[""brand"", ""feature"", ""budget"", ""use_case"", ""style"", ""material"", ""color"", ""other""]",other,"{""fallback"": ""fewer_than_two_meaningful_values""}",50,"[""B004JYCIDU"", ""B019P5WRLK"", ""B07DJSPRYY"", ""B07DQSWHWN"", ""B0BXP6MG3X"", ""B008U7KRBW"", ""B0891LTVHT"", ""B00W57TS6S"", ""B0BT8T2FQ3"", ""B07HC5LL2H""]",24.128799996105954,True,browsing,B0BSS36XCS,
public_0081,10,reranker,rank_aware,browsing,specific,Underwear Undershirts,"[{""explicit"": false, ""hard"": false, ""kind"": ""feature"", ""negated"": false, ""source"": ""ambiguous_disclosure"", ""source_turn"": 3, ""strength"": 0.7, ""value"": ""Pull On closure""}, {""explicit"": false, ""hard"": false, ""kind"": ""feature"", ""negated"": false, ""source"": ""ambiguous_disclosure"", ""source_turn"": 3, ""strength"": 0.7, ""value"": ""Machine Wash""}, {""explicit"": false, ""hard"": false, ""kind"": ""material"", ""negated"": false, ""source"": ""ambiguous_disclosure"", ""source_turn"": 7, ""strength"": 0.7, ""value"": ""cotton""}, {""explicit"": false, ""hard"": false, ""kind"": ""material"", ""negated"": false, ""source"": ""ambiguous_disclosure"", ""source_turn"": 7, ""strength"": 0.7, ""value"": ""100% Cotton""}]",[],"[""fit"", ""material"", ""style"", ""durability""]","[""brand"", ""feature"", ""budget"", ""use_case"", ""style"", ""material"", ""color"", ""other""]",other,"{""fallback"": ""fewer_than_two_meaningful_values""}",50,"[""B004JYCIDU"", ""B019P5WRLK"", ""B07DJSPRYY"", ""B07DQSWHWN"", ""B0BXP6MG3X"", ""B008U7KRBW"", ""B0891LTVHT"", ""B00W57TS6S"", ""B0BT8T2FQ3"", ""B07HC5LL2H""]",30.517700011841953,True,browsing,B0BSS36XCS,
public_0083,1,reranker,rank_aware,buying,specific,Tees & Blouses Blouses & Button-Down Shirts,"[{""explicit"": true, ""hard"": true, ""kind"": ""material"", ""negated"": false, ""source"": ""explicit_requirement"", ""source_turn"": 1, ""strength"": 1.0, ""value"": ""polyester""}]",[],"[""fit"", ""material"", ""comfort"", ""style""]","[""brand""]",brand,"{""baseline_utility"": 0.2899841067665885, ""expected_gain"": 1.686682559900078, ""expected_utility"": 1.9766666666666666, ""meaningful_values"": 48}",50,"[""B0B8J3X7P8"", ""B07GWF5FKS"", ""B07PP1V31X"", ""B07M5SVDQV"", ""B00ID4VAYU"", ""B00638MDSA"", ""B0B1CJXL7D"", ""B07G5T2D5K"", ""B01HAZN0NG"", ""B08DS7Q2RJ""]",24.36179999494925,True,buying,B0BPMCJ1RD,
public_0083,2,reranker,rank_aware,buying,specific,Tees & Blouses Blouses & Button-Down Shirts,"[{""explicit"": true, ""hard"": true, ""kind"": ""material"", ""negated"": false, ""source"": ""explicit_requirement"", ""source_turn"": 1, ""strength"": 1.0, ""value"": ""polyester""}]",[],"[""fit"", ""material"", ""comfort"", ""style""]","[""brand"", ""feature""]",feature,"{""baseline_utility"": 0.2899841067665885, ""expected_gain"": 1.1486373530429521, ""expected_utility"": 1.4386214598095406, ""meaningful_values"": 28}",50,"[""B0B8J3X7P8"", ""B07GWF5FKS"", ""B07PP1V31X"", ""B07M5SVDQV"", ""B00ID4VAYU"", ""B00638MDSA"", ""B0B1CJXL7D"", ""B07G5T2D5K"", ""B01HAZN0NG"", ""B08DS7Q2RJ""]",25.76050002244301,True,buying,B0BPMCJ1RD,
public_0083,3,reranker,rank_aware,buying,specific,Tees & Blouses Blouses & Button-Down Shirts,"[{""explicit"": true, ""hard"": true, ""kind"": ""material"", ""negated"": false, ""source"": ""explicit_requirement"", ""source_turn"": 1, ""strength"": 1.0, ""value"": ""polyester""}, {""explicit"": false, ""hard"": false, ""kind"": ""feature"", ""negated"": false, ""source"": ""ambiguous_disclosure"", ""source_turn"": 3, ""strength"": 0.7, ""value"": ""Imported""}, {""explicit"": false, ""hard"": false, ""kind"": ""feature"", ""negated"": false, ""source"": ""ambiguous_disclosure"", ""source_turn"": 3, ""strength"": 0.7, ""value"": ""Button closure""}]",[],"[""fit"", ""material"", ""comfort"", ""style""]","[""brand"", ""feature"", ""use_case""]",use_case,"{""baseline_utility"": 0.2899841067665885, ""expected_gain"": 0.6009648632749556, ""expected_utility"": 0.890948970041544, ""meaningful_values"": 5}",50,"[""B0B8J3X7P8"", ""B07PP1V31X"", ""B07GWF5FKS"", ""B00ID4VAYU"", ""B08DS7Q2RJ"", ""B07TJR942W"", ""B0762R5YZM"", ""B00N5TJ4B4"", ""B09CD9JMFD"", ""B0935ZL61W""]",26.821900013601407,True,buying,B0BPMCJ1RD,
public_0083,4,reranker,rank_aware,buying,specific,Tees & Blouses Blouses & Button-Down Shirts,"[{""explicit"": true, ""hard"": true, ""kind"": ""material"", ""negated"": false, ""source"": ""explicit_requirement"", ""source_turn"": 1, ""strength"": 1.0, ""value"": ""polyester""}, {""explicit"": false, ""hard"": false, ""kind"": ""feature"", ""negated"": false, ""source"": ""ambiguous_disclosure"", ""source_turn"": 3, ""strength"": 0.7, ""value"": ""Imported""}, {""explicit"": false, ""hard"": false, ""kind"": ""feature"", ""negated"": false, ""source"": ""ambiguous_disclosure"", ""source_turn"": 3, ""strength"": 0.7, ""value"": ""Button closure""}]",[],"[""fit"", ""material"", ""comfort"", ""style""]","[""brand"", ""feature"", ""use_case"", ""budget""]",budget,"{""baseline_utility"": 0.2899841067665885, ""expected_gain"": 0.37633283162257414, ""expected_utility"": 0.6663169383891626, ""meaningful_values"": 3}",50,"[""B0B8J3X7P8"", ""B07PP1V31X"", ""B07GWF5FKS"", ""B00ID4VAYU"", ""B08DS7Q2RJ"", ""B07TJR942W"", ""B0762R5YZM"", ""B00N5TJ4B4"", ""B09CD9JMFD"", ""B0935ZL61W""]",30.870299990056083,True,buying,B0BPMCJ1RD,
public_0083,5,reranker,rank_aware,buying,specific,Tees & Blouses Blouses & Button-Down Shirts,"[{""explicit"": true, ""hard"": true, ""kind"": ""material"", ""negated"": false, ""source"": ""explicit_requirement"", ""source_turn"": 1, ""strength"": 1.0, ""value"": ""polyester""}, {""explicit"": false, ""hard"": false, ""kind"": ""feature"", ""negated"": false, ""source"": ""ambiguous_disclosure"", ""source_turn"": 3, ""strength"": 0.7, ""value"": ""Imported""}, {""explicit"": false, ""hard"": false, ""kind"": ""feature"", ""negated"": false, ""source"": ""ambiguous_disclosure"", ""source_turn"": 3, ""strength"": 0.7, ""value"": ""Button closure""}]",[],"[""fit"", ""material"", ""comfort"", ""style""]","[""brand"", ""feature"", ""use_case"", ""budget"", ""color""]",color,"{""baseline_utility"": 0.2899841067665885, ""expected_gain"": 0.339283116205888, ""expected_utility"": 0.6292672229724765, ""meaningful_values"": 4}",50,"[""B0B8J3X7P8"", ""B07PP1V31X"", ""B07GWF5FKS"", ""B00ID4VAYU"", ""B08DS7Q2RJ"", ""B07TJR942W"", ""B0762R5YZM"", ""B00N5TJ4B4"", ""B09CD9JMFD"", ""B0935ZL61W""]",25.158100004773587,True,buying,B0BPMCJ1RD,
public_0083,6,reranker,rank_aware,buying,specific,Tees & Blouses Blouses & Button-Down Shirts,"[{""explicit"": true, ""hard"": true, ""kind"": ""material"", ""negated"": false, ""source"": ""explicit_requirement"", ""source_turn"": 1, ""strength"": 1.0, ""value"": ""polyester""}, {""explicit"": false, ""hard"": false, ""kind"": ""feature"", ""negated"": false, ""source"": ""ambiguous_disclosure"", ""source_turn"": 3, ""strength"": 0.7, ""value"": ""Imported""}, {""explicit"": false, ""hard"": false, ""kind"": ""feature"", ""negated"": false, ""source"": ""ambiguous_disclosure"", ""source_turn"": 3, ""strength"": 0.7, ""value"": ""Button closure""}]",[],"[""fit"", ""material"", ""comfort"", ""style""]","[""brand"", ""feature"", ""use_case"", ""budget"", ""color"", ""material""]",material,"{""baseline_utility"": 0.2899841067665885, ""expected_gain"": 0.23265392396955298, ""expected_utility"": 0.5226380307361415, ""meaningful_values"": 2}",50,"[""B0B8J3X7P8"", ""B07PP1V31X"", ""B07GWF5FKS"", ""B00ID4VAYU"", ""B08DS7Q2RJ"", ""B07TJR942W"", ""B0762R5YZM"", ""B00N5TJ4B4"", ""B09CD9JMFD"", ""B0935ZL61W""]",29.403600026853383,True,buying,B0BPMCJ1RD,
public_0083,7,reranker,rank_aware,buying,specific,Tees & Blouses Blouses & Button-Down Shirts,"[{""explicit"": true, ""hard"": true, ""kind"": ""material"", ""negated"": false, ""source"": ""explicit_requirement"", ""source_turn"": 1, ""strength"": 1.0, ""value"": ""polyester""}, {""explicit"": false, ""hard"": false, ""kind"": ""feature"", ""negated"": false, ""source"": ""ambiguous_disclosure"", ""source_turn"": 3, ""strength"": 0.7, ""value"": ""Imported""}, {""explicit"": false, ""hard"": false, ""kind"": ""feature"", ""negated"": false, ""source"": ""ambiguous_disclosure"", ""source_turn"": 3, ""strength"": 0.7, ""value"": ""Button closure""}, {""explicit"": false, ""hard"": false, ""kind"": ""material"", ""negated"": false, ""source"": ""ambiguous_disclosure"", ""source_turn"": 7, ""strength"": 0.7, ""value"": ""100% Polyester""}]",[],"[""fit"", ""material"", ""comfort"", ""style""]","[""brand"", ""feature"", ""use_case"", ""budget"", ""color"", ""material"", ""style""]",style,"{""baseline_utility"": 0.2899841067665885, ""expected_gain"": 0.3023274947528801, ""expected_utility"": 0.5923116015194686, ""meaningful_values"": 6}",50,"[""B0B8J3X7P8"", ""B00ID4VAYU"", ""B0762R5YZM"", ""B01MT1K1SC"", ""B07GWF5FKS"", ""B00N5TJ4B4"", ""B008MBMO5S"", ""B07PP1V31X"", ""B0B243L7BR"", ""B08P3695TQ""]",31.75080000073649,True,buying,B0BPMCJ1RD,
public_0083,8,reranker,rank_aware,buying,specific,Tees & Blouses Blouses & Button-Down Shirts,"[{""explicit"": true, ""hard"": true, ""kind"": ""material"", ""negated"": false, ""source"": ""explicit_requirement"", ""source_turn"": 1, ""strength"": 1.0, ""value"": ""polyester""}, {""explicit"": false, ""hard"": false, ""kind"": ""feature"", ""negated"": false, ""source"": ""ambiguous_disclosure"", ""source_turn"": 3, ""strength"": 0.7, ""value"": ""Imported""}, {""explicit"": false, ""hard"": false, ""kind"": ""feature"", ""negated"": false, ""source"": ""ambiguous_disclosure"", ""source_turn"": 3, ""strength"": 0.7, ""value"": ""Button closure""}, {""explicit"": false, ""hard"": false, ""kind"": ""material"", ""negated"": false, ""source"": ""ambiguous_disclosure"", ""source_turn"": 7, ""strength"": 0.7, ""value"": ""100% Polyester""}]",[],"[""fit"", ""material"", ""comfort"", ""style""]","[""brand"", ""feature"", ""use_case"", ""budget"", ""color"", ""material"", ""style"", ""size""]",size,"{""baseline_utility"": 0.2899841067665885, ""expected_gain"": 0.07812612612612607, ""expected_utility"": 0.36811023289271455, ""meaningful_values"": 2}",50,"[""B0B8J3X7P8"", ""B00ID4VAYU"", ""B0762R5YZM"", ""B01MT1K1SC"", ""B07GWF5FKS"", ""B00N5TJ4B4"", ""B008MBMO5S"", ""B07PP1V31X"", ""B0B243L7BR"", ""B08P3695TQ""]",29.968699993332848,True,buying,B0BPMCJ1RD,
public_0083,9,reranker,rank_aware,buying,specific,Tees & Blouses Blouses & Button-Down Shirts,"[{""explicit"": true, ""hard"": true, ""kind"": ""material"", ""negated"": false, ""source"": ""explicit_requirement"", ""source_turn"": 1, ""strength"": 1.0, ""value"": ""polyester""}, {""explicit"": false, ""hard"": false, ""kind"": ""feature"", ""negated"": false, ""source"": ""ambiguous_disclosure"", ""source_turn"": 3, ""strength"": 0.7, ""value"": ""Imported""}, {""explicit"": false, ""hard"": false, ""kind"": ""feature"", ""negated"": false, ""source"": ""ambiguous_disclosure"", ""source_turn"": 3, ""strength"": 0.7, ""value"": ""Button closure""}, {""explicit"": false, ""hard"": false, ""kind"": ""material"", ""negated"": false, ""source"": ""ambiguous_disclosure"", ""source_turn"": 7, ""strength"": 0.7, ""value"": ""100% Polyester""}]",[],"[""fit"", ""material"", ""comfort"", ""style""]","[""brand"", ""feature"", ""use_case"", ""budget"", ""color"", ""material"", ""style"", ""size"", ""other""]",other,"{""fallback"": ""fewer_than_two_meaningful_values""}",50,"[""B0B8J3X7P8"", ""B00ID4VAYU"", ""B0762R5YZM"", ""B01MT1K1SC"", ""B07GWF5FKS"", ""B00N5TJ4B4"", ""B008MBMO5S"", ""B07PP1V31X"", ""B0B243L7BR"", ""B08P3695TQ""]",27.791500004241243,True,buying,B0BPMCJ1RD,
public_0083,10,reranker,rank_aware,buying,specific,Tees & Blouses Blouses & Button-Down Shirts,"[{""explicit"": true, ""hard"": true, ""kind"": ""material"", ""negated"": false, ""source"": ""explicit_requirement"", ""source_turn"": 1, ""strength"": 1.0, ""value"": ""polyester""}, {""explicit"": false, ""hard"": false, ""kind"": ""feature"", ""negated"": false, ""source"": ""ambiguous_disclosure"", ""source_turn"": 3, ""strength"": 0.7, ""value"": ""Imported""}, {""explicit"": false, ""hard"": false, ""kind"": ""feature"", ""negated"": false, ""source"": ""ambiguous_disclosure"", ""source_turn"": 3, ""strength"": 0.7, ""value"": ""Button closure""}, {""explicit"": false, ""hard"": false, ""kind"": ""material"", ""negated"": false, ""source"": ""ambiguous_disclosure"", ""source_turn"": 7, ""strength"": 0.7, ""value"": ""100% Polyester""}]",[],"[""fit"", ""material"", ""comfort"", ""style""]","[""brand"", ""feature"", ""use_case"", ""budget"", ""color"", ""material"", ""style"", ""size"", ""other""]",other,"{""fallback"": ""fewer_than_two_meaningful_values""}",50,"[""B0B8J3X7P8"", ""B00ID4VAYU"", ""B0762R5YZM"", ""B01MT1K1SC"", ""B07GWF5FKS"", ""B00N5TJ4B4"", ""B008MBMO5S"", ""B07PP1V31X"", ""B0B243L7BR"", ""B08P3695TQ""]",26.826599991181865,True,buying,B0BPMCJ1RD,
public_0087,1,reranker,rank_aware,browsing,exploratory,Shirts Casual Button-Down Shirts,[],[],"[""material"", ""fit"", ""comfort""]","[""brand""]",brand,"{""baseline_utility"": 0.1518737751763962, ""expected_gain"": 1.6865825740299532, ""expected_utility"": 1.8384563492063493, ""meaningful_values"": 74}",100,"[""B07QZFJTLW"", ""B07Y5273ZJ"", ""B00FN6D1IE"", ""B09CSXKYX7"", ""B07F34WT5S"", ""B07F1VQ3N6"", ""B09NN4WPYJ"", ""B06VXNJ4YH"", ""B07RHCPC69"", ""B076Q5XWSC""]",20.709500007797033,True,browsing,B0BT158RRR,
public_0087,2,reranker,rank_aware,browsing,exploratory,Shirts Casual Button-Down Shirts,[],[],"[""material"", ""fit"", ""comfort""]","[""brand"", ""feature""]",feature,"{""baseline_utility"": 0.1518737751763962, ""expected_gain"": 1.2696361673514995, ""expected_utility"": 1.4215099425278956, ""meaningful_values"": 46}",100,"[""B07QZFJTLW"", ""B07Y5273ZJ"", ""B00FN6D1IE"", ""B09CSXKYX7"", ""B07F34WT5S"", ""B07F1VQ3N6"", ""B09NN4WPYJ"", ""B06VXNJ4YH"", ""B07RHCPC69"", ""B076Q5XWSC""]",25.839499983703718,True,browsing,B0BT158RRR,
public_0087,3,reranker,rank_aware,browsing,specific,Shirts Casual Button-Down Shirts,"[{""explicit"": false, ""hard"": false, ""kind"": ""feature"", ""negated"": false, ""source"": ""ambiguous_disclosure"", ""source_turn"": 3, ""strength"": 0.7, ""value"": ""Imported""}, {""explicit"": false, ""hard"": false, ""kind"": ""feature"", ""negated"": false, ""source"": ""ambiguous_disclosure"", ""source_turn"": 3, ""strength"": 0.7, ""value"": ""Button closure""}]",[],"[""material"", ""fit"", ""comfort""]","[""brand"", ""feature"", ""use_case""]",use_case,"{""baseline_utility"": 0.2899841067665885, ""expected_gain"": 0.37024060016598526, ""expected_utility"": 0.6602247069325737, ""meaningful_values"": 5}",50,"[""B07QZFJTLW"", ""B09CSXKYX7"", ""B00DIVTMIO"", ""B07DT93HKL"", ""B083ZPTRRF"", ""B0BKKL3ZQ3"", ""B06VXNJ4YH"", ""B00S1GQMV6"", ""B01ASUDPMG"", ""B009FWGUO4""]",27.98749998328276,True,browsing,B0BT158RRR,
public_0087,4,reranker,rank_aware,browsing,specific,Shirts Casual Button-Down Shirts,"[{""explicit"": false, ""hard"": false, ""kind"": ""feature"", ""negated"": false, ""source"": ""ambiguous_disclosure"", ""source_turn"": 3, ""strength"": 0.7, ""value"": ""Imported""}, {""explicit"": false, ""hard"": false, ""kind"": ""feature"", ""negated"": false, ""source"": ""ambiguous_disclosure"", ""source_turn"": 3, ""strength"": 0.7, ""value"": ""Button closure""}]",[],"[""material"", ""fit"", ""comfort""]","[""brand"", ""feature"", ""use_case"", ""material""]",material,"{""baseline_utility"": 0.2899841067665885, ""expected_gain"": 0.26339158896213544, ""expected_utility"": 0.5533756957287239, ""meaningful_values"": 5}",50,"[""B07QZFJTLW"", ""B09CSXKYX7"", ""B00DIVTMIO"", ""B07DT93HKL"", ""B083ZPTRRF"", ""B0BKKL3ZQ3"", ""B06VXNJ4YH"", ""B00S1GQMV6"", ""B01ASUDPMG"", ""B009FWGUO4""]",23.657500016270205,True,browsing,B0BT158RRR,
public_0087,5,reranker,rank_aware,browsing,specific,Shirts Casual Button-Down Shirts,"[{""explicit"": false, ""hard"": false, ""kind"": ""feature"", ""negated"": false, ""source"": ""ambiguous_disclosure"", ""source_turn"": 3, ""strength"": 0.7, ""value"": ""Imported""}, {""explicit"": false, ""hard"": false, ""kind"": ""feature"", ""negated"": false, ""source"": ""ambiguous_disclosure"", ""source_turn"": 3, ""strength"": 0.7, ""value"": ""Button closure""}, {""explicit"": false, ""hard"": false, ""kind"": ""material"", ""negated"": false, ""source"": ""ambiguous_disclosure"", ""source_turn"": 5, ""strength"": 0.7, ""value"": ""cotton""}, {""explicit"": false, ""hard"": false, ""kind"": ""material"", ""negated"": false, ""source"": ""ambiguous_disclosure"", ""source_turn"": 5, ""strength"": 0.7, ""value"": ""100% Cotton""}]",[],"[""material"", ""fit"", ""comfort""]","[""brand"", ""feature"", ""use_case"", ""material"", ""color""]",color,"{""baseline_utility"": 0.2899841067665885, ""expected_gain"": 0.22731411076628483, ""expected_utility"": 0.5172982175328733, ""meaningful_values"": 5}",50,"[""B0083VPQBQ"", ""B00MLPDFL8"", ""B083ZPTRRF"", ""B07KQ4PF54"", ""B0788L9M7W"", ""B00FN6D1IE"", ""B009FWGUO4"", ""B07F16G1TF"", ""B07Y5273ZJ"", ""B00LNCECL2""]",21.17950000683777,True,browsing,B0BT158RRR,
public_0087,6,reranker,rank_aware,browsing,specific,Shirts Casual Button-Down Shirts,"[{""explicit"": false, ""hard"": false, ""kind"": ""feature"", ""negated"": false, ""source"": ""ambiguous_disclosure"", ""source_turn"": 3, ""strength"": 0.7, ""value"": ""Imported""}, {""explicit"": false, ""hard"": false, ""kind"": ""feature"", ""negated"": false, ""source"": ""ambiguous_disclosure"", ""source_turn"": 3, ""strength"": 0.7, ""value"": ""Button closure""}, {""explicit"": false, ""hard"": false, ""kind"": ""material"", ""negated"": false, ""source"": ""ambiguous_disclosure"", ""source_turn"": 5, ""strength"": 0.7, ""value"": ""cotton""}, {""explicit"": false, ""hard"": false, ""kind"": ""material"", ""negated"": false, ""source"": ""ambiguous_disclosure"", ""source_turn"": 5, ""strength"": 0.7, ""value"": ""100% Cotton""}]",[],"[""material"", ""fit"", ""comfort""]","[""brand"", ""feature"", ""use_case"", ""material"", ""color"", ""style""]",style,"{""baseline_utility"": 0.2899841067665885, ""expected_gain"": 0.11877517006802724, ""expected_utility"": 0.4087592768346157, ""meaningful_values"": 4}",50,"[""B0083VPQBQ"", ""B00MLPDFL8"", ""B083ZPTRRF"", ""B07KQ4PF54"", ""B0788L9M7W"", ""B00FN6D1IE"", ""B009FWGUO4"", ""B07F16G1TF"", ""B07Y5273ZJ"", ""B00LNCECL2""]",19.333100004587322,True,browsing,B0BT158RRR,
public_0087,7,reranker,rank_aware,browsing,specific,Shirts Casual Button-Down Shirts,"[{""explicit"": false, ""hard"": false, ""kind"": ""feature"", ""negated"": false, ""source"": ""ambiguous_disclosure"", ""source_turn"": 3, ""strength"": 0.7, ""value"": ""Imported""}, {""explicit"": false, ""hard"": false, ""kind"": ""feature"", ""negated"": false, ""source"": ""ambiguous_disclosure"", ""source_turn"": 3, ""strength"": 0.7, ""value"": ""Button closure""}, {""explicit"": false, ""hard"": false, ""kind"": ""material"", ""negated"": false, ""source"": ""ambiguous_disclosure"", ""source_turn"": 5, ""strength"": 0.7, ""value"": ""cotton""}, {""explicit"": false, ""hard"": false, ""kind"": ""material"", ""negated"": false, ""source"": ""ambiguous_disclosure"", ""source_turn"": 5, ""strength"": 0.7, ""value"": ""100% Cotton""}]",[],"[""material"", ""fit"", ""comfort""]","[""brand"", ""feature"", ""use_case"", ""material"", ""color"", ""style"", ""budget""]",budget,"{""baseline_utility"": 0.2899841067665885, ""expected_gain"": 0.11655462184873955, ""expected_utility"": 0.406538728615328, ""meaningful_values"": 3}",50,"[""B0083VPQBQ"", ""B00MLPDFL8"", ""B083ZPTRRF"", ""B07KQ4PF54"", ""B0788L9M7W"", ""B00FN6D1IE"", ""B009FWGUO4"", ""B07F16G1TF"", ""B07Y5273ZJ"", ""B00LNCECL2""]",18.70840002084151,True,browsing,B0BT158RRR,
public_0087,8,reranker,rank_aware,browsing,specific,Shirts Casual Button-Down Shirts,"[{""explicit"": false, ""hard"": false, ""kind"": ""feature"", ""negated"": false, ""source"": ""ambiguous_disclosure"", ""source_turn"": 3, ""strength"": 0.7, ""value"": ""Imported""}, {""explicit"": false, ""hard"": false, ""kind"": ""feature"", ""negated"": false, ""source"": ""ambiguous_disclosure"", ""source_turn"": 3, ""strength"": 0.7, ""value"": ""Button closure""}, {""explicit"": false, ""hard"": false, ""kind"": ""material"", ""negated"": false, ""source"": ""ambiguous_disclosure"", ""source_turn"": 5, ""strength"": 0.7, ""value"": ""cotton""}, {""explicit"": false, ""hard"": false, ""kind"": ""material"", ""negated"": false, ""source"": ""ambiguous_disclosure"", ""source_turn"": 5, ""strength"": 0.7, ""value"": ""100% Cotton""}]",[],"[""material"", ""fit"", ""comfort""]","[""brand"", ""feature"", ""use_case"", ""material"", ""color"", ""style"", ""budget"", ""other""]",other,"{""fallback"": ""fewer_than_two_meaningful_values""}",50,"[""B0083VPQBQ"", ""B00MLPDFL8"", ""B083ZPTRRF"", ""B07KQ4PF54"", ""B0788L9M7W"", ""B00FN6D1IE"", ""B009FWGUO4"", ""B07F16G1TF"", ""B07Y5273ZJ"", ""B00LNCECL2""]",21.457599999848753,True,browsing,B0BT158RRR,
public_0087,9,reranker,rank_aware,browsing,specific,Shirts Casual Button-Down Shirts,"[{""explicit"": false, ""hard"": false, ""kind"": ""feature"", ""negated"": false, ""source"": ""ambiguous_disclosure"", ""source_turn"": 3, ""strength"": 0.7, ""value"": ""Imported""}, {""explicit"": false, ""hard"": false, ""kind"": ""feature"", ""negated"": false, ""source"": ""ambiguous_disclosure"", ""source_turn"": 3, ""strength"": 0.7, ""value"": ""Button closure""}, {""explicit"": false, ""hard"": false, ""kind"": ""material"", ""negated"": false, ""source"": ""ambiguous_disclosure"", ""source_turn"": 5, ""strength"": 0.7, ""value"": ""cotton""}, {""explicit"": false, ""hard"": false, ""kind"": ""material"", ""negated"": false, ""source"": ""ambiguous_disclosure"", ""source_turn"": 5, ""strength"": 0.7, ""value"": ""100% Cotton""}]",[],"[""material"", ""fit"", ""comfort""]","[""brand"", ""feature"", ""use_case"", ""material"", ""color"", ""style"", ""budget"", ""other""]",other,"{""fallback"": ""fewer_than_two_meaningful_values""}",50,"[""B0083VPQBQ"", ""B00MLPDFL8"", ""B083ZPTRRF"", ""B07KQ4PF54"", ""B0788L9M7W"", ""B00FN6D1IE"", ""B009FWGUO4"", ""B07F16G1TF"", ""B07Y5273ZJ"", ""B00LNCECL2""]",19.858999992720783,True,browsing,B0BT158RRR,
public_0087,10,reranker,rank_aware,browsing,specific,Shirts Casual Button-Down Shirts,"[{""explicit"": false, ""hard"": false, ""kind"": ""feature"", ""negated"": false, ""source"": ""ambiguous_disclosure"", ""source_turn"": 3, ""strength"": 0.7, ""value"": ""Imported""}, {""explicit"": false, ""hard"": false, ""kind"": ""feature"", ""negated"": false, ""source"": ""ambiguous_disclosure"", ""source_turn"": 3, ""strength"": 0.7, ""value"": ""Button closure""}, {""explicit"": false, ""hard"": false, ""kind"": ""material"", ""negated"": false, ""source"": ""ambiguous_disclosure"", ""source_turn"": 5, ""strength"": 0.7, ""value"": ""cotton""}, {""explicit"": false, ""hard"": false, ""kind"": ""material"", ""negated"": false, ""source"": ""ambiguous_disclosure"", ""source_turn"": 5, ""strength"": 0.7, ""value"": ""100% Cotton""}]",[],"[""material"", ""fit"", ""comfort""]","[""brand"", ""feature"", ""use_case"", ""material"", ""color"", ""style"", ""budget"", ""other""]",other,"{""fallback"": ""fewer_than_two_meaningful_values""}",50,"[""B0083VPQBQ"", ""B00MLPDFL8"", ""B083ZPTRRF"", ""B07KQ4PF54"", ""B0788L9M7W"", ""B00FN6D1IE"", ""B009FWGUO4"", ""B07F16G1TF"", ""B07Y5273ZJ"", ""B00LNCECL2""]",19.483799987938255,True,browsing,B0BT158RRR,
public_0092,1,reranker,rank_aware,browsing,exploratory,Sleep & Lounge Sets,[],[],"[""material"", ""comfort"", ""fit"", ""style""]","[""brand""]",brand,"{""baseline_utility"": 0.1518737751763962, ""expected_gain"": 1.7481262248236038, ""expected_utility"": 1.9, ""meaningful_values"": 81}",100,"[""B08GSJTVPJ"", ""B08965CTGN"", ""B0897NQF8M"", ""B093C8JCDG"", ""B06XRM47TL"", ""B08F73Y81V"", ""B08QRQGWWV"", ""B08JD8PVQ8"", ""B07DCDQDPV"", ""B08BLKPKJD""]",17.623199993977323,True,browsing,B07FKNZC43,
public_0092,2,reranker,rank_aware,browsing,exploratory,Sleep & Lounge Sets,[],[],"[""material"", ""comfort"", ""fit"", ""style""]","[""brand"", ""feature""]",feature,"{""baseline_utility"": 0.1518737751763962, ""expected_gain"": 1.4963762589486382, ""expected_utility"": 1.6482500341250343, ""meaningful_values"": 57}",100,"[""B08GSJTVPJ"", ""B08965CTGN"", ""B0897NQF8M"", ""B093C8JCDG"", ""B06XRM47TL"", ""B08F73Y81V"", ""B08QRQGWWV"", ""B08JD8PVQ8"", ""B07DCDQDPV"", ""B08BLKPKJD""]",16.30789999035187,True,browsing,B07FKNZC43,
public_0092,3,reranker,rank_aware,browsing,specific,Sleep & Lounge Sets,"[{""explicit"": false, ""hard"": false, ""kind"": ""feature"", ""negated"": false, ""source"": ""ambiguous_disclosure"", ""source_turn"": 3, ""strength"": 0.7, ""value"": ""Imported""}, {""explicit"": false, ""hard"": false, ""kind"": ""feature"", ""negated"": false, ""source"": ""ambiguous_disclosure"", ""source_turn"": 3, ""strength"": 0.7, ""value"": ""Button closure""}]",[],"[""material"", ""comfort"", ""fit"", ""style""]","[""brand"", ""feature"", ""material""]",material,"{""baseline_utility"": 0.2899841067665885, ""expected_gain"": 0.5531133257119122, ""expected_utility"": 0.8430974324785007, ""meaningful_values"": 6}",50,"[""B00TTQ62WG"", ""B06XQ76JYT"", ""B08L8394KH"", ""B089DXH39C"", ""B00TF7GWHE"", ""B096X9M1TT"", ""B0B6TTYJLV"", ""B08TN2HT6X"", ""B08MWHKF88"", ""B0CCNNXYYS""]",20.864699996309355,True,browsing,B07FKNZC43,
public_0092,4,reranker,rank_aware,browsing,specific,Sleep & Lounge Sets,"[{""explicit"": false, ""hard"": false, ""kind"": ""feature"", ""negated"": false, ""source"": ""ambiguous_disclosure"", ""source_turn"": 3, ""strength"": 0.7, ""value"": ""Imported""}, {""explicit"": false, ""hard"": false, ""kind"": ""feature"", ""negated"": false, ""source"": ""ambiguous_disclosure"", ""source_turn"": 3, ""strength"": 0.7, ""value"": ""Button closure""}, {""explicit"": false, ""hard"": false, ""kind"": ""material"", ""negated"": false, ""source"": ""ambiguous_disclosure"", ""source_turn"": 4, ""strength"": 0.7, ""value"": ""polyester""}, {""explicit"": false, ""hard"": false, ""kind"": ""material"", ""negated"": false, ""source"": ""ambiguous_disclosure"", ""source_turn"": 4, ""strength"": 0.7, ""value"": ""95% Polyester, 5% Spandex""}]",[],"[""material"", ""comfort"", ""fit"", ""style""]","[""brand"", ""feature"", ""material"", ""use_case""]",use_case,"{""baseline_utility"": 0.2899841067665885, ""expected_gain"": 0.5907910539735295, ""expected_utility"": 0.880775160740118, ""meaningful_values"": 7}",50,"[""B096X9M1TT"", ""B08TN2HT6X"", ""B06XQ76JYT"", ""B09M3YXM5G"", ""B074X7S7GZ"", ""B08QRQGWWV"", ""B08L5M573Q"", ""B07FKNZC43"", ""B08MS48KHQ"", ""B08MWHKF88""]",21.72620000783354,True,browsing,B07FKNZC43,8
public_0094,1,reranker,rank_aware,buying,specific,Boots Mid-Calf,"[{""explicit"": true, ""hard"": true, ""kind"": ""material"", ""negated"": false, ""source"": ""explicit_requirement"", ""source_turn"": 1, ""strength"": 1.0, ""value"": ""leather""}]",[],"[""fit"", ""comfort"", ""material"", ""performance""]","[""brand""]",brand,"{""baseline_utility"": 0.2899841067665885, ""expected_gain"": 1.5900158932334114, ""expected_utility"": 1.88, ""meaningful_values"": 40}",50,"[""B00NI6BALQ"", ""B0098BNL58"", ""B08S6SXF31"", ""B00MOTXUC0"", ""B00BWBLXIE"", ""B09FSX9NMW"", ""B000Q6N0XW"", ""B00Q9NPS18"", ""B08FSTW789"", ""B00R54V2IS""]",20.02690001972951,True,buying,B01L99SW78,
public_0094,2,reranker,rank_aware,buying,specific,Boots Mid-Calf,"[{""explicit"": true, ""hard"": true, ""kind"": ""material"", ""negated"": false, ""source"": ""explicit_requirement"", ""source_turn"": 1, ""strength"": 1.0, ""value"": ""leather""}]",[],"[""fit"", ""comfort"", ""material"", ""performance""]","[""brand"", ""feature""]",feature,"{""baseline_utility"": 0.2899841067665885, ""expected_gain"": 1.0540336517607611, ""expected_utility"": 1.3440177585273496, ""meaningful_values"": 20}",50,"[""B00NI6BALQ"", ""B0098BNL58"", ""B08S6SXF31"", ""B00MOTXUC0"", ""B00BWBLXIE"", ""B09FSX9NMW"", ""B000Q6N0XW"", ""B00Q9NPS18"", ""B08FSTW789"", ""B00R54V2IS""]",20.98979998845607,True,buying,B01L99SW78,
public_0094,3,reranker,rank_aware,buying,specific,Boots Mid-Calf,"[{""explicit"": true, ""hard"": true, ""kind"": ""material"", ""negated"": false, ""source"": ""explicit_requirement"", ""source_turn"": 1, ""strength"": 1.0, ""value"": ""leather""}, {""explicit"": false, ""hard"": false, ""kind"": ""feature"", ""negated"": false, ""source"": ""ambiguous_disclosure"", ""source_turn"": 3, ""strength"": 0.7, ""value"": ""Synthetic sole""}, {""explicit"": false, ""hard"": false, ""kind"": ""feature"", ""negated"": false, ""source"": ""ambiguous_disclosure"", ""source_turn"": 3, ""strength"": 0.7, ""value"": ""Shaft measures approximately 8\"" from arch""}]",[],"[""fit"", ""comfort"", ""material"", ""performance""]","[""brand"", ""feature"", ""use_case""]",use_case,"{""baseline_utility"": 0.2899841067665885, ""expected_gain"": 0.6050070885558612, ""expected_utility"": 0.8949911953224496, ""meaningful_values"": 7}",50,"[""B00OFOZ61U"", ""B01KORH54W"", ""B00NI6BALQ"", ""B07WZDN4PH"", ""B0098BNL58"", ""B00BU1BYD0"", ""B0074O30F2"", ""B00OEMFYF6"", ""B00R54V2IS"", ""B012U81A62""]",20.95999999437481,True,buying,B01L99SW78,
public_0094,4,reranker,rank_aware,buying,specific,Boots Mid-Calf,"[{""explicit"": true, ""hard"": true, ""kind"": ""material"", ""negated"": false, ""source"": ""explicit_requirement"", ""source_turn"": 1, ""strength"": 1.0, ""value"": ""leather""}, {""explicit"": false, ""hard"": false, ""kind"": ""feature"", ""negated"": false, ""source"": ""ambiguous_disclosure"", ""source_turn"": 3, ""strength"": 0.7, ""value"": ""Synthetic sole""}, {""explicit"": false, ""hard"": false, ""kind"": ""feature"", ""negated"": false, ""source"": ""ambiguous_disclosure"", ""source_turn"": 3, ""strength"": 0.7, ""value"": ""Shaft measures approximately 8\"" from arch""}]",[],"[""fit"", ""comfort"", ""material"", ""performance""]","[""brand"", ""feature"", ""use_case"", ""color""]",color,"{""baseline_utility"": 0.2899841067665885, ""expected_gain"": 0.2689945147915951, ""expected_utility"": 0.5589786215581836, ""meaningful_values"": 4}",50,"[""B00OFOZ61U"", ""B01KORH54W"", ""B00NI6BALQ"", ""B07WZDN4PH"", ""B0098BNL58"", ""B00BU1BYD0"", ""B0074O30F2"", ""B00OEMFYF6"", ""B00R54V2IS"", ""B012U81A62""]",20.024599973112345,True,buying,B01L99SW78,
public_0094,5,reranker,rank_aware,buying,specific,Boots Mid-Calf,"[{""explicit"": true, ""hard"": true, ""kind"": ""material"", ""negated"": false, ""source"": ""explicit_requirement"", ""source_turn"": 1, ""strength"": 1.0, ""value"": ""leather""}, {""explicit"": false, ""hard"": false, ""kind"": ""feature"", ""negated"": false, ""source"": ""ambiguous_disclosure"", ""source_turn"": 3, ""strength"": 0.7, ""value"": ""Synthetic sole""}, {""explicit"": false, ""hard"": false, ""kind"": ""feature"", ""negated"": false, ""source"": ""ambiguous_disclosure"", ""source_turn"": 3, ""strength"": 0.7, ""value"": ""Shaft measures approximately 8\"" from arch""}]",[],"[""fit"", ""comfort"", ""material"", ""performance""]","[""brand"", ""feature"", ""use_case"", ""color"", ""budget""]",budget,"{""baseline_utility"": 0.2899841067665885, ""expected_gain"": 0.2660939865985691, ""expected_utility"": 0.5560780933651576, ""meaningful_values"": 4}",50,"[""B00OFOZ61U"", ""B01KORH54W"", ""B00NI6BALQ"", ""B07WZDN4PH"", ""B0098BNL58"", ""B00BU1BYD0"", ""B0074O30F2"", ""B00OEMFYF6"", ""B00R54V2IS"", ""B012U81A62""]",19.22519999789074,True,buying,B01L99SW78,
public_0094,6,reranker,rank_aware,buying,specific,Boots Mid-Calf,"[{""explicit"": true, ""hard"": true, ""kind"": ""material"", ""negated"": false, ""source"": ""explicit_requirement"", ""source_turn"": 1, ""strength"": 1.0, ""value"": ""leather""}, {""explicit"": false, ""hard"": false, ""kind"": ""feature"", ""negated"": false, ""source"": ""ambiguous_disclosure"", ""source_turn"": 3, ""strength"": 0.7, ""value"": ""Synthetic sole""}, {""explicit"": false, ""hard"": false, ""kind"": ""feature"", ""negated"": false, ""source"": ""ambiguous_disclosure"", ""source_turn"": 3, ""strength"": 0.7, ""value"": ""Shaft measures approximately 8\"" from arch""}]",[],"[""fit"", ""comfort"", ""material"", ""performance""]","[""brand"", ""feature"", ""use_case"", ""color"", ""budget"", ""style""]",style,"{""baseline_utility"": 0.2899841067665885, ""expected_gain"": 0.18545226451789365, ""expected_utility"": 0.47543637128448213, ""meaningful_values"": 3}",50,"[""B00OFOZ61U"", ""B01KORH54W"", ""B00NI6BALQ"", ""B07WZDN4PH"", ""B0098BNL58"", ""B00BU1BYD0"", ""B0074O30F2"", ""B00OEMFYF6"", ""B00R54V2IS"", ""B012U81A62""]",20.1394000032451,True,buying,B01L99SW78,
public_0094,7,reranker,rank_aware,buying,specific,Boots Mid-Calf,"[{""explicit"": true, ""hard"": true, ""kind"": ""material"", ""negated"": false, ""source"": ""explicit_requirement"", ""source_turn"": 1, ""strength"": 1.0, ""value"": ""leather""}, {""explicit"": false, ""hard"": false, ""kind"": ""feature"", ""negated"": false, ""source"": ""ambiguous_disclosure"", ""source_turn"": 3, ""strength"": 0.7, ""value"": ""Synthetic sole""}, {""explicit"": false, ""hard"": false, ""kind"": ""feature"", ""negated"": false, ""source"": ""ambiguous_disclosure"", ""source_turn"": 3, ""strength"": 0.7, ""value"": ""Shaft measures approximately 8\"" from arch""}]",[],"[""fit"", ""comfort"", ""material"", ""performance""]","[""brand"", ""feature"", ""use_case"", ""color"", ""budget"", ""style"", ""material""]",material,"{""baseline_utility"": 0.2899841067665885, ""expected_gain"": 0.0791396854764107, ""expected_utility"": 0.3691237922429992, ""meaningful_values"": 3}",50,"[""B00OFOZ61U"", ""B01KORH54W"", ""B00NI6BALQ"", ""B07WZDN4PH"", ""B0098BNL58"", ""B00BU1BYD0"", ""B0074O30F2"", ""B00OEMFYF6"", ""B00R54V2IS"", ""B012U81A62""]",24.739399988902733,True,buying,B01L99SW78,
public_0094,8,reranker,rank_aware,buying,specific,Boots Mid-Calf,"[{""explicit"": true, ""hard"": true, ""kind"": ""material"", ""negated"": false, ""source"": ""explicit_requirement"", ""source_turn"": 1, ""strength"": 1.0, ""value"": ""leather""}, {""explicit"": false, ""hard"": false, ""kind"": ""feature"", ""negated"": false, ""source"": ""ambiguous_disclosure"", ""source_turn"": 3, ""strength"": 0.7, ""value"": ""Synthetic sole""}, {""explicit"": false, ""hard"": false, ""kind"": ""feature"", ""negated"": false, ""source"": ""ambiguous_disclosure"", ""source_turn"": 3, ""strength"": 0.7, ""value"": ""Shaft measures approximately 8\"" from arch""}]",[],"[""fit"", ""comfort"", ""material"", ""performance""]","[""brand"", ""feature"", ""use_case"", ""color"", ""budget"", ""style"", ""material"", ""other""]",other,"{""fallback"": ""fewer_than_two_meaningful_values""}",50,"[""B00OFOZ61U"", ""B01KORH54W"", ""B00NI6BALQ"", ""B07WZDN4PH"", ""B0098BNL58"", ""B00BU1BYD0"", ""B0074O30F2"", ""B00OEMFYF6"", ""B00R54V2IS"", ""B012U81A62""]",21.420200006105006,True,buying,B01L99SW78,
public_0094,9,reranker,rank_aware,buying,specific,Boots Mid-Calf,"[{""explicit"": true, ""hard"": true, ""kind"": ""material"", ""negated"": false, ""source"": ""explicit_requirement"", ""source_turn"": 1, ""strength"": 1.0, ""value"": ""leather""}, {""explicit"": false, ""hard"": false, ""kind"": ""feature"", ""negated"": false, ""source"": ""ambiguous_disclosure"", ""source_turn"": 3, ""strength"": 0.7, ""value"": ""Synthetic sole""}, {""explicit"": false, ""hard"": false, ""kind"": ""feature"", ""negated"": false, ""source"": ""ambiguous_disclosure"", ""source_turn"": 3, ""strength"": 0.7, ""value"": ""Shaft measures approximately 8\"" from arch""}, {""explicit"": false, ""hard"": false, ""kind"": ""feature"", ""negated"": false, ""source"": ""ambiguous_disclosure"", ""source_turn"": 9, ""strength"": 0.7, ""value"": ""SUPPORTIVE AND CUSHIONED: Featuring the 4LR technology for support and cushioning, these western boots make sure you have the most comfortable boot possible, whether you\u2019re in the""}]",[],"[""fit"", ""comfort"", ""material"", ""performance""]","[""brand"", ""feature"", ""use_case"", ""color"", ""budget"", ""style"", ""material"", ""other""]",other,"{""fallback"": ""fewer_than_two_meaningful_values""}",50,"[""B01L99SW78"", ""B00NI6BALQ"", ""B012U81A62"", ""B0B71QDCHC"", ""B00OFOZ61U"", ""B00OEMFYF6"", ""B000MJX39E"", ""B07FKDHCCL"", ""B0B8YZ9HMD"", ""B07WZDN4PH""]",20.780299993930385,True,buying,B01L99SW78,1
public_0098,1,reranker,rank_aware,browsing,exploratory,Running Road Running,[],[],"[""performance"", ""comfort"", ""style"", ""material""]","[""brand""]",brand,"{""baseline_utility"": 0.1518737751763962, ""expected_gain"": 1.4474674946648731, ""expected_utility"": 1.5993412698412692, ""meaningful_values"": 43}",100,"[""B0B9Z8PP99"", ""B07XCFQF4N"", ""B07G3PJYXB"", ""B08JKBXWT1"", ""B00AJNRM4K"", ""B08WNSM4KN"", ""B0B37HBXHC"", ""B07PRQMGJ6"", ""B0044DF2G6"", ""B019J0V4D8""]",20.469099981710315,True,browsing,B08CZ34D75,
public_0098,2,reranker,rank_aware,browsing,exploratory,Running Road Running,[],[],"[""performance"", ""comfort"", ""style"", ""material""]","[""brand"", ""feature""]",feature,"{""baseline_utility"": 0.1518737751763962, ""expected_gain"": 1.1088745809457208, ""expected_utility"": 1.2607483561221169, ""meaningful_values"": 40}",100,"[""B0B9Z8PP99"", ""B07XCFQF4N"", ""B07G3PJYXB"", ""B08JKBXWT1"", ""B00AJNRM4K"", ""B08WNSM4KN"", ""B0B37HBXHC"", ""B07PRQMGJ6"", ""B0044DF2G6"", ""B019J0V4D8""]",17.471400002250448,True,browsing,B08CZ34D75,
public_0098,3,reranker,rank_aware,browsing,specific,Running Road Running,"[{""explicit"": false, ""hard"": false, ""kind"": ""feature"", ""negated"": false, ""source"": ""ambiguous_disclosure"", ""source_turn"": 3, ""strength"": 0.7, ""value"": ""100% Rubber""}, {""explicit"": false, ""hard"": false, ""kind"": ""feature"", ""negated"": false, ""source"": ""ambiguous_disclosure"", ""source_turn"": 3, ""strength"": 0.7, ""value"": ""Imported""}]",[],"[""performance"", ""comfort"", ""style"", ""material""]","[""brand"", ""feature"", ""style""]",style,"{""baseline_utility"": 0.2899841067665885, ""expected_gain"": 0.4024898499313555, ""expected_utility"": 0.692473956697944, ""meaningful_values"": 4}",50,"[""B00AJNRM4K"", ""B00RM5J1MY"", ""B005AV3D9O"", ""B071F95N7C"", ""B08CZ34D75"", ""B00GUTG3SS"", ""B00C9WD8W4"", ""B07KWV69NZ"", ""B0081LE8YY"", ""B0081LEE8E""]",26.979200018104166,True,browsing,B08CZ34D75,5
public_0099,1,reranker,rank_aware,browsing,exploratory,Active Pants Sweatpants,[],[],"[""fit"", ""comfort"", ""material"", ""durability""]","[""brand""]",brand,"{""baseline_utility"": 0.1518737751763962, ""expected_gain"": 1.7842452724426514, ""expected_utility"": 1.9361190476190475, ""meaningful_values"": 91}",100,"[""B07XXJRC62"", ""B07KSW1CVQ"", ""B08K8N3TGP"", ""B09QGLP7DG"", ""B08938H44N"", ""B09X439MFW"", ""B08DFVFZSP"", ""B087PNX5ZT"", ""B08LQGQY6F"", ""B099FCZVV3""]",23.703299986664206,True,browsing,B0971YMPCR,
public_0099,2,reranker,rank_aware,browsing,exploratory,Active Pants Sweatpants,[],[],"[""fit"", ""comfort"", ""material"", ""durability""]","[""brand"", ""feature""]",feature,"{""baseline_utility"": 0.1518737751763962, ""expected_gain"": 1.409493792628467, ""expected_utility"": 1.561367567804863, ""meaningful_values"": 58}",100,"[""B07XXJRC62"", ""B07KSW1CVQ"", ""B08K8N3TGP"", ""B09QGLP7DG"", ""B08938H44N"", ""B09X439MFW"", ""B08DFVFZSP"", ""B087PNX5ZT"", ""B08LQGQY6F"", ""B099FCZVV3""]",21.89969999017194,True,browsing,B0971YMPCR,
public_0099,3,reranker,rank_aware,browsing,specific,Active Pants Sweatpants,"[{""explicit"": false, ""hard"": false, ""kind"": ""feature"", ""negated"": false, ""source"": ""ambiguous_disclosure"", ""source_turn"": 3, ""strength"": 0.7, ""value"": ""Imported""}, {""explicit"": false, ""hard"": false, ""kind"": ""feature"", ""negated"": false, ""source"": ""ambiguous_disclosure"", ""source_turn"": 3, ""strength"": 0.7, ""value"": ""Drawstring closure""}]",[],"[""fit"", ""comfort"", ""material"", ""durability""]","[""brand"", ""feature"", ""use_case""]",use_case,"{""baseline_utility"": 0.2899841067665885, ""expected_gain"": 0.824045583788025, ""expected_utility"": 1.1140296905546134, ""meaningful_values"": 8}",50,"[""B012Q9EF5S"", ""B08JLG55SX"", ""B084GFK3GR"", ""B0973M4832"", ""B07XXJRC62"", ""B013VUEYFM"", ""B07FBCZL61"", ""B085L58P9F"", ""B0B1HLDQ61"", ""B01FHEEJIW""]",28.308599983574823,True,browsing,B0971YMPCR,
public_0099,4,reranker,rank_aware,browsing,specific,Active Pants Sweatpants,"[{""explicit"": false, ""hard"": false, ""kind"": ""feature"", ""negated"": false, ""source"": ""ambiguous_disclosure"", ""source_turn"": 3, ""strength"": 0.7, ""value"": ""Imported""}, {""explicit"": false, ""hard"": false, ""kind"": ""feature"", ""negated"": false, ""source"": ""ambiguous_disclosure"", ""source_turn"": 3, ""strength"": 0.7, ""value"": ""Drawstring closure""}]",[],"[""fit"", ""comfort"", ""material"", ""durability""]","[""brand"", ""feature"", ""use_case"", ""material""]",material,"{""baseline_utility"": 0.2899841067665885, ""expected_gain"": 0.5263652975944411, ""expected_utility"": 0.8163494043610295, ""meaningful_values"": 5}",50,"[""B012Q9EF5S"", ""B08JLG55SX"", ""B084GFK3GR"", ""B0973M4832"", ""B07XXJRC62"", ""B013VUEYFM"", ""B07FBCZL61"", ""B085L58P9F"", ""B0B1HLDQ61"", ""B01FHEEJIW""]",32.286200002999976,True,browsing,B0971YMPCR,
public_0099,5,reranker,rank_aware,browsing,specific,Active Pants Sweatpants,"[{""explicit"": false, ""hard"": false, ""kind"": ""feature"", ""negated"": false, ""source"": ""ambiguous_disclosure"", ""source_turn"": 3, ""strength"": 0.7, ""value"": ""Imported""}, {""explicit"": false, ""hard"": false, ""kind"": ""feature"", ""negated"": false, ""source"": ""ambiguous_disclosure"", ""source_turn"": 3, ""strength"": 0.7, ""value"": ""Drawstring closure""}, {""explicit"": false, ""hard"": false, ""kind"": ""material"", ""negated"": false, ""source"": ""ambiguous_disclosure"", ""source_turn"": 5, ""strength"": 0.7, ""value"": ""cotton""}, {""explicit"": false, ""hard"": false, ""kind"": ""material"", ""negated"": false, ""source"": ""ambiguous_disclosure"", ""source_turn"": 5, ""strength"": 0.7, ""value"": ""60% Cotton, 40% Polyester""}]",[],"[""fit"", ""comfort"", ""material"", ""durability""]","[""brand"", ""feature"", ""use_case"", ""material"", ""style""]",style,"{""baseline_utility"": 0.2899841067665885, ""expected_gain"": 0.5746585622259263, ""expected_utility"": 0.8646426689925147, ""meaningful_values"": 6}",50,"[""B084GFK3GR"", ""B0716XGGKN"", ""B07CGLPT17"", ""B09QGLP7DG"", ""B0971YMPCR"", ""B08FL9B9NR"", ""B0B1HLDQ61"", ""B07XXJRC62"", ""B09CDC14HG"", ""B085L58P9F""]",29.82339999289252,True,browsing,B0971YMPCR,5
public_0103,1,reranker,rank_aware,buying,mixed,Underwear Undershirts,"[{""explicit"": false, ""hard"": false, ""kind"": ""feature"", ""negated"": true, ""source"": ""ambiguous_disclosure"", ""source_turn"": 1, ""strength"": 0.7, ""value"": ""Imported""}]",[],"[""material"", ""comfort"", ""fit"", ""style""]","[""brand""]",brand,"{""baseline_utility"": 0.1986847417407073, ""expected_gain"": 1.6381089090529435, ""expected_utility"": 1.8367936507936509, ""meaningful_values"": 55}",75,"[""B0149B4YHK"", ""B07C3J1VSQ"", ""B00M798WWA"", ""B0BXP6MG3X"", ""B00L10BT3A"", ""B07DQSWHWN"", ""B07DJSPRYY"", ""B07YF1THQ6"", ""B07HYJZKW4"", ""B000TGPTOC""]",30.407899990677834,True,intent_override,B0BT8T2FQ3,
public_0103,2,reranker,rank_aware,buying,mixed,Underwear Undershirts,"[{""explicit"": false, ""hard"": false, ""kind"": ""feature"", ""negated"": true, ""source"": ""ambiguous_disclosure"", ""source_turn"": 1, ""strength"": 0.7, ""value"": ""Imported""}]",[],"[""material"", ""comfort"", ""fit"", ""style""]","[""brand"", ""feature""]",feature,"{""baseline_utility"": 0.1986847417407073, ""expected_gain"": 1.4012500326352435, ""expected_utility"": 1.5999347743759509, ""meaningful_values"": 45}",75,"[""B0149B4YHK"", ""B07C3J1VSQ"", ""B00M798WWA"", ""B0BXP6MG3X"", ""B00L10BT3A"", ""B07DQSWHWN"", ""B07DJSPRYY"", ""B07YF1THQ6"", ""B07HYJZKW4"", ""B000TGPTOC""]",26.74910001223907,True,intent_override,B0BT8T2FQ3,
public_0103,3,reranker,rank_aware,buying,mixed,Underwear Undershirts,"[{""explicit"": false, ""hard"": false, ""kind"": ""feature"", ""negated"": true, ""source"": ""ambiguous_disclosure"", ""source_turn"": 1, ""strength"": 0.7, ""value"": ""Imported""}]",[],"[""material"", ""comfort"", ""fit"", ""style""]","[""brand"", ""feature"", ""material""]",material,"{""baseline_utility"": 0.1986847417407073, ""expected_gain"": 0.4166555641244013, ""expected_utility"": 0.6153403058651086, ""meaningful_values"": 6}",75,"[""B0149B4YHK"", ""B07C3J1VSQ"", ""B00M798WWA"", ""B0BXP6MG3X"", ""B00L10BT3A"", ""B07DQSWHWN"", ""B07DJSPRYY"", ""B07YF1THQ6"", ""B07HYJZKW4"", ""B000TGPTOC""]",53.94109999178909,True,intent_override,B0BT8T2FQ3,
public_0103,4,reranker,rank_aware,buying,specific,Underwear Undershirts,"[{""explicit"": true, ""hard"": true, ""kind"": ""material"", ""negated"": false, ""source"": ""explicit_requirement"", ""source_turn"": 4, ""strength"": 1.0, ""value"": ""cotton""}]","[{""explicit"": true, ""hard"": true, ""kind"": ""feature"", ""negated"": true, ""source"": ""negation_or_replacement"", ""source_turn"": 4, ""strength"": 1.0, ""value"": ""Imported""}]","[""material"", ""comfort"", ""fit"", ""style""]","[""brand"", ""feature"", ""material"", ""style""]",style,"{""baseline_utility"": 0.2899841067665885, ""expected_gain"": 0.43533886629521124, ""expected_utility"": 0.7253229730617997, ""meaningful_values"": 4}",50,"[""B0036UZNBC"", ""B019P5WRLK"", ""B004JYCIDU"", ""B0891LTVHT"", ""B0038A1A0I"", ""B07NCS6DTX"", ""B004X0PSV4"", ""B00W57TS6S"", ""B00ZDK3VGC"", ""B017HY4YAI""]",23.00810001906939,True,intent_override,B0BT8T2FQ3,
public_0103,5,reranker,rank_aware,buying,specific,Underwear Undershirts,"[{""explicit"": true, ""hard"": true, ""kind"": ""material"", ""negated"": false, ""source"": ""explicit_requirement"", ""source_turn"": 4, ""strength"": 1.0, ""value"": ""cotton""}]","[{""explicit"": true, ""hard"": true, ""kind"": ""feature"", ""negated"": true, ""source"": ""negation_or_replacement"", ""source_turn"": 4, ""strength"": 1.0, ""value"": ""Imported""}]","[""material"", ""comfort"", ""fit"", ""style""]","[""brand"", ""feature"", ""material"", ""style"", ""budget""]",budget,"{""baseline_utility"": 0.2899841067665885, ""expected_gain"": 0.35709045164283626, ""expected_utility"": 0.6470745584094247, ""meaningful_values"": 3}",50,"[""B0036UZNBC"", ""B019P5WRLK"", ""B004JYCIDU"", ""B0891LTVHT"", ""B0038A1A0I"", ""B07NCS6DTX"", ""B004X0PSV4"", ""B00W57TS6S"", ""B00ZDK3VGC"", ""B017HY4YAI""]",19.886800000676885,True,intent_override,B0BT8T2FQ3,
public_0103,6,reranker,rank_aware,buying,specific,Underwear Undershirts,"[{""explicit"": true, ""hard"": true, ""kind"": ""material"", ""negated"": false, ""source"": ""explicit_requirement"", ""source_turn"": 4, ""strength"": 1.0, ""value"": ""cotton""}]","[{""explicit"": true, ""hard"": true, ""kind"": ""feature"", ""negated"": true, ""source"": ""negation_or_replacement"", ""source_turn"": 4, ""strength"": 1.0, ""value"": ""Imported""}]","[""material"", ""comfort"", ""fit"", ""style""]","[""brand"", ""feature"", ""material"", ""style"", ""budget"", ""use_case""]",use_case,"{""baseline_utility"": 0.2899841067665885, ""expected_gain"": 0.3457989572892082, ""expected_utility"": 0.6357830640557967, ""meaningful_values"": 4}",50,"[""B0036UZNBC"", ""B019P5WRLK"", ""B004JYCIDU"", ""B0891LTVHT"", ""B0038A1A0I"", ""B07NCS6DTX"", ""B004X0PSV4"", ""B00W57TS6S"", ""B00ZDK3VGC"", ""B017HY4YAI""]",31.252199987648055,True,intent_override,B0BT8T2FQ3,
public_0103,7,reranker,rank_aware,buying,specific,Underwear Undershirts,"[{""explicit"": true, ""hard"": true, ""kind"": ""material"", ""negated"": false, ""source"": ""explicit_requirement"", ""source_turn"": 4, ""strength"": 1.0, ""value"": ""cotton""}]","[{""explicit"": true, ""hard"": true, ""kind"": ""feature"", ""negated"": true, ""source"": ""negation_or_replacement"", ""source_turn"": 4, ""strength"": 1.0, ""value"": ""Imported""}]","[""material"", ""comfort"", ""fit"", ""style""]","[""brand"", ""feature"", ""material"", ""style"", ""budget"", ""use_case"", ""color""]",color,"{""baseline_utility"": 0.2899841067665885, ""expected_gain"": 0.3341621548346112, ""expected_utility"": 0.6241462616011997, ""meaningful_values"": 3}",50,"[""B0036UZNBC"", ""B019P5WRLK"", ""B004JYCIDU"", ""B0891LTVHT"", ""B0038A1A0I"", ""B07NCS6DTX"", ""B004X0PSV4"", ""B00W57TS6S"", ""B00ZDK3VGC"", ""B017HY4YAI""]",22.121299989521503,True,intent_override,B0BT8T2FQ3,
public_0103,8,reranker,rank_aware,buying,specific,Underwear Undershirts,"[{""explicit"": true, ""hard"": true, ""kind"": ""material"", ""negated"": false, ""source"": ""explicit_requirement"", ""source_turn"": 4, ""strength"": 1.0, ""value"": ""cotton""}, {""explicit"": false, ""hard"": false, ""kind"": ""color"", ""negated"": false, ""source"": ""ambiguous_disclosure"", ""source_turn"": 8, ""strength"": 0.7, ""value"": ""color: white""}]","[{""explicit"": true, ""hard"": true, ""kind"": ""feature"", ""negated"": true, ""source"": ""negation_or_replacement"", ""source_turn"": 4, ""strength"": 1.0, ""value"": ""Imported""}]","[""material"", ""comfort"", ""fit"", ""style""]","[""brand"", ""feature"", ""material"", ""style"", ""budget"", ""use_case"", ""color"", ""other""]",other,"{""fallback"": ""fewer_than_two_meaningful_values""}",50,"[""B0891LTVHT"", ""B004X0PSV4"", ""B09WCYC17X"", ""B019P5WRLK"", ""B004JYCIDU"", ""B0038A1A0I"", ""B09F6R6ZLS"", ""B083P49XBY"", ""B076DLTYP3"", ""B07TTLTSQB""]",22.60920000844635,True,intent_override,B0BT8T2FQ3,
public_0103,9,reranker,rank_aware,buying,specific,Underwear Undershirts,"[{""explicit"": true, ""hard"": true, ""kind"": ""material"", ""negated"": false, ""source"": ""explicit_requirement"", ""source_turn"": 4, ""strength"": 1.0, ""value"": ""cotton""}, {""explicit"": false, ""hard"": false, ""kind"": ""color"", ""negated"": false, ""source"": ""ambiguous_disclosure"", ""source_turn"": 8, ""strength"": 0.7, ""value"": ""color: white""}, {""explicit"": false, ""hard"": false, ""kind"": ""material"", ""negated"": false, ""source"": ""ambiguous_disclosure"", ""source_turn"": 9, ""strength"": 0.7, ""value"": ""100% Cotton""}]","[{""explicit"": true, ""hard"": true, ""kind"": ""feature"", ""negated"": true, ""source"": ""negation_or_replacement"", ""source_turn"": 4, ""strength"": 1.0, ""value"": ""Imported""}]","[""material"", ""comfort"", ""fit"", ""style""]","[""brand"", ""feature"", ""material"", ""style"", ""budget"", ""use_case"", ""color"", ""other""]",other,"{""fallback"": ""fewer_than_two_meaningful_values""}",50,"[""B0891LTVHT"", ""B019P5WRLK"", ""B004X0PSV4"", ""B004JYCIDU"", ""B0038A1A0I"", ""B09WCYC17X"", ""B00LOUG25C"", ""B076DLTYP3"", ""B07TTLTSQB"", ""B09F6R6ZLS""]",24.745200003962964,True,intent_override,B0BT8T2FQ3,
public_0103,10,reranker,rank_aware,buying,specific,Underwear Undershirts,"[{""explicit"": true, ""hard"": true, ""kind"": ""material"", ""negated"": false, ""source"": ""explicit_requirement"", ""source_turn"": 4, ""strength"": 1.0, ""value"": ""cotton""}, {""explicit"": false, ""hard"": false, ""kind"": ""color"", ""negated"": false, ""source"": ""ambiguous_disclosure"", ""source_turn"": 8, ""strength"": 0.7, ""value"": ""color: white""}, {""explicit"": false, ""hard"": false, ""kind"": ""material"", ""negated"": false, ""source"": ""ambiguous_disclosure"", ""source_turn"": 9, ""strength"": 0.7, ""value"": ""100% Cotton""}]","[{""explicit"": true, ""hard"": true, ""kind"": ""feature"", ""negated"": true, ""source"": ""negation_or_replacement"", ""source_turn"": 4, ""strength"": 1.0, ""value"": ""Imported""}]","[""material"", ""comfort"", ""fit"", ""style""]","[""brand"", ""feature"", ""material"", ""style"", ""budget"", ""use_case"", ""color"", ""other""]",other,"{""fallback"": ""fewer_than_two_meaningful_values""}",50,"[""B0891LTVHT"", ""B019P5WRLK"", ""B004X0PSV4"", ""B004JYCIDU"", ""B0038A1A0I"", ""B09WCYC17X"", ""B00LOUG25C"", ""B076DLTYP3"", ""B07TTLTSQB"", ""B09F6R6ZLS""]",24.868999986210838,True,intent_override,B0BT8T2FQ3,
public_0108,1,reranker,rank_aware,buying,specific,Pants & Shorts Shorts,"[{""explicit"": true, ""hard"": true, ""kind"": ""material"", ""negated"": false, ""source"": ""explicit_requirement"", ""source_turn"": 1, ""strength"": 1.0, ""value"": ""cotton""}]",[],"[""material"", ""comfort"", ""fit"", ""style""]","[""brand""]",brand,"{""baseline_utility"": 0.2899841067665885, ""expected_gain"": 1.6766825599000783, ""expected_utility"": 1.9666666666666668, ""meaningful_values"": 47}",50,"[""B00LXU7LVW"", ""B004HHNN9M"", ""B07P66B5YC"", ""B0994GQDYM"", ""B0B6VK1XNY"", ""B08311BJQ2"", ""B01I21CI7G"", ""B07T36CDD3"", ""B01GRO80GI"", ""B00JJR82U0""]",22.80940001946874,True,buying,B01I21CI7G,7
public_0115,1,reranker,rank_aware,browsing,exploratory,Sleep & Lounge Nightgowns & Sleepshirts,[],[],"[""comfort"", ""fit"", ""durability"", ""style""]","[""brand""]",brand,"{""baseline_utility"": 0.1518737751763962, ""expected_gain"": 1.5114106389389006, ""expected_utility"": 1.6632844141152967, ""meaningful_values"": 63}",100,"[""B07WZRWQBF"", ""B082TXYP5R"", ""B088DF8BPZ"", ""B0897NQF8M"", ""B07X3922XV"", ""B07KLQFHBP"", ""B098T73R3K"", ""B0883VHCMN"", ""B0734SHQH9"", ""B08FR11WBL""]",28.352499997708946,True,browsing,B08VWZBYPY,
public_0115,2,reranker,rank_aware,browsing,exploratory,Sleep & Lounge Nightgowns & Sleepshirts,[],[],"[""comfort"", ""fit"", ""durability"", ""style""]","[""brand"", ""feature""]",feature,"{""baseline_utility"": 0.1518737751763962, ""expected_gain"": 1.368533809512897, ""expected_utility"": 1.520407584689293, ""meaningful_values"": 51}",100,"[""B07WZRWQBF"", ""B082TXYP5R"", ""B088DF8BPZ"", ""B0897NQF8M"", ""B07X3922XV"", ""B07KLQFHBP"", ""B098T73R3K"", ""B0883VHCMN"", ""B0734SHQH9"", ""B08FR11WBL""]",24.035699985688552,True,browsing,B08VWZBYPY,
public_0115,3,reranker,rank_aware,browsing,specific,Sleep & Lounge Nightgowns & Sleepshirts,"[{""explicit"": false, ""hard"": false, ""kind"": ""feature"", ""negated"": false, ""source"": ""ambiguous_disclosure"", ""source_turn"": 3, ""strength"": 0.7, ""value"": ""Imported""}, {""explicit"": false, ""hard"": false, ""kind"": ""feature"", ""negated"": false, ""source"": ""ambiguous_disclosure"", ""source_turn"": 3, ""strength"": 0.7, ""value"": ""Machine Wash""}]",[],"[""comfort"", ""fit"", ""durability"", ""style""]","[""brand"", ""feature"", ""material""]",material,"{""baseline_utility"": 0.2899841067665885, ""expected_gain"": 0.5693521437883274, ""expected_utility"": 0.8593362505549159, ""meaningful_values"": 6}",50,"[""B0BKZHWYD7"", ""B073C936WZ"", ""B01MXF59W5"", ""B07X3922XV"", ""B085FML2HF"", ""B071WDJYDH"", ""B0117R04NM"", ""B082TXYP5R"", ""B0BZZ435PM"", ""B011QIILGO""]",32.352900016121566,True,browsing,B08VWZBYPY,
public_0115,4,reranker,rank_aware,browsing,specific,Sleep & Lounge Nightgowns & Sleepshirts,"[{""explicit"": false, ""hard"": false, ""kind"": ""feature"", ""negated"": false, ""source"": ""ambiguous_disclosure"", ""source_turn"": 3, ""strength"": 0.7, ""value"": ""Imported""}, {""explicit"": false, ""hard"": false, ""kind"": ""feature"", ""negated"": false, ""source"": ""ambiguous_disclosure"", ""source_turn"": 3, ""strength"": 0.7, ""value"": ""Machine Wash""}, {""explicit"": false, ""hard"": false, ""kind"": ""material"", ""negated"": false, ""source"": ""ambiguous_disclosure"", ""source_turn"": 4, ""strength"": 0.7, ""value"": ""rayon""}, {""explicit"": false, ""hard"": false, ""kind"": ""material"", ""negated"": false, ""source"": ""ambiguous_disclosure"", ""source_turn"": 4, ""strength"": 0.7, ""value"": ""95% Rayon, 5% Spandex""}]",[],"[""comfort"", ""fit"", ""durability"", ""style""]","[""brand"", ""feature"", ""material"", ""use_case""]",use_case,"{""baseline_utility"": 0.2899841067665885, ""expected_gain"": 0.37725247517753757, ""expected_utility"": 0.667236581944126, ""meaningful_values"": 5}",50,"[""B093SQWKKH"", ""B08VWZBYPY"", ""B0B5PNNHYQ"", ""B09WYRRB9Q"", ""B00TTQ62WG"", ""B01MRKYVL8"", ""B01N591VOO"", ""B07KLQFHBP"", ""B06Y25TJ59"", ""B07X7ND7T7""]",24.132899998221546,True,browsing,B08VWZBYPY,2
public_0116,1,reranker,rank_aware,buying,specific,Shoes Fashion Sneakers,"[{""explicit"": true, ""hard"": true, ""kind"": ""feature"", ""negated"": false, ""source"": ""explicit_requirement"", ""source_turn"": 1, ""strength"": 1.0, ""value"": ""100% Canvas""}]",[],"[""material"", ""comfort""]","[""brand""]",brand,"{""baseline_utility"": 0.2899841067665885, ""expected_gain"": 1.5302063694238874, ""expected_utility"": 1.820190476190476, ""meaningful_values"": 36}",50,"[""B009T1FT4S"", ""B07FP3CFKK"", ""B07PFSX4S5"", ""B00NPLTC5U"", ""B005AEG4KG"", ""B00F1BR6GE"", ""B0015MGMSG"", ""B00K21F9BC"", ""B07FNYX15W"", ""B01EV7WDGG""]",34.74079997977242,True,buying,B07S2Y3THP,
public_0116,2,reranker,rank_aware,buying,specific,Shoes Fashion Sneakers,"[{""explicit"": true, ""hard"": true, ""kind"": ""feature"", ""negated"": false, ""source"": ""explicit_requirement"", ""source_turn"": 1, ""strength"": 1.0, ""value"": ""100% Canvas""}]",[],"[""material"", ""comfort""]","[""brand"", ""feature""]",feature,"{""baseline_utility"": 0.2899841067665885, ""expected_gain"": 0.7564284034957678, ""expected_utility"": 1.0464125102623563, ""meaningful_values"": 11}",50,"[""B009T1FT4S"", ""B07FP3CFKK"", ""B07PFSX4S5"", ""B00NPLTC5U"", ""B005AEG4KG"", ""B00F1BR6GE"", ""B0015MGMSG"", ""B00K21F9BC"", ""B07FNYX15W"", ""B01EV7WDGG""]",30.480499990517274,True,buying,B07S2Y3THP,
public_0116,3,reranker,rank_aware,buying,specific,Shoes Fashion Sneakers,"[{""explicit"": true, ""hard"": true, ""kind"": ""feature"", ""negated"": false, ""source"": ""explicit_requirement"", ""source_turn"": 1, ""strength"": 1.0, ""value"": ""100% Canvas""}, {""explicit"": false, ""hard"": false, ""kind"": ""feature"", ""negated"": false, ""source"": ""ambiguous_disclosure"", ""source_turn"": 3, ""strength"": 0.7, ""value"": ""Rubber sole""}, {""explicit"": false, ""hard"": false, ""kind"": ""feature"", ""negated"": false, ""source"": ""ambiguous_disclosure"", ""source_turn"": 3, ""strength"": 0.7, ""value"": ""Cushioned Insole for added comfort""}]",[],"[""material"", ""comfort""]","[""brand"", ""feature"", ""use_case""]",use_case,"{""baseline_utility"": 0.2899841067665885, ""expected_gain"": 0.6896201141672178, ""expected_utility"": 0.9796042209338063, ""meaningful_values"": 9}",50,"[""B07S2Y3THP"", ""B07CSP2GKF"", ""B07CSR2724"", ""B07CVH5Y1T"", ""B089CT2MXD"", ""B0863QQ14C"", ""B07H137L57"", ""B002MUBEOC"", ""B07QN744VQ"", ""B00L8IXKGY""]",30.495200015138835,True,buying,B07S2Y3THP,1
public_0118,1,reranker,rank_aware,buying,specific,Bikinis Sets,"[{""explicit"": true, ""hard"": true, ""kind"": ""material"", ""negated"": false, ""source"": ""explicit_requirement"", ""source_turn"": 1, ""strength"": 1.0, ""value"": ""nylon""}]",[],"[""comfort"", ""fit"", ""material"", ""style""]","[""brand""]",brand,"{""baseline_utility"": 0.2899841067665885, ""expected_gain"": 1.6500158932334115, ""expected_utility"": 1.94, ""meaningful_values"": 44}",50,"[""B07QKXC38L"", ""B091H1653X"", ""B08DF9F8KG"", ""B07QR1MM48"", ""B0793GYL9T"", ""B07PPN6L4T"", ""B09JS72K73"", ""B086L9P9SX"", ""B07RBN2CBL"", ""B082R1852R""]",20.523999992292374,True,buying,B09M72C8PG,
public_0118,2,reranker,rank_aware,buying,specific,Bikinis Sets,"[{""explicit"": true, ""hard"": true, ""kind"": ""material"", ""negated"": false, ""source"": ""explicit_requirement"", ""source_turn"": 1, ""strength"": 1.0, ""value"": ""nylon""}]",[],"[""comfort"", ""fit"", ""material"", ""style""]","[""brand"", ""feature""]",feature,"{""baseline_utility"": 0.2899841067665885, ""expected_gain"": 1.3839372496547677, ""expected_utility"": 1.6739213564213562, ""meaningful_values"": 31}",50,"[""B07QKXC38L"", ""B091H1653X"", ""B08DF9F8KG"", ""B07QR1MM48"", ""B0793GYL9T"", ""B07PPN6L4T"", ""B09JS72K73"", ""B086L9P9SX"", ""B07RBN2CBL"", ""B082R1852R""]",25.78719999291934,True,buying,B09M72C8PG,
public_0118,3,reranker,rank_aware,buying,specific,Bikinis Sets,"[{""explicit"": true, ""hard"": true, ""kind"": ""material"", ""negated"": false, ""source"": ""explicit_requirement"", ""source_turn"": 1, ""strength"": 1.0, ""value"": ""nylon""}, {""explicit"": false, ""hard"": false, ""kind"": ""feature"", ""negated"": false, ""source"": ""ambiguous_disclosure"", ""source_turn"": 3, ""strength"": 0.7, ""value"": ""Imported""}, {""explicit"": false, ""hard"": false, ""kind"": ""feature"", ""negated"": false, ""source"": ""ambiguous_disclosure"", ""source_turn"": 3, ""strength"": 0.7, ""value"": ""Straps closure""}]",[],"[""comfort"", ""fit"", ""material"", ""style""]","[""brand"", ""feature"", ""color""]",color,"{""baseline_utility"": 0.2899841067665885, ""expected_gain"": 0.40305813793898115, ""expected_utility"": 0.6930422447055696, ""meaningful_values"": 6}",50,"[""B07QR1MM48"", ""B07QKXC38L"", ""B0BFVFFHKS"", ""B09M72C8PG"", ""B0BVM2N2DX"", ""B09PDV687N"", ""B09V7MSM52"", ""B0793GYL9T"", ""B07C4SDKWK"", ""B08P39LG2Q""]",34.086600004229695,True,buying,B09M72C8PG,4
public_0120,1,reranker,rank_aware,browsing,exploratory,Card Cases & Money Organizers Wallets,[],[],"[""comfort""]","[""brand""]",brand,"{""baseline_utility"": 0.1518737751763962, ""expected_gain"": 1.769477234924614, ""expected_utility"": 1.92135101010101, ""meaningful_values"": 87}",100,"[""B081QZ36XJ"", ""B088BD894S"", ""B07CK8SCYN"", ""B00BRSVXFK"", ""B01N1SJO9G"", ""B08FFWL6N1"", ""B007IW47FC"", ""B00IPP1RFY"", ""B07H8W9MW7"", ""B00HLS5KZE""]",21.458899980643764,True,browsing,B08GPGX2QG,
public_0120,2,reranker,rank_aware,browsing,exploratory,Card Cases & Money Organizers Wallets,[],[],"[""comfort""]","[""brand"", ""feature""]",feature,"{""baseline_utility"": 0.1518737751763962, ""expected_gain"": 1.4149264416242853, ""expected_utility"": 1.5668002168006814, ""meaningful_values"": 62}",100,"[""B081QZ36XJ"", ""B088BD894S"", ""B07CK8SCYN"", ""B00BRSVXFK"", ""B01N1SJO9G"", ""B08FFWL6N1"", ""B007IW47FC"", ""B00IPP1RFY"", ""B07H8W9MW7"", ""B00HLS5KZE""]",43.35750002064742,True,browsing,B08GPGX2QG,
public_0120,3,reranker,rank_aware,browsing,mixed,Card Cases & Money Organizers Wallets,"[{""explicit"": false, ""hard"": false, ""kind"": ""feature"", ""negated"": false, ""source"": ""ambiguous_disclosure"", ""source_turn"": 3, ""strength"": 0.7, ""value"": ""Snap closure""}]",[],"[""comfort""]","[""brand"", ""feature"", ""style""]",style,"{""baseline_utility"": 0.1986847417407073, ""expected_gain"": 1.2470265282099993, ""expected_utility"": 1.4457112699507066, ""meaningful_values"": 29}",75,"[""B01FFNDNUA"", ""B00VSX6J2G"", ""B008UZO4KO"", ""B07H8W9MW7"", ""B008LMNKYW"", ""B007WMGJ5Y"", ""B09GKNS3DB"", ""B09GY88QMX"", ""B00OYX3T2K"", ""B07C378Z47""]",23.824500007322058,True,browsing,B08GPGX2QG,
public_0120,4,reranker,rank_aware,browsing,mixed,Card Cases & Money Organizers Wallets,"[{""explicit"": false, ""hard"": false, ""kind"": ""feature"", ""negated"": false, ""source"": ""ambiguous_disclosure"", ""source_turn"": 3, ""strength"": 0.7, ""value"": ""Snap closure""}]",[],"[""comfort""]","[""brand"", ""feature"", ""style"", ""color""]",color,"{""baseline_utility"": 0.1986847417407073, ""expected_gain"": 0.524414774897582, ""expected_utility"": 0.7230995166382893, ""meaningful_values"": 6}",75,"[""B01FFNDNUA"", ""B00VSX6J2G"", ""B008UZO4KO"", ""B07H8W9MW7"", ""B008LMNKYW"", ""B007WMGJ5Y"", ""B09GKNS3DB"", ""B09GY88QMX"", ""B00OYX3T2K"", ""B07C378Z47""]",24.11729999585077,True,browsing,B08GPGX2QG,
public_0120,5,reranker,rank_aware,browsing,specific,Card Cases & Money Organizers Wallets,"[{""explicit"": false, ""hard"": false, ""kind"": ""feature"", ""negated"": false, ""source"": ""ambiguous_disclosure"", ""source_turn"": 3, ""strength"": 0.7, ""value"": ""Snap closure""}, {""explicit"": false, ""hard"": false, ""kind"": ""color"", ""negated"": false, ""source"": ""ambiguous_disclosure"", ""source_turn"": 5, ""strength"": 0.7, ""value"": ""color: red""}]",[],"[""comfort""]","[""brand"", ""feature"", ""style"", ""color"", ""material""]",material,"{""baseline_utility"": 0.2899841067665885, ""expected_gain"": 0.29981016690946516, ""expected_utility"": 0.5897942736760536, ""meaningful_values"": 4}",50,"[""B089RXP8K2"", ""B000LZ02YS"", ""B0898LQ31B"", ""B008UZO4KO"", ""B00QMDSEVQ"", ""B01FFNDNUA"", ""B07H8W9MW7"", ""B00VSX6J2G"", ""B07V462M8T"", ""B00C0DEG78""]",31.87089998391457,True,browsing,B08GPGX2QG,
public_0120,6,reranker,rank_aware,browsing,specific,Card Cases & Money Organizers Wallets,"[{""explicit"": false, ""hard"": false, ""kind"": ""feature"", ""negated"": false, ""source"": ""ambiguous_disclosure"", ""source_turn"": 3, ""strength"": 0.7, ""value"": ""Snap closure""}, {""explicit"": false, ""hard"": false, ""kind"": ""color"", ""negated"": false, ""source"": ""ambiguous_disclosure"", ""source_turn"": 5, ""strength"": 0.7, ""value"": ""color: red""}, {""explicit"": false, ""hard"": false, ""kind"": ""material"", ""negated"": false, ""source"": ""ambiguous_disclosure"", ""source_turn"": 6, ""strength"": 0.7, ""value"": ""leather""}, {""explicit"": false, ""hard"": false, ""kind"": ""material"", ""negated"": false, ""source"": ""ambiguous_disclosure"", ""source_turn"": 6, ""strength"": 0.7, ""value"": ""Leather lining""}]",[],"[""comfort""]","[""brand"", ""feature"", ""style"", ""color"", ""material"", ""use_case""]",use_case,"{""baseline_utility"": 0.2899841067665885, ""expected_gain"": 0.18152183650615905, ""expected_utility"": 0.47150594327274753, ""meaningful_values"": 3}",50,"[""B008UZO4KO"", ""B089RXP8K2"", ""B01FFNDNUA"", ""B019JTI5C2"", ""B07H8W9MW7"", ""B07VPDFRJB"", ""B000LZ02YS"", ""B01MZYASZ2"", ""B07CK73QNS"", ""B06XJ5ZTN5""]",62.174799997592345,True,browsing,B08GPGX2QG,
public_0120,7,reranker,rank_aware,browsing,specific,Card Cases & Money Organizers Wallets,"[{""explicit"": false, ""hard"": false, ""kind"": ""feature"", ""negated"": false, ""source"": ""ambiguous_disclosure"", ""source_turn"": 3, ""strength"": 0.7, ""value"": ""Snap closure""}, {""explicit"": false, ""hard"": false, ""kind"": ""color"", ""negated"": false, ""source"": ""ambiguous_disclosure"", ""source_turn"": 5, ""strength"": 0.7, ""value"": ""color: red""}, {""explicit"": false, ""hard"": false, ""kind"": ""material"", ""negated"": false, ""source"": ""ambiguous_disclosure"", ""source_turn"": 6, ""strength"": 0.7, ""value"": ""leather""}, {""explicit"": false, ""hard"": false, ""kind"": ""material"", ""negated"": false, ""source"": ""ambiguous_disclosure"", ""source_turn"": 6, ""strength"": 0.7, ""value"": ""Leather lining""}]",[],"[""comfort""]","[""brand"", ""feature"", ""style"", ""color"", ""material"", ""use_case"", ""budget""]",budget,"{""baseline_utility"": 0.2899841067665885, ""expected_gain"": 0.14266695396107176, ""expected_utility"": 0.43265106072766024, ""meaningful_values"": 3}",50,"[""B008UZO4KO"", ""B089RXP8K2"", ""B01FFNDNUA"", ""B019JTI5C2"", ""B07H8W9MW7"", ""B07VPDFRJB"", ""B000LZ02YS"", ""B01MZYASZ2"", ""B07CK73QNS"", ""B06XJ5ZTN5""]",28.512500022770837,True,browsing,B08GPGX2QG,
public_0120,8,reranker,rank_aware,browsing,specific,Card Cases & Money Organizers Wallets,"[{""explicit"": false, ""hard"": false, ""kind"": ""feature"", ""negated"": false, ""source"": ""ambiguous_disclosure"", ""source_turn"": 3, ""strength"": 0.7, ""value"": ""Snap closure""}, {""explicit"": false, ""hard"": false, ""kind"": ""color"", ""negated"": false, ""source"": ""ambiguous_disclosure"", ""source_turn"": 5, ""strength"": 0.7, ""value"": ""color: red""}, {""explicit"": false, ""hard"": false, ""kind"": ""material"", ""negated"": false, ""source"": ""ambiguous_disclosure"", ""source_turn"": 6, ""strength"": 0.7, ""value"": ""leather""}, {""explicit"": false, ""hard"": false, ""kind"": ""material"", ""negated"": false, ""source"": ""ambiguous_disclosure"", ""source_turn"": 6, ""strength"": 0.7, ""value"": ""Leather lining""}]",[],"[""comfort""]","[""brand"", ""feature"", ""style"", ""color"", ""material"", ""use_case"", ""budget"", ""other""]",other,"{""fallback"": ""fewer_than_two_meaningful_values""}",50,"[""B008UZO4KO"", ""B089RXP8K2"", ""B01FFNDNUA"", ""B019JTI5C2"", ""B07H8W9MW7"", ""B07VPDFRJB"", ""B000LZ02YS"", ""B01MZYASZ2"", ""B07CK73QNS"", ""B06XJ5ZTN5""]",28.79199999733828,True,browsing,B08GPGX2QG,
public_0120,9,reranker,rank_aware,browsing,specific,Card Cases & Money Organizers Wallets,"[{""explicit"": false, ""hard"": false, ""kind"": ""feature"", ""negated"": false, ""source"": ""ambiguous_disclosure"", ""source_turn"": 3, ""strength"": 0.7, ""value"": ""Snap closure""}, {""explicit"": false, ""hard"": false, ""kind"": ""color"", ""negated"": false, ""source"": ""ambiguous_disclosure"", ""source_turn"": 5, ""strength"": 0.7, ""value"": ""color: red""}, {""explicit"": false, ""hard"": false, ""kind"": ""material"", ""negated"": false, ""source"": ""ambiguous_disclosure"", ""source_turn"": 6, ""strength"": 0.7, ""value"": ""leather""}, {""explicit"": false, ""hard"": false, ""kind"": ""material"", ""negated"": false, ""source"": ""ambiguous_disclosure"", ""source_turn"": 6, ""strength"": 0.7, ""value"": ""Leather lining""}]",[],"[""comfort""]","[""brand"", ""feature"", ""style"", ""color"", ""material"", ""use_case"", ""budget"", ""other""]",other,"{""fallback"": ""fewer_than_two_meaningful_values""}",50,"[""B008UZO4KO"", ""B089RXP8K2"", ""B01FFNDNUA"", ""B019JTI5C2"", ""B07H8W9MW7"", ""B07VPDFRJB"", ""B000LZ02YS"", ""B01MZYASZ2"", ""B07CK73QNS"", ""B06XJ5ZTN5""]",31.730599992442876,True,browsing,B08GPGX2QG,
public_0120,10,reranker,rank_aware,browsing,specific,Card Cases & Money Organizers Wallets,"[{""explicit"": false, ""hard"": false, ""kind"": ""feature"", ""negated"": false, ""source"": ""ambiguous_disclosure"", ""source_turn"": 3, ""strength"": 0.7, ""value"": ""Snap closure""}, {""explicit"": false, ""hard"": false, ""kind"": ""color"", ""negated"": false, ""source"": ""ambiguous_disclosure"", ""source_turn"": 5, ""strength"": 0.7, ""value"": ""color: red""}, {""explicit"": false, ""hard"": false, ""kind"": ""material"", ""negated"": false, ""source"": ""ambiguous_disclosure"", ""source_turn"": 6, ""strength"": 0.7, ""value"": ""leather""}, {""explicit"": false, ""hard"": false, ""kind"": ""material"", ""negated"": false, ""source"": ""ambiguous_disclosure"", ""source_turn"": 6, ""strength"": 0.7, ""value"": ""Leather lining""}]",[],"[""comfort""]","[""brand"", ""feature"", ""style"", ""color"", ""material"", ""use_case"", ""budget"", ""other""]",other,"{""fallback"": ""fewer_than_two_meaningful_values""}",50,"[""B008UZO4KO"", ""B089RXP8K2"", ""B01FFNDNUA"", ""B019JTI5C2"", ""B07H8W9MW7"", ""B07VPDFRJB"", ""B000LZ02YS"", ""B01MZYASZ2"", ""B07CK73QNS"", ""B06XJ5ZTN5""]",29.61130000767298,True,browsing,B08GPGX2QG,
public_0125,1,reranker,rank_aware,buying,mixed,Hats & Caps Baseball Caps,"[{""explicit"": false, ""hard"": false, ""kind"": ""size"", ""negated"": true, ""source"": ""ambiguous_disclosure"", ""source_turn"": 1, ""strength"": 0.7, ""value"": ""HOOK & LOOP CLOSURE: Our hats for women and men feature a strap closure in the back letting you easily adjust the size for a perfect fit""}]",[],"[""material"", ""fit""]","[""brand""]",brand,"{""baseline_utility"": 0.1986847417407073, ""expected_gain"": 1.640886686830721, ""expected_utility"": 1.8395714285714284, ""meaningful_values"": 56}",75,"[""B07VCYFB5D"", ""B08HGL5MTV"", ""B07WZQ2WF9"", ""B07WZQ3C6Y"", ""B084VQPTYL"", ""B0822ZYJT4"", ""B08231D4N7"", ""B08YQGGS8F"", ""B0919PK6CC"", ""B07CSRP62N""]",25.95189999556169,True,intent_override,B07VCYFB5D,1
public_0125,2,reranker,rank_aware,buying,mixed,Hats & Caps Baseball Caps,"[{""explicit"": false, ""hard"": false, ""kind"": ""size"", ""negated"": true, ""source"": ""ambiguous_disclosure"", ""source_turn"": 1, ""strength"": 0.7, ""value"": ""HOOK & LOOP CLOSURE: Our hats for women and men feature a strap closure in the back letting you easily adjust the size for a perfect fit""}]",[],"[""material"", ""fit""]","[""brand"", ""feature""]",feature,"{""baseline_utility"": 0.1986847417407073, ""expected_gain"": 0.9992063053095576, ""expected_utility"": 1.1978910470502648, ""meaningful_values"": 27}",75,"[""B07VCYFB5D"", ""B08HGL5MTV"", ""B07WZQ2WF9"", ""B07WZQ3C6Y"", ""B084VQPTYL"", ""B0822ZYJT4"", ""B08231D4N7"", ""B08YQGGS8F"", ""B0919PK6CC"", ""B07CSRP62N""]",25.44950001174584,True,intent_override,B07VCYFB5D,1
public_0125,3,reranker,rank_aware,buying,specific,Hats & Caps Baseball Caps,"[{""explicit"": false, ""hard"": false, ""kind"": ""size"", ""negated"": true, ""source"": ""ambiguous_disclosure"", ""source_turn"": 1, ""strength"": 0.7, ""value"": ""HOOK & LOOP CLOSURE: Our hats for women and men feature a strap closure in the back letting you easily adjust the size for a perfect fit""}, {""explicit"": false, ""hard"": false, ""kind"": ""feature"", ""negated"": false, ""source"": ""ambiguous_disclosure"", ""source_turn"": 3, ""strength"": 0.7, ""value"": ""100% Acrylic""}, {""explicit"": false, ""hard"": false, ""kind"": ""feature"", ""negated"": false, ""source"": ""ambiguous_disclosure"", ""source_turn"": 3, ""strength"": 0.7, ""value"": ""Hook and Loop closure""}]",[],"[""material"", ""fit""]","[""brand"", ""feature"", ""use_case""]",use_case,"{""baseline_utility"": 0.2899841067665885, ""expected_gain"": 0.5961335696801864, ""expected_utility"": 0.8861176764467749, ""meaningful_values"": 7}",50,"[""B07VCYFB5D"", ""B08HGL5MTV"", ""B07WZQ2WF9"", ""B07WZQ3C6Y"", ""B07CHXLG33"", ""B0822ZYJT4"", ""B08231D4N7"", ""B079Q7VD3H"", ""B0919PK6CC"", ""B00PCZ3OO2""]",20.873300003586337,True,intent_override,B07VCYFB5D,1
public_0125,4,reranker,rank_aware,buying,specific,Hats & Caps Baseball Caps,"[{""explicit"": false, ""hard"": false, ""kind"": ""feature"", ""negated"": false, ""source"": ""ambiguous_disclosure"", ""source_turn"": 3, ""strength"": 0.7, ""value"": ""100% Acrylic""}, {""explicit"": false, ""hard"": false, ""kind"": ""feature"", ""negated"": false, ""source"": ""ambiguous_disclosure"", ""source_turn"": 3, ""strength"": 0.7, ""value"": ""Hook and Loop closure""}]","[{""explicit"": true, ""hard"": true, ""kind"": ""size"", ""negated"": true, ""source"": ""negation_or_replacement"", ""source_turn"": 4, ""strength"": 1.0, ""value"": ""HOOK & LOOP CLOSURE: Our hats for women and men feature a strap closure in the back letting you easily adjust the size for a perfect fit""}]","[""material"", ""fit""]","[""brand"", ""feature"", ""use_case"", ""color""]",color,"{""baseline_utility"": 0.2899841067665885, ""expected_gain"": 0.48572424910956513, ""expected_utility"": 0.7757083558761536, ""meaningful_values"": 6}",50,"[""B00PCZ3OO2"", ""B072HHGYWC"", ""B0081XI8YS"", ""B00CSZ6FT0"", ""B00EPR3X1M"", ""B07MKW27V5"", ""B01B8T9P66"", ""B07CMFNBVX"", ""B07C6JHDLS"", ""B08HGL5MTV""]",18.54059999459423,True,intent_override,B07VCYFB5D,
public_0125,5,reranker,rank_aware,buying,specific,Hats & Caps Baseball Caps,"[{""explicit"": false, ""hard"": false, ""kind"": ""feature"", ""negated"": false, ""source"": ""ambiguous_disclosure"", ""source_turn"": 3, ""strength"": 0.7, ""value"": ""100% Acrylic""}, {""explicit"": false, ""hard"": false, ""kind"": ""feature"", ""negated"": false, ""source"": ""ambiguous_disclosure"", ""source_turn"": 3, ""strength"": 0.7, ""value"": ""Hook and Loop closure""}, {""explicit"": false, ""hard"": false, ""kind"": ""color"", ""negated"": false, ""source"": ""ambiguous_disclosure"", ""source_turn"": 5, ""strength"": 0.7, ""value"": ""PREMIUM QUALITY: Take your outfit to the next level with our 100% acrylic 6 panels mid-profile structured baseball hat that provides maximum comfort. Fits men and women!""}]","[{""explicit"": true, ""hard"": true, ""kind"": ""size"", ""negated"": true, ""source"": ""negation_or_replacement"", ""source_turn"": 4, ""strength"": 1.0, ""value"": ""HOOK & LOOP CLOSURE: Our hats for women and men feature a strap closure in the back letting you easily adjust the size for a perfect fit""}]","[""material"", ""fit""]","[""brand"", ""feature"", ""use_case"", ""color"", ""style""]",style,"{""baseline_utility"": 0.2899841067665885, ""expected_gain"": 0.5064715129249381, ""expected_utility"": 0.7964556196915266, ""meaningful_values"": 4}",50,"[""B07VCYFB5D"", ""B07WZQ3C6Y"", ""B00PCZ3OO2"", ""B07CMFNBVX"", ""B07WZQ2WF9"", ""B08HGL5MTV"", ""B072HHGYWC"", ""B0852WW7W1"", ""B07C88R9YP"", ""B0081XI8YS""]",22.988999990047887,True,intent_override,B07VCYFB5D,1
public_0126,1,reranker,rank_aware,browsing,exploratory,Tees & Blouses Blouses & Button-Down Shirts,[],[],"[""material"", ""fit""]","[""brand""]",brand,"{""baseline_utility"": 0.1518737751763962, ""expected_gain"": 1.8097928914902708, ""expected_utility"": 1.961666666666667, ""meaningful_values"": 93}",100,"[""B07ZHYSWZY"", ""B099F52NT8"", ""B07M5SVDQV"", ""B089DGDY8Y"", ""B09QS9WM59"", ""B0B8J3X7P8"", ""B07DC3QK75"", ""B0B1CJXL7D"", ""B092ZJB6BJ"", ""B0BR3NQKTN""]",17.68150000134483,True,browsing,B09M84R91V,
public_0126,2,reranker,rank_aware,browsing,exploratory,Tees & Blouses Blouses & Button-Down Shirts,[],[],"[""material"", ""fit""]","[""brand"", ""feature""]",feature,"{""baseline_utility"": 0.1518737751763962, ""expected_gain"": 1.464402489944665, ""expected_utility"": 1.6162762651210612, ""meaningful_values"": 59}",100,"[""B07ZHYSWZY"", ""B099F52NT8"", ""B07M5SVDQV"", ""B089DGDY8Y"", ""B09QS9WM59"", ""B0B8J3X7P8"", ""B07DC3QK75"", ""B0B1CJXL7D"", ""B092ZJB6BJ"", ""B0BR3NQKTN""]",16.898500005481765,True,browsing,B09M84R91V,
public_0126,3,reranker,rank_aware,browsing,specific,Tees & Blouses Blouses & Button-Down Shirts,"[{""explicit"": false, ""hard"": false, ""kind"": ""feature"", ""negated"": false, ""source"": ""ambiguous_disclosure"", ""source_turn"": 3, ""strength"": 0.7, ""value"": ""Imported""}, {""explicit"": false, ""hard"": false, ""kind"": ""feature"", ""negated"": false, ""source"": ""ambiguous_disclosure"", ""source_turn"": 3, ""strength"": 0.7, ""value"": ""Pull On closure""}]",[],"[""material"", ""fit""]","[""brand"", ""feature"", ""material""]",material,"{""baseline_utility"": 0.2899841067665885, ""expected_gain"": 0.5721025514212207, ""expected_utility"": 0.8620866581878092, ""meaningful_values"": 4}",50,"[""B00IMV2YR6"", ""B0753GFTW8"", ""B07C9VBJ8R"", ""B016OXCUYU"", ""B00B1ZO77U"", ""B009S27TPU"", ""B09KY6NW2D"", ""B00ID4VAYU"", ""B00EA91I3K"", ""B07F1VQ3N6""]",37.65660000499338,True,browsing,B09M84R91V,
public_0126,4,reranker,rank_aware,browsing,specific,Tees & Blouses Blouses & Button-Down Shirts,"[{""explicit"": false, ""hard"": false, ""kind"": ""feature"", ""negated"": false, ""source"": ""ambiguous_disclosure"", ""source_turn"": 3, ""strength"": 0.7, ""value"": ""Imported""}, {""explicit"": false, ""hard"": false, ""kind"": ""feature"", ""negated"": false, ""source"": ""ambiguous_disclosure"", ""source_turn"": 3, ""strength"": 0.7, ""value"": ""Pull On closure""}, {""explicit"": false, ""hard"": false, ""kind"": ""material"", ""negated"": false, ""source"": ""ambiguous_disclosure"", ""source_turn"": 4, ""strength"": 0.7, ""value"": ""polyester""}, {""explicit"": false, ""hard"": false, ""kind"": ""material"", ""negated"": false, ""source"": ""ambiguous_disclosure"", ""source_turn"": 4, ""strength"": 0.7, ""value"": ""95% Polyester, 5% Spandex""}]",[],"[""material"", ""fit""]","[""brand"", ""feature"", ""material"", ""use_case""]",use_case,"{""baseline_utility"": 0.2899841067665885, ""expected_gain"": 0.862892749756365, ""expected_utility"": 1.1528768565229535, ""meaningful_values"": 8}",50,"[""B07TZPFQ9N"", ""B09KY6NW2D"", ""B087B4KKX7"", ""B09M84R91V"", ""B07L5JS7HZ"", ""B07BRVF979"", ""B08L6BB77C"", ""B0B4RW6DF2"", ""B0B18MM3RR"", ""B0B3RC268V""]",29.23509999527596,True,browsing,B09M84R91V,4
public_0132,1,reranker,rank_aware,buying,specific,Shoes Slippers,"[{""explicit"": true, ""hard"": true, ""kind"": ""material"", ""negated"": false, ""source"": ""explicit_requirement"", ""source_turn"": 1, ""strength"": 1.0, ""value"": ""cotton""}]",[],"[""comfort"", ""warmth"", ""style""]","[""brand""]",brand,"{""baseline_utility"": 0.2899841067665885, ""expected_gain"": 1.6275521251174694, ""expected_utility"": 1.9175362318840579, ""meaningful_values"": 45}",50,"[""B00XM230JQ"", ""B075Q53F27"", ""B07H33Y11B"", ""B09KLT34T8"", ""B08DHVLKXJ"", ""B08DXS1L8L"", ""B07H88B814"", ""B0006N53TY"", ""B07WVWK85G"", ""B0876VKK4K""]",19.972299982327968,True,buying,B08X2X83DW,
public_0132,2,reranker,rank_aware,buying,specific,Shoes Slippers,"[{""explicit"": true, ""hard"": true, ""kind"": ""material"", ""negated"": false, ""source"": ""explicit_requirement"", ""source_turn"": 1, ""strength"": 1.0, ""value"": ""cotton""}]",[],"[""comfort"", ""warmth"", ""style""]","[""brand"", ""feature""]",feature,"{""baseline_utility"": 0.2899841067665885, ""expected_gain"": 1.174487370427715, ""expected_utility"": 1.4644714771943035, ""meaningful_values"": 20}",50,"[""B00XM230JQ"", ""B075Q53F27"", ""B07H33Y11B"", ""B09KLT34T8"", ""B08DHVLKXJ"", ""B08DXS1L8L"", ""B07H88B814"", ""B0006N53TY"", ""B07WVWK85G"", ""B0876VKK4K""]",35.95010002027266,True,buying,B08X2X83DW,
public_0132,3,reranker,rank_aware,buying,specific,Shoes Slippers,"[{""explicit"": true, ""hard"": true, ""kind"": ""material"", ""negated"": false, ""source"": ""explicit_requirement"", ""source_turn"": 1, ""strength"": 1.0, ""value"": ""cotton""}, {""explicit"": false, ""hard"": false, ""kind"": ""feature"", ""negated"": false, ""source"": ""ambiguous_disclosure"", ""source_turn"": 3, ""strength"": 0.7, ""value"": ""Imported""}, {""explicit"": false, ""hard"": false, ""kind"": ""feature"", ""negated"": false, ""source"": ""ambiguous_disclosure"", ""source_turn"": 3, ""strength"": 0.7, ""value"": ""Rubber sole""}]",[],"[""comfort"", ""warmth"", ""style""]","[""brand"", ""feature"", ""style""]",style,"{""baseline_utility"": 0.2899841067665885, ""expected_gain"": 0.7024518893838047, ""expected_utility"": 0.9924359961503931, ""meaningful_values"": 7}",50,"[""B0006N53TY"", ""B08FHYNR7J"", ""B08CY151NM"", ""B01978WA9E"", ""B08DHVLKXJ"", ""B075Q53F27"", ""B0BPHMWG6S"", ""B08X2X83DW"", ""B07H48Z8D6"", ""B07GD828W6""]",21.42079998156987,True,buying,B08X2X83DW,8
public_0134,1,reranker,rank_aware,browsing,exploratory,Piercing Jewelry Tunnels,[],[],"[""style"", ""fit"", ""comfort""]","[""feature""]",feature,"{""baseline_utility"": 0.1518737751763962, ""expected_gain"": 1.6957610495227144, ""expected_utility"": 1.8476348246991106, ""meaningful_values"": 83}",100,"[""B07QY12ZQC"", ""B018LTY6HY"", ""B07N38CB41"", ""B07JNVT2NL"", ""B07K245NDC"", ""B07JXS7DXW"", ""B017O10SDG"", ""B01M355OGJ"", ""B017NPT5XM"", ""B07JPXMWQV""]",20.00890002818778,True,browsing,B081SF3QRL,
public_0134,2,reranker,rank_aware,browsing,specific,Piercing Jewelry Tunnels,"[{""explicit"": false, ""hard"": false, ""kind"": ""feature"", ""negated"": false, ""source"": ""ambiguous_disclosure"", ""source_turn"": 2, ""strength"": 0.7, ""value"": ""Gauge in Choice: 8g(3mm), 6g(4mm), 4g(5mm), 2g(6mm), 0g(8mm), 00g(10mm), 1/2\""(12mm), 9/16\""(14mm)""}, {""explicit"": false, ""hard"": false, ""kind"": ""feature"", ""negated"": false, ""source"": ""ambiguous_disclosure"", ""source_turn"": 2, ""strength"": 0.7, ""value"": ""The screw-on method tunnels are pretty, you can twist on from one head, very easy to wear and take off. Fashion party and wedding body piercing jewelry""}]",[],"[""style"", ""fit"", ""comfort""]","[""feature"", ""brand""]",brand,"{""baseline_utility"": 0.2899841067665885, ""expected_gain"": 1.5523492265667447, ""expected_utility"": 1.8423333333333332, ""meaningful_values"": 36}",50,"[""B07JNVT2NL"", ""B07JXS7DXW"", ""B081SF3QRL"", ""B07T19MBKK"", ""B07QLLB5LD"", ""B0811DGPJP"", ""B0BDR1FYG1"", ""B0BF54HZ4P"", ""B07K245NDC"", ""B07N38CB41""]",18.732800002908334,True,browsing,B081SF3QRL,3
public_0147,1,reranker,rank_aware,browsing,exploratory,Sleep & Lounge Lingerie,[],[],"[""material"", ""comfort"", ""fit"", ""style""]","[""brand""]",brand,"{""baseline_utility"": 0.1518737751763962, ""expected_gain"": 1.6227492406966197, ""expected_utility"": 1.7746230158730159, ""meaningful_values"": 65}",100,"[""B01LYL557B"", ""B08965CTGN"", ""B098T73R3K"", ""B07WZRWQBF"", ""B0897NQF8M"", ""B07C4V7FWW"", ""B0734SHQH9"", ""B08FHQT82T"", ""B082TXYP5R"", ""B00IE050Z8""]",15.728099999250844,True,browsing,B077276QGC,
public_0147,2,reranker,rank_aware,browsing,exploratory,Sleep & Lounge Lingerie,[],[],"[""material"", ""comfort"", ""fit"", ""style""]","[""brand"", ""feature""]",feature,"{""baseline_utility"": 0.1518737751763962, ""expected_gain"": 1.4867978146828111, ""expected_utility"": 1.6386715898592072, ""meaningful_values"": 60}",100,"[""B01LYL557B"", ""B08965CTGN"", ""B098T73R3K"", ""B07WZRWQBF"", ""B0897NQF8M"", ""B07C4V7FWW"", ""B0734SHQH9"", ""B08FHQT82T"", ""B082TXYP5R"", ""B00IE050Z8""]",15.853799995966256,True,browsing,B077276QGC,
public_0147,3,reranker,rank_aware,browsing,mixed,Sleep & Lounge Lingerie,"[{""explicit"": false, ""hard"": false, ""kind"": ""feature"", ""negated"": false, ""source"": ""ambiguous_disclosure"", ""source_turn"": 3, ""strength"": 0.7, ""value"": ""Hand Wash Only""}]",[],"[""material"", ""comfort"", ""fit"", ""style""]","[""brand"", ""feature"", ""material""]",material,"{""baseline_utility"": 0.1986847417407073, ""expected_gain"": 0.5468513362207554, ""expected_utility"": 0.7455360779614627, ""meaningful_values"": 6}",75,"[""B08965CTGN"", ""B07C35PKRF"", ""B09ZDZ3ZZJ"", ""B07DBP4FTG"", ""B08F73Y81V"", ""B01A08L98S"", ""B000UY11HM"", ""B08J7GXGZX"", ""B076H3CMP5"", ""B07C7G175Z""]",21.871099976124242,True,browsing,B077276QGC,
public_0147,4,reranker,rank_aware,browsing,specific,Sleep & Lounge Lingerie,"[{""explicit"": false, ""hard"": false, ""kind"": ""feature"", ""negated"": false, ""source"": ""ambiguous_disclosure"", ""source_turn"": 3, ""strength"": 0.7, ""value"": ""Hand Wash Only""}, {""explicit"": false, ""hard"": false, ""kind"": ""material"", ""negated"": false, ""source"": ""ambiguous_disclosure"", ""source_turn"": 4, ""strength"": 0.7, ""value"": ""cotton""}, {""explicit"": false, ""hard"": false, ""kind"": ""material"", ""negated"": false, ""source"": ""ambiguous_disclosure"", ""source_turn"": 4, ""strength"": 0.7, ""value"": ""95% Combed Cotton, 5% Spandex of Women's 4-PACK High Waisted Underwear. Machine Wash with laundry bag (30\u00b0C)""}]",[],"[""material"", ""comfort"", ""fit"", ""style""]","[""brand"", ""feature"", ""material"", ""use_case""]",use_case,"{""baseline_utility"": 0.2899841067665885, ""expected_gain"": 0.4304711742803562, ""expected_utility"": 0.7204552810469447, ""meaningful_values"": 7}",50,"[""B077276QGC"", ""B06ZYBLW3L"", ""B075VSFSBS"", ""B08GFR2T6K"", ""B07WTC11SR"", ""B0757LPJM2"", ""B093STRF2L"", ""B08RPBB7RT"", ""B004IYFT28"", ""B0897FWZG1""]",23.23759999126196,True,browsing,B077276QGC,1
public_0152,1,reranker,rank_aware,buying,specific,Watches Wrist Watches,"[{""explicit"": true, ""hard"": true, ""kind"": ""material"", ""negated"": false, ""source"": ""explicit_requirement"", ""source_turn"": 1, ""strength"": 1.0, ""value"": ""leather""}]",[],"[""comfort"", ""fit"", ""durability"", ""style""]","[""brand""]",brand,"{""baseline_utility"": 0.2899841067665885, ""expected_gain"": 1.6133492265667446, ""expected_utility"": 1.903333333333333, ""meaningful_values"": 41}",50,"[""B08MW9ZKJH"", ""B01ETFUBCS"", ""B00H40O794"", ""B07FS7JNFZ"", ""B01ETH7FNY"", ""B09L668B8V"", ""B0007X9F7O"", ""9999666671"", ""B000VNC4BO"", ""B07S9W25K8""]",21.10679997713305,True,buying,B000EQU0NW,
public_0152,2,reranker,rank_aware,buying,specific,Watches Wrist Watches,"[{""explicit"": true, ""hard"": true, ""kind"": ""material"", ""negated"": false, ""source"": ""explicit_requirement"", ""source_turn"": 1, ""strength"": 1.0, ""value"": ""leather""}]",[],"[""comfort"", ""fit"", ""durability"", ""style""]","[""brand"", ""feature""]",feature,"{""baseline_utility"": 0.2899841067665885, ""expected_gain"": 1.2990629074138844, ""expected_utility"": 1.589047014180473, ""meaningful_values"": 33}",50,"[""B08MW9ZKJH"", ""B01ETFUBCS"", ""B00H40O794"", ""B07FS7JNFZ"", ""B01ETH7FNY"", ""B09L668B8V"", ""B0007X9F7O"", ""9999666671"", ""B000VNC4BO"", ""B07S9W25K8""]",22.0936999830883,True,buying,B000EQU0NW,
public_0152,3,reranker,rank_aware,buying,specific,Watches Wrist Watches,"[{""explicit"": true, ""hard"": true, ""kind"": ""material"", ""negated"": false, ""source"": ""explicit_requirement"", ""source_turn"": 1, ""strength"": 1.0, ""value"": ""leather""}, {""explicit"": false, ""hard"": false, ""kind"": ""feature"", ""negated"": false, ""source"": ""ambiguous_disclosure"", ""source_turn"": 3, ""strength"": 0.7, ""value"": ""Japanese quartz movement with analog display""}]",[],"[""comfort"", ""fit"", ""durability"", ""style""]","[""brand"", ""feature"", ""use_case""]",use_case,"{""baseline_utility"": 0.2899841067665885, ""expected_gain"": 0.6366826817744413, ""expected_utility"": 0.9266667885410298, ""meaningful_values"": 6}",50,"[""B00O9ZMK2I"", ""B000EQU0NW"", ""B07PLPBCP6"", ""B07QKXK9CN"", ""B01N2I4Z38"", ""9999666671"", ""B002DHZUZ8"", ""B0007X9F7O"", ""B075SG9L72"", ""B00HN9NUQW""]",19.372699985979125,True,buying,B000EQU0NW,2
public_0153,1,reranker,rank_aware,browsing,exploratory,Boots Ankle & Bootie,[],[],"[""comfort"", ""fit"", ""style"", ""durability""]","[""brand""]",brand,"{""baseline_utility"": 0.1518737751763962, ""expected_gain"": 1.6931262248236039, ""expected_utility"": 1.845, ""meaningful_values"": 73}",100,"[""B004I5H0P6"", ""B07HSQPSGY"", ""B07HT5CCPJ"", ""B01LZEAR41"", ""B004OT4HBG"", ""B01L2MR1SS"", ""B01LXKGS5C"", ""B01LVXT4B5"", ""B007TJAXTI"", ""B00ENHXFI0""]",17.552100005559623,True,browsing,B07BMJ77FR,
public_0153,2,reranker,rank_aware,browsing,exploratory,Boots Ankle & Bootie,[],[],"[""comfort"", ""fit"", ""style"", ""durability""]","[""brand"", ""feature""]",feature,"{""baseline_utility"": 0.1518737751763962, ""expected_gain"": 1.02539728489834, ""expected_utility"": 1.177271060074736, ""meaningful_values"": 35}",100,"[""B004I5H0P6"", ""B07HSQPSGY"", ""B07HT5CCPJ"", ""B01LZEAR41"", ""B004OT4HBG"", ""B01L2MR1SS"", ""B01LXKGS5C"", ""B01LVXT4B5"", ""B007TJAXTI"", ""B00ENHXFI0""]",17.787200020393357,True,browsing,B07BMJ77FR,
public_0153,3,reranker,rank_aware,browsing,specific,Boots Ankle & Bootie,"[{""explicit"": false, ""hard"": false, ""kind"": ""feature"", ""negated"": false, ""source"": ""ambiguous_disclosure"", ""source_turn"": 3, ""strength"": 0.7, ""value"": ""Rubber sole""}, {""explicit"": false, ""hard"": false, ""kind"": ""feature"", ""negated"": false, ""source"": ""ambiguous_disclosure"", ""source_turn"": 3, ""strength"": 0.7, ""value"": ""Shaft measures approximately Ankle from arch""}]",[],"[""comfort"", ""fit"", ""style"", ""durability""]","[""brand"", ""feature"", ""use_case""]",use_case,"{""baseline_utility"": 0.2899841067665885, ""expected_gain"": 0.38157562854035054, ""expected_utility"": 0.671559735306939, ""meaningful_values"": 4}",50,"[""B003BT57UA"", ""B004OT4HBG"", ""B005APZ2LM"", ""B013X1YY7C"", ""B0B784CMH9"", ""B078F1DBS6"", ""B00XVS2632"", ""B0B9DV8RTY"", ""B00XVS2ABU"", ""B01N7HXIK9""]",21.322899992810562,True,browsing,B07BMJ77FR,
public_0153,4,reranker,rank_aware,browsing,specific,Boots Ankle & Bootie,"[{""explicit"": false, ""hard"": false, ""kind"": ""feature"", ""negated"": false, ""source"": ""ambiguous_disclosure"", ""source_turn"": 3, ""strength"": 0.7, ""value"": ""Rubber sole""}, {""explicit"": false, ""hard"": false, ""kind"": ""feature"", ""negated"": false, ""source"": ""ambiguous_disclosure"", ""source_turn"": 3, ""strength"": 0.7, ""value"": ""Shaft measures approximately Ankle from arch""}]",[],"[""comfort"", ""fit"", ""style"", ""durability""]","[""brand"", ""feature"", ""use_case"", ""material""]",material,"{""baseline_utility"": 0.2899841067665885, ""expected_gain"": 0.22372318629855226, ""expected_utility"": 0.5137072930651407, ""meaningful_values"": 4}",50,"[""B003BT57UA"", ""B004OT4HBG"", ""B005APZ2LM"", ""B013X1YY7C"", ""B0B784CMH9"", ""B078F1DBS6"", ""B00XVS2632"", ""B0B9DV8RTY"", ""B00XVS2ABU"", ""B01N7HXIK9""]",21.89790000556968,True,browsing,B07BMJ77FR,
public_0153,5,reranker,rank_aware,browsing,specific,Boots Ankle & Bootie,"[{""explicit"": false, ""hard"": false, ""kind"": ""feature"", ""negated"": false, ""source"": ""ambiguous_disclosure"", ""source_turn"": 3, ""strength"": 0.7, ""value"": ""Rubber sole""}, {""explicit"": false, ""hard"": false, ""kind"": ""feature"", ""negated"": false, ""source"": ""ambiguous_disclosure"", ""source_turn"": 3, ""strength"": 0.7, ""value"": ""Shaft measures approximately Ankle from arch""}, {""explicit"": false, ""hard"": false, ""kind"": ""material"", ""negated"": false, ""source"": ""ambiguous_disclosure"", ""source_turn"": 5, ""strength"": 0.7, ""value"": ""leather""}, {""explicit"": false, ""hard"": false, ""kind"": ""material"", ""negated"": false, ""source"": ""ambiguous_disclosure"", ""source_turn"": 5, ""strength"": 0.7, ""value"": ""PU Leather""}]",[],"[""comfort"", ""fit"", ""style"", ""durability""]","[""brand"", ""feature"", ""use_case"", ""material"", ""budget""]",budget,"{""baseline_utility"": 0.2899841067665885, ""expected_gain"": 0.24779000665566298, ""expected_utility"": 0.5377741134222515, ""meaningful_values"": 3}",50,"[""B01N7HXIK9"", ""B07BMJ77FR"", ""B01D96VMGW"", ""B01HH9MOBE"", ""B00XVS2ABU"", ""B07MN8PJR5"", ""B00ATYGMRW"", ""B0199KWB1C"", ""B096Z29DJF"", ""B00READXEY""]",19.329799979459494,True,browsing,B07BMJ77FR,2
public_0154,1,reranker,rank_aware,buying,specific,Bras Everyday Bras,"[{""explicit"": true, ""hard"": true, ""kind"": ""material"", ""negated"": false, ""source"": ""explicit_requirement"", ""source_turn"": 1, ""strength"": 1.0, ""value"": ""cotton""}]",[],"[""material"", ""comfort"", ""fit"", ""style""]","[""brand""]",brand,"{""baseline_utility"": 0.2899841067665885, ""expected_gain"": 1.6516825599000782, ""expected_utility"": 1.9416666666666667, ""meaningful_values"": 45}",50,"[""B0023ZZAXW"", ""B005BT6C4I"", ""B01M252VTU"", ""B01002MKDM"", ""B00L4XWG36"", ""B07W37H54W"", ""B082P7KLHF"", ""B005MPHN1C"", ""B00SHY706I"", ""B0020A0TZY""]",17.848099989350885,True,buying,B00CYNKSTE,
public_0154,2,reranker,rank_aware,buying,specific,Bras Everyday Bras,"[{""explicit"": true, ""hard"": true, ""kind"": ""material"", ""negated"": false, ""source"": ""explicit_requirement"", ""source_turn"": 1, ""strength"": 1.0, ""value"": ""cotton""}]",[],"[""material"", ""comfort"", ""fit"", ""style""]","[""brand"", ""feature""]",feature,"{""baseline_utility"": 0.2899841067665885, ""expected_gain"": 1.4784524011699194, ""expected_utility"": 1.7684365079365079, ""meaningful_values"": 34}",50,"[""B0023ZZAXW"", ""B005BT6C4I"", ""B01M252VTU"", ""B01002MKDM"", ""B00L4XWG36"", ""B07W37H54W"", ""B082P7KLHF"", ""B005MPHN1C"", ""B00SHY706I"", ""B0020A0TZY""]",18.74949998455122,True,buying,B00CYNKSTE,
public_0154,3,reranker,rank_aware,buying,specific,Bras Everyday Bras,"[{""explicit"": true, ""hard"": true, ""kind"": ""material"", ""negated"": false, ""source"": ""explicit_requirement"", ""source_turn"": 1, ""strength"": 1.0, ""value"": ""cotton""}, {""explicit"": false, ""hard"": false, ""kind"": ""feature"", ""negated"": false, ""source"": ""ambiguous_disclosure"", ""source_turn"": 3, ""strength"": 0.7, ""value"": ""Hand Wash Only""}, {""explicit"": false, ""hard"": false, ""kind"": ""feature"", ""negated"": false, ""source"": ""ambiguous_disclosure"", ""source_turn"": 3, ""strength"": 0.7, ""value"": ""Item model number: 5006715""}]",[],"[""material"", ""comfort"", ""fit"", ""style""]","[""brand"", ""feature"", ""color""]",color,"{""baseline_utility"": 0.2899841067665885, ""expected_gain"": 0.4376657919921466, ""expected_utility"": 0.7276498987587351, ""meaningful_values"": 5}",50,"[""B00CYNKSTE"", ""B00SHY706I"", ""B005MPHN1C"", ""B00ZZMT2AC"", ""B01G3P0Y74"", ""B01MUZ2UM8"", ""B018YCQ91O"", ""B07BTH18CD"", ""B01CF57RM6"", ""B00369HX7U""]",22.73949998198077,True,buying,B00CYNKSTE,1
public_0155,1,reranker,rank_aware,buying,specific,Hats & Caps Sun Hats,"[{""explicit"": true, ""hard"": true, ""kind"": ""material"", ""negated"": false, ""source"": ""explicit_requirement"", ""source_turn"": 1, ""strength"": 1.0, ""value"": ""polyester""}]",[],"[""style"", ""fit"", ""comfort"", ""material""]","[""brand""]",brand,"{""baseline_utility"": 0.2899841067665885, ""expected_gain"": 1.6600158932334115, ""expected_utility"": 1.95, ""meaningful_values"": 45}",50,"[""B08576BP9W"", ""B003TOAFPY"", ""B06XXJCVCR"", ""B00I16OKKQ"", ""B00HPWSJZY"", ""B000OIUPTE"", ""B0C4VLWWYY"", ""B0B4KH11PV"", ""B002NSM3PC"", ""B084VQPTYL""]",19.616800011135638,True,buying,B0C4VLWWYY,7
public_0160,1,reranker,rank_aware,buying,specific,Travel Accessories Packing Organizers,"[{""explicit"": true, ""hard"": true, ""kind"": ""material"", ""negated"": false, ""source"": ""explicit_requirement"", ""source_turn"": 1, ""strength"": 1.0, ""value"": ""fabric""}]",[],"[""material"", ""fit""]","[""brand""]",brand,"{""baseline_utility"": 0.2899841067665885, ""expected_gain"": 1.6900158932334115, ""expected_utility"": 1.98, ""meaningful_values"": 48}",50,"[""B01AAANF2Y"", ""B075ZQTV39"", ""B07MKGFSK2"", ""B07FCGDBJF"", ""B01IJBD8XW"", ""B071CWNJWY"", ""B0834HJ8TS"", ""B08P4PSWTZ"", ""B07ZBC1249"", ""B06ZZYJ46M""]",22.463700006483123,True,buying,B01AAANF2Y,1
public_0165,1,reranker,rank_aware,buying,specific,Watches Watch Bands,"[{""explicit"": true, ""hard"": true, ""kind"": ""material"", ""negated"": false, ""source"": ""explicit_requirement"", ""source_turn"": 1, ""strength"": 1.0, ""value"": ""leather""}]",[],"[""material"", ""comfort"", ""fit"", ""style""]","[""brand""]",brand,"{""baseline_utility"": 0.2899841067665885, ""expected_gain"": 1.5182417802898833, ""expected_utility"": 1.8082258870564718, ""meaningful_values"": 37}",50,"[""B000RNK9QK"", ""B07CRJRKZD"", ""B004S7Z9IO"", ""B001H5KB60"", ""B098NJJTYZ"", ""B077KGJ6SG"", ""B003LUKMNQ"", ""B018AKIC2Y"", ""B00MHZHVZ8"", ""B00PHNKMPI""]",16.75710000563413,True,buying,B09XHSLX4X,
public_0165,2,reranker,rank_aware,buying,specific,Watches Watch Bands,"[{""explicit"": true, ""hard"": true, ""kind"": ""material"", ""negated"": false, ""source"": ""explicit_requirement"", ""source_turn"": 1, ""strength"": 1.0, ""value"": ""leather""}]",[],"[""material"", ""comfort"", ""fit"", ""style""]","[""brand"", ""feature""]",feature,"{""baseline_utility"": 0.2899841067665885, ""expected_gain"": 1.0832349353732824, ""expected_utility"": 1.373219042139871, ""meaningful_values"": 27}",50,"[""B000RNK9QK"", ""B07CRJRKZD"", ""B004S7Z9IO"", ""B001H5KB60"", ""B098NJJTYZ"", ""B077KGJ6SG"", ""B003LUKMNQ"", ""B018AKIC2Y"", ""B00MHZHVZ8"", ""B00PHNKMPI""]",20.57940000668168,True,buying,B09XHSLX4X,
public_0165,3,reranker,rank_aware,buying,specific,Watches Watch Bands,"[{""explicit"": true, ""hard"": true, ""kind"": ""material"", ""negated"": false, ""source"": ""explicit_requirement"", ""source_turn"": 1, ""strength"": 1.0, ""value"": ""leather""}, {""explicit"": false, ""hard"": false, ""kind"": ""feature"", ""negated"": false, ""source"": ""ambiguous_disclosure"", ""source_turn"": 3, ""strength"": 0.7, ""value"": ""Vintage Design: Equipped with classic buckle, neat stitching and proper padding, creating a simple yet charming look, adding a retro vibe to any occasion. Please avoid soaking the""}]",[],"[""material"", ""comfort"", ""fit"", ""style""]","[""brand"", ""feature"", ""color""]",color,"{""baseline_utility"": 0.2899841067665885, ""expected_gain"": 0.5489796797094207, ""expected_utility"": 0.8389637864760092, ""meaningful_values"": 4}",50,"[""B09XHSLX4X"", ""B07CRJRKZD"", ""B077KGJ6SG"", ""B0B3189V5T"", ""B098NJJTYZ"", ""B076BNX4YM"", ""B0C61FG7GL"", ""B07X8HNHPR"", ""B01CCOYMD2"", ""B079LSDK7Y""]",23.727299994789064,True,buying,B09XHSLX4X,1
public_0166,1,reranker,rank_aware,buying,mixed,Boots Rain,"[{""explicit"": false, ""hard"": false, ""kind"": ""feature"", ""negated"": true, ""source"": ""ambiguous_disclosure"", ""source_turn"": 1, ""strength"": 0.7, ""value"": ""Women's-specific last is designed to match the contours of women's feet""}]",[],"[""comfort"", ""fit"", ""style""]","[""brand""]",brand,"{""baseline_utility"": 0.1986847417407073, ""expected_gain"": 1.7202041471481815, ""expected_utility"": 1.9188888888888889, ""meaningful_values"": 64}",75,"[""B00IHW88W0"", ""B099JMRVGF"", ""B00J57W9ZS"", ""B07XCTXV2T"", ""B076MF8C6H"", ""B07ZR2XC1R"", ""B09PFZY848"", ""B07VCQT55H"", ""B01MQND07Z"", ""B08FBW62T5""]",18.255300004966557,True,intent_override,B00IHW88W0,1
public_0166,2,reranker,rank_aware,buying,mixed,Boots Rain,"[{""explicit"": false, ""hard"": false, ""kind"": ""feature"", ""negated"": true, ""source"": ""ambiguous_disclosure"", ""source_turn"": 1, ""strength"": 0.7, ""value"": ""Women's-specific last is designed to match the contours of women's feet""}]",[],"[""comfort"", ""fit"", ""style""]","[""brand"", ""feature""]",feature,"{""baseline_utility"": 0.1986847417407073, ""expected_gain"": 1.2691927682621897, ""expected_utility"": 1.4678775100028971, ""meaningful_values"": 39}",75,"[""B00IHW88W0"", ""B099JMRVGF"", ""B00J57W9ZS"", ""B07XCTXV2T"", ""B076MF8C6H"", ""B07ZR2XC1R"", ""B09PFZY848"", ""B07VCQT55H"", ""B01MQND07Z"", ""B08FBW62T5""]",39.338899980066344,True,intent_override,B00IHW88W0,1
public_0166,3,reranker,rank_aware,buying,specific,Boots Rain,"[{""explicit"": false, ""hard"": false, ""kind"": ""feature"", ""negated"": true, ""source"": ""ambiguous_disclosure"", ""source_turn"": 1, ""strength"": 0.7, ""value"": ""Women's-specific last is designed to match the contours of women's feet""}, {""explicit"": false, ""hard"": false, ""kind"": ""feature"", ""negated"": false, ""source"": ""ambiguous_disclosure"", ""source_turn"": 3, ""strength"": 0.7, ""value"": ""Lightweight and breathable mesh lining keeps feet well ventilated for long-wearing dryness; comfort rated from subfreezing to 65 \u00b0F/18 \u00b0C""}]",[],"[""comfort"", ""fit"", ""style""]","[""brand"", ""feature"", ""style""]",style,"{""baseline_utility"": 0.2899841067665885, ""expected_gain"": 0.7480271202805453, ""expected_utility"": 1.0380112270471338, ""meaningful_values"": 9}",50,"[""B00IHW88W0"", ""B07VCQT55H"", ""B099JMRVGF"", ""B07ZR2XC1R"", ""B00QT1AZ90"", ""B0B9RJZLW4"", ""B094S49FB2"", ""B076MF8C6H"", ""B07HSQPSGY"", ""B07HT5CCPJ""]",32.61660001589917,True,intent_override,B00IHW88W0,1
public_0166,4,reranker,rank_aware,buying,specific,Boots Rain,"[{""explicit"": false, ""hard"": false, ""kind"": ""feature"", ""negated"": false, ""source"": ""ambiguous_disclosure"", ""source_turn"": 3, ""strength"": 0.7, ""value"": ""Lightweight and breathable mesh lining keeps feet well ventilated for long-wearing dryness; comfort rated from subfreezing to 65 \u00b0F/18 \u00b0C""}, {""explicit"": true, ""hard"": true, ""kind"": ""use_case"", ""negated"": false, ""source"": ""explicit_requirement"", ""source_turn"": 4, ""strength"": 1.0, ""value"": ""100% waterproof women's boots are suitable for any season and any outdoor activity""}]","[{""explicit"": true, ""hard"": true, ""kind"": ""feature"", ""negated"": true, ""source"": ""negation_or_replacement"", ""source_turn"": 4, ""strength"": 1.0, ""value"": ""Women's-specific last is designed to match the contours of women's feet""}]","[""comfort"", ""fit"", ""style""]","[""brand"", ""feature"", ""style"", ""material""]",material,"{""baseline_utility"": 0.2899841067665885, ""expected_gain"": 0.7344857767124469, ""expected_utility"": 1.0244698834790353, ""meaningful_values"": 6}",50,"[""B00IHW88W0"", ""B0B9RJZLW4"", ""B07VCQT55H"", ""B07KD9QW4C"", ""B099JMRVGF"", ""B07ZR2XC1R"", ""B00QT1AZ90"", ""B08FBW62T5"", ""B07JH3HTR4"", ""B0BS3JHR2D""]",27.142300008563325,True,intent_override,B00IHW88W0,1
public_0169,1,reranker,rank_aware,browsing,exploratory,Women Jeans,[],[],"[""material"", ""comfort""]","[""feature""]",feature,"{""baseline_utility"": 0.1518737751763962, ""expected_gain"": 1.5746596473998955, ""expected_utility"": 1.7265334225762916, ""meaningful_values"": 65}",100,"[""B08PF186G7"", ""B076J13CQH"", ""B0116L9MVO"", ""B095H8JKTR"", ""B079KZQMD6"", ""B01M310J8J"", ""B01EI8XEKM"", ""B00PKYCIU6"", ""B09C5FGK9Z"", ""B078C8STKK""]",35.932600003434345,True,boundary,B0829R9M5G,
public_0169,2,reranker,rank_aware,browsing,exploratory,Women Jeans,[],[],"[""material"", ""comfort""]","[""feature"", ""brand""]",brand,"{""baseline_utility"": 0.1518737751763962, ""expected_gain"": 1.5686001814225605, ""expected_utility"": 1.7204739565989566, ""meaningful_values"": 69}",100,"[""B08PF186G7"", ""B076J13CQH"", ""B0116L9MVO"", ""B095H8JKTR"", ""B079KZQMD6"", ""B01M310J8J"", ""B01EI8XEKM"", ""B00PKYCIU6"", ""B09C5FGK9Z"", ""B078C8STKK""]",24.173500016331673,True,boundary,B0829R9M5G,
public_0169,3,reranker,rank_aware,browsing,exploratory,Women Jeans,[],[],"[""material"", ""comfort""]","[""feature"", ""brand"", ""use_case""]",use_case,"{""baseline_utility"": 0.1518737751763962, ""expected_gain"": 0.38742665182815483, ""expected_utility"": 0.539300427004551, ""meaningful_values"": 8}",100,"[""B08PF186G7"", ""B076J13CQH"", ""B0116L9MVO"", ""B095H8JKTR"", ""B079KZQMD6"", ""B01M310J8J"", ""B01EI8XEKM"", ""B00PKYCIU6"", ""B09C5FGK9Z"", ""B078C8STKK""]",23.84019998135045,True,boundary,B0829R9M5G,
public_0169,4,reranker,rank_aware,browsing,exploratory,Women Jeans,[],[],"[""material"", ""comfort""]","[""feature"", ""brand"", ""use_case"", ""color""]",color,"{""baseline_utility"": 0.1518737751763962, ""expected_gain"": 0.34869214458379716, ""expected_utility"": 0.5005659197601934, ""meaningful_values"": 5}",100,"[""B08PF186G7"", ""B076J13CQH"", ""B0116L9MVO"", ""B095H8JKTR"", ""B079KZQMD6"", ""B01M310J8J"", ""B01EI8XEKM"", ""B00PKYCIU6"", ""B09C5FGK9Z"", ""B078C8STKK""]",22.823800012702122,True,boundary,B0829R9M5G,
public_0169,5,reranker,rank_aware,browsing,exploratory,Women Jeans,[],[],"[""material"", ""comfort""]","[""feature"", ""brand"", ""use_case"", ""color"", ""material""]",material,"{""baseline_utility"": 0.1518737751763962, ""expected_gain"": 0.2515183884067178, ""expected_utility"": 0.403392163583114, ""meaningful_values"": 6}",100,"[""B08PF186G7"", ""B076J13CQH"", ""B0116L9MVO"", ""B095H8JKTR"", ""B079KZQMD6"", ""B01M310J8J"", ""B01EI8XEKM"", ""B00PKYCIU6"", ""B09C5FGK9Z"", ""B078C8STKK""]",28.191099991090596,True,boundary,B0829R9M5G,
public_0169,6,reranker,rank_aware,browsing,specific,Women Jeans,"[{""explicit"": false, ""hard"": false, ""kind"": ""material"", ""negated"": false, ""source"": ""ambiguous_disclosure"", ""source_turn"": 6, ""strength"": 0.7, ""value"": ""cotton""}, {""explicit"": false, ""hard"": false, ""kind"": ""material"", ""negated"": false, ""source"": ""ambiguous_disclosure"", ""source_turn"": 6, ""strength"": 0.7, ""value"": ""57% Cotton, 26% Polyester, 10% Other Fibers, 7% Elastane""}]",[],"[""material"", ""comfort""]","[""feature"", ""brand"", ""use_case"", ""color"", ""material"", ""budget""]",budget,"{""baseline_utility"": 0.2899841067665885, ""expected_gain"": 0.3892386664239278, ""expected_utility"": 0.6792227731905163, ""meaningful_values"": 4}",50,"[""B0829R9M5G"", ""B07YJP7N3M"", ""B07T7J78G2"", ""B07654QV8W"", ""B095VYFR42"", ""B0994GQDYM"", ""B01I21CI7G"", ""B081TS7SSC"", ""B07YLGX2VF"", ""B07PYB8F1G""]",29.10780001548119,True,boundary,B0829R9M5G,1
public_0170,1,reranker,rank_aware,browsing,exploratory,Fashion Combat,[],[],"[""material"", ""fit""]","[""brand""]",brand,"{""baseline_utility"": 0.1518737751763962, ""expected_gain"": 1.769910538549094, ""expected_utility"": 1.9217843137254902, ""meaningful_values"": 88}",100,"[""B07DCCZFGQ"", ""B08ZJC4LS8"", ""B09FYX8GD1"", ""B0BHYH5DV4"", ""B01N9HFEBW"", ""B01KACI6XA"", ""B07NS57MQ1"", ""B0BWD9T482"", ""B00P8J8OHE"", ""B07HGDQZNY""]",26.16949999355711,True,browsing,B08LRQX5RH,
public_0170,2,reranker,rank_aware,browsing,exploratory,Fashion Combat,[],[],"[""material"", ""fit""]","[""brand"", ""feature""]",feature,"{""baseline_utility"": 0.1518737751763962, ""expected_gain"": 1.5106166380051935, ""expected_utility"": 1.6624904131815896, ""meaningful_values"": 59}",100,"[""B07DCCZFGQ"", ""B08ZJC4LS8"", ""B09FYX8GD1"", ""B0BHYH5DV4"", ""B01N9HFEBW"", ""B01KACI6XA"", ""B07NS57MQ1"", ""B0BWD9T482"", ""B00P8J8OHE"", ""B07HGDQZNY""]",20.38679999532178,True,browsing,B08LRQX5RH,
public_0170,3,reranker,rank_aware,browsing,specific,Fashion Combat,"[{""explicit"": false, ""hard"": false, ""kind"": ""feature"", ""negated"": false, ""source"": ""ambiguous_disclosure"", ""source_turn"": 3, ""strength"": 0.7, ""value"": ""Made in the USA or Imported""}, {""explicit"": false, ""hard"": false, ""kind"": ""feature"", ""negated"": false, ""source"": ""ambiguous_disclosure"", ""source_turn"": 3, ""strength"": 0.7, ""value"": ""Rubber sole""}]",[],"[""material"", ""fit""]","[""brand"", ""feature"", ""use_case""]",use_case,"{""baseline_utility"": 0.2899841067665885, ""expected_gain"": 0.5169233327962216, ""expected_utility"": 0.8069074395628101, ""meaningful_values"": 7}",50,"[""B08LRQX5RH"", ""B0B9SFRHX7"", ""B07YJF359M"", ""B07R1ZVV4Z"", ""B00R54VJFY"", ""B07X7VZCQH"", ""B009OVS1QQ"", ""B081TC1X6X"", ""B01IDY9RAI"", ""B00KYCF81A""]",28.26140000252053,True,browsing,B08LRQX5RH,1
public_0176,1,reranker,rank_aware,browsing,exploratory,Luggage & Travel Gear Waist Packs,[],[],"[""fit"", ""style"", ""material"", ""comfort""]","[""brand""]",brand,"{""baseline_utility"": 0.1518737751763962, ""expected_gain"": 1.79823986118724, ""expected_utility"": 1.9501136363636362, ""meaningful_values"": 93}",100,"[""B0B56SVFRZ"", ""B000XJOFZ4"", ""B00JQL1RV0"", ""B07ZBC1249"", ""B076LP154C"", ""B07FCGDBJF"", ""B0BC7WWSCT"", ""B0BS22KZN7"", ""B075ZQTV39"", ""B00RRK8EQI""]",23.949399997945875,True,browsing,B0C3MKNZJN,
public_0176,2,reranker,rank_aware,browsing,exploratory,Luggage & Travel Gear Waist Packs,[],[],"[""fit"", ""style"", ""material"", ""comfort""]","[""brand"", ""feature""]",feature,"{""baseline_utility"": 0.1518737751763962, ""expected_gain"": 1.6117220501161458, ""expected_utility"": 1.7635958252925419, ""meaningful_values"": 78}",100,"[""B0B56SVFRZ"", ""B000XJOFZ4"", ""B00JQL1RV0"", ""B07ZBC1249"", ""B076LP154C"", ""B07FCGDBJF"", ""B0BC7WWSCT"", ""B0BS22KZN7"", ""B075ZQTV39"", ""B00RRK8EQI""]",26.378599985037,True,browsing,B0C3MKNZJN,
public_0176,3,reranker,rank_aware,browsing,mixed,Luggage & Travel Gear Waist Packs,"[{""explicit"": false, ""hard"": false, ""kind"": ""feature"", ""negated"": false, ""source"": ""ambiguous_disclosure"", ""source_turn"": 3, ""strength"": 0.7, ""value"": ""Imported""}]",[],"[""fit"", ""style"", ""material"", ""comfort""]","[""brand"", ""feature"", ""style""]",style,"{""baseline_utility"": 0.1986847417407073, ""expected_gain"": 0.7297418801656754, ""expected_utility"": 0.9284266219063827, ""meaningful_values"": 19}",75,"[""B0C3MKNZJN"", ""B00B4334DW"", ""B07LH9GP95"", ""B07L5NL8KJ"", ""B0B56SVFRZ"", ""B09Z2DKQ5G"", ""B07YD4SMBL"", ""B07BWD14JD"", ""B0BS22KZN7"", ""B076LP154C""]",23.59029999934137,True,browsing,B0C3MKNZJN,1
public_0179,1,reranker,rank_aware,buying,specific,Tees & Blouses Tunics,"[{""explicit"": true, ""hard"": true, ""kind"": ""material"", ""negated"": false, ""source"": ""explicit_requirement"", ""source_turn"": 1, ""strength"": 1.0, ""value"": ""spandex""}]",[],"[""warmth"", ""comfort"", ""material"", ""fit""]","[""brand""]",brand,"{""baseline_utility"": 0.2899841067665885, ""expected_gain"": 1.6316825599000784, ""expected_utility"": 1.9216666666666669, ""meaningful_values"": 43}",50,"[""B00IV59FN4"", ""B00VQKEG08"", ""B0713MH94B"", ""B01B8BV4GI"", ""B01I24HM92"", ""B07BB28L5G"", ""B00W0UIC76"", ""B010P0AAJ0"", ""B074YZPGJ8"", ""B0BD4QJ21V""]",38.9230000146199,True,buying,B08JK818ZD,
public_0179,2,reranker,rank_aware,buying,specific,Tees & Blouses Tunics,"[{""explicit"": true, ""hard"": true, ""kind"": ""material"", ""negated"": false, ""source"": ""explicit_requirement"", ""source_turn"": 1, ""strength"": 1.0, ""value"": ""spandex""}]",[],"[""warmth"", ""comfort"", ""material"", ""fit""]","[""brand"", ""feature""]",feature,"{""baseline_utility"": 0.2899841067665885, ""expected_gain"": 1.3240471397646583, ""expected_utility"": 1.6140312465312467, ""meaningful_values"": 30}",50,"[""B00IV59FN4"", ""B00VQKEG08"", ""B0713MH94B"", ""B01B8BV4GI"", ""B01I24HM92"", ""B07BB28L5G"", ""B00W0UIC76"", ""B010P0AAJ0"", ""B074YZPGJ8"", ""B0BD4QJ21V""]",18.93319998634979,True,buying,B08JK818ZD,
public_0179,3,reranker,rank_aware,buying,specific,Tees & Blouses Tunics,"[{""explicit"": true, ""hard"": true, ""kind"": ""material"", ""negated"": false, ""source"": ""explicit_requirement"", ""source_turn"": 1, ""strength"": 1.0, ""value"": ""spandex""}, {""explicit"": false, ""hard"": false, ""kind"": ""feature"", ""negated"": false, ""source"": ""ambiguous_disclosure"", ""source_turn"": 3, ""strength"": 0.7, ""value"": ""Made in the USA""}, {""explicit"": false, ""hard"": false, ""kind"": ""feature"", ""negated"": false, ""source"": ""ambiguous_disclosure"", ""source_turn"": 3, ""strength"": 0.7, ""value"": ""Pull On closure""}]",[],"[""warmth"", ""comfort"", ""material"", ""fit""]","[""brand"", ""feature"", ""use_case""]",use_case,"{""baseline_utility"": 0.2899841067665885, ""expected_gain"": 0.7269383675371581, ""expected_utility"": 1.0169224743037466, ""meaningful_values"": 6}",50,"[""B01MY6UDTX"", ""B01K2LYOYO"", ""B00IV59FN4"", ""B06XDS81J9"", ""B01B8BV4GI"", ""B01FRB4R64"", ""B01DL7UBT8"", ""B00W0UIC76"", ""B00X5Y6U9S"", ""B0155EFUUK""]",21.04769999277778,True,buying,B08JK818ZD,
public_0179,4,reranker,rank_aware,buying,specific,Tees & Blouses Tunics,"[{""explicit"": true, ""hard"": true, ""kind"": ""material"", ""negated"": false, ""source"": ""explicit_requirement"", ""source_turn"": 1, ""strength"": 1.0, ""value"": ""spandex""}, {""explicit"": false, ""hard"": false, ""kind"": ""feature"", ""negated"": false, ""source"": ""ambiguous_disclosure"", ""source_turn"": 3, ""strength"": 0.7, ""value"": ""Made in the USA""}, {""explicit"": false, ""hard"": false, ""kind"": ""feature"", ""negated"": false, ""source"": ""ambiguous_disclosure"", ""source_turn"": 3, ""strength"": 0.7, ""value"": ""Pull On closure""}]",[],"[""warmth"", ""comfort"", ""material"", ""fit""]","[""brand"", ""feature"", ""use_case"", ""material""]",material,"{""baseline_utility"": 0.2899841067665885, ""expected_gain"": 0.5083067795102045, ""expected_utility"": 0.798290886276793, ""meaningful_values"": 4}",50,"[""B01MY6UDTX"", ""B01K2LYOYO"", ""B00IV59FN4"", ""B06XDS81J9"", ""B01B8BV4GI"", ""B01FRB4R64"", ""B01DL7UBT8"", ""B00W0UIC76"", ""B00X5Y6U9S"", ""B0155EFUUK""]",22.023099998477846,True,buying,B08JK818ZD,
public_0179,5,reranker,rank_aware,buying,specific,Tees & Blouses Tunics,"[{""explicit"": true, ""hard"": true, ""kind"": ""material"", ""negated"": false, ""source"": ""explicit_requirement"", ""source_turn"": 1, ""strength"": 1.0, ""value"": ""spandex""}, {""explicit"": false, ""hard"": false, ""kind"": ""feature"", ""negated"": false, ""source"": ""ambiguous_disclosure"", ""source_turn"": 3, ""strength"": 0.7, ""value"": ""Made in the USA""}, {""explicit"": false, ""hard"": false, ""kind"": ""feature"", ""negated"": false, ""source"": ""ambiguous_disclosure"", ""source_turn"": 3, ""strength"": 0.7, ""value"": ""Pull On closure""}, {""explicit"": false, ""hard"": false, ""kind"": ""material"", ""negated"": false, ""source"": ""ambiguous_disclosure"", ""source_turn"": 5, ""strength"": 0.7, ""value"": ""5% spandex""}]",[],"[""warmth"", ""comfort"", ""material"", ""fit""]","[""brand"", ""feature"", ""use_case"", ""material"", ""color""]",color,"{""baseline_utility"": 0.2899841067665885, ""expected_gain"": 0.4669648851306013, ""expected_utility"": 0.7569489918971898, ""meaningful_values"": 7}",50,"[""B01K2LYOYO"", ""B00IV59FN4"", ""B06XDS81J9"", ""B00X5Y6U9S"", ""B00W0UIC76"", ""B01B8BV4GI"", ""B01FRB4R64"", ""B01MY6UDTX"", ""B01DL7UBT8"", ""B0155EFUUK""]",22.82250000280328,True,buying,B08JK818ZD,
public_0179,6,reranker,rank_aware,buying,specific,Tees & Blouses Tunics,"[{""explicit"": true, ""hard"": true, ""kind"": ""material"", ""negated"": false, ""source"": ""explicit_requirement"", ""source_turn"": 1, ""strength"": 1.0, ""value"": ""spandex""}, {""explicit"": false, ""hard"": false, ""kind"": ""feature"", ""negated"": false, ""source"": ""ambiguous_disclosure"", ""source_turn"": 3, ""strength"": 0.7, ""value"": ""Made in the USA""}, {""explicit"": false, ""hard"": false, ""kind"": ""feature"", ""negated"": false, ""source"": ""ambiguous_disclosure"", ""source_turn"": 3, ""strength"": 0.7, ""value"": ""Pull On closure""}, {""explicit"": false, ""hard"": false, ""kind"": ""material"", ""negated"": false, ""source"": ""ambiguous_disclosure"", ""source_turn"": 5, ""strength"": 0.7, ""value"": ""5% spandex""}]",[],"[""warmth"", ""comfort"", ""material"", ""fit""]","[""brand"", ""feature"", ""use_case"", ""material"", ""color"", ""budget""]",budget,"{""baseline_utility"": 0.2899841067665885, ""expected_gain"": 0.2955196551251319, ""expected_utility"": 0.5855037618917204, ""meaningful_values"": 3}",50,"[""B01K2LYOYO"", ""B00IV59FN4"", ""B06XDS81J9"", ""B00X5Y6U9S"", ""B00W0UIC76"", ""B01B8BV4GI"", ""B01FRB4R64"", ""B01MY6UDTX"", ""B01DL7UBT8"", ""B0155EFUUK""]",21.42549998825416,True,buying,B08JK818ZD,
public_0179,7,reranker,rank_aware,buying,specific,Tees & Blouses Tunics,"[{""explicit"": true, ""hard"": true, ""kind"": ""material"", ""negated"": false, ""source"": ""explicit_requirement"", ""source_turn"": 1, ""strength"": 1.0, ""value"": ""spandex""}, {""explicit"": false, ""hard"": false, ""kind"": ""feature"", ""negated"": false, ""source"": ""ambiguous_disclosure"", ""source_turn"": 3, ""strength"": 0.7, ""value"": ""Made in the USA""}, {""explicit"": false, ""hard"": false, ""kind"": ""feature"", ""negated"": false, ""source"": ""ambiguous_disclosure"", ""source_turn"": 3, ""strength"": 0.7, ""value"": ""Pull On closure""}, {""explicit"": false, ""hard"": false, ""kind"": ""material"", ""negated"": false, ""source"": ""ambiguous_disclosure"", ""source_turn"": 5, ""strength"": 0.7, ""value"": ""5% spandex""}]",[],"[""warmth"", ""comfort"", ""material"", ""fit""]","[""brand"", ""feature"", ""use_case"", ""material"", ""color"", ""budget"", ""style""]",style,"{""baseline_utility"": 0.2899841067665885, ""expected_gain"": 0.10396156700291409, ""expected_utility"": 0.39394567376950257, ""meaningful_values"": 3}",50,"[""B01K2LYOYO"", ""B00IV59FN4"", ""B06XDS81J9"", ""B00X5Y6U9S"", ""B00W0UIC76"", ""B01B8BV4GI"", ""B01FRB4R64"", ""B01MY6UDTX"", ""B01DL7UBT8"", ""B0155EFUUK""]",19.606799993198365,True,buying,B08JK818ZD,
public_0179,8,reranker,rank_aware,buying,specific,Tees & Blouses Tunics,"[{""explicit"": true, ""hard"": true, ""kind"": ""material"", ""negated"": false, ""source"": ""explicit_requirement"", ""source_turn"": 1, ""strength"": 1.0, ""value"": ""spandex""}, {""explicit"": false, ""hard"": false, ""kind"": ""feature"", ""negated"": false, ""source"": ""ambiguous_disclosure"", ""source_turn"": 3, ""strength"": 0.7, ""value"": ""Made in the USA""}, {""explicit"": false, ""hard"": false, ""kind"": ""feature"", ""negated"": false, ""source"": ""ambiguous_disclosure"", ""source_turn"": 3, ""strength"": 0.7, ""value"": ""Pull On closure""}, {""explicit"": false, ""hard"": false, ""kind"": ""material"", ""negated"": false, ""source"": ""ambiguous_disclosure"", ""source_turn"": 5, ""strength"": 0.7, ""value"": ""5% spandex""}]",[],"[""warmth"", ""comfort"", ""material"", ""fit""]","[""brand"", ""feature"", ""use_case"", ""material"", ""color"", ""budget"", ""style"", ""size""]",size,"{""baseline_utility"": 0.2899841067665885, ""expected_gain"": 0.07894076655052257, ""expected_utility"": 0.36892487331711105, ""meaningful_values"": 2}",50,"[""B01K2LYOYO"", ""B00IV59FN4"", ""B06XDS81J9"", ""B00X5Y6U9S"", ""B00W0UIC76"", ""B01B8BV4GI"", ""B01FRB4R64"", ""B01MY6UDTX"", ""B01DL7UBT8"", ""B0155EFUUK""]",21.468799997819588,True,buying,B08JK818ZD,
public_0179,9,reranker,rank_aware,buying,specific,Tees & Blouses Tunics,"[{""explicit"": true, ""hard"": true, ""kind"": ""material"", ""negated"": false, ""source"": ""explicit_requirement"", ""source_turn"": 1, ""strength"": 1.0, ""value"": ""spandex""}, {""explicit"": false, ""hard"": false, ""kind"": ""feature"", ""negated"": false, ""source"": ""ambiguous_disclosure"", ""source_turn"": 3, ""strength"": 0.7, ""value"": ""Made in the USA""}, {""explicit"": false, ""hard"": false, ""kind"": ""feature"", ""negated"": false, ""source"": ""ambiguous_disclosure"", ""source_turn"": 3, ""strength"": 0.7, ""value"": ""Pull On closure""}, {""explicit"": false, ""hard"": false, ""kind"": ""material"", ""negated"": false, ""source"": ""ambiguous_disclosure"", ""source_turn"": 5, ""strength"": 0.7, ""value"": ""5% spandex""}]",[],"[""warmth"", ""comfort"", ""material"", ""fit""]","[""brand"", ""feature"", ""use_case"", ""material"", ""color"", ""budget"", ""style"", ""size"", ""other""]",other,"{""fallback"": ""fewer_than_two_meaningful_values""}",50,"[""B01K2LYOYO"", ""B00IV59FN4"", ""B06XDS81J9"", ""B00X5Y6U9S"", ""B00W0UIC76"", ""B01B8BV4GI"", ""B01FRB4R64"", ""B01MY6UDTX"", ""B01DL7UBT8"", ""B0155EFUUK""]",21.9484000117518,True,buying,B08JK818ZD,
public_0179,10,reranker,rank_aware,buying,specific,Tees & Blouses Tunics,"[{""explicit"": true, ""hard"": true, ""kind"": ""material"", ""negated"": false, ""source"": ""explicit_requirement"", ""source_turn"": 1, ""strength"": 1.0, ""value"": ""spandex""}, {""explicit"": false, ""hard"": false, ""kind"": ""feature"", ""negated"": false, ""source"": ""ambiguous_disclosure"", ""source_turn"": 3, ""strength"": 0.7, ""value"": ""Made in the USA""}, {""explicit"": false, ""hard"": false, ""kind"": ""feature"", ""negated"": false, ""source"": ""ambiguous_disclosure"", ""source_turn"": 3, ""strength"": 0.7, ""value"": ""Pull On closure""}, {""explicit"": false, ""hard"": false, ""kind"": ""material"", ""negated"": false, ""source"": ""ambiguous_disclosure"", ""source_turn"": 5, ""strength"": 0.7, ""value"": ""5% spandex""}]",[],"[""warmth"", ""comfort"", ""material"", ""fit""]","[""brand"", ""feature"", ""use_case"", ""material"", ""color"", ""budget"", ""style"", ""size"", ""other""]",other,"{""fallback"": ""fewer_than_two_meaningful_values""}",50,"[""B01K2LYOYO"", ""B00IV59FN4"", ""B06XDS81J9"", ""B00X5Y6U9S"", ""B00W0UIC76"", ""B01B8BV4GI"", ""B01FRB4R64"", ""B01MY6UDTX"", ""B01DL7UBT8"", ""B0155EFUUK""]",22.292799985734746,True,buying,B08JK818ZD,
public_0181,1,reranker,rank_aware,browsing,exploratory,Sets Tracksuits,[],[],"[""warmth"", ""comfort"", ""material"", ""fit""]","[""brand""]",brand,"{""baseline_utility"": 0.1518737751763962, ""expected_gain"": 1.7864595581569371, ""expected_utility"": 1.9383333333333332, ""meaningful_values"": 88}",100,"[""B07Z86NS99"", ""B08Q3QM5H2"", ""B088FF738P"", ""B091HWVN21"", ""B07TQGKRR2"", ""B076B3H3YN"", ""B08R62715B"", ""B0BLBNQCVG"", ""B08HQC57W8"", ""B08HQP81MP""]",18.104300019331276,True,browsing,B08M3WKDFJ,
public_0181,2,reranker,rank_aware,browsing,exploratory,Sets Tracksuits,[],[],"[""warmth"", ""comfort"", ""material"", ""fit""]","[""brand"", ""feature""]",feature,"{""baseline_utility"": 0.1518737751763962, ""expected_gain"": 1.300274440646452, ""expected_utility"": 1.452148215822848, ""meaningful_values"": 43}",100,"[""B07Z86NS99"", ""B08Q3QM5H2"", ""B088FF738P"", ""B091HWVN21"", ""B07TQGKRR2"", ""B076B3H3YN"", ""B08R62715B"", ""B0BLBNQCVG"", ""B08HQC57W8"", ""B08HQP81MP""]",16.51389998733066,True,browsing,B08M3WKDFJ,
public_0181,3,reranker,rank_aware,browsing,specific,Sets Tracksuits,"[{""explicit"": false, ""hard"": false, ""kind"": ""feature"", ""negated"": false, ""source"": ""ambiguous_disclosure"", ""source_turn"": 3, ""strength"": 0.7, ""value"": ""Drawstring closure""}, {""explicit"": false, ""hard"": false, ""kind"": ""feature"", ""negated"": false, ""source"": ""ambiguous_disclosure"", ""source_turn"": 3, ""strength"": 0.7, ""value"": ""Hand Wash Only""}]",[],"[""warmth"", ""comfort"", ""material"", ""fit""]","[""brand"", ""feature"", ""use_case""]",use_case,"{""baseline_utility"": 0.2899841067665885, ""expected_gain"": 0.7536148065180028, ""expected_utility"": 1.0435989132845913, ""meaningful_values"": 7}",50,"[""B08M3WKDFJ"", ""B07KZ7S6L3"", ""B09BKYS7HX"", ""B08ZBZ51KY"", ""B08BLPC7JF"", ""B091PMSDFF"", ""B08DX9JPV1"", ""B09X2H58LN"", ""B08HWVC2S5"", ""B092ZPZZFK""]",19.400700024561957,True,browsing,B08M3WKDFJ,1
public_0184,1,reranker,rank_aware,browsing,exploratory,Sunglasses & Eyewear Accessories Sunglasses,[],[],"[""fit"", ""material"", ""comfort"", ""style""]","[""brand""]",brand,"{""baseline_utility"": 0.1518737751763962, ""expected_gain"": 1.625055531432488, ""expected_utility"": 1.776929306608884, ""meaningful_values"": 69}",100,"[""B01G5NVDKG"", ""B000R2YZGQ"", ""B07BLSLJYB"", ""B00U4BJE6G"", ""B012HL3IW6"", ""B000R2JLGK"", ""B002JINQAC"", ""B00UT4AAES"", ""B002JINQMA"", ""B011K2C2IY""]",19.402600009925663,True,browsing,B0BWLFCTTF,
public_0184,2,reranker,rank_aware,browsing,exploratory,Sunglasses & Eyewear Accessories Sunglasses,[],[],"[""fit"", ""material"", ""comfort"", ""style""]","[""brand"", ""feature""]",feature,"{""baseline_utility"": 0.1518737751763962, ""expected_gain"": 1.1652823375185961, ""expected_utility"": 1.3171561126949922, ""meaningful_values"": 38}",100,"[""B01G5NVDKG"", ""B000R2YZGQ"", ""B07BLSLJYB"", ""B00U4BJE6G"", ""B012HL3IW6"", ""B000R2JLGK"", ""B002JINQAC"", ""B00UT4AAES"", ""B002JINQMA"", ""B011K2C2IY""]",26.99340000981465,True,browsing,B0BWLFCTTF,
public_0184,3,reranker,rank_aware,browsing,specific,Sunglasses & Eyewear Accessories Sunglasses,"[{""explicit"": false, ""hard"": false, ""kind"": ""feature"", ""negated"": false, ""source"": ""ambiguous_disclosure"", ""source_turn"": 3, ""strength"": 0.7, ""value"": ""Composite/Plastic Frame""}, {""explicit"": false, ""hard"": false, ""kind"": ""feature"", ""negated"": false, ""source"": ""ambiguous_disclosure"", ""source_turn"": 3, ""strength"": 0.7, ""value"": ""Imported""}]",[],"[""fit"", ""material"", ""comfort"", ""style""]","[""brand"", ""feature"", ""style""]",style,"{""baseline_utility"": 0.2899841067665885, ""expected_gain"": 0.5879409509867942, ""expected_utility"": 0.8779250577533827, ""meaningful_values"": 5}",50,"[""B004KDXE1A"", ""B0084J438E"", ""B00PA4AKN8"", ""B07G4C2VTH"", ""B094LJTYNK"", ""B00C4UQ1Q6"", ""B00LU50ND8"", ""B0BWLFCTTF"", ""B06XGPDNG9"", ""B07FZXXDJR""]",21.057200006907806,True,browsing,B0BWLFCTTF,8
public_0185,1,reranker,rank_aware,buying,specific,Panties Boy Shorts,"[{""explicit"": true, ""hard"": true, ""kind"": ""material"", ""negated"": false, ""source"": ""explicit_requirement"", ""source_turn"": 1, ""strength"": 1.0, ""value"": ""cotton""}]",[],"[""comfort"", ""style"", ""material"", ""fit""]","[""brand""]",brand,"{""baseline_utility"": 0.2899841067665885, ""expected_gain"": 1.6316825599000784, ""expected_utility"": 1.9216666666666669, ""meaningful_values"": 43}",50,"[""B00FZR0YZE"", ""B005H4YCDA"", ""B00VSKWQLM"", ""B0BCW4QKV5"", ""B09ZDZ3ZZJ"", ""B0176YUJ1M"", ""B005GVBU2K"", ""B01GSMQ8ZO"", ""B09ZP39Z7S"", ""B00R56FD7W""]",21.36630000313744,True,buying,B0BCW4QKV5,4
public_0186,1,reranker,rank_aware,buying,mixed,Running Road Running,"[{""explicit"": false, ""hard"": false, ""kind"": ""color"", ""negated"": true, ""source"": ""ambiguous_disclosure"", ""source_turn"": 1, ""strength"": 0.7, ""value"": ""Ortholite Sockliner: Moisture management (Ortholite is a registered trademark of O2 Partners LLC)""}]",[],"[""material"", ""comfort"", ""fit"", ""style""]","[""feature""]",feature,"{""baseline_utility"": 0.1986847417407073, ""expected_gain"": 1.0476785275317797, ""expected_utility"": 1.246363269272487, ""meaningful_values"": 30}",75,"[""B07XPLHXC1"", ""B07M9SLF2Q"", ""B00KI3PRKW"", ""B00GXEHEN8"", ""B077BCYG46"", ""B00GWKPQPG"", ""B07HMDGFQG"", ""B00ZB0CZ6Q"", ""B00AO3EY3C"", ""B010N12QKW""]",21.00010000867769,True,intent_override,B07XPLHXC1,1
public_0186,2,reranker,rank_aware,buying,specific,Running Road Running,"[{""explicit"": false, ""hard"": false, ""kind"": ""color"", ""negated"": true, ""source"": ""ambiguous_disclosure"", ""source_turn"": 1, ""strength"": 0.7, ""value"": ""Ortholite Sockliner: Moisture management (Ortholite is a registered trademark of O2 Partners LLC)""}, {""explicit"": false, ""hard"": false, ""kind"": ""feature"", ""negated"": false, ""source"": ""ambiguous_disclosure"", ""source_turn"": 2, ""strength"": 0.7, ""value"": ""100% Synthetic""}, {""explicit"": false, ""hard"": false, ""kind"": ""feature"", ""negated"": false, ""source"": ""ambiguous_disclosure"", ""source_turn"": 2, ""strength"": 0.7, ""value"": ""Rubber sole""}]",[],"[""material"", ""comfort"", ""fit"", ""style""]","[""feature"", ""brand""]",brand,"{""baseline_utility"": 0.2899841067665885, ""expected_gain"": 0.666330150583576, ""expected_utility"": 0.9563142573501645, ""meaningful_values"": 7}",50,"[""B07XPLHXC1"", ""B00GWKPQPG"", ""B005AV3D9O"", ""B00GXEHEN8"", ""B00D45PJ4K"", ""B00KI3PRKW"", ""B004KSQH0A"", ""B00KPU58ZC"", ""B018GVSYFW"", ""B00YBEHHHU""]",26.87920001335442,True,intent_override,B07XPLHXC1,1
public_0186,3,reranker,rank_aware,buying,specific,Running Road Running,"[{""explicit"": false, ""hard"": false, ""kind"": ""feature"", ""negated"": false, ""source"": ""ambiguous_disclosure"", ""source_turn"": 2, ""strength"": 0.7, ""value"": ""100% Synthetic""}, {""explicit"": false, ""hard"": false, ""kind"": ""feature"", ""negated"": false, ""source"": ""ambiguous_disclosure"", ""source_turn"": 2, ""strength"": 0.7, ""value"": ""Rubber sole""}]","[{""explicit"": true, ""hard"": true, ""kind"": ""color"", ""negated"": true, ""source"": ""negation_or_replacement"", ""source_turn"": 3, ""strength"": 1.0, ""value"": ""Ortholite Sockliner: Moisture management (Ortholite is a registered trademark of O2 Partners LLC)""}]","[""material"", ""comfort"", ""fit"", ""style""]","[""feature"", ""brand"", ""material""]",material,"{""baseline_utility"": 0.2899841067665885, ""expected_gain"": 0.34652671739059404, ""expected_utility"": 0.6365108241571825, ""meaningful_values"": 3}",50,"[""B00BLQ99G8"", ""B00AJNRM4K"", ""B00GUTG3SS"", ""B004DEQP1W"", ""B003X4K5V4"", ""B00B5JXA2A"", ""B0044DF2G6"", ""B00C9WD8W4"", ""B01FH5OSVO"", ""B00UVQWXXU""]",20.768900023540482,True,intent_override,B07XPLHXC1,
public_0186,4,reranker,rank_aware,buying,specific,Running Road Running,"[{""explicit"": false, ""hard"": false, ""kind"": ""feature"", ""negated"": false, ""source"": ""ambiguous_disclosure"", ""source_turn"": 2, ""strength"": 0.7, ""value"": ""100% Synthetic""}, {""explicit"": false, ""hard"": false, ""kind"": ""feature"", ""negated"": false, ""source"": ""ambiguous_disclosure"", ""source_turn"": 2, ""strength"": 0.7, ""value"": ""Rubber sole""}]","[{""explicit"": true, ""hard"": true, ""kind"": ""color"", ""negated"": true, ""source"": ""negation_or_replacement"", ""source_turn"": 3, ""strength"": 1.0, ""value"": ""Ortholite Sockliner: Moisture management (Ortholite is a registered trademark of O2 Partners LLC)""}]","[""material"", ""comfort"", ""fit"", ""style""]","[""feature"", ""brand"", ""material"", ""style""]",style,"{""baseline_utility"": 0.2899841067665885, ""expected_gain"": 0.34259268188201353, ""expected_utility"": 0.632576788648602, ""meaningful_values"": 2}",50,"[""B00BLQ99G8"", ""B00AJNRM4K"", ""B00GUTG3SS"", ""B004DEQP1W"", ""B003X4K5V4"", ""B00B5JXA2A"", ""B0044DF2G6"", ""B00C9WD8W4"", ""B01FH5OSVO"", ""B00UVQWXXU""]",23.288700002012774,True,intent_override,B07XPLHXC1,
public_0186,5,reranker,rank_aware,buying,specific,Running Road Running,"[{""explicit"": false, ""hard"": false, ""kind"": ""feature"", ""negated"": false, ""source"": ""ambiguous_disclosure"", ""source_turn"": 2, ""strength"": 0.7, ""value"": ""100% Synthetic""}, {""explicit"": false, ""hard"": false, ""kind"": ""feature"", ""negated"": false, ""source"": ""ambiguous_disclosure"", ""source_turn"": 2, ""strength"": 0.7, ""value"": ""Rubber sole""}]","[{""explicit"": true, ""hard"": true, ""kind"": ""color"", ""negated"": true, ""source"": ""negation_or_replacement"", ""source_turn"": 3, ""strength"": 1.0, ""value"": ""Ortholite Sockliner: Moisture management (Ortholite is a registered trademark of O2 Partners LLC)""}]","[""material"", ""comfort"", ""fit"", ""style""]","[""feature"", ""brand"", ""material"", ""style"", ""color""]",color,"{""baseline_utility"": 0.2899841067665885, ""expected_gain"": 0.146019296607532, ""expected_utility"": 0.43600340337412047, ""meaningful_values"": 3}",50,"[""B00BLQ99G8"", ""B00AJNRM4K"", ""B00GUTG3SS"", ""B004DEQP1W"", ""B003X4K5V4"", ""B00B5JXA2A"", ""B0044DF2G6"", ""B00C9WD8W4"", ""B01FH5OSVO"", ""B00UVQWXXU""]",18.418099993141368,True,intent_override,B07XPLHXC1,
public_0186,6,reranker,rank_aware,buying,specific,Running Road Running,"[{""explicit"": false, ""hard"": false, ""kind"": ""feature"", ""negated"": false, ""source"": ""ambiguous_disclosure"", ""source_turn"": 2, ""strength"": 0.7, ""value"": ""100% Synthetic""}, {""explicit"": false, ""hard"": false, ""kind"": ""feature"", ""negated"": false, ""source"": ""ambiguous_disclosure"", ""source_turn"": 2, ""strength"": 0.7, ""value"": ""Rubber sole""}, {""explicit"": false, ""hard"": false, ""kind"": ""color"", ""negated"": false, ""source"": ""ambiguous_disclosure"", ""source_turn"": 6, ""strength"": 0.7, ""value"": ""AmpliFoam Midsole: Engineered to maintain durability at softer densities, providing better flexibility, comfort, and platform adaptability ideal for natural running""}, {""explicit"": false, ""hard"": false, ""kind"": ""color"", ""negated"": false, ""source"": ""ambiguous_disclosure"", ""source_turn"": 6, ""strength"": 0.7, ""value"": ""Ortholite Sockliner: Moisture management (Ortholite is a registered trademark of O2 Partners LLC)""}]","[{""explicit"": true, ""hard"": true, ""kind"": ""color"", ""negated"": true, ""source"": ""negation_or_replacement"", ""source_turn"": 3, ""strength"": 1.0, ""value"": ""Ortholite Sockliner: Moisture management (Ortholite is a registered trademark of O2 Partners LLC)""}]","[""material"", ""comfort"", ""fit"", ""style""]","[""feature"", ""brand"", ""material"", ""style"", ""color"", ""use_case""]",use_case,"{""baseline_utility"": 0.2899841067665885, ""expected_gain"": 0.06919183673469387, ""expected_utility"": 0.35917594350128235, ""meaningful_values"": 2}",50,"[""B07XPLHXC1"", ""B00BLQ99G8"", ""B07G3PJYXB"", ""B07DDND5YC"", ""B00YE1F5TM"", ""B0983577HQ"", ""B01FH5OSVO"", ""B06XX26GSX"", ""B004DEQP1W"", ""B004KSQH0A""]",22.340499999700114,True,intent_override,B07XPLHXC1,1
public_0187,1,reranker,rank_aware,browsing,exploratory,Shoes Loafers & Slip-Ons,[],[],"[""weather"", ""comfort"", ""style""]","[""brand""]",brand,"{""baseline_utility"": 0.1518737751763962, ""expected_gain"": 1.7292928914902705, ""expected_utility"": 1.8811666666666667, ""meaningful_values"": 78}",100,"[""B07Q9PNNB5"", ""B07FML83G6"", ""B083TRSXV1"", ""B0BQHWYCPS"", ""B00MMYD5FE"", ""B0090X4PWC"", ""B0BD8Z9LGG"", ""B08ZJ6GDLR"", ""B0924JF9ST"", ""B07Y8TTXX8""]",16.90829999279231,True,boundary,B000GQ1F3O,
public_0187,2,reranker,rank_aware,browsing,exploratory,Shoes Loafers & Slip-Ons,[],[],"[""weather"", ""comfort"", ""style""]","[""brand"", ""feature""]",feature,"{""baseline_utility"": 0.1518737751763962, ""expected_gain"": 0.8947536847455008, ""expected_utility"": 1.046627459921897, ""meaningful_values"": 29}",100,"[""B07Q9PNNB5"", ""B07FML83G6"", ""B083TRSXV1"", ""B0BQHWYCPS"", ""B00MMYD5FE"", ""B0090X4PWC"", ""B0BD8Z9LGG"", ""B08ZJ6GDLR"", ""B0924JF9ST"", ""B07Y8TTXX8""]",16.699700005119666,True,boundary,B000GQ1F3O,
public_0187,3,reranker,rank_aware,browsing,exploratory,Shoes Loafers & Slip-Ons,[],[],"[""weather"", ""comfort"", ""style""]","[""brand"", ""feature"", ""use_case""]",use_case,"{""baseline_utility"": 0.1518737751763962, ""expected_gain"": 0.6309624136287034, ""expected_utility"": 0.7828361888050996, ""meaningful_values"": 8}",100,"[""B07Q9PNNB5"", ""B07FML83G6"", ""B083TRSXV1"", ""B0BQHWYCPS"", ""B00MMYD5FE"", ""B0090X4PWC"", ""B0BD8Z9LGG"", ""B08ZJ6GDLR"", ""B0924JF9ST"", ""B07Y8TTXX8""]",18.75709998421371,True,boundary,B000GQ1F3O,
public_0187,4,reranker,rank_aware,browsing,exploratory,Shoes Loafers & Slip-Ons,[],[],"[""weather"", ""comfort"", ""style""]","[""brand"", ""feature"", ""use_case"", ""color""]",color,"{""baseline_utility"": 0.1518737751763962, ""expected_gain"": 0.2641927226088484, ""expected_utility"": 0.4160664977852446, ""meaningful_values"": 6}",100,"[""B07Q9PNNB5"", ""B07FML83G6"", ""B083TRSXV1"", ""B0BQHWYCPS"", ""B00MMYD5FE"", ""B0090X4PWC"", ""B0BD8Z9LGG"", ""B08ZJ6GDLR"", ""B0924JF9ST"", ""B07Y8TTXX8""]",16.267400002107024,True,boundary,B000GQ1F3O,
public_0187,5,reranker,rank_aware,browsing,exploratory,Shoes Loafers & Slip-Ons,[],[],"[""weather"", ""comfort"", ""style""]","[""brand"", ""feature"", ""use_case"", ""color"", ""style""]",style,"{""baseline_utility"": 0.1518737751763962, ""expected_gain"": 0.20191230396142942, ""expected_utility"": 0.3537860791378256, ""meaningful_values"": 4}",100,"[""B07Q9PNNB5"", ""B07FML83G6"", ""B083TRSXV1"", ""B0BQHWYCPS"", ""B00MMYD5FE"", ""B0090X4PWC"", ""B0BD8Z9LGG"", ""B08ZJ6GDLR"", ""B0924JF9ST"", ""B07Y8TTXX8""]",18.603700009407476,True,boundary,B000GQ1F3O,
public_0187,6,reranker,rank_aware,browsing,exploratory,Shoes Loafers & Slip-Ons,[],[],"[""weather"", ""comfort"", ""style""]","[""brand"", ""feature"", ""use_case"", ""color"", ""style"", ""material""]",material,"{""baseline_utility"": 0.1518737751763962, ""expected_gain"": 0.16688555250280676, ""expected_utility"": 0.31875932767920295, ""meaningful_values"": 3}",100,"[""B07Q9PNNB5"", ""B07FML83G6"", ""B083TRSXV1"", ""B0BQHWYCPS"", ""B00MMYD5FE"", ""B0090X4PWC"", ""B0BD8Z9LGG"", ""B08ZJ6GDLR"", ""B0924JF9ST"", ""B07Y8TTXX8""]",17.743100004736334,True,boundary,B000GQ1F3O,
public_0187,7,reranker,rank_aware,browsing,specific,Shoes Loafers & Slip-Ons,"[{""explicit"": false, ""hard"": false, ""kind"": ""material"", ""negated"": false, ""source"": ""ambiguous_disclosure"", ""source_turn"": 7, ""strength"": 0.7, ""value"": ""leather""}, {""explicit"": false, ""hard"": false, ""kind"": ""material"", ""negated"": false, ""source"": ""ambiguous_disclosure"", ""source_turn"": 7, ""strength"": 0.7, ""value"": ""100% Leather""}]",[],"[""weather"", ""comfort"", ""style""]","[""brand"", ""feature"", ""use_case"", ""color"", ""style"", ""material"", ""other""]",other,"{""fallback"": ""fewer_than_two_meaningful_values""}",50,"[""B0010ERDSC"", ""B09MFKBSV8"", ""B006PBS7SA"", ""B07CWL6FFR"", ""B0090X4PWC"", ""B00S25TOE8"", ""B000GQ1F3O"", ""B000ML01G0"", ""B010XF96VK"", ""B001FRAZR0""]",19.741900003282353,True,boundary,B000GQ1F3O,7
public_0188,1,reranker,rank_aware,buying,specific,Handbags & Wallets Crossbody Bags,"[{""explicit"": true, ""hard"": true, ""kind"": ""material"", ""negated"": false, ""source"": ""explicit_requirement"", ""source_turn"": 1, ""strength"": 1.0, ""value"": ""leather""}]",[],"[""material"", ""fit""]","[""brand""]",brand,"{""baseline_utility"": 0.2899841067665885, ""expected_gain"": 1.5633492265667446, ""expected_utility"": 1.853333333333333, ""meaningful_values"": 37}",50,"[""B01IFU2L26"", ""B07G6WBSX9"", ""B00FQZB09O"", ""B0C3GP1BG9"", ""B07S8NW7PV"", ""B00AEIMO16"", ""B00JUILN3G"", ""B00JUILICW"", ""B015VNVBDK"", ""B0BNL5B54Z""]",20.68760001566261,True,buying,B0B5ZS2J2W,
public_0188,2,reranker,rank_aware,buying,specific,Handbags & Wallets Crossbody Bags,"[{""explicit"": true, ""hard"": true, ""kind"": ""material"", ""negated"": false, ""source"": ""explicit_requirement"", ""source_turn"": 1, ""strength"": 1.0, ""value"": ""leather""}]",[],"[""material"", ""fit""]","[""brand"", ""feature""]",feature,"{""baseline_utility"": 0.2899841067665885, ""expected_gain"": 1.1408765048440233, ""expected_utility"": 1.4308606116106117, ""meaningful_values"": 20}",50,"[""B01IFU2L26"", ""B07G6WBSX9"", ""B00FQZB09O"", ""B0C3GP1BG9"", ""B07S8NW7PV"", ""B00AEIMO16"", ""B00JUILN3G"", ""B00JUILICW"", ""B015VNVBDK"", ""B0BNL5B54Z""]",25.331699987873435,True,buying,B0B5ZS2J2W,
public_0188,3,reranker,rank_aware,buying,specific,Handbags & Wallets Crossbody Bags,"[{""explicit"": true, ""hard"": true, ""kind"": ""material"", ""negated"": false, ""source"": ""explicit_requirement"", ""source_turn"": 1, ""strength"": 1.0, ""value"": ""leather""}, {""explicit"": false, ""hard"": false, ""kind"": ""feature"", ""negated"": false, ""source"": ""ambiguous_disclosure"", ""source_turn"": 3, ""strength"": 0.7, ""value"": ""Imported""}, {""explicit"": false, ""hard"": false, ""kind"": ""feature"", ""negated"": false, ""source"": ""ambiguous_disclosure"", ""source_turn"": 3, ""strength"": 0.7, ""value"": ""Zipper closure""}]",[],"[""material"", ""fit""]","[""brand"", ""feature"", ""material""]",material,"{""baseline_utility"": 0.2899841067665885, ""expected_gain"": 0.4673712228275677, ""expected_utility"": 0.7573553295941562, ""meaningful_values"": 4}",50,"[""B00KJEKY3A"", ""B00LNEOK4Y"", ""B0758SP79D"", ""B00WIPG5K4"", ""B06Y5SB28W"", ""B0BNL5B54Z"", ""B08ZXTQC8P"", ""B07YB6K599"", ""B00MY01TOU"", ""B07HMKQF1M""]",27.751499990699813,True,buying,B0B5ZS2J2W,
public_0188,4,reranker,rank_aware,buying,specific,Handbags & Wallets Crossbody Bags,"[{""explicit"": true, ""hard"": true, ""kind"": ""material"", ""negated"": false, ""source"": ""explicit_requirement"", ""source_turn"": 1, ""strength"": 1.0, ""value"": ""leather""}, {""explicit"": false, ""hard"": false, ""kind"": ""feature"", ""negated"": false, ""source"": ""ambiguous_disclosure"", ""source_turn"": 3, ""strength"": 0.7, ""value"": ""Imported""}, {""explicit"": false, ""hard"": false, ""kind"": ""feature"", ""negated"": false, ""source"": ""ambiguous_disclosure"", ""source_turn"": 3, ""strength"": 0.7, ""value"": ""Zipper closure""}, {""explicit"": false, ""hard"": false, ""kind"": ""material"", ""negated"": false, ""source"": ""ambiguous_disclosure"", ""source_turn"": 4, ""strength"": 0.7, ""value"": ""Artificial Leather,Leather,Pu Leather""}]",[],"[""material"", ""fit""]","[""brand"", ""feature"", ""material"", ""use_case""]",use_case,"{""baseline_utility"": 0.2899841067665885, ""expected_gain"": 0.5886207919840563, ""expected_utility"": 0.8786048987506447, ""meaningful_values"": 7}",50,"[""B0B5ZS2J2W"", ""B0BNL5B54Z"", ""B08SBJ4HD6"", ""B08ZXTQC8P"", ""B0BZRCYNCG"", ""B0C3GP1BG9"", ""B00SV9RW6C"", ""B083VHP6BM"", ""B07MMH1579"", ""B07MYVS3F6""]",22.39299999200739,True,buying,B0B5ZS2J2W,1
public_0196,1,reranker,rank_aware,browsing,exploratory,Shoes Flats,[],[],"[""material"", ""fit"", ""comfort"", ""style""]","[""brand""]",brand,"{""baseline_utility"": 0.1518737751763962, ""expected_gain"": 1.7639595581569374, ""expected_utility"": 1.9158333333333335, ""meaningful_values"": 85}",100,"[""B06XW5H35Q"", ""B016O9V8OM"", ""B081TLKRD4"", ""B089CWJF8D"", ""B07Y8CPZMS"", ""B095J2HZ35"", ""B08D8992KZ"", ""B08516Z84X"", ""B01EFVYAPK"", ""B09P347HN8""]",23.00800001830794,True,browsing,B073T364MM,
public_0196,2,reranker,rank_aware,browsing,exploratory,Shoes Flats,[],[],"[""material"", ""fit"", ""comfort"", ""style""]","[""brand"", ""feature""]",feature,"{""baseline_utility"": 0.1518737751763962, ""expected_gain"": 1.0408394621227335, ""expected_utility"": 1.1927132372991296, ""meaningful_values"": 41}",100,"[""B06XW5H35Q"", ""B016O9V8OM"", ""B081TLKRD4"", ""B089CWJF8D"", ""B07Y8CPZMS"", ""B095J2HZ35"", ""B08D8992KZ"", ""B08516Z84X"", ""B01EFVYAPK"", ""B09P347HN8""]",23.702999984379858,True,browsing,B073T364MM,
public_0196,3,reranker,rank_aware,browsing,specific,Shoes Flats,"[{""explicit"": false, ""hard"": false, ""kind"": ""feature"", ""negated"": false, ""source"": ""ambiguous_disclosure"", ""source_turn"": 3, ""strength"": 0.7, ""value"": ""Rubber sole""}, {""explicit"": false, ""hard"": false, ""kind"": ""feature"", ""negated"": false, ""source"": ""ambiguous_disclosure"", ""source_turn"": 3, ""strength"": 0.7, ""value"": ""Design in USA""}]",[],"[""material"", ""fit"", ""comfort"", ""style""]","[""brand"", ""feature"", ""use_case""]",use_case,"{""baseline_utility"": 0.2899841067665885, ""expected_gain"": 0.5755059611479781, ""expected_utility"": 0.8654900679145666, ""meaningful_values"": 6}",50,"[""B073T364MM"", ""B08D8992KZ"", ""B081TLKRD4"", ""B077XL9DC8"", ""B07VWRNGFQ"", ""B06XW5H35Q"", ""B00L4DRUKA"", ""B07Y8CPZMS"", ""B016O9V8OM"", ""B071KGG6BT""]",21.889900002861395,True,browsing,B073T364MM,1
public_0198,1,reranker,rank_aware,buying,mixed,Handbags & Wallets Crossbody Bags,"[{""explicit"": false, ""hard"": false, ""kind"": ""feature"", ""negated"": true, ""source"": ""ambiguous_disclosure"", ""source_turn"": 1, ""strength"": 0.7, ""value"": ""Imported""}]",[],"[""material"", ""durability"", ""fit"", ""comfort""]","[""brand""]",brand,"{""baseline_utility"": 0.1986847417407073, ""expected_gain"": 1.6469977979418322, ""expected_utility"": 1.8456825396825396, ""meaningful_values"": 56}",75,"[""B0BZRCYNCG"", ""B09JWBKRLX"", ""B0758SP79D"", ""B08ZXTQC8P"", ""B0BY2LM1KR"", ""B00FQZB09O"", ""B01I1ISOQ4"", ""B088M19KJ3"", ""B08RNHKLVX"", ""B088WWXD2P""]",21.20889999787323,True,intent_override,B08K1ZJZ4N,
public_0198,2,reranker,rank_aware,buying,mixed,Handbags & Wallets Crossbody Bags,"[{""explicit"": false, ""hard"": false, ""kind"": ""feature"", ""negated"": true, ""source"": ""ambiguous_disclosure"", ""source_turn"": 1, ""strength"": 0.7, ""value"": ""Imported""}]",[],"[""material"", ""durability"", ""fit"", ""comfort""]","[""brand"", ""feature""]",feature,"{""baseline_utility"": 0.1986847417407073, ""expected_gain"": 1.4715461986152327, ""expected_utility"": 1.67023094035594, ""meaningful_values"": 41}",75,"[""B0BZRCYNCG"", ""B09JWBKRLX"", ""B0758SP79D"", ""B08ZXTQC8P"", ""B0BY2LM1KR"", ""B00FQZB09O"", ""B01I1ISOQ4"", ""B088M19KJ3"", ""B08RNHKLVX"", ""B088WWXD2P""]",23.24060001410544,True,intent_override,B08K1ZJZ4N,
public_0198,3,reranker,rank_aware,buying,specific,Handbags & Wallets Crossbody Bags,"[{""explicit"": false, ""hard"": false, ""kind"": ""feature"", ""negated"": true, ""source"": ""ambiguous_disclosure"", ""source_turn"": 1, ""strength"": 0.7, ""value"": ""Imported""}, {""explicit"": false, ""hard"": false, ""kind"": ""feature"", ""negated"": false, ""source"": ""ambiguous_disclosure"", ""source_turn"": 3, ""strength"": 0.7, ""value"": ""PU""}]",[],"[""material"", ""durability"", ""fit"", ""comfort""]","[""brand"", ""feature"", ""use_case""]",use_case,"{""baseline_utility"": 0.2899841067665885, ""expected_gain"": 0.6093806745082954, ""expected_utility"": 0.8993647812748838, ""meaningful_values"": 7}",50,"[""B08SBJ4HD6"", ""B0BNL5B54Z"", ""B088M19KJ3"", ""B07Q8VPHJJ"", ""B09JWBKRLX"", ""B0BZRCYNCG"", ""B07PPSWHR3"", ""B07T4JG816"", ""B0BY2LM1KR"", ""B06Y16JRPV""]",26.57090002321638,True,intent_override,B08K1ZJZ4N,
public_0198,4,reranker,rank_aware,buying,specific,Handbags & Wallets Crossbody Bags,"[{""explicit"": false, ""hard"": false, ""kind"": ""feature"", ""negated"": false, ""source"": ""ambiguous_disclosure"", ""source_turn"": 3, ""strength"": 0.7, ""value"": ""PU""}, {""explicit"": true, ""hard"": true, ""kind"": ""material"", ""negated"": false, ""source"": ""explicit_requirement"", ""source_turn"": 4, ""strength"": 1.0, ""value"": ""leather""}]","[{""explicit"": true, ""hard"": true, ""kind"": ""feature"", ""negated"": true, ""source"": ""negation_or_replacement"", ""source_turn"": 4, ""strength"": 1.0, ""value"": ""Imported""}]","[""material"", ""durability"", ""fit"", ""comfort""]","[""brand"", ""feature"", ""use_case"", ""color""]",color,"{""baseline_utility"": 0.2899841067665885, ""expected_gain"": 0.410238103633352, ""expected_utility"": 0.7002222103999405, ""meaningful_values"": 6}",50,"[""B0832WHYH3"", ""B07B2S1XWM"", ""B09CPRC24M"", ""B07XJ7496T"", ""B07T6Y4T31"", ""B09GXCZQLV"", ""B08XXBRXHG"", ""B07M774DH5"", ""B092S3YGJZ"", ""B07YJNJYK6""]",21.816199994646013,True,intent_override,B08K1ZJZ4N,
public_0198,5,reranker,rank_aware,buying,specific,Handbags & Wallets Crossbody Bags,"[{""explicit"": false, ""hard"": false, ""kind"": ""feature"", ""negated"": false, ""source"": ""ambiguous_disclosure"", ""source_turn"": 3, ""strength"": 0.7, ""value"": ""PU""}, {""explicit"": true, ""hard"": true, ""kind"": ""material"", ""negated"": false, ""source"": ""explicit_requirement"", ""source_turn"": 4, ""strength"": 1.0, ""value"": ""leather""}, {""explicit"": false, ""hard"": false, ""kind"": ""color"", ""negated"": false, ""source"": ""ambiguous_disclosure"", ""source_turn"": 5, ""strength"": 0.7, ""value"": ""color: black""}]","[{""explicit"": true, ""hard"": true, ""kind"": ""feature"", ""negated"": true, ""source"": ""negation_or_replacement"", ""source_turn"": 4, ""strength"": 1.0, ""value"": ""Imported""}]","[""material"", ""durability"", ""fit"", ""comfort""]","[""brand"", ""feature"", ""use_case"", ""color"", ""budget""]",budget,"{""baseline_utility"": 0.2899841067665885, ""expected_gain"": 0.35283939219268023, ""expected_utility"": 0.6428234989592687, ""meaningful_values"": 2}",50,"[""B019F0SN0O"", ""B07M774DH5"", ""B0832WHYH3"", ""B0BGHFFFTJ"", ""B07B2S1XWM"", ""B07XJ7496T"", ""B09GXCZQLV"", ""B07Y5QHFKZ"", ""B07YJNJYK6"", ""B07XKRM2XD""]",24.666200013598427,True,intent_override,B08K1ZJZ4N,
public_0198,6,reranker,rank_aware,buying,specific,Handbags & Wallets Crossbody Bags,"[{""explicit"": false, ""hard"": false, ""kind"": ""feature"", ""negated"": false, ""source"": ""ambiguous_disclosure"", ""source_turn"": 3, ""strength"": 0.7, ""value"": ""PU""}, {""explicit"": true, ""hard"": true, ""kind"": ""material"", ""negated"": false, ""source"": ""explicit_requirement"", ""source_turn"": 4, ""strength"": 1.0, ""value"": ""leather""}, {""explicit"": false, ""hard"": false, ""kind"": ""color"", ""negated"": false, ""source"": ""ambiguous_disclosure"", ""source_turn"": 5, ""strength"": 0.7, ""value"": ""color: black""}]","[{""explicit"": true, ""hard"": true, ""kind"": ""feature"", ""negated"": true, ""source"": ""negation_or_replacement"", ""source_turn"": 4, ""strength"": 1.0, ""value"": ""Imported""}]","[""material"", ""durability"", ""fit"", ""comfort""]","[""brand"", ""feature"", ""use_case"", ""color"", ""budget"", ""material""]",material,"{""baseline_utility"": 0.2899841067665885, ""expected_gain"": 0.27216611909150434, ""expected_utility"": 0.5621502258580928, ""meaningful_values"": 3}",50,"[""B019F0SN0O"", ""B07M774DH5"", ""B0832WHYH3"", ""B0BGHFFFTJ"", ""B07B2S1XWM"", ""B07XJ7496T"", ""B09GXCZQLV"", ""B07Y5QHFKZ"", ""B07YJNJYK6"", ""B07XKRM2XD""]",26.207400020211935,True,intent_override,B08K1ZJZ4N,
public_0198,7,reranker,rank_aware,buying,specific,Handbags & Wallets Crossbody Bags,"[{""explicit"": false, ""hard"": false, ""kind"": ""feature"", ""negated"": false, ""source"": ""ambiguous_disclosure"", ""source_turn"": 3, ""strength"": 0.7, ""value"": ""PU""}, {""explicit"": true, ""hard"": true, ""kind"": ""material"", ""negated"": false, ""source"": ""explicit_requirement"", ""source_turn"": 4, ""strength"": 1.0, ""value"": ""leather""}, {""explicit"": false, ""hard"": false, ""kind"": ""color"", ""negated"": false, ""source"": ""ambiguous_disclosure"", ""source_turn"": 5, ""strength"": 0.7, ""value"": ""color: black""}]","[{""explicit"": true, ""hard"": true, ""kind"": ""feature"", ""negated"": true, ""source"": ""negation_or_replacement"", ""source_turn"": 4, ""strength"": 1.0, ""value"": ""Imported""}]","[""material"", ""durability"", ""fit"", ""comfort""]","[""brand"", ""feature"", ""use_case"", ""color"", ""budget"", ""material"", ""style""]",style,"{""baseline_utility"": 0.2899841067665885, ""expected_gain"": 0.26939965034519686, ""expected_utility"": 0.5593837571117853, ""meaningful_values"": 4}",50,"[""B019F0SN0O"", ""B07M774DH5"", ""B0832WHYH3"", ""B0BGHFFFTJ"", ""B07B2S1XWM"", ""B07XJ7496T"", ""B09GXCZQLV"", ""B07Y5QHFKZ"", ""B07YJNJYK6"", ""B07XKRM2XD""]",24.025299993809313,True,intent_override,B08K1ZJZ4N,
public_0198,8,reranker,rank_aware,buying,specific,Handbags & Wallets Crossbody Bags,"[{""explicit"": false, ""hard"": false, ""kind"": ""feature"", ""negated"": false, ""source"": ""ambiguous_disclosure"", ""source_turn"": 3, ""strength"": 0.7, ""value"": ""PU""}, {""explicit"": true, ""hard"": true, ""kind"": ""material"", ""negated"": false, ""source"": ""explicit_requirement"", ""source_turn"": 4, ""strength"": 1.0, ""value"": ""leather""}, {""explicit"": false, ""hard"": false, ""kind"": ""color"", ""negated"": false, ""source"": ""ambiguous_disclosure"", ""source_turn"": 5, ""strength"": 0.7, ""value"": ""color: black""}]","[{""explicit"": true, ""hard"": true, ""kind"": ""feature"", ""negated"": true, ""source"": ""negation_or_replacement"", ""source_turn"": 4, ""strength"": 1.0, ""value"": ""Imported""}]","[""material"", ""durability"", ""fit"", ""comfort""]","[""brand"", ""feature"", ""use_case"", ""color"", ""budget"", ""material"", ""style"", ""size""]",size,"{""baseline_utility"": 0.2899841067665885, ""expected_gain"": 0.07879928315412177, ""expected_utility"": 0.36878338992071025, ""meaningful_values"": 2}",50,"[""B019F0SN0O"", ""B07M774DH5"", ""B0832WHYH3"", ""B0BGHFFFTJ"", ""B07B2S1XWM"", ""B07XJ7496T"", ""B09GXCZQLV"", ""B07Y5QHFKZ"", ""B07YJNJYK6"", ""B07XKRM2XD""]",24.150799989001825,True,intent_override,B08K1ZJZ4N,
public_0198,9,reranker,rank_aware,buying,specific,Handbags & Wallets Crossbody Bags,"[{""explicit"": false, ""hard"": false, ""kind"": ""feature"", ""negated"": false, ""source"": ""ambiguous_disclosure"", ""source_turn"": 3, ""strength"": 0.7, ""value"": ""PU""}, {""explicit"": true, ""hard"": true, ""kind"": ""material"", ""negated"": false, ""source"": ""explicit_requirement"", ""source_turn"": 4, ""strength"": 1.0, ""value"": ""leather""}, {""explicit"": false, ""hard"": false, ""kind"": ""color"", ""negated"": false, ""source"": ""ambiguous_disclosure"", ""source_turn"": 5, ""strength"": 0.7, ""value"": ""color: black""}]","[{""explicit"": true, ""hard"": true, ""kind"": ""feature"", ""negated"": true, ""source"": ""negation_or_replacement"", ""source_turn"": 4, ""strength"": 1.0, ""value"": ""Imported""}]","[""material"", ""durability"", ""fit"", ""comfort""]","[""brand"", ""feature"", ""use_case"", ""color"", ""budget"", ""material"", ""style"", ""size"", ""other""]",other,"{""fallback"": ""fewer_than_two_meaningful_values""}",50,"[""B019F0SN0O"", ""B07M774DH5"", ""B0832WHYH3"", ""B0BGHFFFTJ"", ""B07B2S1XWM"", ""B07XJ7496T"", ""B09GXCZQLV"", ""B07Y5QHFKZ"", ""B07YJNJYK6"", ""B07XKRM2XD""]",23.367000016150996,True,intent_override,B08K1ZJZ4N,
public_0198,10,reranker,rank_aware,buying,specific,Handbags & Wallets Crossbody Bags,"[{""explicit"": false, ""hard"": false, ""kind"": ""feature"", ""negated"": false, ""source"": ""ambiguous_disclosure"", ""source_turn"": 3, ""strength"": 0.7, ""value"": ""PU""}, {""explicit"": true, ""hard"": true, ""kind"": ""material"", ""negated"": false, ""source"": ""explicit_requirement"", ""source_turn"": 4, ""strength"": 1.0, ""value"": ""leather""}, {""explicit"": false, ""hard"": false, ""kind"": ""color"", ""negated"": false, ""source"": ""ambiguous_disclosure"", ""source_turn"": 5, ""strength"": 0.7, ""value"": ""color: black""}]","[{""explicit"": true, ""hard"": true, ""kind"": ""feature"", ""negated"": true, ""source"": ""negation_or_replacement"", ""source_turn"": 4, ""strength"": 1.0, ""value"": ""Imported""}]","[""material"", ""durability"", ""fit"", ""comfort""]","[""brand"", ""feature"", ""use_case"", ""color"", ""budget"", ""material"", ""style"", ""size"", ""other""]",other,"{""fallback"": ""fewer_than_two_meaningful_values""}",50,"[""B019F0SN0O"", ""B07M774DH5"", ""B0832WHYH3"", ""B0BGHFFFTJ"", ""B07B2S1XWM"", ""B07XJ7496T"", ""B09GXCZQLV"", ""B07Y5QHFKZ"", ""B07YJNJYK6"", ""B07XKRM2XD""]",26.604700018651783,True,intent_override,B08K1ZJZ4N,
